customerID,tenure,MonthlyCharges,TotalCharges,RFM_Score,Segment,CLV_Enhanced,CLV_Tier,Churn
7590-VHVEG,1,29.85,29.85,3,Inactive,7.46,Low Value,No
5575-GNVDE,34,56.95,1889.5,7,At Risk,1102.21,High Value,No
3668-QPYBK,2,53.85,108.15,5,Inactive,45.06,Low Value,Yes
7795-CFOCW,45,42.3,1840.75,7,At Risk,1073.77,High Value,No
9237-HQITU,2,70.7,151.65,5,Inactive,63.19,Low Value,Yes
9305-CDSKC,8,99.65,820.5,8,Loyal Customers,547.0,Medium Value,Yes
1452-KIOVK,22,89.1,1949.4,8,Loyal Customers,1299.6,High Value,No
6713-OKOMC,10,29.75,301.9,4,Inactive,100.63,Low Value,No
7892-POOKP,28,104.8,3046.05,10,Champions,2538.38,High Value,Yes
6388-TABGU,62,56.15,3487.95,8,Loyal Customers,2325.3,High Value,No
9763-GRSKD,13,49.95,587.45,6,At Risk,293.73,Medium Value,No
7469-LKBCI,16,18.95,326.8,4,Inactive,108.93,Low Value,No
8091-TTVAX,58,100.35,5681.1,11,Champions,5207.68,Premium,No
0280-XJGEX,49,103.7,5036.3,11,Champions,4616.61,Premium,Yes
5129-JLPIS,25,105.5,2686.05,10,Champions,2238.38,High Value,No
3655-SNQYZ,69,113.25,7895.15,12,Champions,7895.15,Premium,No
8191-XWSZG,52,20.65,1022.95,5,Inactive,426.23,Medium Value,No
9959-WOFKT,71,106.7,7382.25,12,Champions,7382.25,Premium,No
4190-MFLUW,10,55.2,528.35,6,At Risk,264.18,Medium Value,Yes
4183-MYFRB,21,90.05,1862.9,9,Loyal Customers,1397.18,High Value,No
8779-QRDMV,1,39.65,39.65,5,Inactive,16.52,Low Value,Yes
1680-VDCWW,12,19.8,202.25,4,Inactive,67.42,Low Value,No
1066-JKSGK,1,20.15,20.15,3,Inactive,5.04,Low Value,Yes
3638-WEABW,58,59.9,3505.1,9,Loyal Customers,2628.82,High Value,No
6322-HRPFA,49,59.6,2970.3,8,Loyal Customers,1980.2,High Value,No
6865-JZNKO,30,55.3,1530.6,7,At Risk,892.85,High Value,No
6467-CHFZW,47,99.35,4749.15,10,Champions,3957.62,Premium,Yes
8665-UTDHZ,1,30.2,30.2,3,Inactive,7.55,Low Value,Yes
5248-YGIJN,72,90.25,6369.45,12,Champions,6369.45,Premium,No
8773-HHUOZ,17,64.7,1093.1,6,At Risk,546.55,Medium Value,Yes
3841-NFECX,71,96.35,6766.95,12,Champions,6766.95,Premium,No
4929-XIHVW,2,95.5,181.65,8,Loyal Customers,121.1,Low Value,No
6827-IEAUQ,27,66.15,1874.45,7,At Risk,1093.43,High Value,No
7310-EGVHZ,1,20.2,20.2,3,Inactive,5.05,Low Value,No
3413-BMNZE,1,45.25,45.25,4,Inactive,15.08,Low Value,No
6234-RAAPL,72,99.9,7251.7,12,Champions,7251.7,Premium,No
6047-YHPVI,5,69.7,316.9,4,Inactive,105.63,Low Value,Yes
6572-ADKRS,46,74.8,3548.3,8,Loyal Customers,2365.53,High Value,No
5380-WJKOV,34,106.35,3549.25,11,Champions,3253.48,Premium,Yes
8168-UQWWF,11,97.85,1105.4,9,Loyal Customers,829.05,High Value,Yes
8865-TNMNX,10,49.55,475.7,6,At Risk,237.85,Medium Value,No
9489-DEDVP,70,69.2,4872.35,9,Loyal Customers,3654.26,Premium,No
9867-JCZSP,17,20.75,418.25,4,Inactive,139.42,Low Value,No
4671-VJLCL,63,79.85,4861.45,11,Champions,4456.33,Premium,No
4080-IIARD,13,76.2,981.45,9,Loyal Customers,736.09,Medium Value,No
3714-NTNFO,49,84.5,3906.7,8,Loyal Customers,2604.47,High Value,No
5948-UJZLF,2,49.25,97.0,5,Inactive,40.42,Low Value,No
7760-OYPDY,2,80.65,144.15,6,At Risk,72.08,Low Value,Yes
7639-LIAYI,52,79.75,4217.8,10,Champions,3514.83,Premium,No
2954-PIBKO,69,64.15,4254.1,9,Loyal Customers,3190.58,Premium,No
8012-SOUDQ,43,90.25,3838.75,10,Champions,3198.96,Premium,No
9420-LOJKX,15,99.1,1426.4,9,Loyal Customers,1069.8,High Value,Yes
6575-SUVOI,25,69.5,1752.65,7,At Risk,1022.38,High Value,No
7495-OOKFY,8,80.65,633.3,6,At Risk,316.65,Medium Value,Yes
4667-QONEA,60,74.85,4456.35,11,Champions,4084.99,Premium,No
1658-BYGOY,18,95.45,1752.55,9,Loyal Customers,1314.41,High Value,Yes
8769-KKTPH,63,99.65,6311.2,11,Champions,5785.27,Premium,No
5067-XJQFU,66,108.45,7076.35,12,Champions,7076.35,Premium,No
3957-SQXML,34,24.95,894.3,6,At Risk,447.15,Medium Value,No
5954-BDFSG,72,107.5,7853.7,12,Champions,7853.7,Premium,No
0434-CSFON,47,100.5,4707.1,10,Champions,3922.58,Premium,No
1215-FIGMP,60,89.9,5450.7,11,Champions,4996.47,Premium,No
0526-SXDJP,72,42.1,2962.0,8,Loyal Customers,1974.67,High Value,No
0557-ASKVU,18,54.4,957.1,6,At Risk,478.55,Medium Value,No
5698-BQJOH,9,94.4,857.25,8,Loyal Customers,571.5,Medium Value,Yes
5122-CYFXA,3,75.3,244.1,7,At Risk,142.39,Low Value,No
8627-ZYGSZ,47,78.9,3650.35,8,Loyal Customers,2433.57,High Value,No
3410-YOQBQ,31,79.2,2497.2,10,Champions,2081.0,High Value,No
3170-NMYVV,50,20.15,930.9,5,Inactive,387.88,Medium Value,No
7410-OIEDU,10,79.85,887.35,7,At Risk,517.62,Medium Value,No
2273-QCKXA,1,49.05,49.05,5,Inactive,20.44,Low Value,No
0731-EBJQB,52,20.4,1090.65,5,Inactive,454.44,Medium Value,No
1891-QRQSA,64,111.6,7099.0,12,Champions,7099.0,Premium,No
8028-PNXHQ,62,24.25,1424.6,7,At Risk,831.02,High Value,No
5630-AHZIL,3,64.5,177.4,6,At Risk,88.7,Low Value,No
2673-CXQEU,56,110.5,6139.5,12,Champions,6139.5,Premium,No
6416-JNVRK,46,55.65,2688.85,7,At Risk,1568.5,High Value,No
5590-ZSKRV,8,54.65,482.25,5,Inactive,200.94,Medium Value,No
0191-ZHSKZ,30,74.75,2111.3,9,Loyal Customers,1583.48,High Value,No
3887-PBQAO,45,25.9,1216.6,6,At Risk,608.3,Medium Value,No
5919-TMRGD,1,79.35,79.35,6,At Risk,39.67,Low Value,Yes
8108-UXRQN,11,50.55,565.35,6,At Risk,282.68,Medium Value,No
9191-MYQKX,7,75.15,496.9,6,At Risk,248.45,Medium Value,Yes
9919-YLNNG,42,103.8,4327.5,11,Champions,3966.88,Premium,No
0318-ZOPWS,49,20.15,973.35,5,Inactive,405.56,Medium Value,No
4445-ZJNMU,9,99.3,918.75,8,Loyal Customers,612.5,Medium Value,No
4808-YNLEU,35,62.15,2215.45,7,At Risk,1292.35,High Value,No
1862-QRWPE,48,20.65,1057.0,5,Inactive,440.42,Medium Value,No
2796-NNUFI,46,19.95,927.1,5,Inactive,386.29,Medium Value,No
3016-KSVCP,29,33.75,1009.25,4,Inactive,336.42,Medium Value,No
4767-HZZHQ,30,82.05,2570.2,8,Loyal Customers,1713.47,High Value,No
2424-WVHPL,1,74.7,74.7,6,At Risk,37.35,Low Value,No
7233-PAHHL,66,84.0,5714.25,11,Champions,5238.06,Premium,No
6067-NGCEU,65,111.05,7107.0,12,Champions,7107.0,Premium,No
9848-JQJTX,72,100.9,7459.05,12,Champions,7459.05,Premium,No
8637-XJIVR,12,78.95,927.35,7,At Risk,540.95,Medium Value,Yes
9803-FTJCG,71,66.85,4748.7,9,Loyal Customers,3561.52,Premium,No
0278-YXOOG,5,21.05,113.85,3,Inactive,28.46,Low Value,Yes
3212-KXOCR,52,21.0,1107.2,5,Inactive,461.33,Medium Value,No
4598-XLKNJ,25,98.5,2514.5,9,Loyal Customers,1885.88,High Value,Yes
6380-ARCEH,1,20.2,20.2,3,Inactive,5.05,Low Value,No
3679-XASPY,1,19.45,19.45,3,Inactive,4.86,Low Value,No
7123-WQUHX,38,95.0,3605.6,10,Champions,3004.67,High Value,No
5386-THSLQ,66,45.55,3027.25,8,Loyal Customers,2018.17,High Value,No
3192-NQECA,68,110.0,7611.85,12,Champions,7611.85,Premium,Yes
6180-YBIQI,5,24.3,100.2,3,Inactive,25.05,Low Value,No
6728-DKUCO,72,104.15,7303.05,12,Champions,7303.05,Premium,No
9750-BOOHV,32,30.15,927.65,5,Inactive,386.52,Medium Value,No
8597-CWYHH,43,94.35,3921.3,10,Champions,3267.75,Premium,No
2848-YXSMW,72,19.4,1363.25,6,At Risk,681.62,Medium Value,No
0486-HECZI,55,96.75,5238.9,10,Champions,4365.75,Premium,Yes
4549-ZDQYY,52,57.95,3042.25,8,Loyal Customers,2028.17,High Value,No
5712-AHQNN,43,91.65,3954.1,10,Champions,3295.08,Premium,No
4846-WHAFZ,37,76.5,2868.15,8,Loyal Customers,1912.1,High Value,Yes
5256-SKJGO,64,54.6,3423.5,9,Loyal Customers,2567.62,High Value,No
3071-VBYPO,3,89.85,248.4,7,At Risk,144.9,Low Value,No
9560-BBZXK,36,31.05,1126.35,5,Inactive,469.31,Medium Value,No
5299-RULOA,10,100.25,1064.65,9,Loyal Customers,798.49,Medium Value,Yes
8402-OOOHJ,41,20.65,835.15,5,Inactive,347.98,Medium Value,No
9445-ZUEQE,27,85.2,2151.6,8,Loyal Customers,1434.4,High Value,No
1091-SOZGA,56,99.8,5515.45,11,Champions,5055.83,Premium,No
2928-HLDBA,6,20.7,112.75,3,Inactive,28.19,Low Value,No
0404-SWRVG,3,74.4,229.55,6,At Risk,114.78,Low Value,Yes
6497-TILVL,7,50.7,350.35,5,Inactive,145.98,Low Value,No
7219-TLZHO,4,20.85,62.9,3,Inactive,15.72,Low Value,No
4622-YNKIJ,33,88.95,3027.65,9,Loyal Customers,2270.74,High Value,No
4412-YLTKF,27,78.05,2135.5,7,At Risk,1245.71,High Value,Yes
6734-PSBAW,72,23.55,1723.95,7,At Risk,1005.64,High Value,No
3930-ZGWVE,1,19.75,19.75,3,Inactive,4.94,Low Value,No
2639-UGMAZ,71,56.45,3985.35,9,Loyal Customers,2989.01,High Value,No
2876-GZYZC,13,85.95,1215.65,7,At Risk,709.13,Medium Value,No
6207-WIOLX,25,58.6,1502.65,7,At Risk,876.55,High Value,Yes
8587-XYZSF,67,50.55,3260.1,8,Loyal Customers,2173.4,High Value,No
3091-FYHKI,1,35.45,35.45,3,Inactive,8.86,Low Value,Yes
2372-HWUHI,2,44.35,81.25,4,Inactive,27.08,Low Value,Yes
7799-LGRDP,43,25.7,1188.2,6,At Risk,594.1,Medium Value,No
7850-VWJUU,23,75.0,1778.5,7,At Risk,1037.46,High Value,No
3774-VBNXY,64,20.2,1277.75,6,At Risk,638.88,Medium Value,No
6217-KDYWC,57,19.6,1170.55,6,At Risk,585.28,Medium Value,No
0390-DCFDQ,1,70.45,70.45,5,Inactive,29.35,Low Value,Yes
3146-MSEGF,72,88.05,6425.65,11,Champions,5890.18,Premium,No
4080-OGPJL,8,71.15,563.65,7,At Risk,328.8,Medium Value,Yes
1095-WGNGG,61,101.05,5971.25,11,Champions,5473.65,Premium,No
2636-SJDOU,64,84.3,5289.05,10,Champions,4407.54,Premium,No
1131-QQZEB,71,23.95,1756.2,7,At Risk,1024.45,High Value,No
5716-EZXZN,65,99.05,6416.7,12,Champions,6416.7,Premium,No
6837-BJYDQ,3,19.6,61.35,3,Inactive,15.34,Low Value,No
2135-RXIHG,1,45.65,45.65,4,Inactive,15.22,Low Value,Yes
6440-DKQGE,30,64.5,1929.95,8,Loyal Customers,1286.63,High Value,No
3466-BYAVD,15,69.5,1071.4,7,At Risk,624.98,Medium Value,No
3780-YVMFA,8,68.55,564.35,6,At Risk,282.18,Medium Value,No
3874-EQOEP,7,95.0,655.5,8,Loyal Customers,437.0,Medium Value,Yes
1679-JRFBR,70,108.15,7930.55,12,Champions,7930.55,Premium,No
9073-ZZIAY,62,86.1,5215.25,11,Champions,4780.65,Premium,No
3077-RSNTJ,6,19.7,113.5,3,Inactive,28.38,Low Value,No
6551-GNYDG,14,80.9,1152.8,7,At Risk,672.47,Medium Value,No
9167-APMXZ,22,84.15,1821.95,7,At Risk,1062.8,High Value,No
2749-CTKAJ,22,20.15,419.9,4,Inactive,139.97,Low Value,No
6371-NZYEG,16,64.25,1024.0,7,At Risk,597.33,Medium Value,No
7554-NEWDD,10,25.7,251.6,5,Inactive,104.83,Low Value,No
8992-VONJD,13,56.0,764.55,6,At Risk,382.28,Medium Value,No
0867-MKZVY,20,82.4,1592.35,7,At Risk,928.87,High Value,Yes
4482-EWFMI,2,69.7,135.2,4,Inactive,45.07,Low Value,No
4648-YPBTM,53,73.9,3958.25,10,Champions,3298.54,Premium,No
2907-ILJBN,11,20.6,233.9,4,Inactive,77.97,Low Value,No
6345-FZOQH,69,19.9,1363.45,6,At Risk,681.72,Medium Value,No
3376-BMGFE,4,70.9,273.0,5,Inactive,113.75,Low Value,Yes
5997-OPVFA,72,89.05,6254.45,11,Champions,5733.25,Premium,No
3445-HXXGF,58,45.3,2651.2,8,Loyal Customers,1767.47,High Value,Yes
1159-WFSGR,16,20.4,321.4,4,Inactive,107.13,Low Value,No
7654-YWJUF,43,84.25,3539.25,9,Loyal Customers,2654.44,High Value,No
1875-QIVME,2,104.4,242.8,9,Loyal Customers,182.1,Medium Value,Yes
6727-IOTLZ,14,81.95,1181.75,9,Loyal Customers,886.31,High Value,No
0691-JVSYA,53,94.85,5000.2,10,Champions,4166.83,Premium,Yes
5918-VUKWP,32,20.55,654.55,5,Inactive,272.73,Medium Value,No
1744-JHKYS,34,24.7,780.2,6,At Risk,390.1,Medium Value,No
2656-FMOKZ,15,74.45,1145.7,7,At Risk,668.32,Medium Value,Yes
2070-FNEXE,7,76.45,503.6,6,At Risk,251.8,Medium Value,Yes
5947-SGKCL,15,105.35,1559.25,10,Champions,1299.38,High Value,No
3712-PKXZA,61,20.55,1252.0,6,At Risk,626.0,Medium Value,No
6317-YPKDH,1,29.95,29.95,3,Inactive,7.49,Low Value,Yes
6582-OIVSP,1,45.3,45.3,4,Inactive,15.1,Low Value,No
9367-WXLCH,8,84.5,662.65,6,At Risk,331.32,Medium Value,Yes
5524-KHNJP,33,74.75,2453.3,9,Loyal Customers,1839.98,High Value,No
1918-ZBFQJ,13,79.25,1111.65,7,At Risk,648.46,Medium Value,Yes
1024-GUALD,1,24.8,24.8,3,Inactive,6.2,Low Value,Yes
4827-USJHP,20,51.8,1023.85,6,At Risk,511.92,Medium Value,No
8167-GJLRN,3,30.4,82.15,3,Inactive,20.54,Low Value,No
0956-SYCWG,13,19.65,244.8,4,Inactive,81.6,Low Value,No
8017-UVSZU,40,56.6,2379.1,7,At Risk,1387.81,High Value,No
7100-FQPRV,43,71.9,3173.35,9,Loyal Customers,2380.01,High Value,No
2472-OVKUP,6,91.0,531.0,8,Loyal Customers,354.0,Medium Value,Yes
2984-RGEYA,69,19.75,1375.4,6,At Risk,687.7,Medium Value,No
9680-NIAUV,72,109.7,8129.3,12,Champions,8129.3,Premium,No
2146-EGVDT,59,19.3,1192.7,6,At Risk,596.35,Medium Value,No
2604-IJPDU,20,96.55,1901.65,9,Loyal Customers,1426.24,High Value,No
9178-JHUVJ,24,24.1,587.4,5,Inactive,244.75,Medium Value,No
6168-YBYNP,59,111.35,6519.75,12,Champions,6519.75,Premium,No
7255-SSFBC,72,112.25,8041.65,12,Champions,8041.65,Premium,No
3645-DEYGF,1,20.75,20.75,3,Inactive,5.19,Low Value,No
9323-HGFWY,27,101.9,2681.15,9,Loyal Customers,2010.86,High Value,No
8544-GOQSH,14,80.05,1112.3,7,At Risk,648.84,Medium Value,No
3363-DTIVD,71,105.55,7405.5,12,Champions,7405.5,Premium,No
7018-WBJNK,13,78.3,1033.95,7,At Risk,603.14,Medium Value,No
9142-KZXOP,44,68.85,2958.95,6,At Risk,1479.48,High Value,No
7674-YTAFD,33,79.95,2684.85,8,Loyal Customers,1789.9,High Value,No
6348-SNFUS,72,55.45,4179.2,9,Loyal Customers,3134.4,Premium,No
1285-OKIPP,1,79.9,79.9,6,At Risk,39.95,Low Value,Yes
7825-ECJRF,19,106.6,1934.45,10,Champions,1612.04,High Value,Yes
1347-KTTTA,64,102.45,6654.1,12,Champions,6654.1,Premium,No
7841-TZDMQ,2,46.0,84.5,4,Inactive,28.17,Low Value,Yes
4195-NZGTA,1,25.25,25.25,3,Inactive,6.31,Low Value,No
7157-SMCFK,61,19.75,1124.2,6,At Risk,562.1,Medium Value,No
4709-LKHYG,29,20.0,540.05,4,Inactive,180.02,Medium Value,No
2504-DSHIH,23,86.8,1975.85,7,At Risk,1152.58,High Value,No
0699-NDKJM,57,58.75,3437.45,9,Loyal Customers,2578.09,High Value,No
9286-BHDQG,72,45.25,3139.8,9,Loyal Customers,2354.85,High Value,No
0230-WEQUW,66,56.6,3789.2,9,Loyal Customers,2841.9,High Value,No
2040-LDIWQ,65,84.2,5324.5,11,Champions,4880.79,Premium,No
6496-JDSSB,8,80.0,624.6,6,At Risk,312.3,Medium Value,No
9408-SSNVZ,4,70.15,268.35,4,Inactive,89.45,Low Value,Yes
4443-EMBNA,71,24.75,1836.9,7,At Risk,1071.53,High Value,No
6469-MRVET,1,20.2,20.2,3,Inactive,5.05,Low Value,No
0742-MOABM,4,50.05,179.35,5,Inactive,74.73,Low Value,Yes
5961-VUSRV,12,19.35,219.35,4,Inactive,73.12,Low Value,No
6778-JFCMK,24,50.6,1288.75,6,At Risk,644.38,Medium Value,No
6341-JVQGF,31,81.15,2545.75,10,Champions,2121.46,High Value,No
2232-DMLXU,1,55.2,55.2,5,Inactive,23.0,Low Value,Yes
4811-JBUVU,30,89.9,2723.15,10,Champions,2269.29,High Value,No
0945-TSONX,47,85.3,4107.25,10,Champions,3422.71,Premium,No
2651-ZCBXV,54,108.0,5760.65,11,Champions,5280.6,Premium,No
3316-UWXUY,50,93.5,4747.5,10,Champions,3956.25,Premium,No
8937-RDTHP,1,84.6,84.6,6,At Risk,42.3,Low Value,Yes
7083-MIOPC,72,20.25,1566.9,6,At Risk,783.45,Medium Value,No
1984-GPTEH,29,25.15,702.0,5,Inactive,292.5,Medium Value,No
1251-KRREG,2,54.4,114.1,5,Inactive,47.54,Low Value,Yes
0621-JFHOL,10,29.6,299.05,4,Inactive,99.68,Low Value,No
9903-LYSAB,18,73.15,1305.95,7,At Risk,761.8,Medium Value,No
0094-OIFMO,11,95.0,1120.3,9,Loyal Customers,840.22,High Value,Yes
9227-UAQFT,16,19.75,284.35,4,Inactive,94.78,Low Value,No
7301-ABVAD,72,86.6,6350.5,11,Champions,5821.29,Premium,No
6614-FHDBO,72,109.2,7878.3,12,Champions,7878.3,Premium,No
7576-ASEJU,41,74.7,3187.65,9,Loyal Customers,2390.74,High Value,No
9058-HRZSV,65,94.4,6126.15,11,Champions,5615.64,Premium,No
4522-AKYLR,13,54.8,731.3,6,At Risk,365.65,Medium Value,No
0221-WMXNQ,4,75.35,273.4,6,At Risk,136.7,Low Value,No
0303-UNCIP,41,65.0,2531.8,8,Loyal Customers,1687.87,High Value,No
9947-OTFQU,15,74.4,1074.3,7,At Risk,626.68,Medium Value,Yes
0322-YINQP,1,48.55,48.55,5,Inactive,20.23,Low Value,Yes
0959-WHOKV,42,99.0,4298.45,11,Champions,3940.25,Premium,No
4075-JFPGR,51,93.5,4619.55,10,Champions,3849.63,Premium,No
4629-NRXKX,2,70.4,147.15,5,Inactive,61.31,Low Value,Yes
9514-JDSKI,1,40.2,40.2,5,Inactive,16.75,Low Value,Yes
3282-ZISZV,32,83.7,2633.3,10,Champions,2194.42,High Value,No
3675-YDUPJ,10,19.85,193.05,4,Inactive,64.35,Low Value,No
4111-BNXIF,67,59.55,4103.9,9,Loyal Customers,3077.92,Premium,No
7017-VFHAY,61,115.1,7008.15,12,Champions,7008.15,Premium,No
6655-LHBYW,50,114.35,5791.1,11,Champions,5308.51,Premium,No
4959-JOSRX,2,44.6,80.55,4,Inactive,26.85,Low Value,Yes
5046-NUHWD,29,45.0,1228.65,6,At Risk,614.33,Medium Value,No
7273-TEFQD,3,41.15,132.2,5,Inactive,55.08,Low Value,Yes
3606-TWKGI,13,106.9,1364.3,10,Champions,1136.92,High Value,Yes
7529-ZDFXI,57,89.85,4925.35,10,Champions,4104.46,Premium,No
7605-BDWDC,31,49.85,1520.1,8,Loyal Customers,1013.4,High Value,No
1950-KSVVJ,45,113.3,5032.25,11,Champions,4612.9,Premium,No
0123-CRBRT,61,88.1,5526.75,11,Champions,5066.19,Premium,No
6292-TOSSS,50,24.9,1195.25,6,At Risk,597.62,Medium Value,No
3197-ARFOY,19,105.0,2007.25,10,Champions,1672.71,High Value,No
6323-AYBRX,59,19.35,1099.6,6,At Risk,549.8,Medium Value,Yes
7014-ZZXAW,71,24.25,1732.95,7,At Risk,1010.89,High Value,No
4385-GZQXV,16,94.45,1511.2,9,Loyal Customers,1133.4,High Value,Yes
7633-MVPUY,57,59.75,3450.15,9,Loyal Customers,2587.61,High Value,No
6366-ZGQGL,1,24.8,24.8,3,Inactive,6.2,Low Value,Yes
4716-HHKQH,20,107.05,2172.05,10,Champions,1810.04,High Value,No
5940-AHUHD,1,70.6,70.6,5,Inactive,29.42,Low Value,Yes
6432-TWQLB,5,85.4,401.1,7,At Risk,233.98,Medium Value,Yes
4484-GLZOU,52,105.05,5624.85,11,Champions,5156.11,Premium,Yes
3179-GBRWV,21,64.95,1339.8,7,At Risk,781.55,Medium Value,No
8645-KWHJO,14,55.0,771.95,7,At Risk,450.3,Medium Value,No
4130-MZLCC,5,50.55,244.75,5,Inactive,101.98,Low Value,No
0314-TKOSI,6,55.15,322.9,5,Inactive,134.54,Low Value,No
8229-MYEJZ,10,51.2,498.25,6,At Risk,249.12,Medium Value,No
2080-SRCDE,1,25.4,25.4,4,Inactive,8.47,Low Value,No
9577-WJVCQ,68,54.45,3687.75,8,Loyal Customers,2458.5,High Value,No
9512-UIBFX,18,95.15,1779.95,9,Loyal Customers,1334.96,High Value,Yes
6202-DYYFX,22,76.0,1783.6,7,At Risk,1040.43,High Value,No
3808-HFKDE,20,44.35,927.15,5,Inactive,386.31,Medium Value,No
5583-SXDAG,1,70.0,70.0,4,Inactive,23.33,Low Value,Yes
3488-PGMQJ,8,74.5,606.55,6,At Risk,303.27,Medium Value,Yes
3580-REOAC,10,44.85,435.4,5,Inactive,181.42,Medium Value,Yes
7534-BFESC,24,76.1,1712.7,7,At Risk,999.08,High Value,Yes
3727-OWVYD,35,61.2,2021.2,8,Loyal Customers,1347.47,High Value,No
2294-SALNE,23,86.8,1940.8,8,Loyal Customers,1293.87,High Value,No
4847-TAJYI,6,89.35,567.8,6,At Risk,283.9,Medium Value,No
1563-IWQEX,12,19.7,220.35,4,Inactive,73.45,Low Value,No
8203-XJZRC,1,20.25,20.25,3,Inactive,5.06,Low Value,No
6556-DBKZF,71,76.05,5436.45,9,Loyal Customers,4077.34,Premium,No
6851-WEFYX,35,100.8,3437.5,10,Champions,2864.58,High Value,No
2985-JUUBZ,40,74.55,3015.75,9,Loyal Customers,2261.81,High Value,No
6390-DSAZX,1,73.6,73.6,6,At Risk,36.8,Low Value,Yes
0895-LMRSF,23,64.9,1509.8,6,At Risk,754.9,Medium Value,No
8098-LLAZX,4,95.45,396.1,8,Loyal Customers,264.07,Medium Value,Yes
8266-VBFQL,4,90.4,356.65,8,Loyal Customers,237.77,Medium Value,No
8181-YHCMF,68,60.3,4109.0,9,Loyal Customers,3081.75,Premium,No
2240-HSJQD,38,81.85,3141.7,8,Loyal Customers,2094.47,High Value,No
1248-DYXUB,52,24.8,1229.1,6,At Risk,614.55,Medium Value,No
0265-EDXBD,32,74.9,2303.35,8,Loyal Customers,1535.57,High Value,Yes
4115-BNPJY,29,75.55,2054.4,8,Loyal Customers,1369.6,High Value,No
3167-SNQPL,38,101.15,3741.85,10,Champions,3118.21,Premium,No
4091-TVOCN,48,78.75,3682.45,10,Champions,3068.71,Premium,No
1098-TDVUQ,1,19.25,19.25,3,Inactive,4.81,Low Value,No
7277-OZCGZ,22,89.05,1886.25,8,Loyal Customers,1257.5,High Value,No
1557-EMYVT,43,115.05,4895.1,11,Champions,4487.18,Premium,No
2799-ARNLO,5,69.35,341.6,4,Inactive,113.87,Low Value,No
7563-BIUPC,5,80.6,415.55,6,At Risk,207.78,Medium Value,Yes
5027-YOCXN,51,110.05,5686.4,11,Champions,5212.53,Premium,No
3973-SKMLN,71,19.9,1355.1,6,At Risk,677.55,Medium Value,No
2321-OMBXY,38,80.3,3058.65,10,Champions,2548.88,High Value,Yes
2840-XANRC,24,93.15,2231.05,9,Loyal Customers,1673.29,High Value,Yes
6745-JEFZB,35,91.5,3236.35,10,Champions,2696.96,High Value,No
5020-ZSTTY,54,82.45,4350.1,10,Champions,3625.08,Premium,Yes
9880-TDQAC,72,60.0,4264.0,9,Loyal Customers,3198.0,Premium,No
8705-WZCYL,1,44.8,44.8,4,Inactive,14.93,Low Value,No
7102-JJVTX,9,48.6,422.3,5,Inactive,175.96,Medium Value,No
8626-PTQGE,69,60.05,4176.7,9,Loyal Customers,3132.52,Premium,No
4983-CLMLV,52,102.7,5138.1,11,Champions,4709.92,Premium,No
5701-YVSVF,11,82.9,880.05,7,At Risk,513.36,Medium Value,No
5804-LEPIM,2,70.35,139.05,4,Inactive,46.35,Low Value,Yes
5697-GOMBF,28,35.9,973.65,5,Inactive,405.69,Medium Value,No
2739-CACDQ,17,82.65,1470.05,7,At Risk,857.53,High Value,No
9385-EHGDO,35,19.85,739.35,5,Inactive,308.06,Medium Value,No
9498-FIMXL,8,19.2,161.95,3,Inactive,40.49,Low Value,No
2379-GYFLQ,46,94.9,4422.95,10,Champions,3685.79,Premium,No
0122-OAHPZ,7,73.85,511.25,6,At Risk,255.62,Medium Value,Yes
2868-SNELZ,2,80.6,155.8,6,At Risk,77.9,Low Value,Yes
4322-RCYMT,68,75.8,5293.95,11,Champions,4852.79,Premium,Yes
6680-NENYN,43,104.6,4759.85,11,Champions,4363.2,Premium,Yes
2088-IEBAU,68,88.15,6148.45,11,Champions,5636.08,Premium,No
7982-VCELR,36,94.8,3565.65,10,Champions,2971.38,High Value,No
1343-EHPYB,63,103.4,6603.0,12,Champions,6603.0,Premium,Yes
6035-BXTTY,32,54.65,1830.1,7,At Risk,1067.56,High Value,No
6885-PKOAM,71,85.75,6223.8,11,Champions,5705.15,Premium,No
7520-HQWJU,66,67.45,4508.65,9,Loyal Customers,3381.49,Premium,No
9639-BUJXT,63,20.5,1328.15,6,At Risk,664.08,Medium Value,No
5924-SNGKP,41,20.25,865.0,5,Inactive,360.42,Medium Value,No
0021-IKXGC,1,72.1,72.1,6,At Risk,36.05,Low Value,No
2034-GDRCN,2,90.4,168.2,7,At Risk,98.12,Low Value,Yes
8966-SNIZF,70,19.45,1303.5,6,At Risk,651.75,Medium Value,No
6243-OZGFH,23,44.95,996.85,6,At Risk,498.42,Medium Value,No
4654-DLAMQ,64,97.0,6430.9,11,Champions,5894.99,Premium,No
0513-RBGPE,37,62.8,2278.75,8,Loyal Customers,1519.17,High Value,No
5160-UXJED,17,44.6,681.4,5,Inactive,283.92,Medium Value,No
4115-NZRKS,7,89.15,574.35,6,At Risk,287.18,Medium Value,No
0219-YTZUE,4,84.8,371.9,7,At Risk,216.94,Medium Value,Yes
0623-IIHUG,21,41.9,840.1,6,At Risk,420.05,Medium Value,Yes
4572-DVCGN,10,80.25,846.0,7,At Risk,493.5,Medium Value,Yes
3351-NGXYI,16,54.1,889.0,6,At Risk,444.5,Medium Value,No
8984-EYLLL,64,105.25,6823.4,12,Champions,6823.4,Premium,No
9057-MSWCO,27,30.75,805.1,4,Inactive,268.37,Medium Value,Yes
9833-TGFHX,42,97.1,4016.75,10,Champions,3347.29,Premium,No
9294-TDIPC,5,20.2,83.75,3,Inactive,20.94,Low Value,No
5229-DTFYB,41,98.8,3959.15,10,Champions,3299.29,Premium,No
0104-PPXDV,58,50.3,2878.55,8,Loyal Customers,1919.03,High Value,No
5176-LMJXE,47,20.55,945.7,5,Inactive,394.04,Medium Value,No
3583-KRKMD,18,75.9,1373.05,7,At Risk,800.95,Medium Value,No
1010-DIAUQ,5,96.5,492.55,8,Loyal Customers,328.37,Medium Value,Yes
9069-LGEUL,23,59.95,1406.0,6,At Risk,703.0,Medium Value,No
7302-ZHMHP,1,19.15,19.15,3,Inactive,4.79,Low Value,No
9571-EDEBV,71,98.65,6962.85,11,Champions,6382.61,Premium,No
3520-FJGCV,72,112.6,8126.65,12,Champions,8126.65,Premium,No
6563-VRERX,33,20.6,690.25,5,Inactive,287.6,Medium Value,No
0259-GBZSH,2,85.65,181.5,6,At Risk,90.75,Low Value,Yes
6122-EFVKN,24,35.75,830.8,6,At Risk,415.4,Medium Value,No
2805-EDJPQ,56,99.75,5608.4,12,Champions,5608.4,Premium,No
6862-CQUMB,37,96.1,3646.8,10,Champions,3039.0,Premium,No
7156-MXBJE,43,85.1,3662.25,10,Champions,3051.88,Premium,No
6158-HDPXZ,1,25.35,25.35,3,Inactive,6.34,Low Value,No
9601-BRXPO,25,104.95,2566.5,10,Champions,2138.75,High Value,Yes
2863-IMQDR,61,89.65,5308.7,11,Champions,4866.31,Premium,No
5686-CMAWK,17,86.75,1410.25,8,Loyal Customers,940.17,High Value,No
5651-CRHKQ,41,86.2,3339.05,9,Loyal Customers,2504.29,High Value,No
6905-NIQIN,1,50.65,50.65,5,Inactive,21.1,Low Value,Yes
8204-YJCLA,72,64.8,4732.35,10,Champions,3943.63,Premium,No
5167-ZFFMM,1,90.85,90.85,8,Loyal Customers,60.57,Low Value,Yes
6583-SZVGP,48,108.1,5067.45,11,Champions,4645.16,Premium,No
4895-TMWIR,11,19.95,214.75,4,Inactive,71.58,Low Value,Yes
0533-BNWKF,55,85.45,4874.7,9,Loyal Customers,3656.02,Premium,Yes
1708-PBBOA,42,54.75,2348.45,8,Loyal Customers,1565.63,High Value,No
8782-LKFPK,44,90.4,4063.0,10,Champions,3385.83,Premium,No
5522-JBWMO,1,44.0,44.0,4,Inactive,14.67,Low Value,No
3597-MVHJT,27,95.6,2595.25,9,Loyal Customers,1946.44,High Value,No
9774-NRNAU,27,84.8,2309.55,9,Loyal Customers,1732.16,High Value,No
0224-RLWWD,2,44.3,89.3,4,Inactive,29.77,Low Value,No
9967-ATRFS,19,19.9,367.55,4,Inactive,122.52,Low Value,No
3951-NJCVI,42,95.05,3944.5,10,Champions,3287.08,Premium,No
2977-CEBSX,66,90.05,5965.95,12,Champions,5965.95,Premium,No
0177-PXBAT,33,109.9,3694.7,11,Champions,3386.81,Premium,No
6599-CEBNN,34,73.95,2524.45,8,Loyal Customers,1682.97,High Value,Yes
2519-ERQOJ,33,54.6,1803.7,8,Loyal Customers,1202.47,High Value,No
5876-QMYLD,23,20.05,415.1,4,Inactive,138.37,Low Value,No
2277-AXSDC,32,19.75,624.15,5,Inactive,260.06,Medium Value,No
9442-JTWDL,11,20.05,237.7,4,Inactive,79.23,Low Value,No
0979-PHULV,69,99.45,7007.6,11,Champions,6423.63,Premium,Yes
3067-SVMTC,68,55.9,3848.8,8,Loyal Customers,2565.87,High Value,No
5495-GPSRW,20,19.7,419.4,4,Inactive,139.8,Low Value,No
7606-BPHHN,72,19.8,1468.75,6,At Risk,734.38,Medium Value,No
4742-DRORA,60,95.4,5812.0,11,Champions,5327.67,Premium,No
0111-KLBQG,32,93.95,2861.45,10,Champions,2384.54,High Value,No
4800-VHZKI,1,19.9,19.9,3,Inactive,4.97,Low Value,Yes
7989-CHGTL,1,19.6,19.6,3,Inactive,4.9,Low Value,Yes
0334-GDDSO,3,81.35,233.7,6,At Risk,116.85,Low Value,Yes
4163-NCJAK,46,24.45,1066.15,6,At Risk,533.08,Medium Value,No
5233-AOZUF,29,74.95,2149.05,7,At Risk,1253.61,High Value,No
5973-EJGDP,51,87.35,4473.0,9,Loyal Customers,3354.75,Premium,No
1996-DBMUS,48,70.65,3545.05,7,At Risk,2067.95,High Value,No
7916-VCCPB,16,73.25,1195.75,7,At Risk,697.52,Medium Value,No
4686-GEFRM,70,98.7,6858.9,12,Champions,6858.9,Premium,No
5249-QYHEX,40,24.8,1024.7,6,At Risk,512.35,Medium Value,No
0578-SKVMF,22,83.3,1845.9,7,At Risk,1076.78,High Value,Yes
5564-NEMQO,1,75.3,75.3,6,At Risk,37.65,Low Value,Yes
2233-FAGXV,5,24.3,132.25,4,Inactive,44.08,Low Value,No
5605-IYGFG,7,69.85,515.45,4,Inactive,171.82,Medium Value,No
7663-ZTEGJ,29,100.55,2830.45,10,Champions,2358.71,High Value,No
3935-TBRZZ,44,25.7,1110.5,6,At Risk,555.25,Medium Value,No
8111-BKVDS,10,40.7,449.3,6,At Risk,224.65,Medium Value,No
2055-SIFSS,55,51.65,2838.55,7,At Risk,1655.82,High Value,No
2806-MLNTI,52,105.1,5376.4,11,Champions,4928.37,Premium,No
8734-DKSTZ,10,85.95,858.6,7,At Risk,500.85,Medium Value,No
4360-PNRQB,18,75.6,1395.05,7,At Risk,813.78,High Value,No
6152-ONASV,68,58.25,3975.7,9,Loyal Customers,2981.77,High Value,No
9063-ZGTUY,61,19.4,1182.55,6,At Risk,591.28,Medium Value,Yes
7781-HVGMK,72,65.2,4784.45,10,Champions,3987.04,Premium,No
2181-UAESM,2,53.45,119.5,5,Inactive,49.79,Low Value,No
2957-LOLHO,12,45.4,518.9,5,Inactive,216.21,Medium Value,Yes
6048-NJXHX,41,19.75,899.45,5,Inactive,374.77,Medium Value,No
2320-SLKMB,26,44.45,1183.8,6,At Risk,591.9,Medium Value,No
4980-URKXC,36,20.85,720.05,5,Inactive,300.02,Medium Value,No
4376-KFVRS,72,114.05,8468.2,12,Champions,8468.2,Premium,No
5886-VLQVU,35,89.85,3161.2,9,Loyal Customers,2370.9,High Value,No
3577-AMVUX,1,55.05,55.05,5,Inactive,22.94,Low Value,No
0771-WLCLA,16,112.95,1882.55,10,Champions,1568.79,High Value,No
5628-RKIFK,49,101.55,5070.4,10,Champions,4225.33,Premium,No
0206-TBWLC,54,114.65,6049.5,11,Champions,5545.38,Premium,No
2937-FTHUR,18,64.8,1166.7,7,At Risk,680.58,Medium Value,No
1910-FMXJM,36,80.4,2937.65,8,Loyal Customers,1958.43,High Value,No
7752-XUSCI,60,105.9,6396.45,12,Champions,6396.45,Premium,Yes
4110-PFEUZ,1,69.55,69.55,4,Inactive,23.18,Low Value,Yes
0732-OCQOC,52,25.05,1270.25,6,At Risk,635.12,Medium Value,No
5168-MSWXT,8,94.75,759.55,8,Loyal Customers,506.37,Medium Value,No
1090-ESELR,72,105.5,7611.55,12,Champions,7611.55,Premium,No
8592-PLTMQ,64,24.7,1642.75,7,At Risk,958.27,High Value,No
5760-WRAHC,22,69.75,1545.4,7,At Risk,901.48,High Value,No
8847-GEOOQ,60,60.2,3582.4,9,Loyal Customers,2686.8,High Value,No
0256-LTHVJ,28,81.05,2227.1,7,At Risk,1299.14,High Value,Yes
4785-FCIFB,61,24.4,1417.9,7,At Risk,827.11,High Value,No
8313-NDOIA,24,104.15,2494.65,10,Champions,2078.88,High Value,No
5149-CUZUJ,28,92.9,2768.35,9,Loyal Customers,2076.26,High Value,No
0942-KOWSM,30,80.8,2369.3,10,Champions,1974.42,High Value,No
4237-CLSMM,2,20.0,38.0,3,Inactive,9.5,Low Value,No
1452-VOQCH,1,75.1,75.1,6,At Risk,37.55,Low Value,No
4719-UMSIY,6,19.65,100.9,3,Inactive,25.22,Low Value,No
6614-VBEGU,24,69.45,1614.05,7,At Risk,941.53,High Value,No
0880-TKATG,4,101.15,385.9,8,Loyal Customers,257.27,Medium Value,Yes
3811-VBYBZ,7,99.8,673.25,8,Loyal Customers,448.83,Medium Value,Yes
1480-BKXGA,72,116.05,8404.9,12,Champions,8404.9,Premium,No
2996-XAUVF,70,40.05,2799.75,8,Loyal Customers,1866.5,High Value,No
9076-AXYIK,64,102.1,6538.45,12,Champions,6538.45,Premium,No
5968-XQIVE,72,89.7,6588.95,10,Champions,5490.79,Premium,No
8896-RAZCR,44,19.9,868.1,5,Inactive,361.71,Medium Value,No
4640-UHDOS,13,55.95,734.35,6,At Risk,367.18,Medium Value,Yes
4933-IKULF,17,20.65,330.6,4,Inactive,110.2,Low Value,No
3583-EKAPL,1,55.0,55.0,5,Inactive,22.92,Low Value,Yes
1304-BCCFO,9,70.05,564.4,6,At Risk,282.2,Medium Value,No
4104-PVRPS,24,53.6,1315.35,6,At Risk,657.68,Medium Value,No
9399-APLBT,1,74.7,74.7,6,At Risk,37.35,Low Value,Yes
2359-KMGLI,24,80.25,1861.5,7,At Risk,1085.88,High Value,Yes
3780-DDGSE,35,76.05,2747.2,9,Loyal Customers,2060.4,High Value,No
4431-EDMIQ,7,75.7,554.05,8,Loyal Customers,369.37,Medium Value,No
0306-JAELE,5,96.1,453.4,8,Loyal Customers,302.27,Medium Value,Yes
6227-HWPWX,15,69.0,994.8,5,Inactive,414.5,Medium Value,Yes
0486-LGCCH,11,19.65,225.75,4,Inactive,75.25,Low Value,No
0447-BEMNG,48,45.3,2145.0,7,At Risk,1251.25,High Value,Yes
4612-SSVHJ,20,81.45,1671.6,7,At Risk,975.1,High Value,No
5168-MQQCA,72,108.5,8003.8,12,Champions,8003.8,Premium,No
5949-XIKAE,8,83.55,680.05,6,At Risk,340.02,Medium Value,Yes
7971-HLVXI,72,84.5,6130.85,9,Loyal Customers,4598.14,Premium,No
9094-AZPHK,15,100.15,1415.0,9,Loyal Customers,1061.25,High Value,No
3649-JPUGY,72,88.6,6201.95,11,Champions,5685.12,Premium,No
8372-JUXUI,1,74.35,74.35,6,At Risk,37.17,Low Value,Yes
3552-CTCYF,63,104.8,6597.25,12,Champions,6597.25,Premium,No
6778-YSNIH,2,59.0,114.15,5,Inactive,47.56,Low Value,No
0388-EOPEX,2,74.4,139.4,6,At Risk,69.7,Low Value,Yes
5756-OZRIO,61,64.05,3902.6,9,Loyal Customers,2926.95,High Value,No
6579-JPICP,1,20.4,20.4,3,Inactive,5.1,Low Value,No
8205-OTCHB,22,43.75,903.6,6,At Risk,451.8,Medium Value,Yes
4134-BSXLX,28,60.9,1785.65,7,At Risk,1041.63,High Value,No
0505-SPOOW,70,19.8,1397.65,6,At Risk,698.82,Medium Value,No
6235-VDHOM,5,28.45,131.05,3,Inactive,32.76,Low Value,Yes
7783-YKGDV,12,99.7,1238.45,10,Champions,1032.04,High Value,Yes
4374-YMUSQ,34,116.25,3899.05,11,Champions,3574.13,Premium,No
4513-CXYIX,71,80.7,5676.0,9,Loyal Customers,4257.0,Premium,No
3957-HHLMR,70,65.2,4543.15,9,Loyal Customers,3407.36,Premium,No
7803-XOCCZ,52,84.05,4326.8,9,Loyal Customers,3245.1,Premium,No
5736-YEJAX,69,79.45,5502.55,11,Champions,5044.0,Premium,No
5609-CEBID,20,94.1,1782.4,9,Loyal Customers,1336.8,High Value,Yes
8981-FJGLA,11,78.0,851.8,7,At Risk,496.88,Medium Value,No
7218-HKQFK,2,94.2,167.5,8,Loyal Customers,111.67,Low Value,Yes
4636-QRJKY,6,80.5,502.85,6,At Risk,251.42,Medium Value,Yes
1135-LMECX,1,19.85,19.85,3,Inactive,4.96,Low Value,No
4332-MUOEZ,20,94.3,1818.3,9,Loyal Customers,1363.72,High Value,No
8535-SFUTN,61,106.45,6300.15,12,Champions,6300.15,Premium,No
5956-VKDTT,5,74.35,334.8,6,At Risk,167.4,Medium Value,Yes
8677-HDZEE,56,105.45,5916.95,12,Champions,5916.95,Premium,No
2475-MROZF,30,95.0,2852.4,11,Champions,2614.7,High Value,No
9412-GHEEC,40,104.8,4131.95,11,Champions,3787.62,Premium,Yes
3482-ABPKK,28,54.3,1546.3,6,At Risk,773.15,Medium Value,No
6705-LXORM,5,70.05,302.6,4,Inactive,100.87,Low Value,No
0257-ZESQC,27,75.2,1929.35,7,At Risk,1125.45,High Value,Yes
7531-GQHME,12,20.05,265.45,4,Inactive,88.48,Low Value,No
5174-ITUMV,67,105.4,6989.45,12,Champions,6989.45,Premium,No
4109-CYRBD,29,51.6,1442.0,6,At Risk,721.0,Medium Value,No
0913-XWSCN,55,85.5,4713.4,8,Loyal Customers,3142.27,Premium,No
6825-UYPFK,23,75.6,1758.6,7,At Risk,1025.85,High Value,Yes
8397-MVTAZ,34,100.05,3480.0,10,Champions,2900.0,High Value,Yes
0750-EBAIU,52,91.25,4738.3,10,Champions,3948.58,Premium,No
8606-CIQUL,72,115.75,8399.15,12,Champions,8399.15,Premium,No
3571-DPYUH,58,94.7,5430.35,11,Champions,4977.82,Premium,No
7601-GNDYK,35,19.6,686.95,5,Inactive,286.23,Medium Value,No
0356-OBMAC,56,99.9,5706.3,12,Champions,5706.3,Premium,No
8067-NIOYM,24,21.1,490.65,4,Inactive,163.55,Medium Value,No
1403-GYAFU,70,20.05,1360.25,6,At Risk,680.12,Medium Value,No
4234-XTNEA,2,79.95,174.45,6,At Risk,87.22,Low Value,No
1297-VQDRP,68,107.15,7379.8,12,Champions,7379.8,Premium,No
9282-IZGQK,1,85.0,85.0,6,At Risk,42.5,Low Value,Yes
5348-CAGXB,12,89.55,1021.75,8,Loyal Customers,681.17,Medium Value,No
0621-HJWXJ,63,81.55,5029.05,9,Loyal Customers,3771.79,Premium,No
5844-QVTAT,33,58.45,1955.4,8,Loyal Customers,1303.6,High Value,No
8905-IAZPF,69,95.65,6744.2,11,Champions,6182.18,Premium,No
5394-MEITZ,60,80.6,4946.7,11,Champions,4534.47,Premium,No
6859-QNXIQ,72,113.1,8248.5,12,Champions,8248.5,Premium,No
2782-LFZVW,11,58.95,601.6,6,At Risk,300.8,Medium Value,No
2866-IKBTM,1,19.55,19.55,3,Inactive,4.89,Low Value,No
1342-JPNKI,10,86.05,834.1,7,At Risk,486.56,Medium Value,Yes
2817-NTQDO,13,45.55,597.0,6,At Risk,298.5,Medium Value,Yes
7129-AZJDE,34,78.95,2647.2,8,Loyal Customers,1764.8,High Value,No
6986-IJDHX,39,86.3,3266.0,8,Loyal Customers,2177.33,High Value,Yes
2560-PPCHE,65,105.05,6744.25,12,Champions,6744.25,Premium,No
4676-MQUEA,50,101.9,5265.5,11,Champions,4826.71,Premium,No
8138-EALND,15,19.75,311.6,4,Inactive,103.87,Low Value,No
3580-HYCSP,72,110.3,7966.9,12,Champions,7966.9,Premium,No
1352-HNSAW,72,115.6,8220.4,12,Champions,8220.4,Premium,No
2075-PUEPR,55,19.35,1153.25,5,Inactive,480.52,Medium Value,No
1982-FEBTD,23,25.6,514.75,5,Inactive,214.48,Medium Value,No
5301-GAUUY,32,80.35,2596.15,8,Loyal Customers,1730.77,High Value,Yes
5791-KAJFD,56,68.75,3808.0,9,Loyal Customers,2856.0,High Value,No
2654-VBVPB,1,19.9,19.9,3,Inactive,4.97,Low Value,No
1154-HYWWO,38,70.6,2708.2,9,Loyal Customers,2031.15,High Value,No
2501-XWWTZ,11,70.2,760.05,5,Inactive,316.69,Medium Value,No
3716-UVSPD,1,49.3,49.3,5,Inactive,20.54,Low Value,No
6815-ABQFQ,56,107.25,6033.3,12,Champions,6033.3,Premium,No
7343-EOBEU,3,23.6,89.05,4,Inactive,29.68,Low Value,No
3701-SFMUH,7,69.7,516.15,6,At Risk,258.08,Medium Value,No
6103-LIANB,59,99.5,5861.75,11,Champions,5373.27,Premium,No
7319-VENRZ,7,64.3,445.95,6,At Risk,222.98,Medium Value,No
5846-NEQVZ,71,70.85,4973.4,10,Champions,4144.5,Premium,No
6967-QIQRV,15,101.9,1667.25,9,Loyal Customers,1250.44,High Value,No
5781-RFZRP,71,73.5,5357.75,11,Champions,4911.27,Premium,No
0939-YAPAF,35,100.25,3527.6,10,Champions,2939.67,High Value,Yes
0308-IVGOK,11,40.4,422.6,6,At Risk,211.3,Medium Value,No
7293-LSCDV,60,19.25,1103.25,6,At Risk,551.62,Medium Value,No
7025-WCBNE,47,59.6,2754.0,8,Loyal Customers,1836.0,High Value,No
5756-JYOJT,11,64.9,697.25,7,At Risk,406.73,Medium Value,No
4710-FDUIZ,56,100.3,5614.45,11,Champions,5146.58,Premium,Yes
6030-REHUX,28,110.85,3204.4,10,Champions,2670.33,High Value,No
9548-LIGTA,61,81.05,4747.65,11,Champions,4352.01,Premium,No
5150-LJNSR,31,98.05,3082.1,10,Champions,2568.42,High Value,No
8270-RKSAP,9,70.5,597.9,5,Inactive,249.12,Medium Value,No
6522-YRBXD,35,94.55,3365.4,10,Champions,2804.5,High Value,No
2640-LYMOV,2,19.65,38.8,3,Inactive,9.7,Low Value,No
1218-VKFPE,12,19.0,233.55,4,Inactive,77.85,Low Value,Yes
3627-FHKBK,1,75.3,75.3,6,At Risk,37.65,Low Value,Yes
2865-TCHJW,4,89.2,346.2,7,At Risk,201.95,Medium Value,Yes
1423-BMPBQ,1,19.0,19.0,3,Inactive,4.75,Low Value,No
2393-DIVAI,3,20.0,61.7,3,Inactive,15.42,Low Value,No
5192-EBGOV,1,85.7,85.7,6,At Risk,42.85,Low Value,Yes
4568-KNYWR,52,63.25,3342.45,8,Loyal Customers,2228.3,High Value,No
8752-IMQOS,5,20.1,85.1,3,Inactive,21.28,Low Value,No
0742-LAFQK,72,99.15,7422.1,12,Champions,7422.1,Premium,No
0795-LAFGP,71,90.4,6668.05,12,Champions,6668.05,Premium,No
0619-OLYUR,72,111.9,8071.05,12,Champions,8071.05,Premium,No
5512-IDZEI,46,24.9,1174.8,6,At Risk,587.4,Medium Value,No
0459-SPZHJ,63,83.5,5435.0,11,Champions,4982.08,Premium,No
0215-BQKGS,30,84.3,2438.6,9,Loyal Customers,1828.95,High Value,No
9244-ZVAPM,1,45.6,45.6,4,Inactive,15.2,Low Value,No
0719-SYFRB,12,61.65,713.75,7,At Risk,416.35,Medium Value,Yes
8208-EUMTE,16,54.85,916.15,7,At Risk,534.42,Medium Value,No
5172-MIGPM,4,65.55,237.2,6,At Risk,118.6,Low Value,No
1710-RCXUS,51,90.35,4614.55,10,Champions,3845.46,Premium,No
0374-FIUCA,65,20.4,1414.45,6,At Risk,707.22,Medium Value,No
5839-SUYVZ,16,74.55,1170.5,7,At Risk,682.79,Medium Value,No
5173-ZXXXL,2,19.95,47.7,3,Inactive,11.92,Low Value,No
1096-ADRUX,66,74.25,4859.25,9,Loyal Customers,3644.44,Premium,No
2001-MCUUW,46,108.65,4903.2,11,Champions,4494.6,Premium,No
2731-GJRDG,32,109.55,3608.0,11,Champions,3307.33,Premium,No
4723-BEGSG,72,86.65,6094.25,11,Champions,5586.4,Premium,No
6516-NKQBO,38,81.0,3084.9,10,Champions,2570.75,High Value,No
8672-OAUPW,51,47.85,2356.75,7,At Risk,1374.77,High Value,No
8207-DMRVL,72,114.55,8306.05,12,Champions,8306.05,Premium,No
3419-SNJJD,65,105.25,6786.4,12,Champions,6786.4,Premium,Yes
6543-CPZMK,9,29.95,248.95,3,Inactive,62.24,Low Value,Yes
4765-OXPPD,9,65.0,663.05,6,At Risk,331.52,Medium Value,Yes
2804-ETQDK,66,20.55,1357.1,6,At Risk,678.55,Medium Value,No
6689-VRRTK,44,109.8,4860.35,11,Champions,4455.32,Premium,No
7138-GIRSH,50,69.5,3418.2,8,Loyal Customers,2278.8,High Value,No
9396-ZSFLL,15,48.85,631.4,6,At Risk,315.7,Medium Value,No
6464-KEXXH,8,25.25,186.3,3,Inactive,46.58,Low Value,No
7134-MJPDY,66,102.85,6976.75,12,Champions,6976.75,Premium,No
5240-CAOYT,57,87.55,4884.85,10,Champions,4070.71,Premium,No
4059-IIEBK,7,78.55,522.95,6,At Risk,261.48,Medium Value,No
4881-JVQOD,10,34.55,362.6,4,Inactive,120.87,Low Value,No
0516-UXRMT,62,92.05,5755.8,11,Champions,5276.15,Premium,No
4851-BQDNX,40,85.05,3355.65,8,Loyal Customers,2237.1,High Value,No
5148-HKFIR,20,19.7,406.95,4,Inactive,135.65,Low Value,No
1009-IRMNA,7,20.0,137.6,3,Inactive,34.4,Low Value,Yes
3003-CMDUU,25,95.15,2395.7,9,Loyal Customers,1796.78,High Value,No
5016-IBERQ,23,84.25,1968.1,8,Loyal Customers,1312.07,High Value,No
6797-UCJHZ,66,104.6,6819.45,12,Champions,6819.45,Premium,No
2469-DTSGX,72,111.65,7943.45,12,Champions,7943.45,Premium,No
4554-YGZIH,49,90.05,4547.25,10,Champions,3789.38,Premium,Yes
5099-BAILX,43,110.75,4687.9,11,Champions,4297.24,Premium,Yes
9931-KGHOA,46,55.0,2473.95,7,At Risk,1443.14,High Value,No
1775-KWJKQ,72,89.85,6562.9,11,Champions,6015.99,Premium,No
7665-VIGUD,10,20.35,176.3,4,Inactive,58.77,Low Value,No
9411-TPQQV,40,54.55,2236.2,8,Loyal Customers,1490.8,High Value,No
7207-RMRDB,65,105.5,6985.65,12,Champions,6985.65,Premium,Yes
7954-MLBUN,31,99.45,3109.9,10,Champions,2591.58,High Value,No
2077-DDHJK,68,70.9,4911.35,11,Champions,4502.07,Premium,No
4913-EHYUI,56,104.55,5794.65,12,Champions,5794.65,Premium,Yes
0195-IESCP,10,85.25,855.3,7,At Risk,498.92,Medium Value,Yes
9574-BOSMD,68,25.4,1620.2,7,At Risk,945.12,High Value,No
4580-TMHJU,43,56.15,2499.3,7,At Risk,1457.93,High Value,Yes
0970-ETWGE,1,89.55,89.55,6,At Risk,44.78,Low Value,Yes
4908-XAXAY,49,89.85,4287.2,9,Loyal Customers,3215.4,Premium,No
8404-VLQFB,15,25.25,394.85,5,Inactive,164.52,Medium Value,No
1626-ERCMM,20,94.55,1899.65,9,Loyal Customers,1424.74,High Value,Yes
0887-HJGAR,1,45.7,45.7,4,Inactive,15.23,Low Value,Yes
2391-IPLOP,50,69.65,3442.15,8,Loyal Customers,2294.77,High Value,No
5644-PDMZC,2,89.5,161.5,7,At Risk,94.21,Low Value,Yes
3509-GWQGF,24,70.0,1732.6,5,Inactive,721.92,Medium Value,No
9576-ANLXO,3,69.55,222.3,4,Inactive,74.1,Low Value,Yes
2024-BASKD,1,74.6,74.6,6,At Risk,37.3,Low Value,Yes
5845-BZZIB,35,20.1,655.3,5,Inactive,273.04,Medium Value,No
1140-UKVZG,17,24.8,475.25,5,Inactive,198.02,Medium Value,No
4160-AMJTL,8,19.65,164.3,3,Inactive,41.08,Low Value,Yes
5183-SNMJQ,10,95.1,865.1,9,Loyal Customers,648.83,Medium Value,No
8100-PNJMH,68,88.85,6132.7,11,Champions,5621.64,Premium,No
7838-LAZFO,45,78.8,3597.5,10,Champions,2997.92,High Value,No
4464-JCOLN,2,19.85,35.9,3,Inactive,8.98,Low Value,Yes
2085-JVGAD,37,20.35,697.65,5,Inactive,290.69,Medium Value,No
5650-VDUDS,4,24.25,96.05,3,Inactive,24.01,Low Value,Yes
8095-WANWK,10,45.25,428.7,5,Inactive,178.62,Medium Value,No
3030-ZKIWL,1,20.05,20.05,3,Inactive,5.01,Low Value,No
9565-FLVCG,65,69.55,4459.15,9,Loyal Customers,3344.36,Premium,No
8755-OGKNA,57,19.5,1167.6,6,At Risk,583.8,Medium Value,No
2800-VEQXM,3,74.75,238.1,6,At Risk,119.05,Low Value,No
7538-GWHML,2,69.65,145.15,4,Inactive,48.38,Low Value,Yes
5533-RJFTJ,49,30.2,1453.1,5,Inactive,605.46,Medium Value,No
3859-CVCET,4,45.65,191.05,4,Inactive,63.68,Low Value,Yes
0214-JHPFW,70,57.8,4039.3,9,Loyal Customers,3029.48,Premium,No
5642-MHDQT,53,19.85,1039.45,5,Inactive,433.1,Medium Value,No
3088-FVYWK,53,25.55,1336.1,6,At Risk,668.05,Medium Value,No
3276-HDUEG,1,75.05,75.05,6,At Risk,37.52,Low Value,Yes
9092-GDZKO,22,24.85,493.4,5,Inactive,205.58,Medium Value,No
0823-HSCDJ,52,49.15,2550.9,7,At Risk,1488.02,High Value,Yes
3729-OWRVL,65,110.35,7246.15,12,Champions,7246.15,Premium,No
2324-AALNO,48,24.55,1203.95,6,At Risk,601.98,Medium Value,No
0822-GAVAP,2,34.7,62.25,3,Inactive,15.56,Low Value,Yes
5760-IFJOZ,3,107.95,313.6,9,Loyal Customers,235.2,Medium Value,No
2826-UWHIS,45,81.4,3775.85,8,Loyal Customers,2517.23,High Value,No
1448-PWKYE,1,80.0,80.0,6,At Risk,40.0,Low Value,Yes
7501-IWUNG,61,73.8,4616.05,10,Champions,3846.71,Premium,No
4957-TREIR,3,64.4,195.65,6,At Risk,97.82,Low Value,No
7251-LJBQN,40,103.75,4188.4,11,Champions,3839.37,Premium,No
8040-MNRTF,1,71.1,71.1,5,Inactive,29.62,Low Value,No
1536-HBSWP,1,49.9,49.9,5,Inactive,20.79,Low Value,No
5313-FPXWG,51,24.6,1266.4,6,At Risk,633.2,Medium Value,No
0067-DKWBL,2,49.25,91.1,5,Inactive,37.96,Low Value,Yes
0946-FKYTX,52,30.1,1623.4,5,Inactive,676.42,Medium Value,No
5076-YVXCM,51,83.4,4149.45,8,Loyal Customers,2766.3,High Value,No
8262-COGGB,1,20.45,20.45,3,Inactive,5.11,Low Value,No
6663-JOCQO,31,75.25,2344.5,10,Champions,1953.75,High Value,No
9620-QJREV,47,20.55,1013.05,5,Inactive,422.1,Medium Value,No
2276-YDAVZ,3,75.1,270.7,6,At Risk,135.35,Low Value,Yes
2682-KEVRP,22,20.05,417.0,4,Inactive,139.0,Low Value,No
2480-JZOSN,1,20.65,20.65,3,Inactive,5.16,Low Value,No
0078-XZMHT,72,85.15,6316.2,11,Champions,5789.85,Premium,No
5896-NPFWW,3,50.15,168.15,5,Inactive,70.06,Low Value,Yes
9978-HYCIN,47,84.95,4018.05,8,Loyal Customers,2678.7,High Value,No
8338-QIUNR,72,66.5,4811.6,9,Loyal Customers,3608.7,Premium,No
1525-LNLOJ,66,63.3,4189.7,9,Loyal Customers,3142.27,Premium,No
9450-TRJUU,35,83.15,2848.45,8,Loyal Customers,1898.97,High Value,No
1766-GKNMI,29,84.9,2516.2,7,At Risk,1467.78,High Value,No
6942-LBFDP,2,20.55,33.6,3,Inactive,8.4,Low Value,No
1456-TWCGB,4,49.25,208.45,5,Inactive,86.85,Low Value,No
7133-VBDCG,25,79.85,2015.35,7,At Risk,1175.62,High Value,Yes
7596-ZYWBB,65,59.6,3739.8,9,Loyal Customers,2804.85,High Value,No
8329-UTMVM,27,104.65,2964.0,10,Champions,2470.0,High Value,No
3014-WJKSM,29,75.3,2263.4,7,At Risk,1320.32,High Value,No
3347-YJZZE,29,80.1,2211.8,9,Loyal Customers,1658.85,High Value,No
1029-QFBEN,1,19.55,19.55,3,Inactive,4.89,Low Value,Yes
7929-DMBCV,20,81.0,1683.7,7,At Risk,982.16,High Value,No
9661-JALZV,58,24.7,1519.0,7,At Risk,886.08,High Value,No
5433-KYGHE,14,86.0,1164.05,8,Loyal Customers,776.03,Medium Value,No
4312-KFRXN,72,25.4,1710.9,7,At Risk,998.03,High Value,No
5575-TPIZQ,46,89.15,4245.55,9,Loyal Customers,3184.16,Premium,No
0114-IGABW,71,58.25,4145.9,9,Loyal Customers,3109.42,Premium,No
9944-AEXBM,32,85.65,2664.3,8,Loyal Customers,1776.2,High Value,No
1853-ARAAQ,26,50.35,1277.5,6,At Risk,638.75,Medium Value,No
6952-OMNWB,68,80.35,5589.3,9,Loyal Customers,4191.98,Premium,No
4697-LUPSU,2,20.2,34.75,3,Inactive,8.69,Low Value,No
8434-VGEQQ,61,20.55,1305.95,6,At Risk,652.98,Medium Value,No
4952-YSOGZ,4,85.95,381.3,6,At Risk,190.65,Medium Value,Yes
1589-AGTLK,3,45.35,141.5,4,Inactive,47.17,Low Value,Yes
5244-IRFIH,33,94.5,3105.55,10,Champions,2587.96,High Value,Yes
6549-YMFAW,9,21.25,204.55,3,Inactive,51.14,Low Value,No
4950-HKQTE,22,26.25,605.9,5,Inactive,252.46,Medium Value,No
6786-OBWQR,5,80.85,356.1,6,At Risk,178.05,Medium Value,No
2684-EIWEO,30,91.7,2758.15,10,Champions,2298.46,High Value,Yes
2753-JMMCV,65,74.2,4805.65,11,Champions,4405.18,Premium,No
6439-GTPCA,45,87.25,3941.7,9,Loyal Customers,2956.27,High Value,Yes
6621-YOBKI,5,20.35,92.75,3,Inactive,23.19,Low Value,No
1216-JWVUX,25,75.5,1901.05,7,At Risk,1108.95,High Value,No
7564-GHCVB,72,79.05,5730.7,9,Loyal Customers,4298.02,Premium,No
1173-NOEYG,27,90.15,2423.4,9,Loyal Customers,1817.55,High Value,No
7595-EHCDL,32,50.6,1653.45,7,At Risk,964.51,High Value,No
6647-ZEDXT,30,110.45,3327.05,11,Champions,3049.8,Premium,No
2521-NPUZR,70,101.0,7085.5,12,Champions,7085.5,Premium,No
1307-TVUFB,42,79.35,3344.1,8,Loyal Customers,2229.4,High Value,No
7503-MIOGA,72,89.85,6697.35,11,Champions,6139.24,Premium,No
4381-MHQDC,47,65.0,2879.9,8,Loyal Customers,1919.93,High Value,No
6923-JHPMP,2,80.45,137.1,6,At Risk,68.55,Low Value,No
5138-WVKYJ,10,98.55,1008.55,9,Loyal Customers,756.41,Medium Value,Yes
4018-PPNDW,61,24.1,1551.6,7,At Risk,905.1,High Value,No
1635-FJFCC,5,44.05,202.15,4,Inactive,67.38,Low Value,No
2499-AJYUA,72,110.8,7882.25,12,Champions,7882.25,Premium,No
6919-ELBGL,72,114.95,8196.4,12,Champions,8196.4,Premium,No
3966-HRMZA,3,75.05,202.9,6,At Risk,101.45,Low Value,No
6425-JWTDV,48,19.25,855.1,5,Inactive,356.29,Medium Value,No
8405-IGQFX,63,90.05,5817.0,11,Champions,5332.25,Premium,No
8224-IVVPA,27,56.7,1652.95,6,At Risk,826.48,High Value,No
9477-LGWQI,70,80.15,5600.15,11,Champions,5133.47,Premium,No
1410-RSCMR,7,71.35,515.75,7,At Risk,300.85,Medium Value,No
0139-IVFJG,2,90.35,190.5,8,Loyal Customers,127.0,Low Value,No
6683-VLCTZ,20,98.55,1842.8,9,Loyal Customers,1382.1,High Value,Yes
5730-DBDSI,66,19.7,1253.8,6,At Risk,626.9,Medium Value,No
0030-FNXPP,3,19.85,57.2,3,Inactive,14.3,Low Value,No
2189-WWOEW,15,85.9,1269.55,7,At Risk,740.57,Medium Value,Yes
5684-FJVYR,72,90.35,6563.4,11,Champions,6016.45,Premium,No
4013-GUXND,1,20.8,20.8,3,Inactive,5.2,Low Value,No
1894-IGFSG,22,89.25,1907.85,7,At Risk,1112.91,High Value,Yes
7379-POKDZ,3,70.3,208.85,4,Inactive,69.62,Low Value,Yes
1266-NZYUI,72,66.85,4758.8,9,Loyal Customers,3569.1,Premium,No
7969-FFOWG,65,19.9,1292.6,6,At Risk,646.3,Medium Value,No
4718-DHSMV,11,35.8,363.15,5,Inactive,151.31,Low Value,No
5175-WLYXL,22,78.85,1600.25,7,At Risk,933.48,High Value,No
7817-OMJNA,14,20.4,275.7,4,Inactive,91.9,Low Value,No
8728-SKJLR,41,74.25,3089.1,8,Loyal Customers,2059.4,High Value,No
3137-NYQQI,17,64.8,1175.6,7,At Risk,685.77,Medium Value,No
7706-DZNKK,11,20.45,237.3,4,Inactive,79.1,Low Value,No
0236-HFWSV,15,93.35,1444.65,9,Loyal Customers,1083.49,High Value,Yes
3900-AQPHZ,1,19.9,19.9,3,Inactive,4.97,Low Value,Yes
5842-POCOP,5,88.9,454.15,7,At Risk,264.92,Medium Value,Yes
2037-XJFUP,33,95.8,3036.75,10,Champions,2530.62,High Value,Yes
8823-RLPWL,72,110.65,8065.65,12,Champions,8065.65,Premium,No
9505-SQFSW,3,40.3,92.5,5,Inactive,38.54,Low Value,No
7314-OXENN,2,82.0,184.65,6,At Risk,92.32,Low Value,Yes
3758-CKOQL,59,107.0,6152.3,12,Champions,6152.3,Premium,No
0322-CHQRU,2,45.35,89.5,4,Inactive,29.83,Low Value,Yes
5676-CFLYY,71,73.35,5154.5,10,Champions,4295.42,Premium,No
7521-AFHAB,5,44.8,220.45,4,Inactive,73.48,Low Value,No
0285-INHLN,27,54.75,1510.3,6,At Risk,755.15,Medium Value,No
4678-DVQEO,1,52.2,52.2,5,Inactive,21.75,Low Value,Yes
5125-CNDSP,63,40.6,2588.95,8,Loyal Customers,1725.97,High Value,No
0691-IFBQW,46,110.0,4874.8,11,Champions,4468.57,Premium,Yes
4992-LTJNE,72,55.3,3983.6,8,Loyal Customers,2655.73,High Value,No
2202-OUTMO,34,60.85,2003.6,8,Loyal Customers,1335.73,High Value,No
0810-BDHAW,24,78.4,1832.4,9,Loyal Customers,1374.3,High Value,No
0229-LFJAF,72,69.65,4908.25,10,Champions,4090.21,Premium,No
7131-ZQZNK,60,59.85,3590.2,9,Loyal Customers,2692.65,High Value,No
3442-ZHHCC,68,76.9,5023.0,11,Champions,4604.42,Premium,No
5726-CVNYA,8,19.85,146.6,3,Inactive,36.65,Low Value,No
9871-ELEYA,34,67.65,2339.3,8,Loyal Customers,1559.53,High Value,No
4257-GAESD,6,45.0,298.7,5,Inactive,124.46,Low Value,No
5173-WXOQV,2,64.2,143.65,6,At Risk,71.82,Low Value,No
2040-OBMLJ,31,81.7,2548.65,8,Loyal Customers,1699.1,High Value,No
6286-ZHAOK,20,25.55,507.4,5,Inactive,211.42,Medium Value,No
3807-XHCJH,1,20.0,20.0,3,Inactive,5.0,Low Value,No
3009-JWMPU,62,96.75,6125.4,11,Champions,5614.95,Premium,Yes
5671-RQRLP,70,75.65,5411.4,9,Loyal Customers,4058.55,Premium,No
1450-GALXR,10,98.5,1058.25,9,Loyal Customers,793.69,Medium Value,Yes
8859-AXJZP,39,23.8,903.8,6,At Risk,451.9,Medium Value,No
3174-AKMAS,46,64.2,3009.5,8,Loyal Customers,2006.33,High Value,No
3138-BKYAV,6,85.35,489.45,6,At Risk,244.72,Medium Value,Yes
9926-PJHDQ,72,76.8,5468.45,10,Champions,4557.04,Premium,No
7382-DFJTU,18,55.2,1058.1,6,At Risk,529.05,Medium Value,No
2798-NYLMZ,71,108.55,7616.0,12,Champions,7616.0,Premium,No
4289-DTDKW,40,101.3,4113.1,10,Champions,3427.58,Premium,Yes
1820-TQVEV,1,69.55,69.55,4,Inactive,23.18,Low Value,Yes
2239-JALAW,58,103.25,6017.65,12,Champions,6017.65,Premium,Yes
4853-RULSV,70,104.0,7250.15,12,Champions,7250.15,Premium,Yes
8098-TDCBU,42,25.25,1108.2,6,At Risk,554.1,Medium Value,No
3551-GAEGL,34,30.4,938.65,5,Inactive,391.1,Medium Value,No
4785-NKHCX,5,20.05,94.15,3,Inactive,23.54,Low Value,No
3196-NVXLZ,25,84.6,2088.05,7,At Risk,1218.03,High Value,No
6275-YDUVO,2,86.2,178.7,6,At Risk,89.35,Low Value,Yes
0036-IHMOT,55,103.7,5656.75,11,Champions,5185.35,Premium,No
0115-TFERT,21,111.2,2317.1,10,Champions,1930.92,High Value,Yes
4178-EGMON,70,88.0,5986.45,10,Champions,4988.71,Premium,No
4220-TINQT,61,106.35,6751.35,12,Champions,6751.35,Premium,No
5318-YKDPV,43,79.15,3566.6,10,Champions,2972.17,High Value,No
7975-TZMLR,47,103.1,4889.3,11,Champions,4481.86,Premium,No
0295-QVKPB,5,63.95,318.1,6,At Risk,159.05,Low Value,No
4335-BSMJS,62,25.8,1563.95,7,At Risk,912.3,High Value,No
2311-QYMUQ,16,89.45,1430.25,8,Loyal Customers,953.5,High Value,Yes
3643-AHCFP,7,95.6,644.35,8,Loyal Customers,429.57,Medium Value,Yes
9146-JRIOX,14,25.55,372.45,5,Inactive,155.19,Low Value,No
3104-OWCGK,60,90.95,5453.4,11,Champions,4998.95,Premium,Yes
5337-IIWKZ,34,44.85,1442.6,7,At Risk,841.52,High Value,No
9101-BWFSS,50,108.55,5610.7,11,Champions,5143.14,Premium,Yes
9650-VBUOG,38,25.05,963.95,6,At Risk,481.98,Medium Value,No
3487-EARAT,70,74.1,5222.3,11,Champions,4787.11,Premium,No
2672-TGEFF,37,88.8,3340.55,9,Loyal Customers,2505.41,High Value,No
9231-ZJYAM,4,78.85,292.8,6,At Risk,146.4,Low Value,Yes
4250-WAROZ,60,93.25,5774.55,11,Champions,5293.34,Premium,No
8184-WMOFI,62,71.4,4487.3,10,Champions,3739.42,Premium,No
6982-SSHFK,1,44.4,44.4,4,Inactive,14.8,Low Value,Yes
6092-QZVPP,36,79.2,2854.95,10,Champions,2379.12,High Value,No
4625-LAMOB,44,20.4,905.55,5,Inactive,377.31,Medium Value,No
0727-BMPLR,55,100.0,5509.3,10,Champions,4591.08,Premium,Yes
0392-BZIUW,72,105.0,7589.8,12,Champions,7589.8,Premium,No
1038-ZAGBI,12,19.8,229.6,4,Inactive,76.53,Low Value,Yes
6549-NNDYT,13,30.85,394.1,4,Inactive,131.37,Low Value,No
3027-ZTDHO,1,89.9,89.9,7,At Risk,52.44,Low Value,Yes
0422-OHQHQ,15,20.55,295.95,4,Inactive,98.65,Low Value,No
6916-HIJSE,65,84.85,5459.2,11,Champions,5004.27,Premium,No
2316-ESMLS,12,33.15,444.75,5,Inactive,185.31,Medium Value,No
9778-OGKQZ,72,92.0,6782.15,12,Champions,6782.15,Premium,No
7408-OFWXJ,72,89.8,6510.45,11,Champions,5967.91,Premium,No
6007-TCTST,72,115.8,8476.5,12,Champions,8476.5,Premium,No
2252-NKNSI,52,85.15,4461.85,10,Champions,3718.21,Premium,No
8713-IGZSO,2,24.85,62.0,4,Inactive,20.67,Low Value,No
7905-TVXTA,5,64.35,352.65,6,At Risk,176.32,Medium Value,No
7695-PKLCZ,68,20.5,1424.9,6,At Risk,712.45,Medium Value,No
2382-BCKQJ,62,100.15,6413.65,11,Champions,5879.18,Premium,Yes
8374-UULRV,72,86.05,6309.65,11,Champions,5783.85,Premium,No
2207-NHRJK,1,50.8,50.8,5,Inactive,21.17,Low Value,Yes
3224-DFQNQ,66,89.0,5898.6,10,Champions,4915.5,Premium,No
5275-PMFUT,72,64.8,4719.75,10,Champions,3933.12,Premium,No
4795-UXVCJ,26,19.8,457.3,4,Inactive,152.43,Low Value,No
9777-IQHWP,64,93.4,5822.3,11,Champions,5337.11,Premium,No
0947-MUGVO,20,73.65,1463.5,7,At Risk,853.71,High Value,Yes
9944-HKVVB,3,95.1,307.4,8,Loyal Customers,204.93,Medium Value,Yes
4124-MMETB,22,94.65,2104.55,9,Loyal Customers,1578.41,High Value,Yes
3671-SHRSP,4,80.6,319.15,6,At Risk,159.57,Low Value,Yes
0979-MOZQI,62,39.0,2337.45,8,Loyal Customers,1558.3,High Value,No
2732-ISEZX,5,20.5,104.3,3,Inactive,26.08,Low Value,No
3313-QKNKB,59,85.55,5084.65,9,Loyal Customers,3813.49,Premium,Yes
0323-XWWTN,3,26.4,121.25,4,Inactive,40.42,Low Value,No
1937-OTUKY,72,98.2,7015.9,12,Champions,7015.9,Premium,No
1573-LGXBA,57,97.55,5598.0,11,Champions,5131.5,Premium,No
1764-VUUMT,66,19.95,1269.1,6,At Risk,634.55,Medium Value,No
5073-WXOYN,60,50.8,3027.4,8,Loyal Customers,2018.27,High Value,Yes
4713-ZBURT,45,99.7,4634.35,10,Champions,3861.96,Premium,No
3050-GBUSH,3,34.8,113.95,3,Inactive,28.49,Low Value,No
0207-MDKNV,15,105.1,1582.75,10,Champions,1318.96,High Value,Yes
7876-AEHIG,51,60.15,3077.0,8,Loyal Customers,2051.33,High Value,No
7945-HLKEA,60,64.75,4039.5,9,Loyal Customers,3029.62,Premium,No
9342-VNIMQ,33,54.65,1665.2,7,At Risk,971.37,High Value,No
9851-KIELU,10,110.1,1043.3,10,Champions,869.42,High Value,Yes
3523-BRGUW,26,19.3,504.2,4,Inactive,168.07,Medium Value,No
3908-BLSYF,6,83.9,497.55,6,At Risk,248.78,Medium Value,Yes
3199-NPKCN,67,111.25,7511.65,12,Champions,7511.65,Premium,No
5170-PTRKA,49,35.8,1782.0,7,At Risk,1039.5,High Value,No
4661-NJEUX,1,20.05,20.05,3,Inactive,5.01,Low Value,No
2123-AGEEN,7,84.35,609.65,6,At Risk,304.82,Medium Value,No
1258-YMZNM,27,110.5,2857.6,10,Champions,2381.33,High Value,No
0048-LUMLS,37,91.2,3247.55,9,Loyal Customers,2435.66,High Value,No
7549-MYGPK,63,100.55,6215.35,12,Champions,6215.35,Premium,Yes
5898-IGSLP,31,89.3,2823.0,9,Loyal Customers,2117.25,High Value,No
3804-RVTGV,50,103.85,5017.9,11,Champions,4599.74,Premium,Yes
6259-WJQLC,32,81.1,2619.25,8,Loyal Customers,1746.17,High Value,No
9227-LUNBG,1,24.6,24.6,3,Inactive,6.15,Low Value,Yes
7997-EASSD,63,81.2,4965.1,9,Loyal Customers,3723.82,Premium,No
0730-KOAVE,30,94.3,2679.7,10,Champions,2233.08,High Value,No
8975-SKGRX,71,116.1,8310.55,12,Champions,8310.55,Premium,No
0678-RLHVP,53,105.55,5682.25,11,Champions,5208.73,Premium,No
4315-MURBD,12,98.9,1120.95,9,Loyal Customers,840.71,High Value,Yes
2267-FPIMA,50,94.4,4914.9,10,Champions,4095.75,Premium,No
1051-GEJLJ,2,19.5,27.55,3,Inactive,6.89,Low Value,No
9734-YWGEX,9,98.3,923.5,8,Loyal Customers,615.67,Medium Value,Yes
2719-BDAQO,17,93.85,1625.65,9,Loyal Customers,1219.24,High Value,Yes
5285-MVEHD,56,105.6,6068.65,12,Champions,6068.65,Premium,No
0379-DJQHR,67,81.35,5398.6,11,Champions,4948.72,Premium,No
0781-LKXBR,9,100.5,918.6,8,Loyal Customers,612.4,Medium Value,Yes
5543-QDCRY,4,56.4,234.85,5,Inactive,97.85,Low Value,No
0297-RBCSG,19,65.35,1231.85,7,At Risk,718.58,Medium Value,No
4694-PHWFW,8,19.95,170.9,3,Inactive,42.72,Low Value,No
0835-JKADZ,71,111.25,7984.15,12,Champions,7984.15,Premium,No
1907-UBQFC,10,72.85,688.65,7,At Risk,401.71,Medium Value,Yes
7508-SMHXL,15,89.0,1288.3,8,Loyal Customers,858.87,High Value,No
3865-YIOTT,72,106.1,7848.5,12,Champions,7848.5,Premium,No
5993-BQHEA,12,20.05,267.0,4,Inactive,89.0,Low Value,No
6024-RUGGH,72,25.2,1798.9,7,At Risk,1049.36,High Value,No
6513-EECDB,1,73.55,73.55,6,At Risk,36.78,Low Value,Yes
3956-CJUST,23,75.4,1643.55,7,At Risk,958.74,High Value,No
4079-WWQQQ,72,65.55,4807.45,10,Champions,4006.21,Premium,No
6103-BOCOU,26,80.7,2193.0,7,At Risk,1279.25,High Value,No
5149-TGWDZ,21,104.55,2239.4,10,Champions,1866.17,High Value,No
7471-WNSUF,60,24.15,1505.9,7,At Risk,878.44,High Value,No
8942-DBMHZ,12,20.45,255.35,4,Inactive,85.12,Low Value,No
4301-VVZKA,16,75.4,1189.4,7,At Risk,693.82,Medium Value,No
9199-PWQVC,63,79.7,4786.15,11,Champions,4387.3,Premium,No
4824-GUCBY,22,81.7,1820.9,7,At Risk,1062.19,High Value,No
5393-HJZSM,32,76.3,2404.15,10,Champions,2003.46,High Value,No
7074-IEVOJ,3,79.4,205.05,6,At Risk,102.52,Low Value,Yes
9625-QSTYE,13,81.15,952.3,7,At Risk,555.51,Medium Value,Yes
0862-PRCBS,68,103.75,7039.45,12,Champions,7039.45,Premium,No
8812-ZRHFP,30,86.45,2538.05,8,Loyal Customers,1692.03,High Value,No
5146-CBVOE,16,75.1,1212.85,7,At Risk,707.5,Medium Value,No
0454-OKRCT,33,80.6,2651.1,8,Loyal Customers,1767.4,High Value,No
5787-KXGIY,72,19.3,1304.8,6,At Risk,652.4,Medium Value,No
4750-ZRXIU,4,84.6,360.1,6,At Risk,180.05,Medium Value,Yes
4198-VFOEA,12,33.6,435.45,5,Inactive,181.44,Medium Value,No
6630-UJZMY,4,83.25,308.05,6,At Risk,154.02,Low Value,No
6400-BWQKW,6,79.05,434.5,6,At Risk,217.25,Medium Value,Yes
2692-AQCPF,65,108.05,7118.9,12,Champions,7118.9,Premium,No
0347-UBKUZ,15,19.9,320.45,4,Inactive,106.82,Low Value,No
0835-DUUIQ,24,21.05,531.55,4,Inactive,177.18,Medium Value,No
0811-GSDTP,13,30.15,382.2,4,Inactive,127.4,Low Value,No
7567-ECMCM,24,79.85,2001.0,7,At Risk,1167.25,High Value,No
6115-ZTBFQ,72,65.5,4919.7,10,Champions,4099.75,Premium,No
6353-BRMMA,54,104.1,5645.8,11,Champions,5175.32,Premium,No
6680-WKXRZ,3,74.4,215.8,6,At Risk,107.9,Low Value,Yes
6231-WFGFH,4,20.5,77.6,3,Inactive,19.4,Low Value,No
9904-EHEVJ,32,91.35,2896.55,10,Champions,2413.79,High Value,No
7028-DVOIQ,35,99.05,3395.8,10,Champions,2829.83,High Value,Yes
6169-PPETC,35,20.5,759.35,5,Inactive,316.4,Medium Value,No
4208-UFFGW,2,44.95,85.15,4,Inactive,28.38,Low Value,Yes
8584-KMVXD,8,75.6,535.55,6,At Risk,267.77,Medium Value,No
8467-WYNSR,22,55.1,1253.15,6,At Risk,626.58,Medium Value,No
0851-DFJKB,15,58.95,955.15,7,At Risk,557.17,Medium Value,No
5382-SOYZL,22,95.1,2162.6,9,Loyal Customers,1621.95,High Value,No
9448-REEVD,1,44.7,44.7,4,Inactive,14.9,Low Value,Yes
3261-CQXOL,71,25.45,1813.35,7,At Risk,1057.79,High Value,No
8388-FYNPZ,4,56.75,245.15,5,Inactive,102.15,Low Value,No
4002-BQWPQ,25,81.75,2028.8,9,Loyal Customers,1521.6,High Value,No
5651-YLPRD,32,86.1,2723.75,8,Loyal Customers,1815.83,High Value,No
2826-DXLQO,7,29.8,220.45,3,Inactive,55.11,Low Value,No
4378-BZYFP,17,20.5,365.8,4,Inactive,121.93,Low Value,No
9489-UTFKA,8,60.9,551.95,5,Inactive,229.98,Medium Value,No
4849-PYRLQ,56,73.25,4054.2,11,Champions,3716.35,Premium,No
9117-SHLZX,1,45.7,45.7,4,Inactive,15.23,Low Value,Yes
9889-TMAHG,8,100.3,832.35,8,Loyal Customers,554.9,Medium Value,Yes
4541-RMRLG,7,19.25,112.3,3,Inactive,28.08,Low Value,Yes
7764-BDPEE,3,20.85,60.65,3,Inactive,15.16,Low Value,No
3429-IFLEM,71,77.35,5550.1,11,Champions,5087.59,Premium,No
3158-MOERK,2,96.0,174.8,8,Loyal Customers,116.53,Low Value,Yes
7294-TMAOP,1,90.55,90.55,7,At Risk,52.82,Low Value,Yes
5002-GCQFH,49,93.85,4733.1,10,Champions,3944.25,Premium,No
0556-FJEGU,58,70.1,4048.95,9,Loyal Customers,3036.71,Premium,No
8919-FYFQZ,44,30.35,1359.7,5,Inactive,566.54,Medium Value,Yes
0604-THJFP,59,75.95,4542.35,10,Champions,3785.29,Premium,No
2834-JRTUA,71,108.05,7532.15,12,Champions,7532.15,Premium,Yes
5875-YPQFJ,1,69.9,69.9,4,Inactive,23.3,Low Value,Yes
5879-SESNB,11,75.25,888.65,7,At Risk,518.38,Medium Value,No
6646-QVXLR,62,103.75,6383.35,12,Champions,6383.35,Premium,Yes
6461-PPAXN,35,54.95,1916.0,7,At Risk,1117.67,High Value,No
3318-ISQFQ,20,19.5,413.0,4,Inactive,137.67,Low Value,No
1106-HRLKZ,40,19.6,808.95,5,Inactive,337.06,Medium Value,No
2483-XSSMZ,39,47.85,1886.4,7,At Risk,1100.4,High Value,No
8603-IJWDN,1,86.6,86.6,6,At Risk,43.3,Low Value,Yes
8165-ZJRNM,72,23.75,1679.25,7,At Risk,979.56,High Value,No
9369-XFEHK,33,80.6,2656.5,8,Loyal Customers,1771.0,High Value,Yes
2604-XVDAM,12,43.8,540.95,5,Inactive,225.4,Medium Value,No
3717-OFRTN,1,19.75,19.75,3,Inactive,4.94,Low Value,No
9046-JBFWA,27,19.15,537.35,4,Inactive,179.12,Medium Value,No
3280-NMUVX,34,19.6,678.8,5,Inactive,282.83,Medium Value,No
1206-EHBDD,56,80.3,4513.65,9,Loyal Customers,3385.24,Premium,No
8361-LBRDI,58,24.35,1423.85,7,At Risk,830.58,High Value,No
4883-KCPZJ,22,25.25,555.4,5,Inactive,231.42,Medium Value,No
9108-EQPNQ,10,26.1,225.55,5,Inactive,93.98,Low Value,No
7277-KAMWT,13,20.0,268.45,4,Inactive,89.48,Low Value,No
3842-IYKUE,35,85.3,2917.5,9,Loyal Customers,2188.12,High Value,Yes
6641-XRPSU,34,70.0,2416.1,6,At Risk,1208.05,High Value,Yes
1374-DMZUI,4,94.3,424.45,8,Loyal Customers,282.97,Medium Value,Yes
2545-LXYVJ,72,20.7,1492.1,6,At Risk,746.05,Medium Value,No
3234-VKACU,2,70.3,132.4,6,At Risk,66.2,Low Value,No
8357-EQXFO,7,95.35,660.9,8,Loyal Customers,440.6,Medium Value,Yes
1989-PRJHP,27,75.5,1893.95,7,At Risk,1104.8,High Value,Yes
8120-JDCAM,4,69.55,284.9,4,Inactive,94.97,Low Value,No
8917-FAEMR,37,19.85,784.25,5,Inactive,326.77,Medium Value,No
7047-YXDMZ,21,20.0,417.7,4,Inactive,139.23,Low Value,No
2858-EIMXH,53,95.85,5016.25,10,Champions,4180.21,Premium,No
9524-EGPJC,18,90.1,1612.75,9,Loyal Customers,1209.56,High Value,Yes
6993-OHLXR,2,68.95,119.75,4,Inactive,39.92,Low Value,Yes
8818-XYFCQ,32,99.55,3204.65,10,Champions,2670.54,High Value,Yes
6419-ZTTLE,23,20.75,485.2,4,Inactive,161.73,Low Value,No
0929-HYQEW,3,50.15,160.85,5,Inactive,67.02,Low Value,No
6614-YOLAC,71,58.65,4145.25,9,Loyal Customers,3108.94,Premium,No
7426-RHZGU,9,95.9,827.45,8,Loyal Customers,551.63,Medium Value,No
4065-JJAVA,1,49.5,49.5,5,Inactive,20.62,Low Value,No
4695-VADHF,18,57.45,990.85,6,At Risk,495.42,Medium Value,Yes
3863-IUBJR,12,53.65,696.35,6,At Risk,348.18,Medium Value,Yes
7649-SIJJF,71,80.1,5585.4,11,Champions,5119.95,Premium,No
9361-YNQWJ,64,24.4,1601.2,7,At Risk,934.03,High Value,No
3748-FVMZZ,4,40.05,162.45,5,Inactive,67.69,Low Value,No
9391-TTOYH,23,19.5,470.2,4,Inactive,156.73,Low Value,No
1452-XRSJV,39,51.05,2066.0,7,At Risk,1205.17,High Value,No
3422-WJOYD,28,54.35,1426.45,6,At Risk,713.22,Medium Value,No
8242-SOQUO,5,84.7,392.5,6,At Risk,196.25,Medium Value,No
7460-ITWWP,45,86.1,3861.45,8,Loyal Customers,2574.3,High Value,No
7147-AYBAA,37,70.35,2552.9,6,At Risk,1276.45,High Value,No
7868-TMWMZ,60,110.0,6668.35,12,Champions,6668.35,Premium,No
4822-RVYBB,8,100.6,819.4,8,Loyal Customers,546.27,Medium Value,Yes
6732-FZUGP,47,94.9,4615.25,10,Champions,3846.04,Premium,No
8436-BJUMM,26,83.75,2070.6,7,At Risk,1207.85,High Value,Yes
4184-TJFAN,3,88.3,273.75,7,At Risk,159.69,Low Value,Yes
8329-GWVPJ,50,69.75,3557.7,6,At Risk,1778.85,High Value,No
1352-VHKAJ,27,71.6,1957.1,8,Loyal Customers,1304.73,High Value,No
4145-UQXUQ,8,92.1,729.95,8,Loyal Customers,486.63,Medium Value,Yes
2632-TACXW,62,23.65,1416.75,7,At Risk,826.44,High Value,No
8146-QQKZH,71,81.85,5924.4,11,Champions,5430.7,Premium,No
1767-CJKBA,66,25.1,1697.7,7,At Risk,990.32,High Value,No
6445-TNRXS,68,114.7,7849.85,12,Champions,7849.85,Premium,No
4581-LNWUM,13,49.15,649.4,6,At Risk,324.7,Medium Value,No
4869-EPIUS,56,80.9,4557.5,9,Loyal Customers,3418.12,Premium,No
9948-YPTDG,38,79.45,3013.05,8,Loyal Customers,2008.7,High Value,Yes
1236-WFCDV,14,90.45,1266.1,8,Loyal Customers,844.07,High Value,Yes
1915-OAKWD,16,19.3,360.35,4,Inactive,120.12,Low Value,No
7296-PIXQY,14,70.2,1046.5,5,Inactive,436.04,Medium Value,No
4883-QICIH,32,69.75,2347.9,6,At Risk,1173.95,High Value,Yes
3354-OADJP,8,54.25,447.75,5,Inactive,186.56,Medium Value,No
3524-WQDSG,43,99.3,4209.95,10,Champions,3508.29,Premium,No
0810-DHDBD,52,74.0,3877.65,10,Champions,3231.38,Premium,No
4026-SKKHW,3,50.25,152.3,5,Inactive,63.46,Low Value,No
2829-HYVZP,29,19.8,572.2,4,Inactive,190.73,Medium Value,No
8329-IBCTI,1,19.65,19.65,3,Inactive,4.91,Low Value,Yes
1271-SJBGZ,12,43.65,526.95,6,At Risk,263.48,Medium Value,Yes
3845-JHAMY,16,35.5,552.7,4,Inactive,184.23,Medium Value,No
7013-PSXHK,40,80.75,3208.65,10,Champions,2673.88,High Value,No
5669-SRAIP,5,39.5,210.75,5,Inactive,87.81,Low Value,Yes
5981-ITEMU,40,97.1,3706.95,10,Champions,3089.12,Premium,Yes
3486-NPGST,36,19.55,620.75,5,Inactive,258.65,Medium Value,No
6941-PMGEP,5,80.0,412.5,6,At Risk,206.25,Medium Value,Yes
1624-WOIWJ,10,84.7,832.05,7,At Risk,485.36,Medium Value,Yes
2074-GKOWZ,2,89.55,185.55,6,At Risk,92.78,Low Value,Yes
0376-YMCJC,23,90.6,1943.2,9,Loyal Customers,1457.4,High Value,Yes
6100-FJZDG,26,20.05,505.9,4,Inactive,168.63,Medium Value,No
4829-ZLJTK,72,112.4,8046.85,12,Champions,8046.85,Premium,No
1730-VFMWO,34,50.2,1815.3,7,At Risk,1058.92,High Value,No
7143-BQIBA,10,62.25,612.95,7,At Risk,357.55,Medium Value,No
3800-LYTRK,14,55.7,795.15,6,At Risk,397.58,Medium Value,No
0634-SZPQA,23,90.05,2169.8,9,Loyal Customers,1627.35,High Value,Yes
9646-NMHXE,47,19.65,973.1,5,Inactive,405.46,Medium Value,No
7030-NJVDP,24,89.25,2210.2,8,Loyal Customers,1473.47,High Value,No
5536-RTPWK,49,99.05,4853.75,10,Champions,4044.79,Premium,Yes
8883-GRDWQ,20,54.0,1055.9,6,At Risk,527.95,Medium Value,No
6166-ILMNY,2,69.75,144.55,4,Inactive,48.18,Low Value,Yes
3097-NNSPB,2,49.05,91.1,5,Inactive,37.96,Low Value,Yes
7771-ZONAT,22,56.75,1304.85,7,At Risk,761.16,Medium Value,No
0655-RBDUG,7,98.05,713.0,8,Loyal Customers,475.33,Medium Value,Yes
2111-DWYHN,1,21.1,21.1,3,Inactive,5.28,Low Value,No
4194-WHFCB,59,96.65,5580.8,11,Champions,5115.73,Premium,No
4121-AGSIN,58,24.5,1497.9,7,At Risk,873.78,High Value,No
4361-BKAXE,41,114.5,4527.45,11,Champions,4150.16,Premium,Yes
9845-PEEKO,59,79.2,4590.35,9,Loyal Customers,3442.76,Premium,No
0455-XFASS,3,69.55,200.2,4,Inactive,66.73,Low Value,No
0301-KOBTQ,32,20.05,614.45,5,Inactive,256.02,Medium Value,No
1751-NCDLI,46,98.85,4564.9,10,Champions,3804.08,Premium,No
9878-TNQGW,2,80.95,171.15,6,At Risk,85.58,Low Value,Yes
9170-ARBTB,52,19.6,1012.4,5,Inactive,421.83,Medium Value,No
4441-NIHPT,13,74.3,940.35,7,At Risk,548.54,Medium Value,Yes
8999-BOHSE,11,89.7,1047.7,7,At Risk,611.16,Medium Value,Yes
7241-AJHFS,32,87.65,2766.4,9,Loyal Customers,2074.8,High Value,No
7029-RPUAV,17,100.45,1622.45,9,Loyal Customers,1216.84,High Value,Yes
4546-FOKWR,16,74.75,1129.35,7,At Risk,658.79,Medium Value,No
9036-CSKBW,51,107.45,5680.9,11,Champions,5207.49,Premium,No
5832-TRLPB,29,75.35,2243.9,8,Loyal Customers,1495.93,High Value,No
8590-YFFQO,70,64.95,4523.25,9,Loyal Customers,3392.44,Premium,No
8659-IOOPU,71,100.45,7159.7,12,Champions,7159.7,Premium,No
1338-CECEE,41,68.5,2839.95,8,Loyal Customers,1893.3,High Value,No
7439-DKZTW,1,80.55,80.55,6,At Risk,40.28,Low Value,No
4646-QZXTF,7,81.25,580.1,8,Loyal Customers,386.73,Medium Value,No
4607-CHPCA,25,90.4,2178.6,8,Loyal Customers,1452.4,High Value,Yes
9742-XOKTS,67,89.55,6038.55,10,Champions,5032.12,Premium,No
6921-OZMFH,5,55.7,259.4,5,Inactive,108.08,Low Value,No
9578-FOMUK,15,24.8,324.15,5,Inactive,135.06,Low Value,No
4712-UYOOI,20,20.0,417.65,4,Inactive,139.22,Low Value,No
8824-RWFXJ,3,56.15,168.15,5,Inactive,70.06,Low Value,Yes
7722-CVFXN,54,105.2,5637.85,11,Champions,5168.03,Premium,No
8717-VCTXJ,42,19.55,839.4,5,Inactive,349.75,Medium Value,No
7363-QTBIW,9,79.75,769.1,6,At Risk,384.55,Medium Value,No
4159-NAAIX,63,97.45,6253.0,11,Champions,5731.92,Premium,No
0971-QIFJK,69,24.25,1641.8,7,At Risk,957.72,High Value,No
9397-TZSHA,69,24.6,1678.05,7,At Risk,978.86,High Value,No
3391-JSQEW,40,50.15,2058.5,7,At Risk,1200.79,High Value,No
0343-QLUZP,60,39.6,2424.5,8,Loyal Customers,1616.33,High Value,No
9763-PDTKK,4,94.4,387.2,8,Loyal Customers,258.13,Medium Value,Yes
2176-LVPNX,71,89.85,6293.45,11,Champions,5769.0,Premium,No
7627-JKIAZ,37,78.95,2839.65,8,Loyal Customers,1893.1,High Value,Yes
3312-UUMZW,32,98.85,3145.9,10,Champions,2621.58,High Value,No
1271-UODNO,39,53.85,2200.7,7,At Risk,1283.74,High Value,No
8461-EFQYM,38,24.25,914.4,6,At Risk,457.2,Medium Value,No
6900-RBKER,52,89.45,4577.75,9,Loyal Customers,3433.31,Premium,No
6891-JPYFF,48,105.25,4997.5,11,Champions,4581.04,Premium,No
1459-QNFQT,70,59.5,4144.8,9,Loyal Customers,3108.6,Premium,No
1047-NNCBF,20,70.55,1493.55,6,At Risk,746.78,Medium Value,No
3696-XRIEN,50,82.5,4179.1,10,Champions,3482.58,Premium,No
4081-DYXAV,19,44.85,893.55,6,At Risk,446.78,Medium Value,Yes
0074-HDKDG,25,61.6,1611.0,7,At Risk,939.75,High Value,No
8791-GFXLZ,12,49.05,593.05,6,At Risk,296.52,Medium Value,No
8111-SLLHI,39,105.65,4284.8,11,Champions,3927.73,Premium,Yes
0927-LCSMG,7,74.65,544.55,6,At Risk,272.27,Medium Value,Yes
9330-DHBFL,23,66.25,1533.8,7,At Risk,894.72,High Value,No
0098-BOWSO,27,19.4,529.8,4,Inactive,176.6,Medium Value,No
3452-ABWRL,47,86.05,3865.6,8,Loyal Customers,2577.07,High Value,No
5859-HZYLF,26,19.15,515.75,4,Inactive,171.92,Medium Value,No
8257-RZAHR,14,64.7,941.0,7,At Risk,548.92,Medium Value,Yes
5293-WXJAK,11,104.05,1133.65,10,Champions,944.71,High Value,Yes
3156-QLHBO,2,19.25,48.35,3,Inactive,12.09,Low Value,No
2208-NQBCT,26,81.95,2070.05,7,At Risk,1207.53,High Value,No
1779-PWPMG,72,114.65,8333.95,12,Champions,8333.95,Premium,No
6621-NRZAK,63,20.0,1209.25,6,At Risk,604.62,Medium Value,No
0831-JNISG,71,19.8,1396.25,6,At Risk,698.12,Medium Value,No
0774-IFUVM,11,65.15,723.35,7,At Risk,421.95,Medium Value,No
3082-WQRVY,14,19.65,228.65,4,Inactive,76.22,Low Value,No
9553-DLCLU,13,88.95,1161.75,9,Loyal Customers,871.31,High Value,No
1641-BYBTK,6,20.2,98.35,3,Inactive,24.59,Low Value,No
2460-NGXBJ,11,75.2,775.3,7,At Risk,452.26,Medium Value,No
2446-ZKVAF,18,56.8,1074.65,6,At Risk,537.33,Medium Value,No
0841-NULXI,1,35.55,35.55,3,Inactive,8.89,Low Value,Yes
3522-CDKHF,32,75.5,2324.7,8,Loyal Customers,1549.8,High Value,No
1430-SFQSA,29,35.6,1072.6,6,At Risk,536.3,Medium Value,No
0411-EZJZE,3,60.25,170.5,5,Inactive,71.04,Low Value,No
7851-WZEKY,2,95.15,196.9,8,Loyal Customers,131.27,Low Value,Yes
8844-TONUD,13,96.65,1162.85,9,Loyal Customers,872.14,High Value,Yes
8807-ARQET,41,40.35,1677.85,7,At Risk,978.75,High Value,No
8992-CEUEN,1,18.85,18.85,3,Inactive,4.71,Low Value,No
4320-QMLLA,7,54.85,370.4,5,Inactive,154.33,Low Value,No
8777-PVYGU,52,64.3,3410.6,8,Loyal Customers,2273.73,High Value,No
8292-ITGYJ,45,24.65,1138.8,6,At Risk,569.4,Medium Value,No
6870-ZWMNX,70,76.1,5264.25,11,Champions,4825.56,Premium,No
0621-CXBKL,53,18.7,1005.7,5,Inactive,419.04,Medium Value,No
5268-DSMNQ,62,97.95,5936.55,11,Champions,5441.84,Premium,No
5334-JLAXU,60,94.1,5475.9,11,Champions,5019.58,Premium,No
4086-YQSNZ,3,80.4,224.05,6,At Risk,112.02,Low Value,Yes
6242-MBHPK,23,95.1,2326.05,9,Loyal Customers,1744.54,High Value,No
5868-CZJDR,1,31.35,31.35,3,Inactive,7.84,Low Value,Yes
9359-UGBTK,67,72.35,4991.5,10,Champions,4159.58,Premium,No
0135-NMXAP,12,89.75,1052.4,8,Loyal Customers,701.6,Medium Value,Yes
4782-OSFXZ,71,82.7,5831.2,11,Champions,5345.27,Premium,No
6479-OAUSD,25,19.9,510.8,4,Inactive,170.27,Medium Value,No
7129-ACFOG,5,53.8,283.95,5,Inactive,118.31,Low Value,No
4189-NAKJS,26,51.55,1295.4,6,At Risk,647.7,Medium Value,No
5562-BETPV,1,19.65,19.65,3,Inactive,4.91,Low Value,No
1282-IHQAC,70,44.05,3011.65,8,Loyal Customers,2007.77,High Value,No
9127-FHJBZ,72,114.0,8093.15,12,Champions,8093.15,Premium,No
6270-OMFIW,60,94.4,5610.25,11,Champions,5142.73,Premium,Yes
1641-RQDAY,32,100.4,3217.65,10,Champions,2681.38,High Value,No
0107-WESLM,1,19.85,19.85,3,Inactive,4.96,Low Value,Yes
6994-ORCWG,14,54.25,773.2,6,At Risk,386.6,Medium Value,No
1346-UFHAX,13,80.0,1029.35,7,At Risk,600.45,Medium Value,No
3992-YWPKO,6,109.9,669.45,9,Loyal Customers,502.09,Medium Value,Yes
2933-XEUJM,46,79.2,3593.8,10,Champions,2994.83,High Value,No
0125-LZQXK,15,101.35,1553.95,9,Loyal Customers,1165.46,High Value,Yes
5461-QKNTN,43,94.3,3953.15,10,Champions,3294.29,Premium,No
4835-YSJMR,39,49.8,1971.15,7,At Risk,1149.84,High Value,No
8399-YNDCH,21,60.05,1236.15,6,At Risk,618.08,Medium Value,Yes
3164-YAXFY,57,53.75,3196.0,9,Loyal Customers,2397.0,High Value,No
0887-WBJVH,53,93.45,4872.2,10,Champions,4060.17,Premium,No
4660-IRIBM,18,87.9,1500.5,8,Loyal Customers,1000.33,High Value,No
5673-FSSMF,1,60.15,60.15,5,Inactive,25.06,Low Value,Yes
7670-ZBPOQ,58,61.05,3478.75,9,Loyal Customers,2609.06,High Value,No
8089-UZWLX,71,104.05,7413.55,11,Champions,6795.75,Premium,No
0080-OROZO,35,99.25,3532.0,10,Champions,2943.33,High Value,No
3916-NRPAP,3,85.7,256.75,6,At Risk,128.38,Low Value,No
6807-SIWJI,38,104.85,3887.25,11,Champions,3563.31,Premium,No
8221-HVAYI,35,69.15,2490.15,9,Loyal Customers,1867.61,High Value,No
1579-KLYDT,7,90.45,593.45,8,Loyal Customers,395.63,Medium Value,Yes
5232-NXPAY,47,74.45,3510.3,9,Loyal Customers,2632.73,High Value,No
8967-SZQAS,14,50.45,765.45,6,At Risk,382.72,Medium Value,No
4468-KAZHE,20,60.0,1259.35,6,At Risk,629.67,Medium Value,No
0455-ENTCR,66,85.25,5538.35,11,Champions,5076.82,Premium,No
8944-AILEF,15,19.45,340.85,4,Inactive,113.62,Low Value,No
5542-NKVRU,42,20.75,844.45,5,Inactive,351.85,Medium Value,No
7126-RBHSD,17,78.9,1348.95,7,At Risk,786.89,Medium Value,No
5370-IIVVL,37,104.5,3778.0,11,Champions,3463.17,Premium,No
6789-HJBWG,12,49.4,611.65,6,At Risk,305.82,Medium Value,No
3927-NLNRY,53,94.25,4867.95,10,Champions,4056.62,Premium,Yes
9087-EYCPR,60,25.0,1505.05,7,At Risk,877.95,High Value,No
6791-YBNAK,18,25.55,467.85,4,Inactive,155.95,Low Value,No
6358-LYNGM,1,74.9,74.9,6,At Risk,37.45,Low Value,Yes
6077-BDPXA,3,70.15,194.2,4,Inactive,64.73,Low Value,No
0013-MHZWF,9,69.4,571.45,6,At Risk,285.73,Medium Value,No
5494-HECPR,1,80.25,80.25,6,At Risk,40.12,Low Value,Yes
8268-YDIXR,56,93.15,5253.95,11,Champions,4816.12,Premium,No
9824-BEMCV,17,69.0,1149.65,5,Inactive,479.02,Medium Value,Yes
1373-ORVIZ,11,66.35,740.8,7,At Risk,432.13,Medium Value,Yes
4291-SHSBH,7,69.55,521.35,4,Inactive,173.78,Medium Value,No
6980-IMXXE,69,20.2,1412.65,6,At Risk,706.32,Medium Value,No
9866-QEVEE,19,86.0,1532.45,7,At Risk,893.93,High Value,Yes
9897-KXHCM,3,80.3,250.05,6,At Risk,125.02,Low Value,Yes
0040-HALCW,54,20.4,1090.6,5,Inactive,454.42,Medium Value,No
0784-GTUUK,62,23.75,1446.8,7,At Risk,843.97,High Value,No
7979-CORPM,24,90.55,2282.55,9,Loyal Customers,1711.91,High Value,Yes
2294-DMMUS,62,70.45,4300.45,10,Champions,3583.71,Premium,No
0872-JCPIB,17,65.75,1111.2,7,At Risk,648.2,Medium Value,No
3055-MJDSB,9,24.6,190.1,3,Inactive,47.52,Low Value,No
9091-WTUUY,64,69.25,4447.75,9,Loyal Customers,3335.81,Premium,No
1618-CFHME,2,75.9,143.35,6,At Risk,71.68,Low Value,Yes
3165-HDOEW,1,45.85,45.85,4,Inactive,15.28,Low Value,Yes
6581-NQCBA,16,49.95,810.2,6,At Risk,405.1,Medium Value,Yes
7115-IRDHS,72,24.65,1830.05,7,At Risk,1067.53,High Value,No
8496-DMZUK,30,90.4,2820.65,10,Champions,2350.54,High Value,No
2040-VZIKE,49,100.85,4847.35,10,Champions,4039.46,Premium,No
9068-VPWQQ,61,75.35,4729.3,11,Champions,4335.19,Premium,No
0178-SZBHO,47,87.2,4017.45,9,Loyal Customers,3013.09,Premium,No
0384-RVBPI,20,64.4,1398.6,7,At Risk,815.85,High Value,No
1689-MRZQR,34,78.3,2564.3,8,Loyal Customers,1709.53,High Value,Yes
1299-AURJA,70,24.7,1685.9,7,At Risk,983.44,High Value,No
4525-VZCZG,54,105.85,5826.65,11,Champions,5341.1,Premium,No
1543-LLLFT,61,98.3,6066.55,12,Champions,6066.55,Premium,No
5835-BEQEU,3,76.95,228.4,6,At Risk,114.2,Low Value,Yes
2788-CJQAQ,13,19.45,270.2,4,Inactive,90.07,Low Value,No
5565-FILXA,16,96.15,1529.2,9,Loyal Customers,1146.9,High Value,Yes
0319-QZTCO,3,58.7,168.6,5,Inactive,70.25,Low Value,No
2120-SMPEX,25,20.15,536.35,4,Inactive,178.78,Medium Value,No
0096-FCPUF,30,64.5,1888.45,8,Loyal Customers,1258.97,High Value,No
0668-OGMHD,21,28.5,629.35,4,Inactive,209.78,Medium Value,No
5552-ZNFSJ,1,45.3,45.3,4,Inactive,15.1,Low Value,Yes
2223-KAGMX,15,19.4,289.3,4,Inactive,96.43,Low Value,Yes
6507-ZJSUR,23,90.45,2117.25,8,Loyal Customers,1411.5,High Value,No
9408-HRXRK,45,105.15,4730.9,11,Champions,4336.66,Premium,No
5593-SUAOO,24,83.15,2033.05,8,Loyal Customers,1355.37,High Value,No
7321-PKUYW,11,90.15,987.95,9,Loyal Customers,740.96,Medium Value,Yes
2833-SLKDQ,1,45.05,45.05,4,Inactive,15.02,Low Value,Yes
6766-HFKLA,56,103.2,5744.35,12,Champions,5744.35,Premium,No
7595-EUIVN,1,75.8,75.8,6,At Risk,37.9,Low Value,Yes
7617-EYGLW,1,19.45,19.45,3,Inactive,4.86,Low Value,No
2026-TGDHM,7,79.3,523.15,6,At Risk,261.58,Medium Value,Yes
9220-ZNKJI,55,88.8,4805.3,9,Loyal Customers,3603.98,Premium,No
4030-VPZBD,2,30.9,59.05,3,Inactive,14.76,Low Value,Yes
2226-ICFDO,72,85.9,6110.75,11,Champions,5601.52,Premium,No
0723-VSOBE,45,34.2,1596.6,5,Inactive,665.25,Medium Value,No
5529-GIBVH,47,20.15,1046.2,5,Inactive,435.92,Medium Value,No
4187-CINZD,46,95.25,4424.2,10,Champions,3686.83,Premium,Yes
9992-UJOEL,2,50.3,92.75,5,Inactive,38.65,Low Value,No
4741-WWJQZ,2,80.15,194.55,6,At Risk,97.28,Low Value,No
6625-UTXEW,12,51.25,612.1,6,At Risk,306.05,Medium Value,No
6818-WOBHJ,68,89.6,6127.6,10,Champions,5106.33,Premium,Yes
6244-BESBM,69,95.2,6671.7,11,Champions,6115.72,Premium,No
1004-NOZNR,56,94.8,5264.3,11,Champions,4825.61,Premium,No
1251-STYSZ,4,80.25,303.7,6,At Risk,151.85,Low Value,No
2612-PHGOX,64,76.1,4818.8,11,Champions,4417.23,Premium,No
2408-TZMJL,59,110.15,6448.05,12,Champions,6448.05,Premium,Yes
8480-PPONV,62,115.55,7159.05,12,Champions,7159.05,Premium,No
8780-IHCRN,63,24.65,1574.5,7,At Risk,918.46,High Value,No
4598-ZADCK,53,53.6,2879.2,8,Loyal Customers,1919.47,High Value,No
1257-SXUXQ,5,19.45,86.05,3,Inactive,21.51,Low Value,No
9681-KYGYB,49,88.2,4159.45,9,Loyal Customers,3119.59,Premium,No
7182-OVLBJ,62,101.15,6638.35,11,Champions,6085.15,Premium,No
5095-ETBRJ,55,56.8,3112.05,8,Loyal Customers,2074.7,High Value,No
7005-CYUIL,71,99.4,7168.25,12,Champions,7168.25,Premium,No
4821-WQOYN,72,20.1,1326.25,6,At Risk,663.12,Medium Value,No
4730-AWNAU,36,60.7,2234.55,8,Loyal Customers,1489.7,High Value,No
3452-FLHYD,25,20.95,495.15,4,Inactive,165.05,Medium Value,No
2388-LAESQ,72,114.85,8317.95,12,Champions,8317.95,Premium,No
9531-NSBMR,36,19.25,679.8,5,Inactive,283.25,Medium Value,No
6260-ONULR,1,62.8,62.8,5,Inactive,26.17,Low Value,No
4389-UEFCZ,72,105.5,7544.0,12,Champions,7544.0,Premium,No
8711-LOBKY,59,19.85,1188.25,6,At Risk,594.12,Medium Value,No
9134-CEQMF,7,89.5,676.7,6,At Risk,338.35,Medium Value,Yes
8985-OOPOS,1,74.1,74.1,7,At Risk,43.22,Low Value,No
8800-ZKRFW,30,107.5,3242.5,11,Champions,2972.29,High Value,No
2616-FLVQC,64,19.55,1240.15,6,At Risk,620.08,Medium Value,No
9968-FFVVH,63,68.8,4111.35,10,Champions,3426.13,Premium,No
3108-PCCGG,72,84.45,5899.85,11,Champions,5408.2,Premium,No
7993-PYKOF,8,75.0,632.95,6,At Risk,316.48,Medium Value,Yes
8390-FESFV,62,84.5,5193.2,11,Champions,4760.43,Premium,No
3022-BEXHZ,67,111.2,7530.8,12,Champions,7530.8,Premium,No
5027-XWQHA,6,44.75,270.95,4,Inactive,90.32,Low Value,Yes
6248-TKCQV,70,80.6,5460.2,11,Champions,5005.18,Premium,No
6729-GDNGC,20,80.7,1614.2,7,At Risk,941.62,High Value,No
6198-ZFIOJ,5,75.6,402.5,6,At Risk,201.25,Medium Value,No
5989-OMNJE,24,57.6,1367.75,7,At Risk,797.85,Medium Value,No
4566-QVRRW,11,44.05,483.7,5,Inactive,201.54,Medium Value,Yes
1291-CUOCY,72,110.6,7962.2,12,Champions,7962.2,Premium,No
9795-SHUHB,66,58.2,3810.8,9,Loyal Customers,2858.1,High Value,No
3230-IUALN,45,81.0,3533.6,10,Champions,2944.67,High Value,No
0042-RLHYP,69,19.7,1396.9,6,At Risk,698.45,Medium Value,No
8519-IMDHU,15,85.6,1345.55,7,At Risk,784.9,Medium Value,Yes
4945-RVMTE,28,59.55,1646.45,6,At Risk,823.22,High Value,No
0201-OAMXR,70,115.55,8127.6,12,Champions,8127.6,Premium,Yes
1866-NXPSP,36,75.55,2680.15,10,Champions,2233.46,High Value,No
3372-KWFBM,16,86.6,1281.0,7,At Risk,747.25,Medium Value,Yes
7831-QGOXH,18,85.2,1553.9,7,At Risk,906.44,High Value,Yes
6393-WRYZE,34,97.65,3207.55,10,Champions,2672.96,High Value,Yes
3941-XTSKM,42,45.1,2049.05,7,At Risk,1195.28,High Value,No
1661-CZBAU,48,70.95,3629.2,9,Loyal Customers,2721.9,High Value,No
6599-RCLCJ,47,109.55,5124.55,11,Champions,4697.5,Premium,Yes
9831-BPFRI,39,89.55,3474.45,9,Loyal Customers,2605.84,High Value,Yes
5158-RIVOP,11,20.9,202.3,4,Inactive,67.43,Low Value,No
9788-YTFGE,7,19.95,147.5,3,Inactive,36.88,Low Value,No
9277-JOOMO,3,24.6,86.35,4,Inactive,28.78,Low Value,No
1907-YLNYW,8,66.7,579.0,6,At Risk,289.5,Medium Value,No
1725-MIMXW,1,19.45,19.45,3,Inactive,4.86,Low Value,Yes
8947-YRTDV,32,94.8,3131.55,10,Champions,2609.63,High Value,No
3161-ONRWK,60,65.85,3928.3,9,Loyal Customers,2946.23,High Value,No
0114-RSRRW,10,19.95,187.75,4,Inactive,62.58,Low Value,No
4565-NLZBV,71,24.65,1710.15,7,At Risk,997.59,High Value,No
0031-PVLZI,4,20.35,76.35,3,Inactive,19.09,Low Value,Yes
7206-GZCDC,1,69.25,69.25,4,Inactive,23.08,Low Value,Yes
6682-VCIXC,43,51.25,2151.6,8,Loyal Customers,1434.4,High Value,No
4791-QRGMF,59,99.5,5961.1,11,Champions,5464.34,Premium,Yes
6475-VHUIZ,23,54.25,1221.55,6,At Risk,610.78,Medium Value,No
3910-MRQOY,72,19.4,1496.45,6,At Risk,748.22,Medium Value,No
0661-WCQNQ,22,56.25,1292.2,6,At Risk,646.1,Medium Value,No
7537-RBWEA,1,25.15,25.15,3,Inactive,6.29,Low Value,No
4656-CAURT,69,23.95,1713.1,7,At Risk,999.31,High Value,No
0121-SNYRK,50,35.4,1748.9,6,At Risk,874.45,High Value,No
1768-ZAIFU,1,25.2,25.2,3,Inactive,6.3,Low Value,Yes
4671-LXRDQ,2,45.0,96.45,4,Inactive,32.15,Low Value,Yes
3733-LSYCE,15,75.35,1114.55,7,At Risk,650.15,Medium Value,No
6265-FRMTQ,31,20.4,609.1,5,Inactive,253.79,Medium Value,No
1934-SJVJK,1,20.15,20.15,3,Inactive,5.04,Low Value,Yes
3838-OZURD,66,105.0,7133.25,12,Champions,7133.25,Premium,Yes
9269-CQOOL,3,54.7,169.45,5,Inactive,70.6,Low Value,Yes
2017-CCBLH,8,20.0,141.6,3,Inactive,35.4,Low Value,No
7690-KPNCU,64,73.05,4688.65,10,Champions,3907.21,Premium,No
0536-BGFMZ,28,20.5,563.05,4,Inactive,187.68,Medium Value,No
2293-IJWPS,57,100.75,5985.0,11,Champions,5486.25,Premium,No
2845-HSJCY,14,87.25,1258.6,8,Loyal Customers,839.07,High Value,Yes
5469-NUJUR,19,19.95,373.5,4,Inactive,124.5,Low Value,No
1184-PJVDB,10,79.95,857.2,7,At Risk,500.03,Medium Value,Yes
2625-TRCZQ,51,49.65,2553.35,7,At Risk,1489.45,High Value,No
4102-HLENU,67,65.65,4322.85,9,Loyal Customers,3242.14,Premium,No
7266-GSSJX,11,20.45,250.8,4,Inactive,83.6,Low Value,No
7722-VJRQD,72,60.95,4549.05,9,Loyal Customers,3411.79,Premium,No
7073-QETQY,66,20.35,1359.5,6,At Risk,679.75,Medium Value,No
9415-DPEWS,18,88.35,1639.3,8,Loyal Customers,1092.87,High Value,Yes
5624-RYAMH,9,19.5,178.85,3,Inactive,44.71,Low Value,No
0196-JTUQI,9,75.2,633.85,6,At Risk,316.92,Medium Value,No
7130-YXBRO,48,111.45,5315.1,11,Champions,4872.18,Premium,No
9272-LSVYH,10,70.15,735.5,5,Inactive,306.46,Medium Value,No
7943-RQCHR,9,94.75,889.9,8,Loyal Customers,593.27,Medium Value,Yes
3793-MMFUH,13,95.05,1290.0,9,Loyal Customers,967.5,High Value,Yes
3249-ZPQRG,4,78.45,330.05,6,At Risk,165.02,Medium Value,Yes
2568-BRGYX,4,70.2,237.95,4,Inactive,79.32,Low Value,Yes
3084-DOWLE,72,92.0,6474.4,12,Champions,6474.4,Premium,No
1084-MNSMJ,51,85.5,4421.95,10,Champions,3684.96,Premium,No
7721-JXEAW,59,41.05,2452.7,8,Loyal Customers,1635.13,High Value,Yes
7249-WBIYX,10,85.6,813.85,7,At Risk,474.75,Medium Value,Yes
4238-HFHSN,61,82.15,4904.85,9,Loyal Customers,3678.64,Premium,No
6250-CGGUN,54,84.4,4484.05,9,Loyal Customers,3363.04,Premium,No
5478-JJVZK,33,60.9,2033.85,8,Loyal Customers,1355.9,High Value,No
7596-IIWYC,27,20.25,538.2,4,Inactive,179.4,Medium Value,No
6567-HOOPW,1,79.2,79.2,6,At Risk,39.6,Low Value,Yes
9793-WECQC,23,95.3,2192.9,9,Loyal Customers,1644.68,High Value,No
4291-HPAXL,1,19.85,19.85,3,Inactive,4.96,Low Value,No
8999-YPYBV,45,84.35,3858.05,10,Champions,3215.04,Premium,No
1839-FBNFR,39,19.85,854.8,5,Inactive,356.17,Medium Value,No
3164-AALRN,5,70.0,347.4,6,At Risk,173.7,Medium Value,Yes
3071-MVJCD,72,82.3,5815.15,11,Champions,5330.55,Premium,No
1697-BCSHV,58,66.8,3970.4,9,Loyal Customers,2977.8,High Value,No
0562-KBDVM,70,44.6,3058.15,9,Loyal Customers,2293.61,High Value,No
1131-SUEKT,61,98.45,6145.2,11,Champions,5633.1,Premium,No
3717-OEAUQ,2,70.7,129.2,5,Inactive,53.83,Low Value,No
4538-WNTMJ,46,24.95,1165.9,6,At Risk,582.95,Medium Value,No
3334-CTHOL,1,49.95,49.95,5,Inactive,20.81,Low Value,Yes
4704-ERYFC,22,69.25,1554.0,5,Inactive,647.5,Medium Value,Yes
9432-RUVSL,48,102.5,4904.25,11,Champions,4495.56,Premium,No
8060-HIWJJ,64,86.55,5632.55,11,Champions,5163.17,Premium,No
7684-XSZIY,72,24.3,1643.25,7,At Risk,958.56,High Value,No
9089-UOWJG,12,58.35,740.55,6,At Risk,370.28,Medium Value,No
8621-MNIHH,34,94.25,3217.55,10,Champions,2681.29,High Value,Yes
8039-ACLPL,72,68.75,4888.2,9,Loyal Customers,3666.15,Premium,No
9885-AIBVB,29,85.8,2440.25,8,Loyal Customers,1626.83,High Value,No
1934-MKPXS,33,20.1,620.55,5,Inactive,258.56,Medium Value,No
2592-YKDIF,1,20.35,20.35,3,Inactive,5.09,Low Value,No
2272-JKMSI,62,110.8,6840.95,12,Champions,6840.95,Premium,No
0471-LVHGK,41,73.0,3001.2,9,Loyal Customers,2250.9,High Value,Yes
9518-RWHZL,64,100.05,6254.2,11,Champions,5733.02,Premium,Yes
8714-CTZJW,4,82.85,319.6,6,At Risk,159.8,Low Value,No
3569-EDBPQ,24,84.35,1938.05,8,Loyal Customers,1292.03,High Value,No
3131-NWVFJ,14,19.55,294.5,4,Inactive,98.17,Low Value,No
7521-YXVZY,3,19.95,58.3,3,Inactive,14.58,Low Value,No
5419-CONWX,4,99.8,442.85,8,Loyal Customers,295.23,Medium Value,Yes
6240-EURKS,18,35.0,553.0,4,Inactive,184.33,Medium Value,Yes
2373-NTKOD,8,66.25,546.45,5,Inactive,227.69,Medium Value,No
1970-KKFWL,35,23.3,797.1,6,At Risk,398.55,Medium Value,No
6960-HVYXR,1,76.0,76.0,6,At Risk,38.0,Low Value,Yes
9337-SRRNI,66,25.3,1673.8,7,At Risk,976.38,High Value,No
0895-UADGO,8,44.55,343.45,5,Inactive,143.1,Low Value,No
5678-VFNEQ,71,104.1,7412.25,12,Champions,7412.25,Premium,No
5977-CKHON,43,92.55,4039.0,10,Champions,3365.83,Premium,No
7024-OHCCK,2,93.85,170.85,8,Loyal Customers,113.9,Low Value,Yes
2692-BUCFV,29,101.45,2948.6,9,Loyal Customers,2211.45,High Value,No
7861-UVUFT,15,84.3,1308.4,7,At Risk,763.23,Medium Value,Yes
1830-GGFNM,65,94.55,6078.75,12,Champions,6078.75,Premium,No
5302-BDJNT,35,95.5,3418.2,10,Champions,2848.5,High Value,No
5223-UZAVK,64,100.3,6603.8,11,Champions,6053.48,Premium,No
4859-ZSRDZ,58,55.5,3166.9,9,Loyal Customers,2375.18,High Value,No
5651-WYIPH,18,49.85,865.75,6,At Risk,432.88,Medium Value,No
9350-VLHMB,67,89.55,6373.1,10,Champions,5310.92,Premium,No
3498-LZGQZ,63,19.15,1177.05,6,At Risk,588.52,Medium Value,No
8785-CJSHH,60,99.8,5985.75,11,Champions,5486.94,Premium,No
5357-TZHPP,9,84.4,732.5,6,At Risk,366.25,Medium Value,Yes
3870-SPZSI,70,113.05,7869.05,12,Champions,7869.05,Premium,No
0680-DFNNY,15,101.1,1504.05,9,Loyal Customers,1128.04,High Value,Yes
7560-QRBXH,48,19.95,936.7,5,Inactive,390.29,Medium Value,No
7077-XJMET,12,74.15,741.4,8,Loyal Customers,494.27,Medium Value,No
8752-GHJFU,71,92.0,6585.2,12,Champions,6585.2,Premium,No
6896-SRVYQ,44,73.85,3122.4,8,Loyal Customers,2081.6,High Value,No
7767-UXAGJ,1,50.45,50.45,5,Inactive,21.02,Low Value,Yes
4652-ODEVH,45,24.45,1088.25,6,At Risk,544.12,Medium Value,No
6510-UPNKS,23,24.8,615.35,5,Inactive,256.4,Medium Value,No
6718-BDGHG,43,64.85,2908.2,8,Loyal Customers,1938.8,High Value,No
9046-DQMTP,35,20.75,739.9,5,Inactive,308.29,Medium Value,No
6439-LAJXL,9,68.95,593.85,6,At Risk,296.92,Medium Value,No
1571-SAVHK,12,99.95,1132.75,9,Loyal Customers,849.56,High Value,Yes
9052-VKDUW,65,109.4,7227.45,12,Champions,7227.45,Premium,No
9546-CQJSU,2,91.4,193.6,8,Loyal Customers,129.07,Low Value,Yes
1666-JZPZT,27,49.0,1291.35,6,At Risk,645.67,Medium Value,No
5777-KJIRB,40,50.25,2023.55,7,At Risk,1180.4,High Value,No
0506-LVNGN,5,75.55,349.65,6,At Risk,174.82,Medium Value,Yes
7677-SJJJK,8,19.9,153.95,3,Inactive,38.49,Low Value,No
2480-EJWYP,58,97.8,5458.8,11,Champions,5003.9,Premium,No
3253-HKOKL,52,100.3,5244.45,10,Champions,4370.38,Premium,No
7055-HNEOJ,3,55.8,154.55,5,Inactive,64.4,Low Value,No
5514-YQENT,41,111.15,4507.15,11,Champions,4131.55,Premium,No
3211-AAPKX,20,98.55,2031.95,9,Loyal Customers,1523.96,High Value,No
8445-DNBAE,1,50.05,50.05,5,Inactive,20.85,Low Value,No
2951-QOQTK,4,80.8,332.45,6,At Risk,166.22,Medium Value,Yes
2958-NHPPS,23,20.85,473.9,4,Inactive,157.97,Low Value,No
6806-YDEUL,6,19.5,106.8,3,Inactive,26.7,Low Value,No
1735-XMJVH,8,19.35,152.6,3,Inactive,38.15,Low Value,No
6890-PFRQX,18,69.5,1199.4,7,At Risk,699.65,Medium Value,No
0222-CNVPT,52,48.8,2555.05,7,At Risk,1490.45,High Value,No
5899-OUVKV,31,94.5,2979.2,10,Champions,2482.67,High Value,No
8681-ICONS,29,20.65,654.85,4,Inactive,218.28,Medium Value,No
1621-YNCJH,36,106.05,3834.4,11,Champions,3514.87,Premium,No
3473-XIIIT,16,100.0,1534.75,9,Loyal Customers,1151.06,High Value,Yes
6362-QHAFM,42,108.3,4586.15,11,Champions,4203.97,Premium,No
7893-IXHRQ,1,20.55,20.55,3,Inactive,5.14,Low Value,Yes
3070-BDOQC,60,99.65,5941.05,11,Champions,5445.96,Premium,No
2952-QAYZF,5,85.3,424.15,7,At Risk,247.42,Medium Value,Yes
6234-PFPXL,22,95.9,2234.95,9,Loyal Customers,1676.21,High Value,No
9824-QCJPK,36,20.0,666.75,5,Inactive,277.81,Medium Value,No
4763-PGDPO,4,70.4,281.0,5,Inactive,117.08,Low Value,Yes
4283-IVYCI,9,64.95,547.8,6,At Risk,273.9,Medium Value,No
1866-OBPNR,1,74.6,74.6,6,At Risk,37.3,Low Value,No
8205-MQUGY,12,49.2,571.15,6,At Risk,285.58,Medium Value,No
8970-ANWXO,23,73.75,1756.6,8,Loyal Customers,1171.07,High Value,No
9480-BQJEI,62,92.3,5731.45,11,Champions,5253.83,Premium,No
5394-SVGJV,37,98.8,3475.55,10,Champions,2896.29,High Value,Yes
6979-TNDEU,8,19.2,156.85,3,Inactive,39.21,Low Value,No
9777-WJJPR,31,88.65,2683.2,9,Loyal Customers,2012.4,High Value,No
9283-LZQOH,13,74.4,896.75,7,At Risk,523.1,Medium Value,Yes
7079-QRCBC,24,98.75,2407.3,9,Loyal Customers,1805.48,High Value,Yes
9495-SKLKD,45,95.95,4456.65,10,Champions,3713.88,Premium,No
6048-UWKAL,69,105.4,6998.95,12,Champions,6998.95,Premium,No
5067-DGXLL,2,20.25,36.8,3,Inactive,9.2,Low Value,No
5469-CTCWN,61,106.0,6547.7,12,Champions,6547.7,Premium,Yes
9851-QXEEQ,41,104.7,4346.4,11,Champions,3984.2,Premium,Yes
6281-FKEWS,44,49.05,2265.0,7,At Risk,1321.25,High Value,No
8898-KASCD,39,35.55,1309.15,6,At Risk,654.58,Medium Value,No
9242-TKFSV,72,65.1,4754.3,10,Champions,3961.92,Premium,No
9290-SHCMB,13,96.85,1235.55,9,Loyal Customers,926.66,High Value,No
0743-HNPFG,51,69.75,3562.5,8,Loyal Customers,2375.0,High Value,No
2277-BKJKN,71,99.2,7213.75,11,Champions,6612.6,Premium,No
9809-IMGCQ,22,96.7,2082.95,9,Loyal Customers,1562.21,High Value,Yes
5208-HFSBT,2,55.05,102.75,5,Inactive,42.81,Low Value,Yes
5035-PGZXH,56,106.8,5914.4,12,Champions,5914.4,Premium,No
8695-WDYEA,1,51.25,51.25,5,Inactive,21.35,Low Value,No
6543-JXSOO,23,57.75,1282.85,7,At Risk,748.33,Medium Value,No
8016-ZMGMO,66,70.85,4738.85,10,Champions,3949.04,Premium,No
8605-ITULD,1,19.55,19.55,3,Inactive,4.89,Low Value,No
3254-YRILK,19,88.2,1775.8,8,Loyal Customers,1183.87,High Value,Yes
6416-YJTTB,11,79.5,795.65,7,At Risk,464.13,Medium Value,No
2667-WYLWJ,8,19.75,145.0,3,Inactive,36.25,Low Value,Yes
4472-VESGY,52,98.15,4993.4,11,Champions,4577.28,Premium,No
3195-TQDZX,3,20.25,61.45,3,Inactive,15.36,Low Value,No
3128-YOVTD,51,79.15,4018.55,8,Loyal Customers,2679.03,High Value,No
0529-ONKER,15,75.65,1146.65,7,At Risk,668.88,Medium Value,Yes
1728-CXQBE,64,94.25,6081.4,11,Champions,5574.62,Premium,No
7041-TXQJH,37,40.2,1478.85,7,At Risk,862.66,High Value,No
5014-GSOUQ,13,19.95,243.65,4,Inactive,81.22,Low Value,No
5724-BIDBU,49,55.35,2633.95,7,At Risk,1536.47,High Value,No
0481-SUMCB,45,102.15,4735.35,10,Champions,3946.13,Premium,No
1769-GRUIK,18,71.1,1247.75,6,At Risk,623.88,Medium Value,No
5240-IJOQT,1,74.7,74.7,6,At Risk,37.35,Low Value,Yes
8819-WFGGJ,68,54.1,3794.5,9,Loyal Customers,2845.88,High Value,No
7427-AUFPY,54,19.65,1008.7,5,Inactive,420.29,Medium Value,No
2811-POVEX,23,88.45,2130.55,8,Loyal Customers,1420.37,High Value,No
1092-GANHU,17,76.65,1313.55,7,At Risk,766.24,Medium Value,Yes
7898-PDWQE,71,80.4,5727.15,11,Champions,5249.89,Premium,No
9972-EWRJS,67,19.25,1372.9,6,At Risk,686.45,Medium Value,No
9314-IJWSQ,14,84.8,1203.9,7,At Risk,702.28,Medium Value,No
0661-XEYAN,1,25.8,25.8,3,Inactive,6.45,Low Value,Yes
5799-JRCZO,63,19.5,1215.1,6,At Risk,607.55,Medium Value,No
1921-KYSAY,41,68.6,2877.05,8,Loyal Customers,1918.03,High Value,No
6198-RTPMF,17,92.6,1579.7,9,Loyal Customers,1184.78,High Value,No
2924-KHUVI,56,100.55,5514.95,11,Champions,5055.37,Premium,No
1925-GMVBW,5,20.55,96.1,3,Inactive,24.02,Low Value,No
7881-EVUAD,2,42.6,72.4,5,Inactive,30.17,Low Value,Yes
6184-DYUOB,3,19.6,55.25,3,Inactive,13.81,Low Value,No
9207-ZPANB,37,67.45,2443.3,9,Loyal Customers,1832.48,High Value,No
5766-XQXMQ,29,68.85,1970.5,7,At Risk,1149.46,High Value,Yes
9327-QSDED,8,43.55,335.4,4,Inactive,111.8,Low Value,No
1656-DRSMG,63,109.85,7002.95,12,Champions,7002.95,Premium,No
3012-VFFMN,7,20.65,158.95,3,Inactive,39.74,Low Value,No
2984-AFWNC,3,95.4,293.15,8,Loyal Customers,195.43,Medium Value,No
0640-YJTPY,72,21.0,1493.75,6,At Risk,746.88,Medium Value,No
8096-LOIST,19,56.2,1093.4,6,At Risk,546.7,Medium Value,No
9764-REAFF,59,18.4,1057.85,6,At Risk,528.92,Medium Value,No
3703-VAVCL,2,90.0,190.05,8,Loyal Customers,126.7,Low Value,Yes
7107-UBYKY,35,25.75,882.55,6,At Risk,441.28,Medium Value,No
4881-GQJTW,14,19.6,300.4,4,Inactive,100.13,Low Value,No
8519-QJGJD,14,75.35,1025.95,7,At Risk,598.47,Medium Value,Yes
7876-DNYAP,69,19.8,1436.95,6,At Risk,718.48,Medium Value,No
7905-NJMXS,7,64.2,475.0,6,At Risk,237.5,Medium Value,No
2882-WDTBA,69,75.75,5388.15,11,Champions,4939.14,Premium,No
2091-GPPIQ,72,78.95,5730.15,11,Champions,5252.64,Premium,No
6326-MTTXK,8,100.85,819.55,8,Loyal Customers,546.37,Medium Value,Yes
5071-FBJFS,4,50.3,217.1,5,Inactive,90.46,Low Value,No
2796-UUZZO,63,80.3,4896.35,9,Loyal Customers,3672.26,Premium,No
2429-AYKKO,72,19.85,1434.1,6,At Risk,717.05,Medium Value,No
9798-OPFEM,46,21.1,937.1,5,Inactive,390.46,Medium Value,No
0330-IVZHA,5,69.95,330.15,4,Inactive,110.05,Low Value,Yes
3794-NFNCH,30,50.0,1474.9,7,At Risk,860.36,High Value,No
5193-QLVZB,63,104.75,6536.5,12,Champions,6536.5,Premium,No
7114-AEOZE,60,19.85,1128.1,6,At Risk,564.05,Medium Value,No
2886-KEFUM,63,107.5,6873.75,12,Champions,6873.75,Premium,Yes
5522-NYKPB,25,85.9,2199.05,7,At Risk,1282.78,High Value,No
4237-RLAQD,1,45.85,45.85,4,Inactive,15.28,Low Value,Yes
9957-YODKZ,6,80.8,457.1,6,At Risk,228.55,Medium Value,No
6518-KZXCB,22,25.25,566.5,5,Inactive,236.04,Medium Value,No
2245-ADZFJ,31,80.55,2471.6,10,Champions,2059.67,High Value,No
7776-QGYJC,39,81.5,3107.3,8,Loyal Customers,2071.53,High Value,No
9313-QOLTZ,26,20.9,518.3,4,Inactive,172.77,Medium Value,No
9651-GTSAQ,53,106.1,5769.75,11,Champions,5288.94,Premium,Yes
3186-BAXNB,1,91.7,91.7,8,Loyal Customers,61.13,Low Value,Yes
4672-FOTSD,12,67.25,832.3,7,At Risk,485.51,Medium Value,No
0637-YLETY,16,95.6,1555.65,9,Loyal Customers,1166.74,High Value,Yes
9818-XQCUV,2,20.35,45.3,3,Inactive,11.32,Low Value,No
7338-ERIVA,39,45.05,1790.6,7,At Risk,1044.52,High Value,No
1157-BQCUW,1,74.95,74.95,6,At Risk,37.48,Low Value,Yes
8259-NFJTV,7,34.65,246.6,4,Inactive,82.2,Low Value,No
3223-DWFIO,4,69.35,261.65,4,Inactive,87.22,Low Value,No
2660-EMUBI,10,95.35,898.35,9,Loyal Customers,673.76,Medium Value,Yes
6968-GMKPR,55,81.55,4509.5,8,Loyal Customers,3006.33,Premium,No
4751-ERMAN,72,75.4,5480.25,10,Champions,4566.88,Premium,No
1436-ZMJAN,10,67.8,653.15,7,At Risk,381.0,Medium Value,No
3292-PBZEJ,11,111.4,1183.05,10,Champions,985.88,High Value,No
0799-DDIHE,15,46.3,639.45,5,Inactive,266.44,Medium Value,No
3070-FNFZQ,23,20.4,478.75,4,Inactive,159.58,Low Value,No
2812-SFXMJ,1,20.05,20.05,3,Inactive,5.01,Low Value,No
7675-OZCZG,3,45.0,127.1,4,Inactive,42.37,Low Value,Yes
5014-WUQMG,47,96.1,4391.45,10,Champions,3659.54,Premium,No
5312-TSZVC,15,19.65,270.6,4,Inactive,90.2,Low Value,No
2003-CKLOR,66,99.5,6710.5,11,Champions,6151.29,Premium,Yes
0993-OSGPT,68,60.65,3975.9,9,Loyal Customers,2981.92,High Value,No
9254-RBFON,17,98.6,1704.95,9,Loyal Customers,1278.71,High Value,Yes
1205-WNWPJ,7,59.5,415.95,5,Inactive,173.31,Medium Value,Yes
9391-EOYLI,12,80.45,950.2,7,At Risk,554.28,Medium Value,Yes
7108-DGVUU,21,71.7,1497.05,8,Loyal Customers,998.03,High Value,No
2782-JEEBU,21,36.0,780.15,6,At Risk,390.08,Medium Value,No
5127-BZENZ,56,65.2,3512.15,9,Loyal Customers,2634.11,High Value,No
2720-FVBQP,6,48.95,273.25,5,Inactive,113.85,Low Value,No
9906-NHHVC,65,53.5,3517.9,9,Loyal Customers,2638.42,High Value,No
4522-XRWWI,42,80.45,3375.9,10,Champions,2813.25,High Value,No
3766-EJLFL,68,109.05,7508.55,12,Champions,7508.55,Premium,No
5939-SXWHM,48,26.3,1245.05,6,At Risk,622.52,Medium Value,No
8152-UOBNY,50,106.8,5347.95,11,Champions,4902.29,Premium,No
7351-KYHQH,7,64.95,493.65,6,At Risk,246.82,Medium Value,No
7643-RCHXS,63,19.35,1263.85,6,At Risk,631.92,Medium Value,No
8246-SHFGA,17,21.1,385.55,4,Inactive,128.52,Low Value,No
8387-MOJJT,42,77.95,3384.0,8,Loyal Customers,2256.0,High Value,Yes
0620-XEFWH,4,18.85,84.2,3,Inactive,21.05,Low Value,No
6485-QXWWE,62,26.0,1638.7,7,At Risk,955.91,High Value,No
2761-OCIAX,2,74.7,165.4,6,At Risk,82.7,Low Value,Yes
7321-VGNKU,2,70.35,120.25,4,Inactive,40.08,Low Value,No
5327-CNLUQ,48,96.9,4473.45,11,Champions,4100.66,Premium,No
7552-KEYGT,27,19.55,520.55,4,Inactive,173.52,Medium Value,No
5816-JMLGY,70,80.4,5717.85,11,Champions,5241.36,Premium,No
3068-OMWZA,1,88.8,88.8,7,At Risk,51.8,Low Value,Yes
2927-QRRQV,46,94.65,4312.5,10,Champions,3593.75,Premium,No
6032-KRXXO,30,90.25,2755.35,9,Loyal Customers,2066.51,High Value,Yes
7459-RRWQZ,15,64.65,994.55,7,At Risk,580.15,Medium Value,Yes
6265-SXWBU,69,95.75,6511.25,11,Champions,5968.65,Premium,No
7941-RCJOW,65,19.55,1218.65,6,At Risk,609.33,Medium Value,No
6374-NTQLP,72,104.1,7447.7,12,Champions,7447.7,Premium,No
4154-AQUGT,13,89.05,1169.35,8,Loyal Customers,779.57,Medium Value,Yes
2387-KDZQY,17,20.1,279.5,4,Inactive,93.17,Low Value,No
3584-WKTTW,51,111.55,5720.35,11,Champions,5243.65,Premium,No
3399-BMLVW,51,60.5,3121.45,8,Loyal Customers,2080.97,High Value,No
1971-DTCZB,72,90.95,6468.6,12,Champions,6468.6,Premium,No
3092-IGHWF,67,87.4,5918.8,10,Champions,4932.33,Premium,Yes
3374-PZLXD,34,19.7,675.6,5,Inactive,281.5,Medium Value,No
3813-DHBBB,67,50.95,3521.7,9,Loyal Customers,2641.27,High Value,No
2812-REYAT,49,20.05,923.1,5,Inactive,384.62,Medium Value,No
6518-PPLMZ,53,19.4,1110.35,5,Inactive,462.65,Medium Value,No
4939-KYYPY,27,59.45,1611.65,7,At Risk,940.13,High Value,No
8017-LXHFA,23,94.75,2293.6,9,Loyal Customers,1720.2,High Value,Yes
5930-GBIWP,69,81.5,5553.25,11,Champions,5090.48,Premium,No
6022-KOUQO,2,29.05,44.75,3,Inactive,11.19,Low Value,No
6352-TWCAU,35,86.45,3029.1,8,Loyal Customers,2019.4,High Value,Yes
2361-UPSND,46,70.6,3231.05,9,Loyal Customers,2423.29,High Value,No
6035-RIIOM,54,97.2,5129.45,10,Champions,4274.54,Premium,No
2929-QNSRW,56,98.25,5508.35,11,Champions,5049.32,Premium,Yes
1262-OPMFY,9,75.75,655.9,6,At Risk,327.95,Medium Value,Yes
9504-DSHWM,20,59.2,1191.2,7,At Risk,694.87,Medium Value,No
5035-BVCXS,11,75.9,866.4,7,At Risk,505.4,Medium Value,No
6267-DCFFZ,30,90.05,2627.2,10,Champions,2189.33,High Value,No
3533-UVMOM,68,70.95,4741.45,10,Champions,3951.21,Premium,No
2439-LYPMQ,38,102.6,4009.2,11,Champions,3675.1,Premium,No
4248-QPAVC,17,85.35,1463.45,8,Loyal Customers,975.63,High Value,Yes
1899-VXWXM,48,106.1,5082.8,11,Champions,4659.23,Premium,Yes
1478-VPOAD,1,43.8,43.8,4,Inactive,14.6,Low Value,No
9995-HOTOH,63,59.0,3707.6,9,Loyal Customers,2780.7,High Value,No
2988-PLAHS,3,69.95,220.45,6,At Risk,110.22,Low Value,No
1371-OJCEK,48,24.35,1133.7,6,At Risk,566.85,Medium Value,No
4999-IEZLT,66,29.45,1983.15,6,At Risk,991.58,High Value,No
8883-ANODQ,68,84.4,5746.75,10,Champions,4788.96,Premium,No
4690-LLKUA,17,45.05,770.6,5,Inactive,321.08,Medium Value,Yes
2351-RRBUE,7,20.65,134.05,3,Inactive,33.51,Low Value,No
5980-BDHPY,72,87.1,6230.1,11,Champions,5710.92,Premium,No
1498-DQNRX,29,19.85,573.05,4,Inactive,191.02,Medium Value,No
9469-WEJBT,37,90.35,3419.3,10,Champions,2849.42,High Value,No
3331-HQDTW,34,109.8,3587.25,11,Champions,3288.31,Premium,Yes
9490-DFPMD,42,84.65,3541.35,8,Loyal Customers,2360.9,High Value,Yes
2581-VKIRT,59,65.5,3801.3,9,Loyal Customers,2850.98,High Value,No
5442-XSDCW,11,79.5,868.5,7,At Risk,506.63,Medium Value,Yes
7426-WEIJX,60,80.95,4859.1,9,Loyal Customers,3644.32,Premium,No
2851-MMUTZ,27,56.15,1439.35,6,At Risk,719.68,Medium Value,No
3049-NDXFL,1,85.8,85.8,6,At Risk,42.9,Low Value,Yes
8580-AECUZ,1,79.1,79.1,6,At Risk,39.55,Low Value,Yes
3307-TLCUD,17,34.4,592.75,5,Inactive,246.98,Medium Value,No
6625-FLENO,58,20.75,1185.95,6,At Risk,592.98,Medium Value,No
2967-MXRAV,1,18.8,18.8,3,Inactive,4.7,Low Value,No
7963-GQRMY,3,44.3,134.5,4,Inactive,44.83,Low Value,Yes
8189-HBVRW,53,90.8,4921.2,10,Champions,4101.0,Premium,No
4163-KIUHY,35,25.6,901.25,6,At Risk,450.62,Medium Value,No
1228-FZFRV,50,105.95,5341.8,11,Champions,4896.65,Premium,Yes
3500-NSDOA,68,70.8,4859.95,10,Champions,4049.96,Premium,No
1171-TYKUR,47,25.4,1139.2,6,At Risk,569.6,Medium Value,No
3761-FLYZI,65,108.8,7082.45,12,Champions,7082.45,Premium,No
2058-DCJBE,5,69.75,324.6,4,Inactive,108.2,Low Value,Yes
5364-XYIRR,51,94.65,4812.75,10,Champions,4010.62,Premium,Yes
4829-AUOAX,46,96.05,4399.5,10,Champions,3666.25,Premium,Yes
1219-NNDDO,9,76.85,663.55,6,At Risk,331.78,Medium Value,No
8388-DMKAE,8,20.25,174.65,3,Inactive,43.66,Low Value,No
4403-BWPAY,14,24.8,321.7,5,Inactive,134.04,Low Value,No
9659-QEQSY,45,115.65,5125.5,11,Champions,4698.38,Premium,No
5405-ZMYXQ,8,74.6,548.9,6,At Risk,274.45,Medium Value,No
5047-LHVLY,1,50.15,50.15,5,Inactive,20.9,Low Value,Yes
1442-OKRJE,66,103.15,7031.3,12,Champions,7031.3,Premium,No
4737-AQCPU,72,72.1,5016.65,11,Champions,4598.6,Premium,No
9158-VCTQB,41,113.6,4594.95,11,Champions,4212.04,Premium,Yes
2808-CHTDM,23,25.1,611.45,5,Inactive,254.77,Medium Value,No
6311-UEUME,29,78.9,2384.15,7,At Risk,1390.75,High Value,Yes
0793-TWELN,4,80.15,319.85,6,At Risk,159.93,Low Value,No
3283-WCWXT,6,25.4,153.3,4,Inactive,51.1,Low Value,No
1060-ENTOF,67,105.4,7035.6,12,Champions,7035.6,Premium,No
0999-QXNSA,7,45.75,344.2,4,Inactive,114.73,Low Value,No
5451-MHQOF,56,24.45,1431.65,7,At Risk,835.13,High Value,No
4836-WNFNO,72,25.0,1849.2,7,At Risk,1078.7,High Value,No
9225-BZLNZ,72,85.25,6083.1,11,Champions,5576.18,Premium,No
0354-VXMJC,23,19.6,426.65,4,Inactive,142.22,Low Value,No
4422-QVIJA,35,50.15,1655.35,7,At Risk,965.62,High Value,No
9365-SRSZE,27,70.55,1943.9,6,At Risk,971.95,High Value,No
6839-ITVZJ,26,60.05,1616.15,7,At Risk,942.75,High Value,Yes
8332-OSJDW,12,26.4,314.95,5,Inactive,131.23,Low Value,No
4735-BJKOU,40,20.15,804.85,5,Inactive,335.35,Medium Value,No
0274-JKUJR,7,58.85,465.7,6,At Risk,232.85,Medium Value,No
5740-YHGTW,70,97.55,6669.05,11,Champions,6113.3,Premium,No
8917-SZTTJ,60,19.65,1161.75,6,At Risk,580.88,Medium Value,No
1696-MZVAU,39,25.25,947.75,5,Inactive,394.9,Medium Value,No
7359-WWYJV,72,114.45,8375.05,12,Champions,8375.05,Premium,No
0375-HVGXO,1,34.7,34.7,3,Inactive,8.68,Low Value,Yes
4906-ZHGPK,54,70.7,3770.0,9,Loyal Customers,2827.5,High Value,No
8593-WHYHV,3,85.3,264.8,6,At Risk,132.4,Low Value,Yes
3795-GWTRD,63,75.55,4707.85,11,Champions,4315.53,Premium,No
1298-PHBTI,71,84.8,6152.4,10,Champions,5127.0,Premium,No
6223-DHJGV,42,20.65,958.1,5,Inactive,399.21,Medium Value,No
6961-MJKBO,47,20.45,943.0,5,Inactive,392.92,Medium Value,No
6097-EQISJ,66,102.45,6615.15,12,Champions,6615.15,Premium,Yes
4423-YLHDV,21,104.4,2200.25,10,Champions,1833.54,High Value,Yes
8158-WPEZG,11,35.65,425.1,6,At Risk,212.55,Medium Value,No
0107-YHINA,1,99.75,99.75,8,Loyal Customers,66.5,Low Value,Yes
4918-FYJNT,55,90.45,5044.8,10,Champions,4204.0,Premium,No
0727-BNRLG,69,97.65,6743.55,12,Champions,6743.55,Premium,No
4854-CIDCF,3,73.85,196.4,6,At Risk,98.2,Low Value,No
8640-SDGKB,4,74.4,299.7,7,At Risk,174.82,Medium Value,Yes
3280-MRDOF,30,69.1,2093.9,8,Loyal Customers,1395.93,High Value,No
6435-SRWBJ,5,82.75,417.75,7,At Risk,243.69,Medium Value,No
9964-WBQDJ,71,24.4,1725.4,7,At Risk,1006.48,High Value,No
6303-KFWSL,29,55.25,1620.2,6,At Risk,810.1,Medium Value,No
1702-CCFNJ,52,61.35,3169.55,8,Loyal Customers,2113.03,High Value,No
8932-CZHRQ,68,76.75,5233.25,11,Champions,4797.15,Premium,No
0386-CWRGM,46,19.4,967.85,5,Inactive,403.27,Medium Value,No
5515-RUGKN,8,54.75,438.05,5,Inactive,182.52,Medium Value,No
0404-AHASP,72,19.7,1421.9,6,At Risk,710.95,Medium Value,No
7279-NMVJC,17,19.9,323.15,4,Inactive,107.72,Low Value,No
2081-VEYEH,3,107.95,318.6,9,Loyal Customers,238.95,Medium Value,No
6407-UTSLV,2,83.8,163.7,6,At Risk,81.85,Low Value,No
4116-TZAQJ,9,74.25,639.65,6,At Risk,319.82,Medium Value,Yes
9060-HJJRW,51,56.4,2928.5,8,Loyal Customers,1952.33,High Value,No
2587-YNLES,6,20.1,100.35,3,Inactive,25.09,Low Value,No
7398-SKNQZ,3,94.9,273.2,8,Loyal Customers,182.13,Medium Value,No
5935-FCCNB,17,94.2,1608.15,9,Loyal Customers,1206.11,High Value,No
1958-RNRKS,30,49.9,1441.95,7,At Risk,841.14,High Value,No
5136-RGMZO,31,71.05,2168.15,9,Loyal Customers,1626.11,High Value,No
8345-MVDYC,45,81.65,3618.7,10,Champions,3015.58,Premium,No
8226-BXGES,64,89.45,5692.65,10,Champions,4743.88,Premium,No
3877-JRJIP,1,59.85,59.85,5,Inactive,24.94,Low Value,Yes
8375-DKEBR,1,69.6,69.6,4,Inactive,23.2,Low Value,Yes
9705-IOVQQ,61,99.0,5969.3,11,Champions,5471.86,Premium,No
1015-OWJKI,1,19.05,19.05,3,Inactive,4.76,Low Value,No
7511-YMXVQ,9,45.4,418.8,5,Inactive,174.5,Medium Value,Yes
2040-XBAVJ,72,114.45,8100.55,12,Champions,8100.55,Premium,No
7551-JOHTI,1,19.5,19.5,3,Inactive,4.88,Low Value,Yes
8887-IPQNC,7,44.25,313.45,4,Inactive,104.48,Low Value,No
8646-JCOMS,66,90.55,6130.95,11,Champions,5620.04,Premium,No
9804-ICWBG,1,69.9,69.9,4,Inactive,23.3,Low Value,Yes
1222-KJNZD,40,20.4,745.3,5,Inactive,310.54,Medium Value,No
0106-GHRQR,16,71.4,1212.1,8,Loyal Customers,808.07,Medium Value,No
5318-IXUZF,2,87.15,183.75,6,At Risk,91.88,Low Value,Yes
3768-VHXQO,67,24.85,1583.5,7,At Risk,923.71,High Value,No
8952-WCVCD,41,104.45,4162.05,11,Champions,3815.21,Premium,No
2418-TPEUN,56,19.8,1119.9,6,At Risk,559.95,Medium Value,No
3963-RYFNS,72,116.45,8013.55,12,Champions,8013.55,Premium,No
3198-VELRD,3,84.75,264.85,6,At Risk,132.43,Low Value,Yes
8540-ZQGEA,54,20.05,1102.4,5,Inactive,459.33,Medium Value,No
1320-REHCS,52,110.75,5832.0,11,Champions,5346.0,Premium,No
4137-JOPHL,50,89.7,4304.5,9,Loyal Customers,3228.38,Premium,No
9436-ZBZCT,14,89.95,1178.4,9,Loyal Customers,883.8,High Value,Yes
7801-CEDNV,27,48.7,1421.75,6,At Risk,710.88,Medium Value,No
2057-BOYKM,72,96.6,6827.5,12,Champions,6827.5,Premium,No
3658-QQJYD,62,74.3,4698.05,10,Champions,3915.04,Premium,No
1803-BGNBD,12,54.3,654.5,6,At Risk,327.25,Medium Value,No
0134-XWXCE,44,74.85,3268.05,9,Loyal Customers,2451.04,High Value,No
6950-TWMYB,54,79.95,4362.05,8,Loyal Customers,2908.03,High Value,No
5848-FHRFC,68,20.05,1386.9,6,At Risk,693.45,Medium Value,No
2243-FNMMI,20,19.4,415.4,4,Inactive,138.47,Low Value,No
2511-MORQY,50,54.9,2614.1,7,At Risk,1524.89,High Value,No
5356-KZCKT,58,24.45,1513.6,7,At Risk,882.93,High Value,No
9470-XCCEM,35,89.65,3161.6,9,Loyal Customers,2371.2,High Value,No
6519-CFDBX,2,45.4,80.95,4,Inactive,26.98,Low Value,No
3902-MIVLE,63,75.7,4676.7,11,Champions,4286.97,Premium,No
0409-WTMPL,58,110.65,6526.65,12,Champions,6526.65,Premium,No
8763-KIAFH,27,20.55,583.3,4,Inactive,194.43,Medium Value,No
3669-WHAFY,71,115.15,8078.1,12,Champions,8078.1,Premium,No
3055-VTCGS,63,58.55,3503.5,8,Loyal Customers,2335.67,High Value,No
3144-KMTWZ,71,93.25,6669.45,11,Champions,6113.66,Premium,No
7279-BUYWN,41,113.2,4689.5,11,Champions,4298.71,Premium,Yes
7156-MHUGY,13,90.5,1201.15,8,Loyal Customers,800.77,Medium Value,Yes
7198-GLXTC,2,79.0,143.65,6,At Risk,71.82,Low Value,Yes
2007-QVGAW,68,19.35,1292.65,6,At Risk,646.33,Medium Value,No
5207-PLSTK,1,48.75,48.75,5,Inactive,20.31,Low Value,No
2307-FYNNL,65,109.05,7108.2,12,Champions,7108.2,Premium,No
5605-XNWEN,72,25.0,1802.55,7,At Risk,1051.49,High Value,No
2155-AMQRX,28,54.9,1505.15,6,At Risk,752.58,Medium Value,No
6181-AXXYF,72,24.75,1859.1,7,At Risk,1084.47,High Value,No
5091-HFAZW,2,91.15,168.5,8,Loyal Customers,112.33,Low Value,No
0516-VRYBW,18,20.15,390.85,4,Inactive,130.28,Low Value,Yes
2519-LBNQL,60,104.35,6339.45,12,Champions,6339.45,Premium,No
8623-ULFNQ,26,66.05,1652.4,7,At Risk,963.9,High Value,No
8380-PEFPE,1,71.65,71.65,5,Inactive,29.85,Low Value,Yes
5687-DKDTV,4,20.35,77.5,3,Inactive,19.38,Low Value,Yes
1568-LJSZU,68,92.2,6392.85,12,Champions,6392.85,Premium,No
7530-HDYDS,38,84.25,3264.5,9,Loyal Customers,2448.38,High Value,Yes
7789-HKSBS,42,105.2,4599.15,11,Champions,4215.89,Premium,No
7416-CKTEP,57,19.6,1134.25,6,At Risk,567.12,Medium Value,No
2586-CWXVV,54,30.4,1621.35,5,Inactive,675.56,Medium Value,No
3096-IZETN,12,78.1,947.3,7,At Risk,552.59,Medium Value,Yes
2348-KCJLT,44,61.5,2722.2,8,Loyal Customers,1814.8,High Value,No
8401-EMUWF,42,69.4,3058.3,8,Loyal Customers,2038.87,High Value,No
4193-IBKSW,72,24.75,1769.6,7,At Risk,1032.27,High Value,No
5377-NDTOU,71,91.05,6293.75,12,Champions,6293.75,Premium,No
5922-ABDVO,19,89.65,1761.05,8,Loyal Customers,1174.03,High Value,Yes
2474-LCNUE,23,73.65,1642.75,8,Loyal Customers,1095.17,High Value,No
0839-QNXME,30,19.4,578.5,5,Inactive,241.04,Medium Value,No
3506-OVLKD,35,26.2,954.9,6,At Risk,477.45,Medium Value,No
9172-ANCRX,10,98.7,973.25,9,Loyal Customers,729.94,Medium Value,Yes
6650-VJONK,1,43.85,43.85,4,Inactive,14.62,Low Value,No
2178-PMGCJ,22,69.7,1490.4,5,Inactive,621.0,Medium Value,No
7492-TAFJD,7,38.55,280.0,5,Inactive,116.67,Low Value,No
2773-MADBQ,36,53.1,1901.25,8,Loyal Customers,1267.5,High Value,No
6016-LVTJQ,34,20.65,716.4,5,Inactive,298.5,Medium Value,No
7860-KSUGX,72,64.45,4720.0,9,Loyal Customers,3540.0,Premium,No
8966-KZXXA,36,25.1,930.95,6,At Risk,465.48,Medium Value,No
6910-HADCM,1,76.35,76.35,6,At Risk,38.17,Low Value,Yes
4816-LXZYW,23,79.15,1676.95,7,At Risk,978.22,High Value,Yes
9606-PBKBQ,32,85.0,2642.05,8,Loyal Customers,1761.37,High Value,Yes
5149-QYTTU,71,95.15,6770.85,12,Champions,6770.85,Premium,No
2070-XYMFH,23,79.35,1835.3,7,At Risk,1070.59,High Value,No
2085-BOJKI,17,96.65,1588.25,9,Loyal Customers,1191.19,High Value,No
0817-HSUSE,1,75.5,75.5,7,At Risk,44.04,Low Value,No
5442-PPTJY,12,19.7,258.35,4,Inactive,86.12,Low Value,No
1927-QEWMY,72,20.5,1502.25,6,At Risk,751.12,Medium Value,No
1663-MHLHE,1,19.2,19.2,3,Inactive,4.8,Low Value,No
5663-QBGIS,72,98.35,6929.4,11,Champions,6351.95,Premium,No
4450-MDZFX,60,74.35,4453.3,9,Loyal Customers,3339.98,Premium,No
6701-DHKWQ,61,51.35,3244.4,9,Loyal Customers,2433.3,High Value,No
7554-AKDQF,6,45.65,323.45,4,Inactive,107.82,Low Value,No
3536-IQCTX,32,85.3,2661.1,8,Loyal Customers,1774.07,High Value,Yes
4911-BANWH,31,86.55,2697.4,8,Loyal Customers,1798.27,High Value,Yes
8496-EJAUI,19,73.85,1424.5,7,At Risk,830.96,High Value,Yes
0794-YVSGE,72,20.3,1401.15,6,At Risk,700.58,Medium Value,No
5423-BHIXO,32,54.2,1739.6,7,At Risk,1014.77,High Value,No
6908-VVYHM,65,90.65,5931.0,11,Champions,5436.75,Premium,No
2959-EEXWB,45,50.9,2333.85,7,At Risk,1361.41,High Value,No
1839-UMACK,42,25.05,949.85,6,At Risk,474.92,Medium Value,No
3030-YDNRM,8,74.85,572.45,6,At Risk,286.23,Medium Value,No
7321-KKSDU,32,20.5,696.8,5,Inactive,290.33,Medium Value,No
3402-XRIUO,22,63.55,1381.8,7,At Risk,806.05,Medium Value,No
3132-TVFDZ,57,44.85,2572.95,8,Loyal Customers,1715.3,High Value,Yes
8286-AFUYI,1,47.95,47.95,5,Inactive,19.98,Low Value,No
8080-DDEMJ,1,45.1,45.1,4,Inactive,15.03,Low Value,Yes
8356-WUAOJ,1,45.0,45.0,4,Inactive,15.0,Low Value,No
6365-MTGZX,24,96.0,2122.45,9,Loyal Customers,1591.84,High Value,Yes
1349-WXNGG,1,20.05,20.05,3,Inactive,5.01,Low Value,Yes
8058-DMYRU,54,90.05,4931.8,10,Champions,4109.83,Premium,No
9350-ZXYJC,4,25.3,116.95,4,Inactive,38.98,Low Value,No
6990-YNRIO,65,108.65,6937.95,12,Champions,6937.95,Premium,Yes
8958-JPTRR,56,24.3,1261.7,7,At Risk,735.99,Medium Value,No
6959-GQEGV,45,75.95,3273.8,9,Loyal Customers,2455.35,High Value,No
3173-WSSUE,71,19.7,1415.85,6,At Risk,707.92,Medium Value,No
1265-HVPZB,59,66.4,3958.2,9,Loyal Customers,2968.65,High Value,No
4115-UMJFQ,69,35.75,2492.25,8,Loyal Customers,1661.5,High Value,No
7369-TRPFD,19,18.8,279.2,4,Inactive,93.07,Low Value,No
1098-KFQEC,55,19.4,1083.0,5,Inactive,451.25,Medium Value,No
7190-XHTWJ,38,19.3,755.5,5,Inactive,314.79,Medium Value,No
0621-TWIEM,10,45.55,402.6,5,Inactive,167.75,Medium Value,Yes
3537-RYBHH,47,67.45,3252.0,8,Loyal Customers,2168.0,High Value,No
2485-ITVKB,2,35.1,68.75,3,Inactive,17.19,Low Value,Yes
3669-OYSJI,1,46.2,46.2,4,Inactive,15.4,Low Value,Yes
1612-EOHDH,1,45.15,45.15,4,Inactive,15.05,Low Value,Yes
6702-OHFWR,1,43.3,43.3,5,Inactive,18.04,Low Value,Yes
5296-BFCYD,46,20.1,936.85,5,Inactive,390.35,Medium Value,No
4510-PYUSH,38,57.15,2250.65,7,At Risk,1312.88,High Value,Yes
9359-JANWS,65,58.9,3857.1,9,Loyal Customers,2892.82,High Value,No
7517-SAWMO,19,73.2,1441.1,7,At Risk,840.64,High Value,Yes
4143-HHPMK,52,85.35,4338.6,8,Loyal Customers,2892.4,High Value,Yes
3279-DYZQM,71,19.45,1378.45,6,At Risk,689.22,Medium Value,No
7054-LGEQW,1,45.95,45.95,4,Inactive,15.32,Low Value,Yes
0523-VNGTF,52,50.5,2566.3,8,Loyal Customers,1710.87,High Value,No
9575-IWCAZ,6,25.1,171.0,4,Inactive,57.0,Low Value,No
7105-MXJLL,26,60.7,1597.4,6,At Risk,798.7,Medium Value,No
7064-FRRSW,48,99.0,4744.35,10,Champions,3953.63,Premium,No
7940-UQQUG,64,104.4,6721.6,12,Champions,6721.6,Premium,No
0923-PNFUB,3,83.75,247.25,6,At Risk,123.62,Low Value,Yes
3961-SXAXY,1,44.05,44.05,4,Inactive,14.68,Low Value,No
7010-BRBUU,72,24.1,1734.65,7,At Risk,1011.88,High Value,No
3566-HJGPK,1,45.55,45.55,4,Inactive,15.18,Low Value,No
3062-ICYZQ,51,93.8,4539.35,10,Champions,3782.79,Premium,No
9938-PRCVK,41,19.7,804.25,5,Inactive,335.1,Medium Value,No
0973-KYVNF,72,70.65,5011.15,10,Champions,4175.96,Premium,No
5129-HHMZC,43,86.45,3574.5,10,Champions,2978.75,High Value,No
9637-CDTKZ,72,114.1,8086.4,12,Champions,8086.4,Premium,No
3946-JEWRQ,47,95.2,4563.0,10,Champions,3802.5,Premium,No
7873-CVMAW,72,88.55,6362.35,11,Champions,5832.15,Premium,No
0463-WZZKO,3,20.75,67.1,3,Inactive,16.77,Low Value,No
3494-JCHRQ,1,70.05,70.05,4,Inactive,23.35,Low Value,Yes
6474-FVJLC,2,86.0,165.45,6,At Risk,82.72,Low Value,Yes
4524-QCSSM,26,44.65,1156.55,6,At Risk,578.28,Medium Value,No
5832-EXGTT,29,60.2,1834.15,6,At Risk,917.08,High Value,No
8840-DQLGN,35,100.5,3653.35,11,Champions,3348.9,Premium,Yes
2039-JONDJ,27,55.45,1477.65,6,At Risk,738.82,Medium Value,No
7217-JYHOQ,24,70.3,1706.45,7,At Risk,995.43,High Value,No
6695-FRVEC,67,60.4,3953.7,9,Loyal Customers,2965.27,High Value,No
4547-LYTDD,16,72.65,1194.3,7,At Risk,696.68,Medium Value,Yes
9894-QMIMJ,23,55.8,1327.85,6,At Risk,663.92,Medium Value,No
8069-YQQAJ,14,31.1,419.7,4,Inactive,139.9,Low Value,No
6770-XUAGN,1,21.0,21.0,3,Inactive,5.25,Low Value,Yes
4193-ORFCL,1,45.1,45.1,4,Inactive,15.03,Low Value,Yes
1636-NTNCO,4,50.95,207.35,5,Inactive,86.4,Low Value,No
3466-WAESX,16,69.1,1083.7,7,At Risk,632.16,Medium Value,No
9281-PKKZE,46,43.95,2007.85,7,At Risk,1171.25,High Value,No
3638-VBZTA,68,86.5,5882.75,11,Champions,5392.52,Premium,No
7459-IMVYU,38,69.95,2657.55,9,Loyal Customers,1993.16,High Value,No
7776-QWNFX,30,50.4,1527.5,7,At Risk,891.04,High Value,Yes
6689-TCZHQ,5,78.95,378.4,6,At Risk,189.2,Medium Value,Yes
8563-OYMQY,17,90.95,1612.2,9,Loyal Customers,1209.15,High Value,No
0754-EEBDC,4,19.9,76.65,3,Inactive,19.16,Low Value,No
5777-ZPQNC,12,20.15,260.7,4,Inactive,86.9,Low Value,No
1951-IEYXM,72,90.6,6441.85,12,Champions,6441.85,Premium,No
3318-NMQXL,3,92.0,266.8,7,At Risk,155.63,Low Value,No
3143-ILDAL,56,94.45,5124.6,11,Champions,4697.55,Premium,Yes
1022-RKXDR,41,24.85,962.25,6,At Risk,481.12,Medium Value,No
2361-FJWNO,40,36.0,1382.9,7,At Risk,806.69,Medium Value,No
2272-UOINI,7,78.5,571.05,8,Loyal Customers,380.7,Medium Value,No
8232-UTFOZ,69,19.95,1399.35,6,At Risk,699.68,Medium Value,No
3750-YHRYO,7,20.65,150.0,3,Inactive,37.5,Low Value,No
6637-KYRCV,5,30.5,167.2,3,Inactive,41.8,Low Value,No
5668-MEISB,72,106.1,7657.4,12,Champions,7657.4,Premium,No
0129-QMPDR,44,20.5,865.05,5,Inactive,360.44,Medium Value,No
7188-CBBBA,65,95.5,6153.85,11,Champions,5641.03,Premium,No
5356-CSVSQ,3,64.6,174.2,6,At Risk,87.1,Low Value,No
3221-CJMSG,24,51.1,1269.6,6,At Risk,634.8,Medium Value,No
4720-VSTSI,44,84.8,3862.55,9,Loyal Customers,2896.91,High Value,Yes
3219-JQRSL,72,89.1,6352.4,11,Champions,5823.03,Premium,No
2801-NISEI,24,54.95,1348.5,6,At Risk,674.25,Medium Value,No
3946-MHCZW,1,50.9,50.9,5,Inactive,21.21,Low Value,Yes
4623-ZKHLY,22,20.45,471.55,4,Inactive,157.18,Low Value,No
6732-VAILE,70,85.95,5931.75,11,Champions,5437.44,Premium,No
8201-AAXCB,25,60.35,1404.65,6,At Risk,702.32,Medium Value,No
7696-CFTAT,37,19.8,726.1,5,Inactive,302.54,Medium Value,No
1845-CSBRZ,22,85.35,1961.6,7,At Risk,1144.27,High Value,No
2123-VSCOT,59,72.1,4194.85,10,Champions,3495.71,Premium,No
6651-AZVTJ,49,99.8,4872.45,10,Champions,4060.38,Premium,Yes
4566-GOLUK,47,107.35,5118.95,11,Champions,4692.37,Premium,Yes
2484-DGXPZ,31,19.55,658.95,5,Inactive,274.56,Medium Value,Yes
2018-QKYGT,1,81.05,81.05,6,At Risk,40.52,Low Value,No
2792-VPPET,3,20.5,76.95,3,Inactive,19.24,Low Value,No
7409-JURKQ,53,111.8,5809.75,11,Champions,5325.6,Premium,No
3247-MHJKM,1,20.2,20.2,3,Inactive,5.05,Low Value,No
1964-SVLEA,20,19.7,415.9,4,Inactive,138.63,Low Value,No
4587-NUKOX,3,79.1,246.5,6,At Risk,123.25,Low Value,Yes
7297-DVYGA,51,19.85,996.95,5,Inactive,415.4,Medium Value,No
2239-CGBUZ,51,60.5,3145.15,8,Loyal Customers,2096.77,High Value,No
0854-UYHZD,13,19.55,265.3,4,Inactive,88.43,Low Value,No
7243-LCGGZ,1,20.9,20.9,3,Inactive,5.22,Low Value,No
8267-KFGYD,1,21.05,21.05,3,Inactive,5.26,Low Value,No
4890-VMUAV,63,71.5,4576.3,11,Champions,4194.94,Premium,No
9261-WDCAF,3,54.65,189.1,5,Inactive,78.79,Low Value,No
3764-MNMOI,46,19.2,908.15,5,Inactive,378.4,Medium Value,No
7442-YGZFK,1,49.8,49.8,5,Inactive,20.75,Low Value,No
0420-BWTPW,8,25.5,215.2,3,Inactive,53.8,Low Value,Yes
8229-BUJHX,71,20.5,1500.95,6,At Risk,750.48,Medium Value,No
7449-HVPIV,55,90.4,5099.15,10,Champions,4249.29,Premium,No
5504-WSIUR,70,90.25,6385.95,11,Champions,5853.79,Premium,No
8183-ONMXC,2,80.75,159.45,6,At Risk,79.72,Low Value,Yes
8466-PZBLH,67,104.6,6885.75,12,Champions,6885.75,Premium,No
9614-RMGHA,65,91.85,5940.85,11,Champions,5445.78,Premium,Yes
8735-IJJEG,14,50.2,668.85,6,At Risk,334.42,Medium Value,No
0564-MUUQK,20,95.5,1916.2,9,Loyal Customers,1437.15,High Value,No
5054-IEXZT,1,75.35,75.35,6,At Risk,37.67,Low Value,Yes
5834-ASPWA,1,75.45,75.45,6,At Risk,37.72,Low Value,Yes
0701-RFGFI,49,95.4,4613.95,10,Champions,3844.96,Premium,No
0019-EFAEP,72,101.3,7261.25,12,Champions,7261.25,Premium,No
5619-PTMIK,46,53.1,2459.8,7,At Risk,1434.88,High Value,No
3737-XBQDD,24,84.85,2048.8,8,Loyal Customers,1365.87,High Value,No
5882-CMAZQ,5,34.25,163.55,4,Inactive,54.52,Low Value,No
5846-QFDFI,33,88.6,2888.7,9,Loyal Customers,2166.52,High Value,No
4445-KWOKW,42,60.15,2421.6,8,Loyal Customers,1614.4,High Value,No
3511-APPBJ,23,99.95,2292.75,9,Loyal Customers,1719.56,High Value,No
7967-HYCDE,8,70.7,553.4,5,Inactive,230.58,Medium Value,No
2430-RRYUW,66,54.8,3465.7,8,Loyal Customers,2310.47,High Value,No
3948-XHGNA,24,49.55,1210.4,6,At Risk,605.2,Medium Value,Yes
3723-BFBGR,24,54.8,1291.3,6,At Risk,645.65,Medium Value,No
0565-IYCGT,69,78.6,5356.45,11,Champions,4910.08,Premium,Yes
5447-WZAFP,53,100.3,5200.8,10,Champions,4334.0,Premium,No
5110-CHOPY,60,53.6,3237.05,9,Loyal Customers,2427.79,High Value,No
5445-UTODQ,7,81.1,576.65,6,At Risk,288.32,Medium Value,Yes
4425-OWHWB,20,19.35,433.75,4,Inactive,144.58,Low Value,No
7892-QVYKW,23,85.6,1868.4,7,At Risk,1089.9,High Value,No
9675-ICXCT,72,80.8,5728.55,11,Champions,5251.17,Premium,No
1024-VRZHF,11,74.95,825.7,7,At Risk,481.66,Medium Value,Yes
4703-MQYKT,21,19.6,390.4,4,Inactive,130.13,Low Value,No
9497-QCMMS,1,93.55,93.55,8,Loyal Customers,62.37,Low Value,Yes
5692-ICXLW,31,90.7,2845.15,10,Champions,2370.96,High Value,No
0602-DDUML,57,69.75,3894.4,9,Loyal Customers,2920.8,High Value,No
2208-MPXIO,45,20.0,886.4,5,Inactive,369.33,Medium Value,No
1960-UYCNN,10,95.25,1021.55,9,Loyal Customers,766.16,Medium Value,No
0348-SDKOL,58,102.1,5885.4,12,Champions,5885.4,Premium,Yes
3190-FZATL,14,19.95,268.4,4,Inactive,89.47,Low Value,No
7336-RLLRH,27,80.85,2204.35,9,Loyal Customers,1653.26,High Value,No
4373-MAVJG,14,90.9,1259.0,9,Loyal Customers,944.25,High Value,Yes
8901-HJXTF,12,29.2,309.1,4,Inactive,103.03,Low Value,Yes
7710-JSYOA,69,93.3,6398.05,11,Champions,5864.88,Premium,No
5419-KLXBN,25,89.15,2257.75,8,Loyal Customers,1505.17,High Value,Yes
3424-NMNBO,58,108.85,6287.25,12,Champions,6287.25,Premium,Yes
9885-MFVSU,35,46.35,1662.05,7,At Risk,969.53,High Value,No
4514-GFCFI,16,84.75,1350.15,7,At Risk,787.59,Medium Value,Yes
0607-MVMGC,45,78.75,3600.65,10,Champions,3000.54,High Value,No
3365-SAIGS,17,83.55,1329.15,7,At Risk,775.34,Medium Value,No
9828-AOQLM,1,45.7,45.7,4,Inactive,15.23,Low Value,Yes
8022-BECSI,22,19.6,422.5,4,Inactive,140.83,Low Value,No
8000-REIQB,1,69.95,69.95,4,Inactive,23.32,Low Value,Yes
9993-LHIEB,67,67.85,4627.65,9,Loyal Customers,3470.74,Premium,No
0266-CLZKZ,67,105.65,6717.9,12,Champions,6717.9,Premium,No
7615-ESMYF,2,44.6,97.1,5,Inactive,40.46,Low Value,Yes
3858-VOBET,23,74.95,1710.45,7,At Risk,997.76,High Value,Yes
7020-OZKXZ,9,75.5,637.4,6,At Risk,318.7,Medium Value,No
3977-QCRSL,5,20.15,117.95,3,Inactive,29.49,Low Value,No
0017-DINOC,54,45.2,2460.55,7,At Risk,1435.32,High Value,No
1447-PJGGA,57,95.25,5464.65,11,Champions,5009.26,Premium,Yes
8565-CLBZW,24,89.85,2165.05,8,Loyal Customers,1443.37,High Value,Yes
9139-WQQDY,49,100.45,4941.8,10,Champions,4118.17,Premium,Yes
0224-HJAPT,5,47.15,223.15,5,Inactive,92.98,Low Value,Yes
8086-OVPWV,2,80.2,181.1,6,At Risk,90.55,Low Value,Yes
9430-FRQOC,4,87.1,341.45,7,At Risk,199.18,Medium Value,Yes
7639-OPLNG,70,79.25,5731.85,11,Champions,5254.2,Premium,No
3074-GQWYX,5,75.9,357.75,6,At Risk,178.88,Medium Value,Yes
1492-QGCLU,53,85.7,4616.1,10,Champions,3846.75,Premium,No
6845-RGTYS,47,98.75,4533.7,11,Champions,4155.89,Premium,Yes
7328-OWMOM,31,20.1,589.25,5,Inactive,245.52,Medium Value,No
4418-LZMSV,13,61.8,750.1,7,At Risk,437.56,Medium Value,No
5155-AZQPB,28,49.9,1410.25,6,At Risk,705.12,Medium Value,No
8861-HGGKB,10,86.45,830.85,7,At Risk,484.66,Medium Value,Yes
1087-GRUYI,38,20.4,743.5,5,Inactive,309.79,Medium Value,No
7065-YUNRY,1,45.3,45.3,4,Inactive,15.1,Low Value,Yes
7694-VLBWQ,67,104.1,7040.85,12,Champions,7040.85,Premium,Yes
2546-KZAAT,52,75.4,3865.45,9,Loyal Customers,2899.09,High Value,No
0181-RITDD,62,108.15,6825.65,12,Champions,6825.65,Premium,No
5989-PGKJB,16,86.25,1340.1,7,At Risk,781.72,Medium Value,No
4795-KTRTH,5,81.0,371.65,6,At Risk,185.82,Medium Value,Yes
8272-ONJLV,12,95.7,1184.0,9,Loyal Customers,888.0,High Value,No
1488-PBLJN,72,116.85,8477.7,12,Champions,8477.7,Premium,No
0308-GIQJT,71,105.75,7382.85,12,Champions,7382.85,Premium,No
3778-FOAQW,24,20.15,456.85,4,Inactive,152.28,Low Value,No
4452-ROHMO,15,19.6,331.6,4,Inactive,110.53,Low Value,No
6481-OGDOO,67,90.6,6056.15,11,Champions,5551.47,Premium,Yes
3090-LETTY,2,60.95,134.6,6,At Risk,67.3,Low Value,No
5349-AZPEW,5,25.05,125.5,3,Inactive,31.38,Low Value,No
3753-TSEMP,15,88.15,1390.6,7,At Risk,811.18,Medium Value,Yes
8305-VHZBZ,1,20.2,20.2,3,Inactive,5.05,Low Value,Yes
9720-JJJOR,41,60.3,2511.3,8,Loyal Customers,1674.2,High Value,No
8100-HZZLJ,43,63.95,2737.05,8,Loyal Customers,1824.7,High Value,No
8775-ERLNB,1,74.3,74.3,6,At Risk,37.15,Low Value,No
8309-IEYJD,1,70.6,70.6,5,Inactive,29.42,Low Value,No
9172-JITSM,26,90.8,2361.8,8,Loyal Customers,1574.53,High Value,Yes
6298-QDFNH,22,79.35,1730.35,7,At Risk,1009.37,High Value,Yes
7398-HPYZQ,71,90.55,6404.0,12,Champions,6404.0,Premium,No
3546-GHEAE,7,19.45,165.35,3,Inactive,41.34,Low Value,No
7361-YPXFS,28,64.45,1867.6,7,At Risk,1089.43,High Value,No
6557-BZXLQ,16,69.65,1043.3,5,Inactive,434.71,Medium Value,No
2550-QHZGP,7,19.5,128.6,3,Inactive,32.15,Low Value,No
7519-JTWQH,69,110.5,7455.45,12,Champions,7455.45,Premium,No
2538-OIMXF,1,24.7,24.7,3,Inactive,6.18,Low Value,No
8543-MSDMF,3,77.4,206.15,7,At Risk,120.25,Low Value,No
9961-JBNMK,21,96.8,2030.3,9,Loyal Customers,1522.72,High Value,Yes
1170-SASML,69,85.4,5869.4,10,Champions,4891.17,Premium,No
4872-JCVCA,71,47.6,3377.8,9,Loyal Customers,2533.35,High Value,No
5346-BZCHP,69,19.4,1346.2,6,At Risk,673.1,Medium Value,No
2038-LLMLM,48,103.85,4946.05,11,Champions,4533.88,Premium,No
6173-ITPWD,47,83.35,4065.0,9,Loyal Customers,3048.75,Premium,Yes
9734-UYXQI,2,49.4,106.55,5,Inactive,44.4,Low Value,Yes
1216-BGTSP,45,108.45,4964.7,11,Champions,4550.97,Premium,No
4138-NAXED,51,81.0,4085.75,8,Loyal Customers,2723.83,High Value,No
2189-UXTKY,22,79.2,1742.75,9,Loyal Customers,1307.06,High Value,Yes
0744-BIKKF,72,86.65,6224.8,11,Champions,5706.07,Premium,No
7483-IQWIB,37,92.95,3415.25,10,Champions,2846.04,High Value,No
5248-KWLAR,71,90.35,6325.25,12,Champions,6325.25,Premium,No
4958-GZWIY,7,48.7,340.25,5,Inactive,141.77,Low Value,Yes
7996-MHXLW,66,25.15,1683.6,7,At Risk,982.1,High Value,No
7833-PKIHD,51,76.4,3966.3,9,Loyal Customers,2974.73,High Value,No
7061-OVMIM,30,19.55,608.5,5,Inactive,253.54,Medium Value,No
5153-RTHKF,34,85.35,2896.6,8,Loyal Customers,1931.07,High Value,No
1852-QSWCD,64,24.8,1514.85,7,At Risk,883.66,High Value,No
4832-VRBMR,65,103.15,6792.45,12,Champions,6792.45,Premium,No
9079-LWTFD,47,100.75,4669.2,11,Champions,4280.1,Premium,No
6356-ELRKD,1,95.6,95.6,8,Loyal Customers,63.73,Low Value,Yes
8624-GIOUT,49,59.75,2934.3,8,Loyal Customers,1956.2,High Value,Yes
3392-EHMNK,67,94.1,6302.8,11,Champions,5777.57,Premium,No
5986-WWXDV,39,19.35,779.2,5,Inactive,324.67,Medium Value,No
3061-BCKYI,14,19.9,283.75,4,Inactive,94.58,Low Value,No
6179-GJPSO,43,108.15,4600.7,11,Champions,4217.31,Premium,Yes
7901-TBKJX,56,101.05,5594.0,11,Champions,5127.83,Premium,No
7228-PAQPD,14,59.1,772.85,6,At Risk,386.42,Medium Value,No
3177-LASXD,1,71.35,71.35,5,Inactive,29.73,Low Value,Yes
7746-QYVCO,16,55.85,857.8,6,At Risk,428.9,Medium Value,No
5804-HYIEZ,70,106.05,7554.05,12,Champions,7554.05,Premium,No
9919-FZDED,72,84.1,5981.65,11,Champions,5483.18,Premium,No
5934-TSSAU,23,75.3,1702.9,7,At Risk,993.36,High Value,No
3486-KHMLI,21,24.7,467.15,5,Inactive,194.65,Medium Value,No
4897-QSUYC,1,20.15,20.15,3,Inactive,5.04,Low Value,Yes
1084-UQCHV,1,69.75,69.75,4,Inactive,23.25,Low Value,Yes
8290-YWKHZ,32,93.2,2931.0,10,Champions,2442.5,High Value,Yes
2955-BJZHG,17,80.85,1400.85,7,At Risk,817.16,High Value,Yes
3806-DXQOM,4,33.65,137.85,4,Inactive,45.95,Low Value,Yes
6784-XYJAE,36,55.8,1941.5,7,At Risk,1132.54,High Value,No
3933-DQPWX,50,39.7,1932.75,7,At Risk,1127.44,High Value,No
6661-EIPZC,48,29.5,1423.05,5,Inactive,592.94,Medium Value,No
8957-THMOA,50,20.15,970.85,5,Inactive,404.52,Medium Value,No
2251-PYLPB,72,79.55,5810.9,11,Champions,5326.66,Premium,No
5555-RNPGT,10,24.8,223.9,5,Inactive,93.29,Low Value,No
1057-FOGLZ,18,19.65,391.7,4,Inactive,130.57,Low Value,No
9300-RENDD,1,79.95,79.95,6,At Risk,39.98,Low Value,Yes
0761-AETCS,1,19.3,19.3,3,Inactive,4.82,Low Value,Yes
8087-LGYHQ,9,94.05,811.65,8,Loyal Customers,541.1,Medium Value,No
4137-BTIKL,2,90.75,174.75,8,Loyal Customers,116.5,Low Value,No
2190-BCXEC,40,78.85,3126.85,8,Loyal Customers,2084.57,High Value,No
6227-FBDXH,69,99.5,6841.45,11,Champions,6271.33,Premium,No
2153-MREFK,37,99.2,3754.6,11,Champions,3441.72,Premium,Yes
2911-WDXMV,18,80.55,1406.65,7,At Risk,820.55,High Value,No
7206-PQBBZ,11,70.2,834.7,5,Inactive,347.79,Medium Value,No
3106-ULWFW,8,85.2,627.4,6,At Risk,313.7,Medium Value,Yes
0925-VYDLG,3,75.25,242.0,6,At Risk,121.0,Low Value,Yes
4547-FZJWE,55,59.45,3157.0,7,At Risk,1841.58,High Value,No
7422-WNBTY,33,93.35,3092.0,10,Champions,2576.67,High Value,No
0842-IWYCP,46,44.95,2168.9,6,At Risk,1084.45,High Value,No
3521-HTQTV,34,26.1,980.35,6,At Risk,490.18,Medium Value,No
3744-ZBHON,3,20.2,65.95,3,Inactive,16.49,Low Value,No
3373-DIUUN,30,21.25,711.9,5,Inactive,296.62,Medium Value,No
8383-SGHJU,33,59.4,1952.8,8,Loyal Customers,1301.87,High Value,No
7607-QKKTJ,45,95.0,4368.85,10,Champions,3640.71,Premium,No
7707-PYBBH,40,61.9,2647.1,8,Loyal Customers,1764.73,High Value,No
8984-HPEMB,71,118.65,8477.6,12,Champions,8477.6,Premium,No
4349-GFQHK,1,54.35,54.35,5,Inactive,22.65,Low Value,Yes
4139-DETXS,72,64.45,4528.0,10,Champions,3773.33,Premium,No
9779-DPNEJ,22,80.15,1790.65,7,At Risk,1044.55,High Value,No
9805-FILKB,46,20.2,845.6,5,Inactive,352.33,Medium Value,No
5793-YOLJN,55,21.0,1210.3,5,Inactive,504.29,Medium Value,No
0673-IGUQO,1,20.45,20.45,3,Inactive,5.11,Low Value,No
4123-FCVCB,12,75.85,854.45,8,Loyal Customers,569.63,Medium Value,No
8819-IMISP,31,80.45,2429.1,8,Loyal Customers,1619.4,High Value,No
7802-EFKNY,5,24.95,100.4,3,Inactive,25.1,Low Value,Yes
8311-UEUAB,67,75.5,5229.45,10,Champions,4357.88,Premium,No
5858-EAFCZ,1,44.45,44.45,4,Inactive,14.82,Low Value,No
8035-BUYVG,40,42.35,1716.45,7,At Risk,1001.26,High Value,Yes
1163-ONYEY,41,74.55,3023.55,10,Champions,2519.63,High Value,No
9787-XVQIU,1,75.3,75.3,6,At Risk,37.65,Low Value,Yes
8945-MUQUF,51,94.8,4837.6,10,Champions,4031.33,Premium,Yes
5656-MJEFC,42,48.15,2032.3,8,Loyal Customers,1354.87,High Value,No
6082-OQFBA,23,19.65,436.9,4,Inactive,145.63,Low Value,No
8051-HJRLT,1,70.55,70.55,5,Inactive,29.4,Low Value,Yes
8974-OVACP,1,20.15,20.15,3,Inactive,5.04,Low Value,No
4010-YLMVT,56,106.6,5893.95,12,Champions,5893.95,Premium,No
1379-FRVEB,15,91.0,1430.05,9,Loyal Customers,1072.54,High Value,No
8612-GXIDD,12,25.4,313.0,5,Inactive,130.42,Low Value,No
6288-CHQJB,54,69.95,3871.85,8,Loyal Customers,2581.23,High Value,No
8160-HOWOX,7,66.85,458.1,5,Inactive,190.88,Medium Value,No
3023-GFLBR,33,86.15,2745.7,8,Loyal Customers,1830.47,High Value,Yes
6648-INWPS,16,20.15,341.35,4,Inactive,113.78,Low Value,No
4223-BKEOR,21,64.85,1336.8,7,At Risk,779.8,Medium Value,No
4079-VTGLK,30,74.85,2181.75,9,Loyal Customers,1636.31,High Value,No
1763-WQFUK,3,50.5,147.75,5,Inactive,61.56,Low Value,No
1391-UBDAR,11,72.9,818.45,7,At Risk,477.43,Medium Value,No
8894-JVDCV,62,115.05,7133.45,12,Champions,7133.45,Premium,No
2023-VQFDL,18,19.0,348.8,4,Inactive,116.27,Low Value,No
1345-GKDZZ,6,19.55,128.6,3,Inactive,32.15,Low Value,No
2014-MKGMH,46,101.1,4674.4,10,Champions,3895.33,Premium,No
5628-FCGYG,21,84.1,1737.45,7,At Risk,1013.51,High Value,No
2560-WBWXF,68,24.15,1498.85,7,At Risk,874.33,High Value,No
0248-IPDFW,1,50.1,50.1,5,Inactive,20.88,Low Value,No
7978-DKUQH,25,74.6,1797.75,7,At Risk,1048.69,High Value,No
4335-UPJSI,24,19.75,498.1,4,Inactive,166.03,Medium Value,No
0524-IAVZO,30,85.0,2624.25,8,Loyal Customers,1749.5,High Value,Yes
2737-YNGYW,2,80.55,184.1,6,At Risk,92.05,Low Value,Yes
1784-EZDKJ,51,106.8,5498.8,11,Champions,5040.57,Premium,No
9297-FVVDH,57,84.5,4845.4,11,Champions,4441.62,Premium,No
8007-YYPWD,15,25.05,369.1,5,Inactive,153.79,Low Value,No
7101-HRBLJ,72,83.7,6096.9,11,Champions,5588.82,Premium,No
5159-YFPKQ,2,75.8,160.75,6,At Risk,80.38,Low Value,Yes
6635-CPNUN,28,96.6,2684.35,9,Loyal Customers,2013.26,High Value,No
4021-RQSNY,29,98.5,3004.15,9,Loyal Customers,2253.11,High Value,Yes
5453-YBTWV,70,101.1,6994.8,12,Champions,6994.8,Premium,No
5039-LZRQT,13,20.2,273.25,4,Inactive,91.08,Low Value,No
2931-VUVJN,59,94.05,5483.9,12,Champions,5483.9,Premium,No
9061-TIHDA,13,95.25,1233.65,9,Loyal Customers,925.24,High Value,Yes
8699-ASUFO,7,74.4,527.9,6,At Risk,263.95,Medium Value,Yes
6418-PIQSP,62,81.0,4985.9,11,Champions,4570.41,Premium,No
8220-OCUFY,21,60.25,1258.35,7,At Risk,734.04,Medium Value,No
3995-WFCSM,2,60.85,111.4,5,Inactive,46.42,Low Value,No
1895-QTKDO,1,43.95,43.95,4,Inactive,14.65,Low Value,No
2038-OEQZH,4,86.05,308.1,6,At Risk,154.05,Low Value,No
1178-PZGAB,19,20.25,383.65,4,Inactive,127.88,Low Value,No
7927-AUXBZ,30,85.15,2555.9,8,Loyal Customers,1703.93,High Value,Yes
2626-VEEWG,67,19.4,1284.2,6,At Risk,642.1,Medium Value,No
2878-RMWXY,72,102.65,7550.3,12,Champions,7550.3,Premium,No
1657-DYMBM,53,19.9,1110.05,5,Inactive,462.52,Medium Value,No
7311-MQJCH,5,19.55,99.6,3,Inactive,24.9,Low Value,No
7375-WMVMT,71,95.5,6707.15,11,Champions,6148.22,Premium,No
1136-XGEQU,50,84.15,4164.4,10,Champions,3470.33,Premium,No
2530-FMFXO,56,103.2,5873.75,12,Champions,5873.75,Premium,No
6844-DZKRF,2,50.2,109.25,5,Inactive,45.52,Low Value,No
4695-WJZUE,2,88.55,179.25,7,At Risk,104.56,Low Value,Yes
7619-ODSGN,24,54.75,1338.15,6,At Risk,669.08,Medium Value,Yes
5970-GHJAW,46,19.95,862.4,5,Inactive,359.33,Medium Value,No
8879-XUAHX,71,116.25,8564.75,12,Champions,8564.75,Premium,No
3689-MOZGR,29,31.2,926.2,4,Inactive,308.73,Medium Value,No
4195-PNGZS,69,24.45,1718.2,7,At Risk,1002.28,High Value,No
5003-XZWWO,71,84.2,5956.85,11,Champions,5460.45,Premium,No
3988-RQIXO,1,91.3,91.3,7,At Risk,53.26,Low Value,Yes
7622-FWGEW,56,85.65,4824.45,11,Champions,4422.41,Premium,No
6922-NCEDI,56,21.2,1238.65,6,At Risk,619.33,Medium Value,No
2514-GINMM,1,79.5,79.5,6,At Risk,39.75,Low Value,Yes
9891-NQDBD,28,25.55,672.2,5,Inactive,280.08,Medium Value,No
6131-IUNXN,19,20.2,382.2,4,Inactive,127.4,Low Value,No
8548-AWOFC,66,63.85,4264.6,9,Loyal Customers,3198.45,Premium,No
9798-DRYDS,17,61.95,1070.7,7,At Risk,624.58,Medium Value,No
8532-UEFWH,52,25.75,1345.85,6,At Risk,672.92,Medium Value,No
6296-DDOOR,19,58.2,1045.25,6,At Risk,522.62,Medium Value,No
7951-VRDVK,36,85.85,3003.55,10,Champions,2502.96,High Value,No
5931-FLJJF,7,70.1,467.55,4,Inactive,155.85,Low Value,Yes
4815-YOSUK,72,104.9,7537.5,12,Champions,7537.5,Premium,No
2659-VXMWZ,67,111.3,7482.1,12,Champions,7482.1,Premium,Yes
0380-NEAVX,34,99.85,3343.15,10,Champions,2785.96,High Value,No
3207-OYBWH,57,95.25,5427.05,11,Champions,4974.8,Premium,Yes
4285-GYRQC,7,86.25,587.1,6,At Risk,293.55,Medium Value,Yes
7216-EWTRS,1,100.8,100.8,8,Loyal Customers,67.2,Low Value,Yes
4365-MSDYN,8,19.55,161.15,3,Inactive,40.29,Low Value,No
7036-TYDEC,69,104.0,7028.5,12,Champions,7028.5,Premium,No
5802-ADBRC,50,104.4,5232.9,11,Champions,4796.82,Premium,No
8076-FEZKJ,10,19.5,225.85,4,Inactive,75.28,Low Value,No
5197-YPYBZ,12,25.25,274.7,5,Inactive,114.46,Low Value,No
8337-MSSXB,14,86.3,1180.95,7,At Risk,688.89,Medium Value,Yes
4312-GVYNH,70,49.85,3370.2,9,Loyal Customers,2527.65,High Value,No
8495-LJDFO,64,108.95,7111.3,12,Champions,7111.3,Premium,No
0839-JTCUD,66,89.9,5958.85,12,Champions,5958.85,Premium,No
5494-WOZRZ,71,82.0,5999.85,11,Champions,5499.86,Premium,No
1302-UHBDD,20,89.95,1648.45,8,Loyal Customers,1098.97,High Value,No
2234-EOFPT,72,79.35,5753.25,11,Champions,5273.81,Premium,No
8619-IJNDK,71,64.05,4492.9,9,Loyal Customers,3369.68,Premium,No
8378-LKJAF,38,101.15,3956.7,10,Champions,3297.25,Premium,No
8182-BJDSI,28,89.95,2625.55,9,Loyal Customers,1969.16,High Value,Yes
2528-HFYZX,17,76.45,1233.4,7,At Risk,719.48,Medium Value,Yes
1153-GNOLC,33,39.1,1309.0,7,At Risk,763.58,Medium Value,No
3298-QEICA,23,34.6,813.45,5,Inactive,338.94,Medium Value,No
0788-DXBFY,58,19.55,1108.8,6,At Risk,554.4,Medium Value,No
3597-YASZG,70,104.45,7349.35,12,Champions,7349.35,Premium,No
3496-LFSZU,4,70.5,294.2,5,Inactive,122.58,Low Value,No
5242-UOWHD,45,20.35,929.2,5,Inactive,387.17,Medium Value,No
2482-CZGBB,10,70.0,740.0,5,Inactive,308.33,Medium Value,Yes
6479-SZPLM,36,19.45,754.5,5,Inactive,314.38,Medium Value,No
8097-VBQTZ,54,69.9,3883.3,8,Loyal Customers,2588.87,High Value,No
4500-HKANN,23,59.7,1414.2,7,At Risk,824.95,High Value,No
9917-KWRBE,41,78.35,3211.2,10,Champions,2676.0,High Value,No
3420-ZDBMA,5,71.45,371.6,5,Inactive,154.83,Low Value,No
2212-LYASK,27,45.85,1246.4,6,At Risk,623.2,Medium Value,No
1393-IMKZG,1,95.85,95.85,8,Loyal Customers,63.9,Low Value,No
8069-RHUXK,67,35.7,2545.7,8,Loyal Customers,1697.13,High Value,No
3398-GCPMU,72,89.55,6448.85,11,Champions,5911.45,Premium,No
2908-WGAXL,56,24.95,1468.9,7,At Risk,856.86,High Value,No
3378-AJRAO,44,24.85,1013.6,6,At Risk,506.8,Medium Value,No
1013-QCWAM,66,100.8,6690.75,11,Champions,6133.19,Premium,No
0866-QLSIR,34,64.4,2088.75,8,Loyal Customers,1392.5,High Value,Yes
6050-FFXES,69,105.35,7240.65,12,Champions,7240.65,Premium,No
7181-BQYBV,1,102.45,102.45,9,Loyal Customers,76.84,Low Value,Yes
0362-RAOQO,40,19.65,830.25,5,Inactive,345.94,Medium Value,No
9554-DFKIC,30,54.45,1588.7,7,At Risk,926.74,High Value,No
5527-ACHSO,11,70.5,829.3,8,Loyal Customers,552.87,Medium Value,No
0829-DDVLK,15,20.1,302.45,4,Inactive,100.82,Low Value,No
1399-UBQIU,11,69.35,712.25,7,At Risk,415.48,Medium Value,No
1813-JLKWR,64,19.8,1336.65,6,At Risk,668.32,Medium Value,No
0336-PIKEI,72,74.4,5360.75,11,Champions,4914.02,Premium,No
7322-OCWHC,72,93.05,6735.05,12,Champions,6735.05,Premium,No
9537-VHDTA,1,51.2,51.2,5,Inactive,21.33,Low Value,No
4957-TIALW,15,65.6,1010.0,7,At Risk,589.17,Medium Value,No
2054-PJOCK,60,80.55,4847.05,11,Champions,4443.13,Premium,No
9150-HEPMB,56,52.7,3019.7,8,Loyal Customers,2013.13,High Value,No
9030-QGZNL,8,20.85,161.65,3,Inactive,40.41,Low Value,No
6204-IEUXJ,3,80.1,217.55,6,At Risk,108.78,Low Value,Yes
3126-WQMGH,49,52.15,2583.75,7,At Risk,1507.19,High Value,No
4529-CKBCL,2,80.2,146.05,6,At Risk,73.03,Low Value,Yes
2506-CLAKW,6,98.15,567.45,9,Loyal Customers,425.59,Medium Value,Yes
7176-WRTNX,70,114.95,7711.25,12,Champions,7711.25,Premium,No
1583-IHQZE,12,112.95,1384.75,10,Champions,1153.96,High Value,Yes
5732-IKGQH,52,104.45,5481.25,11,Champions,5024.48,Premium,No
9239-GZHZE,72,113.65,8124.2,12,Champions,8124.2,Premium,No
7205-BAIAD,40,20.6,827.3,5,Inactive,344.71,Medium Value,No
0151-ONTOV,1,70.9,70.9,5,Inactive,29.54,Low Value,Yes
4140-MUHUG,3,86.85,220.95,6,At Risk,110.48,Low Value,Yes
0093-EXYQL,40,91.55,3673.6,9,Loyal Customers,2755.2,High Value,No
8064-RAVOH,1,49.85,49.85,5,Inactive,20.77,Low Value,No
0219-QAERP,30,19.8,576.65,5,Inactive,240.27,Medium Value,No
0320-JDNQG,23,99.85,2331.3,9,Loyal Customers,1748.48,High Value,Yes
7180-PISOG,1,74.5,74.5,6,At Risk,37.25,Low Value,Yes
9168-INPSZ,44,104.15,4495.65,11,Champions,4121.01,Premium,No
3571-RFHAR,65,109.15,6941.2,12,Champions,6941.2,Premium,Yes
0015-UOCOJ,7,48.2,340.35,5,Inactive,141.81,Low Value,No
5334-AFQJB,72,25.1,1789.9,7,At Risk,1044.11,High Value,No
2754-SDJRD,8,100.15,908.55,8,Loyal Customers,605.7,Medium Value,No
9578-VRMNM,16,65.2,1043.35,7,At Risk,608.62,Medium Value,Yes
1587-FKLZB,66,99.5,6822.15,11,Champions,6253.64,Premium,Yes
6140-QNRQQ,1,71.55,71.55,5,Inactive,29.81,Low Value,Yes
8963-JLGJT,3,55.9,157.55,5,Inactive,65.65,Low Value,No
4307-KTUMW,53,93.9,5029.2,10,Champions,4191.0,Premium,Yes
1465-LNTLJ,8,64.4,581.7,6,At Risk,290.85,Medium Value,No
5440-FLBQG,69,108.4,7318.2,12,Champions,7318.2,Premium,Yes
2135-DQWAQ,5,85.3,420.45,6,At Risk,210.22,Medium Value,No
4056-QHXHZ,72,107.45,7576.7,12,Champions,7576.7,Premium,No
7470-MCQTK,13,48.75,633.4,6,At Risk,316.7,Medium Value,Yes
7488-MXJIV,4,85.65,321.65,6,At Risk,160.82,Low Value,Yes
7401-JIXNM,54,91.3,4965.0,11,Champions,4551.25,Premium,No
9339-FIIJL,72,85.95,6151.9,11,Champions,5639.24,Premium,No
2027-FECZV,12,106.7,1253.9,10,Champions,1044.92,High Value,Yes
2672-DZUOY,1,25.15,25.15,3,Inactive,6.29,Low Value,Yes
4706-DGAHW,1,45.2,45.2,4,Inactive,15.07,Low Value,No
3870-MQAMG,54,110.35,5893.15,11,Champions,5402.05,Premium,Yes
6670-MFRPK,69,79.2,5420.65,9,Loyal Customers,4065.49,Premium,No
6177-PEVRA,48,55.5,2627.35,7,At Risk,1532.62,High Value,No
4800-CZMPC,48,103.25,5037.55,11,Champions,4617.75,Premium,Yes
4813-HQMGZ,8,90.25,743.75,8,Loyal Customers,495.83,Medium Value,No
7579-KKLOE,71,91.25,6589.6,12,Champions,6589.6,Premium,No
7377-DMMRI,2,47.8,92.45,5,Inactive,38.52,Low Value,Yes
8402-EIVQS,67,100.9,6733.15,11,Champions,6172.05,Premium,No
4947-DSMXK,34,97.7,3410.0,10,Champions,2841.67,High Value,No
7245-NIIWQ,3,69.85,199.85,4,Inactive,66.62,Low Value,No
0002-ORFBO,9,65.6,593.3,6,At Risk,296.65,Medium Value,No
3324-OIRTO,71,104.65,7288.4,12,Champions,7288.4,Premium,No
5414-OFQCB,57,90.45,5229.8,11,Champions,4793.98,Premium,No
4967-WPNCF,72,63.7,4464.8,10,Champions,3720.67,Premium,No
8552-OBVRU,48,104.5,5068.05,11,Champions,4645.71,Premium,No
8499-BRXTD,18,20.1,401.85,4,Inactive,133.95,Low Value,No
9154-QDGTH,43,104.3,4451.85,11,Champions,4080.86,Premium,No
8197-BFWVU,72,93.25,6688.95,12,Champions,6688.95,Premium,No
2577-GVSIL,35,73.45,2661.1,9,Loyal Customers,1995.82,High Value,No
9367-OIUXP,4,20.7,73.05,3,Inactive,18.26,Low Value,No
6770-UAYGJ,49,25.25,1211.65,6,At Risk,605.83,Medium Value,No
6463-HHXJR,71,100.5,7030.65,12,Champions,7030.65,Premium,No
7928-VJYAB,11,90.6,1020.2,8,Loyal Customers,680.13,Medium Value,No
1187-WILMM,63,89.4,5597.65,11,Champions,5131.18,Premium,No
9776-OJUZI,65,95.45,6223.3,11,Champions,5704.69,Premium,No
1306-RPWXZ,49,20.45,1024.65,5,Inactive,426.94,Medium Value,No
8949-JTMAY,29,98.6,2933.2,9,Loyal Customers,2199.9,High Value,Yes
2774-LVQUS,15,83.05,1258.3,8,Loyal Customers,838.87,High Value,Yes
3097-PYWXL,4,19.95,82.9,3,Inactive,20.72,Low Value,No
2266-SJNAT,72,109.15,7789.6,12,Champions,7789.6,Premium,No
0869-PAPRP,26,85.7,2067.0,7,At Risk,1205.75,High Value,No
4238-JSSWH,35,102.05,3452.55,10,Champions,2877.13,High Value,No
2972-YDYUW,57,94.7,5468.95,11,Champions,5013.2,Premium,No
1104-FEJAM,28,64.4,1802.15,7,At Risk,1051.25,High Value,No
2809-ILCYT,25,26.8,733.55,5,Inactive,305.65,Medium Value,No
5499-ECUTN,47,66.05,3021.45,8,Loyal Customers,2014.3,High Value,No
4981-FLTMF,57,65.2,3687.85,9,Loyal Customers,2765.89,High Value,No
9121-PHQSR,16,85.05,1391.15,7,At Risk,811.5,High Value,No
3113-IWHLC,5,55.8,274.35,5,Inactive,114.31,Low Value,No
3211-ILJTT,17,70.4,1214.05,6,At Risk,607.02,Medium Value,Yes
4612-THJBS,56,104.75,5510.65,12,Champions,5510.65,Premium,Yes
4277-BWBML,72,19.95,1322.85,6,At Risk,661.42,Medium Value,No
4094-NSEDU,21,94.25,1973.75,9,Loyal Customers,1480.31,High Value,Yes
0234-TEVTT,48,45.0,2196.3,7,At Risk,1281.18,High Value,No
4304-TSPVK,68,114.9,7843.55,12,Champions,7843.55,Premium,No
1552-AAGRX,30,106.4,3211.9,11,Champions,2944.24,High Value,No
2637-FKFSY,3,46.1,130.15,4,Inactive,43.38,Low Value,No
9796-MVYXX,14,39.7,692.35,6,At Risk,346.18,Medium Value,No
7874-ECPQJ,4,20.05,85.5,3,Inactive,21.38,Low Value,No
0020-INWCK,71,95.75,6849.4,11,Champions,6278.62,Premium,No
7089-RKVSZ,8,24.4,203.95,4,Inactive,67.98,Low Value,No
2683-JXWQQ,61,33.6,2117.2,7,At Risk,1235.03,High Value,No
9548-ZMVTX,72,90.45,6565.85,11,Champions,6018.7,Premium,No
8739-XNIKG,5,84.0,424.75,6,At Risk,212.38,Medium Value,No
9755-JHNMN,49,67.4,3306.85,8,Loyal Customers,2204.57,High Value,No
3981-QSVQI,8,19.7,168.9,3,Inactive,42.22,Low Value,No
2789-HQBOU,3,80.35,253.8,6,At Risk,126.9,Low Value,No
9424-CMPOG,9,19.6,197.4,3,Inactive,49.35,Low Value,No
5067-WJEUN,67,54.2,3838.2,8,Loyal Customers,2558.8,High Value,No
3450-WXOAT,46,45.2,2065.15,6,At Risk,1032.58,High Value,No
9251-WNSOD,67,75.1,5064.45,11,Champions,4642.41,Premium,No
6974-DAFLI,55,19.7,1140.05,5,Inactive,475.02,Medium Value,No
2616-UUTFK,33,72.75,2447.45,10,Champions,2039.54,High Value,No
7064-JHXCE,62,20.05,1263.9,6,At Risk,631.95,Medium Value,No
5103-MHMHY,1,45.95,45.95,4,Inactive,15.32,Low Value,Yes
7989-AWGEH,49,39.2,1838.15,7,At Risk,1072.25,High Value,No
4373-VVHQL,1,44.75,44.75,4,Inactive,14.92,Low Value,No
4559-UWIHT,14,82.65,1185.0,8,Loyal Customers,790.0,Medium Value,No
7268-IGMFD,18,93.9,1743.9,9,Loyal Customers,1307.93,High Value,No
1846-XWOQN,1,70.15,70.15,4,Inactive,23.38,Low Value,Yes
0235-KGSLC,1,85.55,85.55,6,At Risk,42.78,Low Value,Yes
6650-BWFRT,72,117.15,8529.5,12,Champions,8529.5,Premium,No
9570-KYEUA,64,99.25,6549.45,12,Champions,6549.45,Premium,No
6993-YGFJV,69,112.55,7806.5,12,Champions,7806.5,Premium,No
2712-SYWAY,1,25.7,25.7,4,Inactive,8.57,Low Value,No
0730-BGQGF,71,90.3,6287.3,12,Champions,6287.3,Premium,No
5498-IBWPI,66,49.4,3251.85,8,Loyal Customers,2167.9,High Value,No
9101-NTIXF,2,19.4,50.6,3,Inactive,12.65,Low Value,No
0013-SMEOE,71,109.7,7904.25,12,Champions,7904.25,Premium,No
9314-QDMDW,11,61.25,729.95,6,At Risk,364.98,Medium Value,No
9308-ANMVE,47,55.3,2654.05,7,At Risk,1548.2,High Value,No
2884-GBPFB,35,70.3,2416.55,6,At Risk,1208.28,High Value,Yes
3757-NJYBX,32,106.35,3520.75,11,Champions,3227.35,Premium,Yes
3413-DHLPB,60,103.75,5969.95,12,Champions,5969.95,Premium,No
7649-PHJVR,11,19.5,226.8,4,Inactive,75.6,Low Value,No
6114-TCFID,29,39.5,1082.75,6,At Risk,541.38,Medium Value,No
3787-TRIAL,21,26.05,565.75,4,Inactive,188.58,Medium Value,No
2573-GYRUU,48,91.05,4370.75,10,Champions,3642.29,Premium,No
5156-UMKOW,3,29.65,90.05,3,Inactive,22.51,Low Value,No
1247-QBVSH,43,50.2,2169.4,7,At Risk,1265.48,High Value,No
6734-GMPVK,5,105.3,550.6,9,Loyal Customers,412.95,Medium Value,No
9822-OAOVB,1,55.45,55.45,5,Inactive,23.1,Low Value,No
6161-ERDGD,71,85.45,6300.85,11,Champions,5775.78,Premium,No
1226-JZNKR,8,19.8,160.05,3,Inactive,40.01,Low Value,No
7318-EIVKO,8,59.25,436.6,5,Inactive,181.92,Medium Value,No
3771-PZOBW,20,90.7,1781.35,9,Loyal Customers,1336.01,High Value,No
5136-KCKGI,33,103.7,3467.0,11,Champions,3178.08,Premium,Yes
8231-BSWXX,71,79.05,5552.5,9,Loyal Customers,4164.38,Premium,No
6486-LHTMA,31,90.7,2835.5,10,Champions,2362.92,High Value,No
4083-BFNYK,38,95.0,3591.25,10,Champions,2992.71,High Value,No
3722-WPXTK,1,88.35,88.35,6,At Risk,44.18,Low Value,Yes
7389-KBFIT,2,30.25,63.75,3,Inactive,15.94,Low Value,No
7176-WIONM,12,49.85,617.15,6,At Risk,308.58,Medium Value,No
5141-ZUVBH,9,93.0,870.25,8,Loyal Customers,580.17,Medium Value,No
1089-HDMKP,11,54.55,601.25,6,At Risk,300.62,Medium Value,No
7623-HKYRK,6,19.7,111.65,3,Inactive,27.91,Low Value,No
0310-SUCIN,71,84.8,6046.1,11,Champions,5542.26,Premium,No
5197-PYEPU,42,94.45,3923.8,10,Champions,3269.83,Premium,No
2929-ERCFZ,8,94.2,777.3,8,Loyal Customers,518.2,Medium Value,Yes
7548-SEPYI,5,96.25,512.45,8,Loyal Customers,341.63,Medium Value,Yes
8835-VSDSE,2,70.7,141.45,5,Inactive,58.94,Low Value,Yes
6619-RPLQZ,45,20.85,892.15,5,Inactive,371.73,Medium Value,No
3275-RHRNE,28,60.0,1682.05,7,At Risk,981.2,High Value,No
3503-TYDAY,43,80.45,3398.9,8,Loyal Customers,2265.93,High Value,No
6901-GOGZG,60,84.95,4984.85,11,Champions,4569.45,Premium,No
1623-NLDOT,42,33.55,1445.3,6,At Risk,722.65,Medium Value,Yes
7021-XSNYE,7,49.65,305.55,6,At Risk,152.78,Low Value,No
9621-OUPYD,25,20.2,507.9,4,Inactive,169.3,Medium Value,No
9898-KZQDZ,40,94.55,3640.45,10,Champions,3033.71,Premium,Yes
8982-NHAVY,27,100.5,2673.45,9,Loyal Customers,2005.09,High Value,No
4307-KWMXE,10,35.75,389.8,6,At Risk,194.9,Medium Value,No
0141-YEAYS,27,86.45,2401.05,8,Loyal Customers,1600.7,High Value,No
2450-ZKEED,11,53.8,651.55,6,At Risk,325.77,Medium Value,No
3694-DELSO,4,38.55,156.1,5,Inactive,65.04,Low Value,No
3893-JRNFS,68,39.9,2796.35,8,Loyal Customers,1864.23,High Value,No
9603-OAIHC,1,70.05,70.05,4,Inactive,23.35,Low Value,No
1133-KXCGE,18,20.1,407.05,4,Inactive,135.68,Low Value,No
5236-PERKL,57,112.95,6465.0,12,Champions,6465.0,Premium,Yes
0142-GVYSN,26,20.3,511.25,4,Inactive,170.42,Medium Value,No
1049-FYSYG,17,35.65,646.05,6,At Risk,323.02,Medium Value,No
7854-FOKSF,1,35.9,35.9,4,Inactive,11.97,Low Value,Yes
2519-FAKOD,38,99.25,3777.15,10,Champions,3147.62,Premium,Yes
8406-LNMHF,59,82.95,4903.15,10,Champions,4085.96,Premium,No
1821-BUCWY,30,55.65,1653.85,7,At Risk,964.75,High Value,No
8263-JQAIK,2,24.45,47.5,3,Inactive,11.88,Low Value,Yes
0023-UYUPN,50,25.2,1306.3,6,At Risk,653.15,Medium Value,No
8314-DPQHL,9,50.8,463.6,6,At Risk,231.8,Medium Value,No
1465-WCZVT,3,19.65,60.65,3,Inactive,15.16,Low Value,No
9481-SFCQY,14,59.8,824.85,6,At Risk,412.42,Medium Value,No
6360-SVNWV,31,73.55,2094.65,8,Loyal Customers,1396.43,High Value,No
0567-GGCAC,7,61.4,438.9,6,At Risk,219.45,Medium Value,No
7089-IVVAZ,8,103.35,847.3,9,Loyal Customers,635.47,Medium Value,Yes
8884-MRNSU,17,19.9,329.75,4,Inactive,109.92,Low Value,No
2171-UDMFD,32,19.45,674.55,5,Inactive,281.06,Medium Value,No
9050-IKDZA,2,81.5,162.55,6,At Risk,81.28,Low Value,No
2205-YMZZJ,7,84.8,546.95,6,At Risk,273.48,Medium Value,Yes
9802-CAQUT,72,109.55,7887.25,12,Champions,7887.25,Premium,No
1254-IZEYF,31,99.95,3186.65,10,Champions,2655.54,High Value,Yes
0187-WZNAB,27,74.4,1972.35,7,At Risk,1150.54,High Value,No
9492-TOKRI,18,90.0,1527.35,9,Loyal Customers,1145.51,High Value,Yes
1475-VWVDO,7,74.9,490.55,6,At Risk,245.28,Medium Value,No
9221-OTIVJ,14,104.85,1531.4,10,Champions,1276.17,High Value,Yes
1357-MVDOZ,11,59.65,683.25,6,At Risk,341.62,Medium Value,No
7602-MVRMB,72,110.45,8058.85,12,Champions,8058.85,Premium,No
3325-FUYCG,28,106.1,2847.4,10,Champions,2372.83,High Value,Yes
5908-QMGOE,15,74.2,1133.9,7,At Risk,661.44,Medium Value,Yes
1197-BVMVG,4,74.45,294.45,6,At Risk,147.22,Low Value,No
5406-KGRMX,71,24.55,1719.15,7,At Risk,1002.84,High Value,No
8481-YYXWG,5,89.35,461.7,7,At Risk,269.32,Medium Value,Yes
5968-HYJRZ,47,24.55,1160.45,6,At Risk,580.22,Medium Value,No
5198-EFNBM,57,90.65,5199.8,11,Champions,4766.48,Premium,No
7516-GMHUV,50,105.05,5163.3,11,Champions,4733.02,Premium,No
7140-ADSMJ,8,20.45,162.3,3,Inactive,40.58,Low Value,No
2230-XTUWL,48,19.55,883.35,5,Inactive,368.06,Medium Value,No
7706-YLMQA,70,19.7,1341.5,6,At Risk,670.75,Medium Value,No
2585-KTFRE,1,70.45,70.45,7,At Risk,41.1,Low Value,No
7994-UYIVZ,8,85.65,659.45,6,At Risk,329.72,Medium Value,No
2609-IAICY,1,77.15,77.15,6,At Risk,38.58,Low Value,Yes
1740-CSDJP,1,35.25,35.25,3,Inactive,8.81,Low Value,Yes
7717-BICXI,60,20.55,1205.05,6,At Risk,602.52,Medium Value,No
6559-RAKOZ,49,97.95,4917.9,10,Champions,4098.25,Premium,No
2636-OHFMN,4,48.55,201.0,5,Inactive,83.75,Low Value,Yes
4716-MRVEN,29,20.0,599.3,4,Inactive,199.77,Medium Value,No
2143-LJULT,67,25.25,1733.15,7,At Risk,1011.0,High Value,No
1323-OOEPC,53,98.4,5149.5,10,Champions,4291.25,Premium,Yes
3200-MNQTF,67,70.9,4677.1,11,Champions,4287.34,Premium,No
6164-HXUGH,6,19.85,119.3,3,Inactive,29.82,Low Value,No
5630-IXDXV,47,106.35,4849.1,11,Champions,4445.01,Premium,No
0320-DWVTU,53,99.5,5424.25,11,Champions,4972.23,Premium,No
9135-MGVPY,69,84.7,5878.9,11,Champions,5388.99,Premium,No
1212-GLHMD,3,86.05,244.85,6,At Risk,122.42,Low Value,No
7878-JGDKK,4,44.55,220.75,4,Inactive,73.58,Low Value,No
1088-AUUZZ,56,75.85,4261.2,11,Champions,3906.1,Premium,No
0397-GZBBC,59,93.85,5574.75,11,Champions,5110.19,Premium,Yes
6614-YWYSC,61,25.0,1501.75,7,At Risk,876.02,High Value,No
9588-OZDMQ,2,45.0,89.75,4,Inactive,29.92,Low Value,No
7641-EUYET,46,100.7,4541.2,11,Champions,4162.77,Premium,Yes
6476-EPYZR,12,20.5,255.5,4,Inactive,85.17,Low Value,No
9921-ZVRHG,14,80.45,1072.0,7,At Risk,625.33,Medium Value,Yes
1174-FGIFN,28,90.45,2509.25,9,Loyal Customers,1881.94,High Value,No
6620-HVDUJ,24,60.45,1440.75,7,At Risk,840.44,High Value,No
4701-MLJPN,31,55.25,1715.65,7,At Risk,1000.8,High Value,Yes
1032-MAELW,68,78.45,5333.35,11,Champions,4888.9,Premium,No
7641-TQFHN,39,100.55,3895.35,10,Champions,3246.12,Premium,No
1552-TKMXS,42,20.35,869.9,5,Inactive,362.46,Medium Value,No
9206-GVPEQ,13,54.45,706.85,7,At Risk,412.33,Medium Value,Yes
8622-ZLFKO,6,90.75,512.25,8,Loyal Customers,341.5,Medium Value,No
1596-BBVTG,35,75.35,2636.05,8,Loyal Customers,1757.37,High Value,Yes
6188-UXBBR,38,20.25,814.75,5,Inactive,339.48,Medium Value,No
2333-KWEWW,18,20.05,388.6,4,Inactive,129.53,Low Value,No
5702-SKUOB,4,19.6,93.45,3,Inactive,23.36,Low Value,No
1134-YWTYF,27,53.8,1389.85,6,At Risk,694.92,Medium Value,No
6061-GWWAV,41,70.2,2894.55,8,Loyal Customers,1929.7,High Value,No
0679-TDGAK,50,75.5,4025.6,9,Loyal Customers,3019.2,Premium,No
6585-WCEWR,72,20.35,1354.4,6,At Risk,677.2,Medium Value,No
9067-YGSCA,70,26.05,1856.4,7,At Risk,1082.9,High Value,No
9067-SQTNS,44,20.6,926.0,5,Inactive,385.83,Medium Value,No
8433-WXGNA,2,75.7,189.2,6,At Risk,94.6,Low Value,Yes
1776-SPBWV,34,20.1,682.1,5,Inactive,284.21,Medium Value,No
8735-SDUFN,72,24.3,1778.7,7,At Risk,1037.58,High Value,No
9668-PUGNU,71,24.5,1816.2,7,At Risk,1059.45,High Value,No
9405-GPBBG,64,110.5,7069.25,12,Champions,7069.25,Premium,No
1926-QUZNN,72,25.25,1841.2,7,At Risk,1074.03,High Value,No
3707-GNWHM,1,74.25,74.25,6,At Risk,37.12,Low Value,Yes
7016-NVRIC,29,90.1,2656.7,9,Loyal Customers,1992.52,High Value,No
5829-NVSQN,23,68.75,1689.45,7,At Risk,985.51,High Value,No
9565-AXSMR,52,19.2,1054.75,5,Inactive,439.48,Medium Value,No
8922-LIEGH,25,89.7,2187.55,8,Loyal Customers,1458.37,High Value,Yes
8869-LIHMK,64,115.1,7334.05,12,Champions,7334.05,Premium,No
8245-UMPYT,16,96.4,1581.2,9,Loyal Customers,1185.9,High Value,Yes
5186-SAMNZ,1,69.5,69.5,4,Inactive,23.17,Low Value,Yes
0447-RXSGD,24,99.65,2404.85,9,Loyal Customers,1803.64,High Value,No
4927-WWOOZ,2,91.45,171.45,8,Loyal Customers,114.3,Low Value,No
5788-YPOEG,34,84.75,2839.45,10,Champions,2366.21,High Value,No
5373-SFODM,36,85.25,3132.75,8,Loyal Customers,2088.5,High Value,Yes
0661-KBKPA,53,78.75,3942.45,10,Champions,3285.38,Premium,No
9081-WWXKP,47,20.25,873.4,5,Inactive,363.92,Medium Value,No
0784-ZQJZX,72,19.9,1529.65,6,At Risk,764.82,Medium Value,No
3133-PZNSR,72,97.75,6991.6,12,Champions,6991.6,Premium,No
5766-ZJYBB,1,19.4,19.4,3,Inactive,4.85,Low Value,Yes
8931-GJJIQ,9,83.3,803.3,6,At Risk,401.65,Medium Value,Yes
4277-PVRAN,8,80.1,679.3,6,At Risk,339.65,Medium Value,Yes
0022-TCJCI,45,62.7,2791.5,8,Loyal Customers,1861.0,High Value,Yes
0722-SVSFK,7,100.4,715.0,8,Loyal Customers,476.67,Medium Value,No
3612-YVGSJ,71,24.45,1681.6,7,At Risk,980.93,High Value,No
9825-YCXWZ,41,101.1,4016.2,10,Champions,3346.83,Premium,No
5397-NSKQG,67,50.9,3281.65,8,Loyal Customers,2187.77,High Value,No
8565-HBFNN,69,107.2,7317.1,12,Champions,7317.1,Premium,No
2000-DHJUY,70,92.2,6474.45,12,Champions,6474.45,Premium,No
0203-HHYIJ,25,25.3,676.35,5,Inactive,281.81,Medium Value,Yes
8670-ERCJH,72,113.4,8164.1,12,Champions,8164.1,Premium,No
7758-UJWYS,34,40.55,1325.85,7,At Risk,773.41,Medium Value,No
2050-ONYDQ,65,26.0,1654.85,7,At Risk,965.33,High Value,No
7055-JCGNI,70,111.95,7795.95,12,Champions,7795.95,Premium,No
0739-UUAJR,72,53.8,3952.45,9,Loyal Customers,2964.34,High Value,No
4826-DXMUP,35,72.1,2495.15,9,Loyal Customers,1871.36,High Value,No
0952-KMEEH,13,98.15,1230.25,9,Loyal Customers,922.69,High Value,Yes
7285-KLOTR,12,78.85,876.75,9,Loyal Customers,657.56,Medium Value,No
0654-PQKDW,62,70.75,4263.45,10,Champions,3552.88,Premium,No
7175-NTIXE,25,76.15,1992.95,8,Loyal Customers,1328.63,High Value,No
7963-SHNDT,52,39.1,1982.1,7,At Risk,1156.22,High Value,No
9796-BPKIW,8,69.95,562.7,4,Inactive,187.57,Medium Value,No
0188-GWFLE,2,20.05,33.7,3,Inactive,8.43,Low Value,No
8129-GMVGI,56,20.05,1090.1,6,At Risk,545.05,Medium Value,No
2882-DDZPG,12,19.45,227.45,4,Inactive,75.82,Low Value,No
3547-LQRIK,47,26.9,1250.85,6,At Risk,625.42,Medium Value,No
9137-NOQKA,2,19.2,37.2,3,Inactive,9.3,Low Value,No
5843-TTHGI,18,50.0,892.7,6,At Risk,446.35,Medium Value,No
1849-RJYIG,8,60.0,487.75,5,Inactive,203.23,Medium Value,No
8868-GAGIO,45,84.55,3713.95,9,Loyal Customers,2785.46,High Value,No
4061-UKJWL,3,45.45,141.7,4,Inactive,47.23,Low Value,No
5380-XPJNZ,38,20.05,678.2,5,Inactive,282.58,Medium Value,No
8263-QMNTJ,72,115.55,8425.3,12,Champions,8425.3,Premium,No
8178-EYZUO,46,93.7,4154.8,10,Champions,3462.33,Premium,Yes
3230-JCNZS,71,99.0,7061.65,12,Champions,7061.65,Premium,No
0277-ORXQS,66,50.55,3364.55,8,Loyal Customers,2243.03,High Value,No
5130-IEKQT,25,105.95,2655.25,10,Champions,2212.71,High Value,Yes
3230-WYKIR,18,82.0,1425.45,9,Loyal Customers,1069.09,High Value,Yes
7996-BPXHY,13,25.0,332.5,5,Inactive,138.54,Low Value,No
3227-WLKLI,65,91.55,5963.95,12,Champions,5963.95,Premium,No
0407-BDJKB,60,95.75,5742.9,11,Champions,5264.32,Premium,Yes
2266-FUBDZ,15,19.35,278.85,4,Inactive,92.95,Low Value,No
8237-ULIXL,72,24.85,1871.85,7,At Risk,1091.91,High Value,No
9600-UDOPK,30,94.05,2866.45,10,Champions,2388.71,High Value,Yes
8216-AZUUZ,42,100.4,4303.65,10,Champions,3586.38,Premium,No
9153-BTBVV,71,25.0,1753.0,7,At Risk,1022.58,High Value,No
4074-SJFFA,1,54.75,54.75,5,Inactive,22.81,Low Value,Yes
3269-ATYWD,39,95.65,3759.05,10,Champions,3132.54,Premium,Yes
5186-PEIZU,35,19.25,617.65,5,Inactive,257.35,Medium Value,No
1074-AMIOH,53,108.25,5935.1,11,Champions,5440.51,Premium,No
4910-GMJOT,1,94.6,94.6,8,Loyal Customers,63.07,Low Value,Yes
0354-WYROK,31,98.9,2911.3,10,Champions,2426.08,High Value,Yes
4361-FEBGN,48,20.15,982.95,5,Inactive,409.56,Medium Value,No
7748-UMTRK,30,101.3,2974.5,10,Champions,2478.75,High Value,No
0380-ZCSBI,10,20.0,198.7,4,Inactive,66.23,Low Value,No
7145-FEJWU,12,105.3,1275.65,10,Champions,1063.04,High Value,No
6463-MVYRY,57,69.85,4003.0,9,Loyal Customers,3002.25,High Value,No
3969-JQABI,58,65.25,3791.6,9,Loyal Customers,2843.7,High Value,No
9624-EGDEQ,37,19.8,813.3,5,Inactive,338.88,Medium Value,No
1051-EQPZR,44,19.6,780.25,5,Inactive,325.1,Medium Value,No
5849-ASHZJ,27,20.05,552.9,4,Inactive,184.3,Medium Value,No
5780-INQIK,8,49.4,408.25,5,Inactive,170.1,Medium Value,No
7576-OYWBN,3,76.05,231.8,6,At Risk,115.9,Low Value,Yes
4526-ZJJTM,25,88.4,2191.15,8,Loyal Customers,1460.77,High Value,No
8384-FZBJK,57,100.6,5611.7,11,Champions,5144.06,Premium,No
3750-RNQKR,12,19.45,246.25,4,Inactive,82.08,Low Value,No
0962-CQPWQ,62,20.3,1296.15,6,At Risk,648.08,Medium Value,No
3096-YXENJ,65,107.65,7082.85,12,Champions,7082.85,Premium,No
1265-BCFEO,71,80.45,5662.25,11,Champions,5190.4,Premium,No
5837-LXSDN,21,58.85,1215.45,6,At Risk,607.72,Medium Value,No
5945-AZYHT,71,109.6,7854.15,12,Champions,7854.15,Premium,No
8325-QRPZR,7,75.15,525.0,6,At Risk,262.5,Medium Value,No
6384-VMJHP,72,73.0,5265.2,11,Champions,4826.43,Premium,No
2262-SLNVK,1,70.1,70.1,4,Inactive,23.37,Low Value,No
7730-CLDSV,72,98.65,7129.45,12,Champions,7129.45,Premium,No
1135-HIORI,64,111.45,7266.95,12,Champions,7266.95,Premium,No
0164-APGRB,72,114.9,8496.7,12,Champions,8496.7,Premium,No
6481-ESCNL,29,100.55,2878.75,9,Loyal Customers,2159.06,High Value,No
1790-NESIO,13,20.4,261.3,4,Inactive,87.1,Low Value,No
1550-EENBN,31,104.35,3205.6,11,Champions,2938.47,High Value,No
5539-TMZLF,1,69.75,69.75,4,Inactive,23.25,Low Value,Yes
4323-SADQS,7,34.5,279.25,4,Inactive,93.08,Low Value,Yes
4446-BZKHU,61,105.55,6281.45,12,Champions,6281.45,Premium,Yes
5202-IVJNU,39,30.1,1131.3,5,Inactive,471.38,Medium Value,Yes
5976-JCJRH,10,70.3,738.2,5,Inactive,307.58,Medium Value,Yes
8198-RKSZG,14,80.45,1137.05,9,Loyal Customers,852.79,High Value,No
0137-OCGAB,1,80.2,80.2,6,At Risk,40.1,Low Value,Yes
3351-NQLDI,67,94.35,6341.45,11,Champions,5813.0,Premium,Yes
9297-EONCV,72,91.35,6697.2,12,Champions,6697.2,Premium,No
7593-JNWRU,6,44.6,260.8,4,Inactive,86.93,Low Value,Yes
4588-YBNIB,1,19.6,19.6,3,Inactive,4.9,Low Value,Yes
1069-QJOEE,25,19.9,505.45,4,Inactive,168.48,Medium Value,No
3336-JORSO,33,110.45,3655.45,11,Champions,3350.83,Premium,Yes
7799-DSEWS,18,68.35,1299.8,7,At Risk,758.22,Medium Value,No
8766-PAFNE,71,79.1,5564.85,11,Champions,5101.11,Premium,No
5315-CKEQK,28,51.0,1381.8,6,At Risk,690.9,Medium Value,No
3130-ICDUP,2,80.55,188.1,6,At Risk,94.05,Low Value,No
0820-FNRNX,17,66.7,1077.05,7,At Risk,628.28,Medium Value,No
0880-FVFWF,56,86.4,4922.4,10,Champions,4102.0,Premium,No
4611-ANLQC,60,50.05,2911.5,9,Loyal Customers,2183.62,High Value,No
4213-HKBJO,33,25.7,826.1,6,At Risk,413.05,Medium Value,No
2792-LSHWX,1,83.4,83.4,7,At Risk,48.65,Low Value,No
5028-GZLDO,2,70.7,140.7,5,Inactive,58.62,Low Value,Yes
0014-BMAQU,63,84.65,5377.8,10,Champions,4481.5,Premium,No
6861-XWTWQ,7,99.25,665.45,8,Loyal Customers,443.63,Medium Value,Yes
9018-PCIOK,55,64.75,3617.1,8,Loyal Customers,2411.4,High Value,No
4837-QUSFT,65,100.15,6643.5,12,Champions,6643.5,Premium,No
6877-TJMBR,1,84.8,84.8,6,At Risk,42.4,Low Value,Yes
9953-ZMKSM,63,25.25,1559.3,7,At Risk,909.59,High Value,No
0907-HQNTS,70,113.0,7987.6,12,Champions,7987.6,Premium,No
7665-NKLAV,36,40.65,1547.35,7,At Risk,902.62,High Value,No
6769-DCQLI,52,105.0,5426.85,11,Champions,4974.61,Premium,Yes
2433-KMEAS,22,54.45,1127.35,6,At Risk,563.67,Medium Value,Yes
4391-LNRXK,22,94.95,2142.8,9,Loyal Customers,1607.1,High Value,No
8250-ZNGGW,5,59.9,287.85,6,At Risk,143.93,Low Value,No
2195-ZRVAX,47,85.3,4045.65,8,Loyal Customers,2697.1,High Value,Yes
3550-SAHFP,33,83.35,2757.85,8,Loyal Customers,1838.57,High Value,Yes
2011-TRQYE,18,33.5,600.0,5,Inactive,250.0,Medium Value,Yes
8562-GHPPI,1,19.8,19.8,3,Inactive,4.95,Low Value,No
5893-PYOLZ,56,81.8,4534.45,11,Champions,4156.58,Premium,No
4986-MXSFP,2,20.0,40.9,3,Inactive,10.22,Low Value,No
6131-FOYAS,35,59.6,2094.9,8,Loyal Customers,1396.6,High Value,No
3027-YNWZU,64,25.0,1584.8,7,At Risk,924.47,High Value,No
5609-IMCGG,15,84.35,1302.65,8,Loyal Customers,868.43,High Value,No
4873-ILOLJ,24,90.35,2238.5,8,Loyal Customers,1492.33,High Value,Yes
4727-MCYZG,1,55.55,55.55,5,Inactive,23.15,Low Value,No
9481-WHGWY,70,75.35,5437.75,10,Champions,4531.46,Premium,No
2725-KXXWT,1,90.75,90.75,7,At Risk,52.94,Low Value,Yes
9565-DJPIB,4,89.6,365.65,7,At Risk,213.3,Medium Value,Yes
4328-VUFWD,39,59.3,2209.15,7,At Risk,1288.67,High Value,No
3301-LSLWQ,29,66.1,1912.15,7,At Risk,1115.42,High Value,No
7473-ZBDSN,14,18.8,255.55,4,Inactive,85.18,Low Value,No
3166-PNEOF,61,86.45,5175.3,11,Champions,4744.02,Premium,No
5639-NTUPK,13,52.1,670.65,6,At Risk,335.32,Medium Value,No
8780-YRMTT,66,47.4,3177.25,9,Loyal Customers,2382.94,High Value,No
8348-HFYIV,2,49.25,90.35,5,Inactive,37.65,Low Value,Yes
5140-FOMCQ,59,109.15,6557.75,12,Champions,6557.75,Premium,No
6242-SGYTS,62,94.95,5791.85,11,Champions,5309.2,Premium,No
8166-ORCHU,33,93.55,3055.5,10,Champions,2546.25,High Value,No
8414-OOEEL,66,79.5,5196.1,11,Champions,4763.09,Premium,No
8454-AATJP,72,115.05,8405.0,12,Champions,8405.0,Premium,No
6849-WLEYG,1,19.75,19.75,3,Inactive,4.94,Low Value,Yes
4659-NZRUF,19,95.15,1789.25,9,Loyal Customers,1341.94,High Value,Yes
4531-AUZNK,51,95.15,5000.05,10,Champions,4166.71,Premium,No
4191-XOVOM,63,105.4,6713.2,12,Champions,6713.2,Premium,No
2150-OEGBV,27,20.1,562.6,4,Inactive,187.53,Medium Value,No
8429-XIBUM,22,101.35,2317.1,9,Loyal Customers,1737.82,High Value,Yes
1855-CFULU,4,20.05,91.45,3,Inactive,22.86,Low Value,No
4878-BUNFV,42,20.7,828.85,5,Inactive,345.35,Medium Value,No
1872-EBWSC,29,20.35,617.35,4,Inactive,205.78,Medium Value,No
2608-BHKFN,4,70.05,266.9,4,Inactive,88.97,Low Value,Yes
7026-YMSBE,30,19.7,625.05,5,Inactive,260.44,Medium Value,No
7341-LXCAF,4,74.65,301.4,6,At Risk,150.7,Low Value,Yes
6997-UVGOX,71,85.45,6029.9,11,Champions,5527.41,Premium,No
9674-EHPPG,46,40.4,1842.7,7,At Risk,1074.91,High Value,No
9462-MJUAW,4,50.4,206.6,5,Inactive,86.08,Low Value,Yes
8128-YVJRG,7,79.65,604.7,6,At Risk,302.35,Medium Value,Yes
5440-VHLUL,69,105.2,7386.05,12,Champions,7386.05,Premium,No
5781-BKHOP,72,100.65,7334.05,12,Champions,7334.05,Premium,No
4283-FUTGF,19,79.85,1471.75,7,At Risk,858.52,High Value,Yes
5213-TWWJU,28,91.0,2626.15,9,Loyal Customers,1969.61,High Value,No
1569-TTNYJ,5,78.75,412.1,6,At Risk,206.05,Medium Value,Yes
8628-MFKAX,72,116.75,8277.05,12,Champions,8277.05,Premium,No
2397-BRLOM,8,80.45,583.45,6,At Risk,291.73,Medium Value,Yes
7629-WIXZF,7,59.1,369.25,5,Inactive,153.85,Low Value,No
5445-GLVOT,22,49.8,1049.05,6,At Risk,524.52,Medium Value,No
3976-HXHCE,72,19.3,1414.8,6,At Risk,707.4,Medium Value,No
2466-NEJOJ,8,19.65,169.75,3,Inactive,42.44,Low Value,No
0254-KCJGT,52,81.4,4354.45,10,Champions,3628.71,Premium,No
5472-CVMDX,68,38.9,2719.2,8,Loyal Customers,1812.8,High Value,No
6461-SZMCV,71,87.95,6365.35,11,Champions,5834.9,Premium,No
8150-QUDFX,2,19.85,51.6,3,Inactive,12.9,Low Value,No
9508-ILZDG,34,96.35,3190.25,10,Champions,2658.54,High Value,No
2346-DJQTB,35,24.15,812.5,5,Inactive,338.54,Medium Value,No
1697-LYYYX,61,19.1,1143.8,6,At Risk,571.9,Medium Value,No
1942-OQFRW,1,44.0,44.0,4,Inactive,14.67,Low Value,No
4749-VFKVB,1,50.1,50.1,5,Inactive,20.88,Low Value,Yes
9640-ZSLDC,53,60.6,3297.0,7,At Risk,1923.25,High Value,No
4231-LZUYM,72,25.65,1887.0,7,At Risk,1100.75,High Value,No
7598-UAASY,2,76.4,151.8,6,At Risk,75.9,Low Value,Yes
7938-OUHIO,3,98.7,293.65,8,Loyal Customers,195.77,Medium Value,Yes
8510-AWCXC,13,100.8,1308.1,9,Loyal Customers,981.08,High Value,Yes
6128-AQBMT,41,53.95,2215.4,8,Loyal Customers,1476.93,High Value,No
3594-BDSOA,24,20.4,482.8,4,Inactive,160.93,Low Value,No
0431-APWVY,28,90.1,2598.95,8,Loyal Customers,1732.63,High Value,Yes
5133-VRSAB,8,29.35,216.45,3,Inactive,54.11,Low Value,No
5996-DAOQL,1,20.45,20.45,3,Inactive,5.11,Low Value,No
6838-YAUVY,54,95.1,5064.85,10,Champions,4220.71,Premium,No
0484-JPBRU,41,25.25,996.45,6,At Risk,498.22,Medium Value,No
7883-ROJOC,19,44.9,839.65,5,Inactive,349.85,Medium Value,No
0244-LGNFY,72,92.65,6733.0,12,Champions,6733.0,Premium,No
7274-CGTOD,62,43.7,2618.3,9,Loyal Customers,1963.72,High Value,No
4295-YURET,56,72.6,4084.35,10,Champions,3403.62,Premium,No
3426-NIYYL,15,51.55,765.5,6,At Risk,382.75,Medium Value,Yes
8225-BTJAU,10,79.25,793.55,7,At Risk,462.9,Medium Value,Yes
4635-EJYPD,32,18.95,613.95,5,Inactive,255.81,Medium Value,No
1866-ZSLJM,21,20.5,402.85,4,Inactive,134.28,Low Value,No
4636-TVXVG,62,19.95,1244.8,6,At Risk,622.4,Medium Value,No
4236-UJPWO,2,24.5,46.4,3,Inactive,11.6,Low Value,No
9392-XBGTD,27,20.6,581.85,4,Inactive,193.95,Medium Value,No
3387-VATUS,5,94.85,462.8,8,Loyal Customers,308.53,Medium Value,Yes
6402-SSEJG,25,61.05,1540.2,7,At Risk,898.45,High Value,No
1143-NMNQJ,2,85.7,169.8,6,At Risk,84.9,Low Value,Yes
1169-SAOCL,49,106.65,5168.1,11,Champions,4737.42,Premium,No
1110-KYLGQ,63,108.25,6780.1,12,Champions,6780.1,Premium,No
9929-PLVPA,4,20.4,94.5,3,Inactive,23.62,Low Value,No
3518-PZXZQ,1,55.3,55.3,5,Inactive,23.04,Low Value,No
2371-JUNGC,11,20.25,208.0,4,Inactive,69.33,Low Value,No
7693-QPEFS,52,72.95,3829.75,8,Loyal Customers,2553.17,High Value,No
0924-BJCRC,60,89.45,5294.6,10,Champions,4412.17,Premium,No
5074-FBGHB,64,104.65,6889.8,12,Champions,6889.8,Premium,No
2351-BKRZW,43,75.2,3254.35,9,Loyal Customers,2440.76,High Value,No
4455-BFSPD,61,101.15,6383.9,11,Champions,5851.91,Premium,No
0415-MOSGF,1,44.4,44.4,4,Inactive,14.8,Low Value,Yes
1724-BQUHA,5,89.5,477.7,6,At Risk,238.85,Medium Value,Yes
3948-KXDUF,66,68.75,4447.55,10,Champions,3706.29,Premium,No
2323-ARSVR,67,111.05,7321.05,12,Champions,7321.05,Premium,No
0815-MFZGM,42,99.0,4135.0,10,Champions,3445.83,Premium,No
4826-XTSOH,1,86.05,86.05,6,At Risk,43.02,Low Value,Yes
5480-XTFFL,31,21.0,697.7,5,Inactive,290.71,Medium Value,No
8295-FHIVV,7,19.4,168.65,3,Inactive,42.16,Low Value,No
2495-INZWQ,4,44.55,174.3,5,Inactive,72.63,Low Value,Yes
9086-YJYXS,34,77.2,2753.8,9,Loyal Customers,2065.35,High Value,No
1179-INLAT,3,19.45,69.25,3,Inactive,17.31,Low Value,No
7909-FIOIY,19,24.85,434.8,4,Inactive,144.93,Low Value,No
4139-SUGLD,31,35.4,1077.5,6,At Risk,538.75,Medium Value,Yes
6857-VWJDT,1,95.65,95.65,8,Loyal Customers,63.77,Low Value,Yes
6351-SCJKT,3,41.35,107.25,5,Inactive,44.69,Low Value,No
5468-BPMMO,46,19.6,851.2,5,Inactive,354.67,Medium Value,No
5624-BQSSA,1,20.95,20.95,3,Inactive,5.24,Low Value,Yes
0197-PNKNK,69,84.45,5848.6,10,Champions,4873.83,Premium,No
2439-QKJUL,5,20.25,109.8,3,Inactive,27.45,Low Value,No
1194-SPVSP,1,19.65,19.65,3,Inactive,4.91,Low Value,No
9534-NSXEM,26,20.65,595.5,4,Inactive,198.5,Medium Value,No
2408-WITXK,10,34.7,329.8,4,Inactive,109.93,Low Value,Yes
8929-KSWIH,25,99.3,2513.5,9,Loyal Customers,1885.12,High Value,No
2250-IVBWA,64,81.05,5135.35,9,Loyal Customers,3851.51,Premium,No
1810-MVMAI,30,67.6,2000.2,9,Loyal Customers,1500.15,High Value,No
9506-UXUSK,13,70.15,931.75,5,Inactive,388.23,Medium Value,No
1229-RCALF,64,115.0,7396.15,12,Champions,7396.15,Premium,No
3572-UOLYZ,46,84.8,3958.85,9,Loyal Customers,2969.14,High Value,No
1429-UYJSV,12,19.7,260.9,4,Inactive,86.97,Low Value,No
5577-OTWWW,15,19.75,297.3,4,Inactive,99.1,Low Value,Yes
6100-QQHEB,17,92.55,1515.1,9,Loyal Customers,1136.32,High Value,Yes
6366-XIVKZ,13,63.15,816.8,7,At Risk,476.47,Medium Value,No
3470-OBUET,67,74.0,4868.4,11,Champions,4462.7,Premium,No
2770-NSVDG,24,29.1,688.0,4,Inactive,229.33,Medium Value,No
9375-MHRRS,6,50.05,288.35,5,Inactive,120.15,Low Value,No
2634-HCZGT,53,60.05,3229.65,8,Loyal Customers,2153.1,High Value,Yes
7503-QQRVF,16,74.3,1178.25,7,At Risk,687.31,Medium Value,Yes
4860-YZGZM,10,20.0,185.4,4,Inactive,61.8,Low Value,No
6599-GZWCM,13,74.65,966.25,7,At Risk,563.65,Medium Value,No
2691-NZETQ,9,85.35,758.6,6,At Risk,379.3,Medium Value,Yes
4404-HIBDJ,25,74.3,1863.8,9,Loyal Customers,1397.85,High Value,Yes
5533-NHFRF,7,44.4,265.8,5,Inactive,110.75,Low Value,No
7037-MTYVW,38,85.4,3297.0,10,Champions,2747.5,High Value,No
4760-THGOT,43,94.1,4107.3,10,Champions,3422.75,Premium,No
7295-JOMMD,4,98.1,396.3,8,Loyal Customers,264.2,Medium Value,Yes
4016-BJKTZ,25,108.9,2809.05,10,Champions,2340.88,High Value,No
6584-VQMYT,27,56.2,1567.55,6,At Risk,783.78,Medium Value,No
9838-BFCQT,72,26.1,1851.45,7,At Risk,1080.01,High Value,No
2790-XUYMV,71,85.45,6028.95,10,Champions,5024.12,Premium,No
0581-MDMPW,24,88.95,2072.75,8,Loyal Customers,1381.83,High Value,No
5013-SBUIH,50,109.65,5551.15,11,Champions,5088.55,Premium,Yes
1023-BQXZE,57,74.35,4317.35,10,Champions,3597.79,Premium,No
9163-GHAYE,15,48.85,736.8,6,At Risk,368.4,Medium Value,No
3904-UKFRE,4,80.1,336.15,6,At Risk,168.08,Medium Value,No
5353-WILCI,28,56.05,1522.65,6,At Risk,761.32,Medium Value,No
0709-TVGUR,9,74.55,622.9,6,At Risk,311.45,Medium Value,Yes
0058-EVZWM,55,89.8,4959.6,9,Loyal Customers,3719.7,Premium,No
6023-YEBUP,3,100.95,329.95,8,Loyal Customers,219.97,Medium Value,Yes
7209-JCUDS,10,94.9,1048.85,9,Loyal Customers,786.64,Medium Value,Yes
7009-PCARS,55,19.1,1001.5,5,Inactive,417.29,Medium Value,No
0519-DRGTI,20,20.35,442.6,4,Inactive,147.53,Low Value,No
1017-FBQMM,62,106.05,6703.5,12,Champions,6703.5,Premium,No
3001-CBHLQ,32,104.9,3351.55,11,Champions,3072.25,Premium,Yes
1985-MBRYP,43,19.65,779.25,5,Inactive,324.69,Medium Value,No
6158-DWPZT,9,24.1,259.8,3,Inactive,64.95,Low Value,Yes
9372-TXXPS,60,59.85,3483.45,9,Loyal Customers,2612.59,High Value,No
3259-QMXUN,58,86.1,4890.5,11,Champions,4482.96,Premium,No
1015-JPFYW,7,19.45,136.75,3,Inactive,34.19,Low Value,No
6645-MXQJT,2,97.1,184.15,8,Loyal Customers,122.77,Low Value,No
4360-QRAVE,37,36.65,1315.0,7,At Risk,767.08,Medium Value,No
8433-WPJTV,65,103.9,6767.1,12,Champions,6767.1,Premium,No
5804-JMYIO,39,19.75,757.95,5,Inactive,315.81,Medium Value,No
3763-GCZHZ,66,104.05,6890.0,12,Champions,6890.0,Premium,Yes
6484-LATFU,68,24.55,1657.4,7,At Risk,966.82,High Value,No
7599-NTMDP,62,48.7,3008.55,9,Loyal Customers,2256.41,High Value,No
0772-GYEQQ,3,88.35,262.05,7,At Risk,152.86,Low Value,Yes
0536-ACXIP,72,109.55,8165.1,12,Champions,8165.1,Premium,No
0936-NQLJU,41,20.65,875.55,5,Inactive,364.81,Medium Value,No
4831-EOBFE,29,94.65,2649.15,9,Loyal Customers,1986.86,High Value,Yes
1575-KRZZE,4,55.2,220.65,5,Inactive,91.94,Low Value,No
3251-YMVWZ,53,24.05,1301.9,6,At Risk,650.95,Medium Value,No
4102-OQUPX,1,74.4,74.4,6,At Risk,37.2,Low Value,Yes
9170-GYZJC,41,79.9,3326.2,10,Champions,2771.83,High Value,Yes
4884-LEVMQ,39,20.45,790.0,5,Inactive,329.17,Medium Value,No
8857-CUPFQ,63,19.25,1237.65,6,At Risk,618.83,Medium Value,No
7610-TVOPG,15,26.35,378.6,5,Inactive,157.75,Low Value,No
3638-DIMPH,13,43.8,592.65,5,Inactive,246.94,Medium Value,No
1845-ZLLIG,1,50.15,50.15,5,Inactive,20.9,Low Value,No
8559-WNQZS,1,20.45,20.45,3,Inactive,5.11,Low Value,No
3999-QGRJH,8,69.7,560.85,4,Inactive,186.95,Medium Value,Yes
1699-UOTXU,60,61.4,3638.25,9,Loyal Customers,2728.69,High Value,No
2454-RPBRZ,12,98.1,1060.2,9,Loyal Customers,795.15,Medium Value,Yes
0635-WKOLD,40,70.75,2921.75,9,Loyal Customers,2191.31,High Value,No
5993-JSUWV,66,61.15,4017.45,9,Loyal Customers,3013.09,Premium,No
4518-FZBSX,42,20.25,854.9,5,Inactive,356.21,Medium Value,No
5387-ASZNZ,66,63.85,4174.35,9,Loyal Customers,3130.76,Premium,No
6988-CJEYV,49,98.7,4920.55,10,Champions,4100.46,Premium,No
2002-MZHWP,1,20.5,20.5,3,Inactive,5.12,Low Value,Yes
3097-FQTVJ,41,20.0,810.3,5,Inactive,337.62,Medium Value,No
5465-BUBFA,41,19.3,772.4,5,Inactive,321.83,Medium Value,No
7299-GNVPL,23,84.4,1936.85,8,Loyal Customers,1291.23,High Value,No
9743-DQKQW,3,25.1,79.8,3,Inactive,19.95,Low Value,No
1215-VFYVK,4,48.25,202.25,6,At Risk,101.12,Low Value,No
9371-BITHB,52,19.85,1070.5,5,Inactive,446.04,Medium Value,No
2265-CYWIV,4,99.6,347.65,8,Loyal Customers,231.77,Medium Value,Yes
9093-FPDLG,11,94.2,999.9,9,Loyal Customers,749.92,Medium Value,No
0541-FITGH,2,62.15,113.1,5,Inactive,47.12,Low Value,No
6985-HAYWX,26,79.3,2015.8,7,At Risk,1175.88,High Value,No
7508-KBIMB,24,56.25,1454.25,6,At Risk,727.12,Medium Value,No
6838-HVLXG,12,20.3,246.7,4,Inactive,82.23,Low Value,No
2277-DJJDL,60,99.0,6017.9,11,Champions,5516.41,Premium,No
1897-OKVMW,64,90.6,5817.45,12,Champions,5817.45,Premium,No
5485-ITNPC,66,85.9,5595.3,11,Champions,5129.02,Premium,No
0233-FTHAV,60,79.2,4765.0,9,Loyal Customers,3573.75,Premium,No
4644-PIZRT,17,70.35,1201.65,7,At Risk,700.96,Medium Value,No
8922-NPKBJ,42,19.35,867.3,5,Inactive,361.38,Medium Value,No
2740-TVLFN,1,50.15,50.15,5,Inactive,20.9,Low Value,No
7771-CFQRQ,47,63.8,3007.25,8,Loyal Customers,2004.83,High Value,No
9512-PHSMG,10,20.55,252.75,4,Inactive,84.25,Low Value,No
6963-EZQEE,70,88.55,6306.5,11,Champions,5780.96,Premium,No
2452-KDRRH,67,101.4,6841.05,11,Champions,6270.96,Premium,No
2004-OCQXK,1,81.95,81.95,6,At Risk,40.98,Low Value,Yes
5027-QPKTE,7,69.35,451.1,4,Inactive,150.37,Low Value,Yes
4146-SVFUD,1,44.6,44.6,4,Inactive,14.87,Low Value,No
1564-HJUVY,4,63.75,226.2,6,At Risk,113.1,Low Value,No
3617-XLSGQ,66,109.25,7082.5,12,Champions,7082.5,Premium,No
7517-LDMPS,12,84.6,1017.35,7,At Risk,593.45,Medium Value,No
7244-KXYZN,24,20.45,527.35,4,Inactive,175.78,Medium Value,No
5226-NOZFC,26,85.75,2146.5,7,At Risk,1252.12,High Value,No
2672-HUYVI,6,91.1,455.3,7,At Risk,265.59,Medium Value,Yes
1400-WIVLL,57,107.95,5969.85,12,Champions,5969.85,Premium,No
7508-MYBOG,14,86.1,1235.55,7,At Risk,720.74,Medium Value,Yes
8148-NLEGT,42,22.95,1014.25,6,At Risk,507.12,Medium Value,No
0148-DCDOS,25,94.7,2362.1,9,Loyal Customers,1771.57,High Value,Yes
8347-GDTMP,64,19.45,1225.65,6,At Risk,612.83,Medium Value,No
9992-RRAMN,22,85.1,1873.7,7,At Risk,1092.99,High Value,Yes
6746-WAUWT,19,19.7,386.5,4,Inactive,128.83,Low Value,No
0310-MVLET,61,99.15,6010.05,11,Champions,5509.21,Premium,Yes
0428-IKYCP,22,87.0,1850.65,7,At Risk,1079.55,High Value,No
4550-VBOFE,70,102.95,7101.5,12,Champions,7101.5,Premium,Yes
2187-PKZAY,12,79.95,1043.4,7,At Risk,608.65,Medium Value,No
4003-OCTMP,31,64.0,1910.75,8,Loyal Customers,1273.83,High Value,No
6652-YFFJO,11,64.9,716.1,6,At Risk,358.05,Medium Value,No
7225-IILWY,68,25.75,1686.15,7,At Risk,983.59,High Value,No
5248-RPYWW,72,90.15,6716.45,12,Champions,6716.45,Premium,No
7923-IYJWY,67,116.1,7839.85,12,Champions,7839.85,Premium,No
3170-GWYKC,60,104.95,6236.75,12,Champions,6236.75,Premium,No
5696-QURRL,1,45.05,45.05,4,Inactive,15.02,Low Value,Yes
7409-KIUTL,1,71.0,71.0,5,Inactive,29.58,Low Value,Yes
9830-ECLEN,58,50.0,2919.85,9,Loyal Customers,2189.89,High Value,No
1732-VHUBQ,47,70.55,3309.25,7,At Risk,1930.4,High Value,Yes
0495-RVCBF,1,79.7,79.7,6,At Risk,39.85,Low Value,Yes
2668-TZSPS,1,20.45,20.45,3,Inactive,5.11,Low Value,No
7854-EDSSA,22,59.0,1254.7,7,At Risk,731.91,Medium Value,Yes
8869-TORSS,48,60.35,2896.4,8,Loyal Customers,1930.93,High Value,Yes
7446-SFAOA,37,19.85,717.5,5,Inactive,298.96,Medium Value,No
9522-ZSINC,13,19.95,253.8,4,Inactive,84.6,Low Value,No
8234-GSZYK,43,26.45,1110.05,6,At Risk,555.02,Medium Value,No
6505-OZNPG,6,63.4,348.8,7,At Risk,203.47,Medium Value,No
6164-HAQTX,71,53.95,3888.65,9,Loyal Customers,2916.49,High Value,No
0679-IDSTG,1,69.25,69.25,4,Inactive,23.08,Low Value,Yes
7765-LWVVH,72,95.1,6843.15,11,Champions,6272.89,Premium,No
1658-TJVOA,6,74.1,450.9,6,At Risk,225.45,Medium Value,No
0953-LGOVU,12,35.5,432.25,5,Inactive,180.1,Medium Value,No
2115-BFTIW,25,70.95,1767.35,6,At Risk,883.68,High Value,Yes
4692-NNQRU,21,79.2,1742.45,7,At Risk,1016.43,High Value,No
7742-MYPGI,6,48.8,297.35,5,Inactive,123.9,Low Value,No
0611-DFXKO,20,89.0,1820.45,7,At Risk,1061.93,High Value,Yes
7780-OTDSO,18,99.4,1742.95,9,Loyal Customers,1307.21,High Value,Yes
9619-GSATL,43,55.45,2444.25,7,At Risk,1425.81,High Value,No
5622-UEJFI,35,25.4,949.8,6,At Risk,474.9,Medium Value,No
9747-DDZOS,1,73.5,73.5,6,At Risk,36.75,Low Value,Yes
0674-DGMAQ,32,93.5,2970.8,10,Champions,2475.67,High Value,No
6203-HBZPA,52,63.9,3334.95,9,Loyal Customers,2501.21,High Value,No
0484-FFVBJ,32,64.85,2010.95,7,At Risk,1173.05,High Value,No
0301-FIDRB,72,63.8,4684.3,10,Champions,3903.58,Premium,No
4139-JPIAM,51,44.45,2181.55,7,At Risk,1272.57,High Value,No
2181-TIDSV,68,19.95,1303.25,6,At Risk,651.62,Medium Value,No
2761-XECQW,8,43.35,371.4,5,Inactive,154.75,Low Value,No
1936-CZAKF,49,49.65,2409.9,7,At Risk,1405.78,High Value,No
9453-PATOS,72,85.1,6155.4,11,Champions,5642.45,Premium,No
0564-JJHGS,9,95.5,829.1,8,Loyal Customers,552.73,Medium Value,Yes
3348-CFRNX,28,92.35,2602.9,9,Loyal Customers,1952.18,High Value,Yes
4402-FTBXC,54,89.8,4667.0,9,Loyal Customers,3500.25,Premium,No
1428-GTBJJ,11,74.55,824.75,7,At Risk,481.1,Medium Value,Yes
2931-XIQBR,50,103.05,5153.5,10,Champions,4294.58,Premium,No
0106-UGRDO,69,116.0,8182.85,12,Champions,8182.85,Premium,No
5542-TBBWB,1,69.9,69.9,4,Inactive,23.3,Low Value,No
1930-QPBVZ,68,95.1,6683.4,11,Champions,6126.45,Premium,No
2606-PKWJB,40,40.25,1564.05,7,At Risk,912.36,High Value,No
5322-ZSMZY,31,25.75,755.6,6,At Risk,377.8,Medium Value,No
8059-UDZFY,33,105.35,3465.05,11,Champions,3176.3,Premium,No
7740-BTPUX,55,113.6,6292.7,11,Champions,5768.31,Premium,No
5220-AGAAX,68,24.0,1664.3,7,At Risk,970.84,High Value,No
0208-BPQEJ,12,19.4,198.1,4,Inactive,66.03,Low Value,No
9435-JMLSX,71,86.1,6045.9,11,Champions,5542.08,Premium,No
3352-ALMCK,40,102.65,4108.15,11,Champions,3765.8,Premium,No
5312-IRCFR,64,92.85,5980.75,11,Champions,5482.35,Premium,No
5294-IMHHT,53,97.75,5043.2,10,Champions,4202.67,Premium,No
8802-UNOJF,12,83.8,1029.75,8,Loyal Customers,686.5,Medium Value,Yes
6313-GIDIT,53,54.45,2854.55,8,Loyal Customers,1903.03,High Value,Yes
6176-YJWAS,72,97.95,7114.25,12,Champions,7114.25,Premium,No
5310-NOOVA,46,19.95,907.05,5,Inactive,377.94,Medium Value,No
4526-EXKKN,40,24.6,973.95,6,At Risk,486.98,Medium Value,No
5311-IHLEI,12,50.95,605.75,7,At Risk,353.35,Medium Value,No
3987-KQDDU,9,75.6,661.55,6,At Risk,330.78,Medium Value,No
3404-JNXAX,51,80.75,4116.9,8,Loyal Customers,2744.6,High Value,No
5131-PONJI,49,90.4,4494.65,10,Champions,3745.54,Premium,No
2845-AFFTX,41,99.8,4259.3,10,Champions,3549.42,Premium,Yes
3489-VSFRD,56,60.25,3282.75,9,Loyal Customers,2462.06,High Value,No
3345-JHUEO,4,20.2,55.7,3,Inactive,13.92,Low Value,No
5815-HGGHV,20,64.15,1274.45,7,At Risk,743.43,Medium Value,No
5260-UMPWX,26,20.25,493.95,4,Inactive,164.65,Medium Value,No
2249-YPRNG,20,105.85,2239.65,10,Champions,1866.38,High Value,Yes
7410-YTJIK,7,75.45,480.75,6,At Risk,240.38,Medium Value,Yes
4626-GYCZP,7,93.85,635.6,8,Loyal Customers,423.73,Medium Value,Yes
5649-RXQTV,51,99.0,5038.15,10,Champions,4198.46,Premium,No
2674-MIAHT,4,80.3,324.2,6,At Risk,162.1,Medium Value,No
2576-HXMPA,1,19.55,19.55,3,Inactive,4.89,Low Value,No
7587-AOVVU,27,100.75,2793.55,10,Champions,2327.96,High Value,No
5590-BYNII,22,100.75,2095.0,9,Loyal Customers,1571.25,High Value,Yes
6898-MDLZW,12,53.75,648.65,6,At Risk,324.32,Medium Value,No
3237-AJGEH,3,31.0,95.05,3,Inactive,23.76,Low Value,Yes
4707-YNOQA,34,25.6,917.15,6,At Risk,458.58,Medium Value,No
9357-UJRUN,24,58.35,1346.9,7,At Risk,785.69,Medium Value,No
1591-NFNLQ,51,80.0,4242.35,8,Loyal Customers,2828.23,High Value,Yes
8648-PFRMP,14,46.35,672.7,6,At Risk,336.35,Medium Value,No
7663-CUXZB,59,113.75,6561.25,12,Champions,6561.25,Premium,No
0258-NOKBL,3,90.4,268.45,8,Loyal Customers,178.97,Medium Value,No
1163-VIPRI,65,109.3,7337.55,12,Champions,7337.55,Premium,No
2815-CPTUL,5,70.25,331.9,4,Inactive,110.63,Low Value,Yes
9348-ROUAI,59,90.3,5194.05,12,Champions,5194.05,Premium,No
9443-JUBUO,72,65.25,4478.85,10,Champions,3732.38,Premium,No
0596-BQCEQ,62,100.15,6283.3,11,Champions,5759.69,Premium,Yes
1481-ZUWZA,28,94.5,2659.4,9,Loyal Customers,1994.55,High Value,Yes
3043-TYBNO,3,60.65,196.9,5,Inactive,82.04,Low Value,No
4830-FAXFM,19,24.1,439.2,5,Inactive,183.0,Medium Value,No
5906-BFOZT,1,19.5,19.5,3,Inactive,4.88,Low Value,No
2960-NKRSO,24,85.95,2107.15,8,Loyal Customers,1404.77,High Value,No
8996-ZROXE,57,53.5,3035.8,8,Loyal Customers,2023.87,High Value,No
5598-IKHQQ,72,25.45,1866.45,7,At Risk,1088.76,High Value,No
0397-ZXWQF,67,20.5,1430.95,6,At Risk,715.48,Medium Value,No
5266-PFRQK,52,20.85,1071.6,5,Inactive,446.5,Medium Value,No
4674-HGNUA,71,89.9,6457.15,12,Champions,6457.15,Premium,No
6765-MBQNU,26,26.0,684.05,5,Inactive,285.02,Medium Value,No
9786-IJYDL,35,113.2,3914.05,11,Champions,3587.88,Premium,No
1303-SRDOK,55,69.05,3842.6,6,At Risk,1921.3,High Value,No
3769-MHZNV,33,20.1,670.35,5,Inactive,279.31,Medium Value,No
6295-OSINB,72,109.65,7880.25,12,Champions,7880.25,Premium,No
3308-MHOOC,1,19.2,19.2,3,Inactive,4.8,Low Value,No
2309-OSFEU,10,33.9,298.45,4,Inactive,99.48,Low Value,Yes
2207-QPJED,37,90.0,3371.75,10,Champions,2809.79,High Value,No
4177-JPDFU,12,34.0,442.45,5,Inactive,184.35,Medium Value,No
2239-CFOUJ,1,20.4,20.4,3,Inactive,5.1,Low Value,No
8046-DNVTL,62,38.6,2345.55,8,Loyal Customers,1563.7,High Value,No
2209-XADXF,1,25.25,25.25,3,Inactive,6.31,Low Value,No
6620-JDYNW,18,60.6,1156.35,7,At Risk,674.54,Medium Value,No
1891-FZYSA,69,89.95,6143.15,11,Champions,5631.22,Premium,Yes
4770-UEZOX,2,74.75,144.8,6,At Risk,72.4,Low Value,No
1038-RQOST,19,20.6,414.95,4,Inactive,138.32,Low Value,No
7613-LLQFO,12,84.45,1059.55,7,At Risk,618.07,Medium Value,Yes
4568-TTZRT,9,20.4,181.8,3,Inactive,45.45,Low Value,No
9513-DXHDA,27,81.7,2212.55,9,Loyal Customers,1659.41,High Value,No
2640-PMGFL,27,79.5,2180.55,7,At Risk,1271.99,High Value,Yes
3801-HMYNL,1,89.15,89.15,6,At Risk,44.58,Low Value,Yes
0516-QREYC,24,20.3,459.95,4,Inactive,153.32,Low Value,No
9685-WKZGT,14,74.95,1036.75,7,At Risk,604.77,Medium Value,Yes
6022-UGGSO,32,74.4,2276.95,8,Loyal Customers,1517.97,High Value,Yes
8084-OIVBS,11,20.0,211.95,4,Inactive,70.65,Low Value,No
8896-BQTTI,1,25.0,25.0,4,Inactive,8.33,Low Value,No
3865-QBWSJ,38,80.45,3162.65,8,Loyal Customers,2108.43,High Value,No
3352-RICWQ,9,19.75,210.65,3,Inactive,52.66,Low Value,No
2160-GPFXD,54,65.65,3566.7,8,Loyal Customers,2377.8,High Value,No
2065-MMKGR,29,71.0,2080.1,8,Loyal Customers,1386.73,High Value,No
5857-TYBCJ,44,89.2,4040.2,9,Loyal Customers,3030.15,Premium,No
1498-NHTLT,59,86.75,5186.0,11,Champions,4753.83,Premium,No
4484-CGXFK,3,55.3,196.15,5,Inactive,81.73,Low Value,Yes
1402-PTHGN,18,61.5,1087.45,7,At Risk,634.35,Medium Value,No
4176-RELJR,67,25.1,1672.15,7,At Risk,975.42,High Value,No
6214-EDAKZ,22,55.15,1206.05,6,At Risk,603.02,Medium Value,Yes
5199-FPUSP,33,34.05,1113.95,6,At Risk,556.98,Medium Value,No
6377-KSLXC,5,19.95,107.05,3,Inactive,26.76,Low Value,No
1796-JANOW,2,19.95,38.15,3,Inactive,9.54,Low Value,No
0238-WHBIQ,72,89.7,6339.3,11,Champions,5811.02,Premium,No
8735-NBLWT,9,20.4,184.1,3,Inactive,46.02,Low Value,No
6651-RLGGM,67,26.3,1688.9,7,At Risk,985.19,High Value,No
6127-ISGTU,16,84.95,1378.25,7,At Risk,803.98,Medium Value,Yes
1614-JBEBI,8,20.7,137.6,3,Inactive,34.4,Low Value,No
8740-XLHDR,5,43.25,219.0,6,At Risk,109.5,Low Value,Yes
1208-DNHLN,23,48.35,1067.15,6,At Risk,533.58,Medium Value,Yes
1761-AEZZR,1,79.55,79.55,6,At Risk,39.78,Low Value,Yes
3923-CSIHK,50,71.05,3444.85,7,At Risk,2009.5,High Value,Yes
5696-EXCYS,17,19.45,369.05,4,Inactive,123.02,Low Value,No
5795-KTGUD,68,110.8,7553.6,12,Champions,7553.6,Premium,No
7120-RFMVS,1,84.5,84.5,6,At Risk,42.25,Low Value,Yes
7924-GJZFI,25,69.3,1813.1,5,Inactive,755.46,Medium Value,No
4702-HDRKD,67,49.35,3321.35,9,Loyal Customers,2491.01,High Value,No
8512-WIWYV,32,20.35,707.5,5,Inactive,294.79,Medium Value,No
5897-ZYEKH,67,105.6,7112.15,12,Champions,7112.15,Premium,No
5456-ITGIC,72,64.45,4641.1,10,Champions,3867.58,Premium,No
7317-GGVPB,71,108.6,7690.9,12,Champions,7690.9,Premium,Yes
1406-PUQVY,1,49.9,49.9,5,Inactive,20.79,Low Value,No
1322-AGOQM,46,30.3,1380.1,5,Inactive,575.04,Medium Value,Yes
3677-IYRBF,2,30.4,78.65,3,Inactive,19.66,Low Value,Yes
5692-FPTAH,1,45.4,45.4,4,Inactive,15.13,Low Value,Yes
9114-AAFQH,48,65.65,3094.65,8,Loyal Customers,2063.1,High Value,No
8715-KKTFG,61,103.3,6518.35,12,Champions,6518.35,Premium,No
1550-LOAHA,32,84.15,2585.95,8,Loyal Customers,1723.97,High Value,Yes
1728-BQDMA,2,44.45,82.7,4,Inactive,27.57,Low Value,No
0268-QKIWO,3,19.75,58.85,3,Inactive,14.71,Low Value,Yes
0876-WDUUZ,5,85.4,425.9,6,At Risk,212.95,Medium Value,Yes
5117-ZSMHQ,71,89.9,6342.7,12,Champions,6342.7,Premium,No
5151-HQRDG,37,55.05,2030.75,7,At Risk,1184.6,High Value,No
0960-HUWBM,65,104.1,6700.05,12,Champions,6700.05,Premium,No
6465-GSRCL,67,106.6,7244.7,12,Champions,7244.7,Premium,No
0617-FHSGK,49,75.2,3678.3,8,Loyal Customers,2452.2,High Value,Yes
0263-FJTQO,50,70.5,3486.65,9,Loyal Customers,2614.99,High Value,No
7319-ZNRTR,25,19.6,411.15,4,Inactive,137.05,Low Value,No
2858-MOFSQ,17,55.85,937.5,6,At Risk,468.75,Medium Value,Yes
7503-EPSZW,64,24.05,1559.15,7,At Risk,909.5,High Value,No
7089-XXAYG,25,38.1,970.4,6,At Risk,485.2,Medium Value,No
8118-LSUEL,23,106.4,2483.5,10,Champions,2069.58,High Value,Yes
8070-AAWZP,24,34.25,828.2,5,Inactive,345.08,Medium Value,No
1666-JXLKU,37,100.05,3810.55,10,Champions,3175.46,Premium,No
7855-DIWPO,21,68.65,1493.2,5,Inactive,622.17,Medium Value,No
5133-POWUA,1,45.8,45.8,4,Inactive,15.27,Low Value,No
5652-MSDEY,10,75.75,777.3,7,At Risk,453.42,Medium Value,No
7005-CCBKV,6,84.4,556.35,6,At Risk,278.18,Medium Value,Yes
1810-BOHSY,51,96.4,4911.05,10,Champions,4092.54,Premium,No
1784-BXEFA,10,20.55,187.35,4,Inactive,62.45,Low Value,No
7351-MHQVU,6,50.95,307.6,6,At Risk,153.8,Low Value,No
9224-VTYID,47,90.5,4318.35,11,Champions,3958.49,Premium,No
9500-IWPXQ,61,79.4,4820.55,11,Champions,4418.84,Premium,No
5762-TJXGK,52,58.75,3038.55,8,Loyal Customers,2025.7,High Value,No
4504-YOULA,35,59.45,2136.9,8,Loyal Customers,1424.6,High Value,No
5569-IDSEY,71,105.7,7472.15,12,Champions,7472.15,Premium,No
4250-FDVOU,6,56.25,389.1,5,Inactive,162.13,Medium Value,Yes
7284-ZZLOH,45,53.3,2296.25,7,At Risk,1339.48,High Value,No
5277-ZLOOR,2,85.55,187.45,6,At Risk,93.72,Low Value,Yes
2141-RRYGO,4,68.65,261.25,6,At Risk,130.62,Low Value,Yes
1777-JYQPJ,2,24.3,38.45,3,Inactive,9.61,Low Value,No
6376-GAHQE,4,77.85,299.2,6,At Risk,149.6,Low Value,Yes
3401-URHDA,51,59.9,3043.6,8,Loyal Customers,2029.07,High Value,No
1599-EAHXY,60,23.95,1506.4,7,At Risk,878.73,High Value,No
8631-XVRZL,9,20.15,163.7,3,Inactive,40.92,Low Value,No
5052-PNLOS,3,105.35,323.25,9,Loyal Customers,242.44,Medium Value,Yes
3853-LYGAM,17,95.65,1640.0,9,Loyal Customers,1230.0,High Value,No
6979-ZNSFF,8,87.05,762.1,6,At Risk,381.05,Medium Value,Yes
5751-USDBL,46,81.0,3846.35,10,Champions,3205.29,Premium,No
5680-LQOGP,68,82.45,5646.6,11,Champions,5176.05,Premium,No
2386-LAHRK,1,53.5,53.5,5,Inactive,22.29,Low Value,Yes
8189-DUKMV,4,20.5,79.05,3,Inactive,19.76,Low Value,No
6032-IGALN,1,25.1,25.1,3,Inactive,6.28,Low Value,Yes
9931-DCEZH,28,54.4,1516.6,6,At Risk,758.3,Medium Value,No
1898-JSNDC,39,58.6,2224.5,7,At Risk,1297.62,High Value,No
0315-LVCRK,11,84.8,888.75,7,At Risk,518.44,Medium Value,No
3911-RSNHI,71,61.4,4310.35,9,Loyal Customers,3232.76,Premium,No
2410-CIYFZ,2,20.4,42.9,3,Inactive,10.72,Low Value,No
4248-HCETZ,30,79.65,2365.15,8,Loyal Customers,1576.77,High Value,Yes
5505-OVWQW,17,20.15,353.65,4,Inactive,117.88,Low Value,No
7271-AJDTL,55,94.45,5073.1,10,Champions,4227.58,Premium,No
1867-TJHTS,58,79.8,4526.85,9,Loyal Customers,3395.14,Premium,No
0516-WJVXC,5,54.2,308.25,5,Inactive,128.44,Low Value,Yes
9174-FKWZE,1,19.45,19.45,3,Inactive,4.86,Low Value,Yes
6860-YRJZP,9,74.05,678.45,6,At Risk,339.22,Medium Value,No
4429-WYGFR,26,49.15,1237.3,6,At Risk,618.65,Medium Value,No
2817-LVCPP,50,19.4,1023.95,5,Inactive,426.65,Medium Value,No
5038-ETMLM,72,113.65,8182.75,12,Champions,8182.75,Premium,No
5056-FIMPT,43,106.0,4532.3,11,Champions,4154.61,Premium,No
4521-WFJAI,56,25.95,1444.05,7,At Risk,842.36,High Value,No
6569-KTMDU,1,19.1,19.1,3,Inactive,4.78,Low Value,No
8809-RIHDD,72,103.4,7372.65,12,Champions,7372.65,Premium,Yes
8809-XKHMD,72,100.55,7325.1,12,Champions,7325.1,Premium,No
0396-YCHWO,36,95.4,3474.2,10,Champions,2895.17,High Value,No
0867-LDTTC,5,75.15,392.65,7,At Risk,229.05,Medium Value,No
4822-NGOCH,13,84.45,1058.6,8,Loyal Customers,705.73,Medium Value,Yes
9391-DXGGG,44,89.15,3990.75,9,Loyal Customers,2993.06,High Value,No
9844-FELAJ,70,107.9,7475.85,12,Champions,7475.85,Premium,No
2122-SZZZD,44,19.5,835.5,5,Inactive,348.12,Medium Value,No
5307-DZCVC,32,85.95,2628.6,8,Loyal Customers,1752.4,High Value,Yes
3148-AOIQT,69,24.95,1718.35,7,At Risk,1002.37,High Value,No
8679-JOEVF,16,59.4,1023.9,6,At Risk,511.95,Medium Value,Yes
8395-ETZKQ,68,19.5,1193.55,6,At Risk,596.78,Medium Value,No
6692-YQHXC,16,69.95,1205.5,5,Inactive,502.29,Medium Value,No
3889-VWBID,68,82.85,5776.45,11,Champions,5295.08,Premium,No
5222-JCXZT,4,19.0,78.9,3,Inactive,19.73,Low Value,No
9754-CLVZW,26,38.85,1025.15,6,At Risk,512.58,Medium Value,No
1432-FPAXX,29,30.6,856.35,4,Inactive,285.45,Medium Value,Yes
2739-CCZMB,5,20.35,122.0,3,Inactive,30.5,Low Value,No
7080-TNUWP,70,95.0,6602.9,11,Champions,6052.66,Premium,No
0496-AHOOK,24,74.4,1712.9,8,Loyal Customers,1141.93,High Value,No
8336-TAVKX,72,78.45,5682.25,11,Champions,5208.73,Premium,No
2468-SJFLM,1,74.3,74.3,6,At Risk,37.15,Low Value,No
3181-VTHOE,70,51.05,3635.15,9,Loyal Customers,2726.36,High Value,No
7168-HDQHG,36,19.2,702.9,5,Inactive,292.88,Medium Value,No
4803-AXVYP,38,99.55,3734.25,10,Champions,3111.88,Premium,Yes
3884-HCSWG,17,70.0,1144.5,5,Inactive,476.88,Medium Value,Yes
4567-AKPIA,41,109.1,4454.25,11,Champions,4083.06,Premium,No
5077-DXTCG,1,45.3,45.3,4,Inactive,15.1,Low Value,Yes
1142-WACZW,2,29.85,75.6,3,Inactive,18.9,Low Value,Yes
7901-HXJVA,14,76.45,1117.55,7,At Risk,651.9,Medium Value,No
5649-ANRML,2,95.1,180.25,8,Loyal Customers,120.17,Low Value,Yes
4892-VLANZ,1,19.8,19.8,3,Inactive,4.95,Low Value,Yes
5924-IFQTT,13,72.8,930.05,9,Loyal Customers,697.54,Medium Value,No
7968-QUXNS,6,18.95,110.15,3,Inactive,27.54,Low Value,No
2919-HBCJO,4,76.65,333.6,6,At Risk,166.8,Medium Value,Yes
4236-XPXAV,5,99.15,465.05,8,Loyal Customers,310.03,Medium Value,Yes
8903-WMRNW,15,101.75,1669.4,9,Loyal Customers,1252.05,High Value,No
2452-SNHFZ,47,75.45,3545.1,8,Loyal Customers,2363.4,High Value,No
3629-WEAAM,8,64.1,504.05,6,At Risk,252.02,Medium Value,No
6029-CSMJE,17,25.65,440.2,4,Inactive,146.73,Low Value,No
7993-NQLJE,15,75.1,1151.55,7,At Risk,671.74,Medium Value,No
9909-DFRJA,26,95.85,2475.35,9,Loyal Customers,1856.51,High Value,No
9099-FTUHS,23,54.4,1249.25,6,At Risk,624.62,Medium Value,No
0581-BXBUB,4,72.75,317.75,6,At Risk,158.88,Low Value,No
4962-CHQPW,29,19.85,535.05,4,Inactive,178.35,Medium Value,No
9467-ROOLM,25,19.05,461.3,4,Inactive,153.77,Low Value,No
3030-YZADT,9,44.95,431.0,4,Inactive,143.67,Low Value,Yes
7410-KTVFV,18,49.55,878.35,6,At Risk,439.18,Medium Value,Yes
5150-ITWWB,3,94.85,335.75,8,Loyal Customers,223.83,Medium Value,No
2253-KPMNB,69,46.25,3121.4,9,Loyal Customers,2341.05,High Value,No
1345-ZUKID,14,19.35,324.8,4,Inactive,108.27,Low Value,No
6429-SHBCB,19,69.6,1394.55,7,At Risk,813.49,High Value,No
9281-OFDMF,39,90.7,3413.25,10,Champions,2844.38,High Value,No
2603-HVKCG,31,101.4,3143.65,10,Champions,2619.71,High Value,No
1834-WULEG,24,20.25,439.75,4,Inactive,146.58,Low Value,No
9097-ZUBYC,14,48.8,664.4,6,At Risk,332.2,Medium Value,No
5148-ORICT,64,74.35,4759.55,11,Champions,4362.92,Premium,No
4893-GYUJU,50,19.35,1033.0,5,Inactive,430.42,Medium Value,No
4578-PHJYZ,52,68.75,3482.85,8,Loyal Customers,2321.9,High Value,No
7272-QDCKA,28,100.2,2688.45,9,Loyal Customers,2016.34,High Value,No
8908-SLFCJ,21,20.85,435.25,4,Inactive,145.08,Low Value,No
8393-DLHGA,25,95.9,2448.75,9,Loyal Customers,1836.56,High Value,Yes
9766-HGEDE,17,19.35,307.0,4,Inactive,102.33,Low Value,No
6968-MHOMU,58,45.0,2689.35,8,Loyal Customers,1792.9,High Value,No
7395-IGJOS,17,81.5,1329.2,7,At Risk,775.37,Medium Value,Yes
5044-XDPYX,51,25.5,1281.25,6,At Risk,640.62,Medium Value,No
1814-WFGVS,72,48.9,3527.0,9,Loyal Customers,2645.25,High Value,No
2834-SPCJV,52,84.1,4348.65,8,Loyal Customers,2899.1,High Value,Yes
3721-WKIIL,27,19.6,561.15,4,Inactive,187.05,Medium Value,No
6734-CKRSM,3,20.0,63.6,3,Inactive,15.9,Low Value,No
1265-ZFOSD,64,81.3,5129.3,11,Champions,4701.86,Premium,No
6568-POCUI,45,95.2,4285.8,10,Champions,3571.5,Premium,No
7890-VYYWG,3,36.45,93.7,4,Inactive,31.23,Low Value,Yes
5197-LQXXH,71,83.3,5894.5,11,Champions,5403.29,Premium,No
9907-SWKKF,1,25.05,25.05,3,Inactive,6.26,Low Value,Yes
3457-PQBYH,58,20.3,1160.75,6,At Risk,580.38,Medium Value,No
7682-AZNDK,34,89.85,3091.75,9,Loyal Customers,2318.81,High Value,No
0587-DMGBH,8,49.85,365.55,5,Inactive,152.31,Low Value,Yes
5384-ZTTWP,15,19.8,272.95,4,Inactive,90.98,Low Value,No
3745-HRPHI,66,54.65,3632.0,9,Loyal Customers,2724.0,High Value,No
7636-OWBPG,12,29.35,381.2,4,Inactive,127.07,Low Value,No
1231-YNDEK,58,19.15,1035.5,6,At Risk,517.75,Medium Value,No
1407-DIGZV,3,19.1,52.0,3,Inactive,13.0,Low Value,No
6397-JNZZG,43,55.55,2342.2,8,Loyal Customers,1561.47,High Value,Yes
0570-BFQHT,9,80.55,653.9,6,At Risk,326.95,Medium Value,No
4393-OBCRR,3,20.25,71.2,3,Inactive,17.8,Low Value,No
3523-QRQLL,22,69.5,1498.2,7,At Risk,873.95,High Value,Yes
8564-LDKFL,40,106.0,4178.65,11,Champions,3830.43,Premium,No
3696-DFHHB,68,25.5,1821.8,7,At Risk,1062.72,High Value,No
0895-DQHEW,54,104.3,5278.15,11,Champions,4838.3,Premium,Yes
4717-GHADL,50,79.6,4024.2,10,Champions,3353.5,Premium,No
5501-TVMGM,1,55.25,55.25,5,Inactive,23.02,Low Value,No
5879-HMFFH,72,88.05,6520.8,11,Champions,5977.4,Premium,No
6772-WFQRD,40,20.4,854.9,5,Inactive,356.21,Medium Value,No
3810-DVDQQ,72,117.6,8308.9,12,Champions,8308.9,Premium,No
6972-SNKKW,6,20.0,109.2,3,Inactive,27.3,Low Value,No
3694-GLTJM,5,19.65,92.05,3,Inactive,23.01,Low Value,No
8550-XSXUQ,48,70.55,3420.5,9,Loyal Customers,2565.38,High Value,No
8149-RSOUN,1,93.85,93.85,8,Loyal Customers,62.57,Low Value,Yes
9055-MOJJJ,64,65.8,4068.0,9,Loyal Customers,3051.0,Premium,No
4359-INNWN,17,20.05,337.9,4,Inactive,112.63,Low Value,No
0585-EGDDA,40,80.0,3168.75,8,Loyal Customers,2112.5,High Value,No
4032-RMHCI,41,35.4,1412.4,6,At Risk,706.2,Medium Value,No
0549-CYCQN,51,79.6,3974.7,8,Loyal Customers,2649.8,High Value,No
3481-JHUZH,41,80.25,3439.0,8,Loyal Customers,2292.67,High Value,No
7250-EQKIY,1,50.45,50.45,5,Inactive,21.02,Low Value,Yes
3594-IVHJZ,2,20.45,42.45,3,Inactive,10.61,Low Value,No
6869-FGJJC,68,79.6,5461.45,9,Loyal Customers,4096.09,Premium,No
3896-ZVNET,24,24.7,571.75,5,Inactive,238.23,Medium Value,No
8205-VSLRB,70,77.3,5498.2,11,Champions,5040.02,Premium,No
5960-MVTUK,3,29.75,96.85,3,Inactive,24.21,Low Value,No
6817-WTYHE,2,44.9,111.05,4,Inactive,37.02,Low Value,No
3082-VQXNH,3,29.8,94.4,3,Inactive,23.6,Low Value,No
4013-UBXWQ,7,74.65,521.1,7,At Risk,303.98,Medium Value,Yes
4931-TRZWN,13,71.95,923.85,8,Loyal Customers,615.9,Medium Value,No
0750-EKNGL,7,20.75,141.1,3,Inactive,35.28,Low Value,No
7669-LCRSD,12,56.3,628.65,6,At Risk,314.32,Medium Value,No
3567-PQTSO,53,105.25,5576.3,11,Champions,5111.61,Premium,No
5519-NPHVG,12,94.2,1046.1,9,Loyal Customers,784.58,Medium Value,Yes
8043-PNYSD,63,19.55,1245.6,6,At Risk,622.8,Medium Value,No
9938-EKRGF,15,84.45,1287.85,9,Loyal Customers,965.89,High Value,No
2703-AMTUL,36,53.65,1939.35,7,At Risk,1131.29,High Value,No
0928-JMXNP,4,29.9,118.25,3,Inactive,29.56,Low Value,No
8173-RXAYP,24,19.7,452.55,4,Inactive,150.85,Low Value,No
4825-XJGDM,61,43.7,2696.55,9,Loyal Customers,2022.41,High Value,No
5402-HTOTQ,16,55.3,875.35,6,At Risk,437.68,Medium Value,No
6734-JDTTV,65,19.85,1267.05,6,At Risk,633.52,Medium Value,No
7850-THJMU,26,19.65,494.9,4,Inactive,164.97,Medium Value,No
3890-RTCMS,16,49.45,799.0,6,At Risk,399.5,Medium Value,No
8849-GYOKR,54,106.55,5763.3,11,Champions,5283.02,Premium,Yes
3148-BLQJT,1,20.1,20.1,3,Inactive,5.03,Low Value,Yes
3717-FDJFU,5,20.45,106.9,3,Inactive,26.72,Low Value,No
3665-JATSN,19,39.7,710.05,6,At Risk,355.02,Medium Value,No
7966-YOTQW,10,54.5,568.2,6,At Risk,284.1,Medium Value,No
0461-CVKMU,23,83.8,1900.25,8,Loyal Customers,1266.83,High Value,Yes
8806-EAGWC,3,55.15,159.15,5,Inactive,66.31,Low Value,Yes
8853-TZDGH,72,111.6,8012.75,12,Champions,8012.75,Premium,No
7779-LGOVN,10,86.65,856.65,7,At Risk,499.71,Medium Value,Yes
4324-BZCKL,10,55.55,551.3,6,At Risk,275.65,Medium Value,No
6924-TDGMT,11,20.55,184.95,4,Inactive,61.65,Low Value,No
9710-ZUSHQ,37,106.75,4056.75,11,Champions,3718.69,Premium,Yes
1536-YHDOE,17,62.1,1096.65,7,At Risk,639.71,Medium Value,No
8123-QBNAZ,36,104.5,3684.95,11,Champions,3377.87,Premium,No
3629-ZNKXA,17,101.8,1752.45,9,Loyal Customers,1314.34,High Value,No
4827-LTQRJ,66,110.6,7210.85,12,Champions,7210.85,Premium,No
7711-YIJWC,61,84.9,5264.5,11,Champions,4825.79,Premium,No
5482-VXSXJ,22,93.2,2157.3,9,Loyal Customers,1617.98,High Value,No
7365-BVCJH,1,24.4,24.4,3,Inactive,6.1,Low Value,No
9620-ENEJV,6,70.55,433.95,5,Inactive,180.81,Medium Value,No
4183-WCSEP,31,78.45,2435.15,8,Loyal Customers,1623.43,High Value,Yes
2378-YIZKA,68,85.0,5607.75,11,Champions,5140.44,Premium,No
5498-TXHLF,34,87.45,2874.15,9,Loyal Customers,2155.61,High Value,Yes
0689-DSXGL,52,85.8,4433.3,9,Loyal Customers,3324.98,Premium,No
6818-DJXAA,10,91.1,964.35,9,Loyal Customers,723.26,Medium Value,No
9722-UJOJR,29,70.75,1974.8,6,At Risk,987.4,High Value,Yes
0464-WJTKO,72,20.1,1460.85,6,At Risk,730.42,Medium Value,No
8902-ZEOVF,47,20.05,951.55,5,Inactive,396.48,Medium Value,No
6778-EICRF,24,74.8,1821.2,8,Loyal Customers,1214.13,High Value,No
2662-NNTDK,65,24.8,1600.95,7,At Risk,933.89,High Value,No
4132-KALRO,4,100.85,399.25,8,Loyal Customers,266.17,Medium Value,No
3902-FOIGH,12,101.35,1218.55,9,Loyal Customers,913.91,High Value,Yes
6772-KSATR,1,81.7,81.7,6,At Risk,40.85,Low Value,Yes
7112-OPOTK,33,68.25,2171.15,6,At Risk,1085.58,High Value,Yes
2874-YXVVA,34,105.1,3634.8,11,Champions,3331.9,Premium,No
1245-HARPS,14,20.4,292.4,4,Inactive,97.47,Low Value,No
4210-QFJMF,4,79.15,317.25,6,At Risk,158.62,Low Value,Yes
4323-ELYYB,13,20.0,218.55,4,Inactive,72.85,Low Value,No
4293-ETKAP,65,79.4,5071.9,11,Champions,4649.24,Premium,No
6064-PUPMC,23,57.2,1423.35,6,At Risk,711.68,Medium Value,No
6504-VBLFL,55,58.6,3068.6,8,Loyal Customers,2045.73,High Value,No
6322-PJJDJ,49,94.8,4690.65,10,Champions,3908.88,Premium,No
0330-BGYZE,60,102.5,6157.6,12,Champions,6157.6,Premium,No
1085-LDWAM,69,20.35,1442.65,6,At Risk,721.32,Medium Value,No
7586-ZATGZ,40,84.9,3369.05,8,Loyal Customers,2246.03,High Value,No
7197-VOJMM,67,69.2,4671.65,9,Loyal Customers,3503.74,Premium,No
3318-OSATS,35,95.45,3474.05,10,Champions,2895.04,High Value,Yes
5828-AVIPD,19,100.95,1875.55,9,Loyal Customers,1406.66,High Value,Yes
1843-TLSGD,13,20.85,272.35,4,Inactive,90.78,Low Value,No
9626-VFRGG,41,88.5,3645.05,9,Loyal Customers,2733.79,High Value,No
7075-BNDVQ,4,35.0,135.75,4,Inactive,45.25,Low Value,No
9143-CANJF,24,55.15,1319.85,6,At Risk,659.92,Medium Value,No
7284-BUYEC,5,50.95,229.4,5,Inactive,95.58,Low Value,No
2041-JIJCI,5,64.0,370.25,6,At Risk,185.12,Medium Value,No
1086-LXKFY,1,69.1,69.1,4,Inactive,23.03,Low Value,Yes
4900-MSOMT,72,80.2,5714.2,11,Champions,5238.02,Premium,No
2229-VWQJH,24,49.3,1233.25,6,At Risk,616.62,Medium Value,No
9194-GFVOI,42,84.35,3571.6,10,Champions,2976.33,High Value,No
1336-EZFZY,4,20.05,83.3,3,Inactive,20.82,Low Value,No
4282-MSACW,68,117.2,8035.95,12,Champions,8035.95,Premium,No
1403-LKLIK,33,20.1,579.4,5,Inactive,241.42,Medium Value,No
2636-ALXXZ,1,69.6,69.6,4,Inactive,23.2,Low Value,Yes
7774-OJSXI,31,103.45,3066.45,11,Champions,2810.91,High Value,Yes
7786-WBJYI,4,77.95,305.55,6,At Risk,152.78,Low Value,Yes
0136-IFMYD,69,109.95,7634.25,12,Champions,7634.25,Premium,No
5144-TVGLP,38,94.75,3653.0,10,Champions,3044.17,Premium,No
9643-AVVWI,3,80.0,241.3,6,At Risk,120.65,Low Value,No
0253-ZTEOB,48,79.65,3870.3,10,Champions,3225.25,Premium,No
2706-QZIHY,15,25.2,387.9,5,Inactive,161.62,Low Value,No
6061-PQHMK,25,19.9,527.5,4,Inactive,175.83,Medium Value,No
9885-CSMWE,1,78.45,78.45,6,At Risk,39.22,Low Value,Yes
6137-MFAJN,48,44.8,2104.55,7,At Risk,1227.65,High Value,No
9122-UMROB,1,20.3,20.3,3,Inactive,5.08,Low Value,No
4232-JGKIY,1,19.2,19.2,3,Inactive,4.8,Low Value,No
2402-TAIRZ,37,80.05,3019.1,8,Loyal Customers,2012.73,High Value,No
9659-ZTWSM,66,107.35,7051.95,12,Champions,7051.95,Premium,No
9139-TWBAS,26,47.85,1190.5,7,At Risk,694.46,Medium Value,No
6685-GBWJZ,63,70.8,4448.8,10,Champions,3707.33,Premium,No
5016-ETTFF,10,29.5,255.25,4,Inactive,85.08,Low Value,Yes
3866-MDTUB,2,70.75,146.9,7,At Risk,85.69,Low Value,Yes
2195-VVRJF,18,59.1,1011.05,6,At Risk,505.52,Medium Value,No
3913-RDSJZ,64,25.55,1714.95,7,At Risk,1000.39,High Value,No
8058-JMEQO,9,84.45,762.5,6,At Risk,381.25,Medium Value,Yes
4203-QGNZA,28,20.25,535.35,4,Inactive,178.45,Medium Value,No
5043-TRZWM,1,75.55,75.55,6,At Risk,37.78,Low Value,No
0697-ZMSWS,4,85.65,338.9,6,At Risk,169.45,Medium Value,Yes
7657-DYEPJ,38,70.15,2497.35,8,Loyal Customers,1664.9,High Value,Yes
9494-BDNNC,66,95.3,6273.4,11,Champions,5750.62,Premium,No
1640-PLFMP,1,70.25,70.25,4,Inactive,23.42,Low Value,No
5366-OBVMR,18,50.3,908.75,6,At Risk,454.38,Medium Value,No
8276-MQBYC,51,97.8,4913.3,10,Champions,4094.42,Premium,Yes
7593-XFKDI,1,46.3,46.3,4,Inactive,15.43,Low Value,Yes
4573-JKNAE,12,19.35,212.3,4,Inactive,70.77,Low Value,No
0337-CNPZE,41,106.3,4443.45,11,Champions,4073.16,Premium,Yes
9817-APLHW,12,25.0,316.2,5,Inactive,131.75,Low Value,No
8380-MQINP,55,20.3,1079.05,5,Inactive,449.6,Medium Value,No
0840-DFEZH,7,75.35,564.65,6,At Risk,282.32,Medium Value,No
1513-XNPPH,12,89.4,1095.65,8,Loyal Customers,730.43,Medium Value,Yes
8690-ZVLCL,68,88.0,6161.9,11,Champions,5648.41,Premium,No
6015-VVHHE,5,83.15,446.05,6,At Risk,223.02,Medium Value,Yes
1125-SNVCK,49,43.8,2106.05,6,At Risk,1053.03,High Value,No
0384-LPITE,40,62.05,2511.55,8,Loyal Customers,1674.37,High Value,No
4616-EWBNJ,16,20.1,318.6,4,Inactive,106.2,Low Value,No
6347-DCUIK,10,74.15,811.8,7,At Risk,473.55,Medium Value,Yes
1335-HQMKX,72,101.35,7323.15,12,Champions,7323.15,Premium,No
2545-EBUPK,2,84.05,186.05,6,At Risk,93.02,Low Value,No
6923-AQONU,23,20.9,454.0,4,Inactive,151.33,Low Value,No
2172-EJXVF,71,105.9,7521.95,12,Champions,7521.95,Premium,No
0897-FEGMU,11,99.5,1056.95,9,Loyal Customers,792.71,Medium Value,Yes
7663-RGWBC,1,44.15,44.15,4,Inactive,14.72,Low Value,Yes
1120-BMWUB,16,53.9,834.15,6,At Risk,417.08,Medium Value,Yes
9124-LHCJQ,1,85.45,85.45,6,At Risk,42.72,Low Value,Yes
4536-PLEQY,12,85.05,999.8,7,At Risk,583.22,Medium Value,No
7029-IJEJK,54,44.1,2369.7,7,At Risk,1382.32,High Value,No
8871-JLMHM,68,90.2,6297.65,11,Champions,5772.85,Premium,No
2235-ZGKPT,4,50.85,239.55,5,Inactive,99.81,Low Value,Yes
3891-PUQOD,1,59.2,59.2,5,Inactive,24.67,Low Value,Yes
5447-VYTKW,27,53.45,1461.45,6,At Risk,730.72,Medium Value,No
3623-FQBOX,21,19.95,416.4,4,Inactive,138.8,Low Value,No
0689-NKYLF,13,83.2,1060.6,7,At Risk,618.68,Medium Value,Yes
8659-HDIYE,64,74.65,4869.35,11,Champions,4463.57,Premium,No
3658-KIBGF,1,54.9,54.9,5,Inactive,22.88,Low Value,Yes
3474-BAFSJ,57,57.5,3265.95,10,Champions,2721.62,High Value,No
5519-YLDGW,21,103.9,2254.2,10,Champions,1878.5,High Value,Yes
3865-ZFZIB,19,19.65,358.15,4,Inactive,119.38,Low Value,No
1855-AGAWH,31,93.8,2939.8,10,Champions,2449.83,High Value,No
7109-CQYUZ,52,89.25,4652.4,10,Champions,3877.0,Premium,No
1370-GGAWX,46,94.15,4408.45,11,Champions,4041.08,Premium,No
4680-KUTAJ,11,55.6,580.8,6,At Risk,290.4,Medium Value,No
5307-UVGNB,53,48.7,2495.2,8,Loyal Customers,1663.47,High Value,No
4946-EDSEW,11,19.25,180.3,4,Inactive,60.1,Low Value,Yes
2883-ILGWO,57,104.9,5913.95,12,Champions,5913.95,Premium,No
2516-VQRRV,2,75.45,158.4,6,At Risk,79.2,Low Value,Yes
7580-UGXNC,2,54.85,104.2,5,Inactive,43.42,Low Value,Yes
3642-BYHDO,71,19.9,1389.35,6,At Risk,694.68,Medium Value,No
9629-NHXFW,1,19.4,19.4,3,Inactive,4.85,Low Value,No
2696-RZVZW,68,25.05,1629.2,7,At Risk,950.37,High Value,No
5766-FTRTS,72,84.45,6033.1,11,Champions,5530.34,Premium,No
0396-HUJBP,2,19.3,44.4,3,Inactive,11.1,Low Value,No
5178-LMXOP,1,95.1,95.1,8,Loyal Customers,63.4,Low Value,Yes
8879-ZKJOF,41,79.85,3320.75,10,Champions,2767.29,High Value,No
6285-FTQBF,72,25.55,1867.7,7,At Risk,1089.49,High Value,No
8185-UPYBR,6,75.5,438.0,6,At Risk,219.0,Medium Value,Yes
4585-HETAI,4,73.75,325.45,6,At Risk,162.72,Medium Value,Yes
7526-BEZQB,12,96.05,1148.1,9,Loyal Customers,861.08,High Value,Yes
1474-JUWSM,58,68.4,3972.25,10,Champions,3310.21,Premium,No
3530-CRZSB,7,20.65,155.9,3,Inactive,38.98,Low Value,No
8498-XXGWA,65,55.15,3673.15,8,Loyal Customers,2448.77,High Value,No
9617-INGJY,1,70.6,70.6,5,Inactive,29.42,Low Value,No
0621-TSSMU,56,19.95,1126.75,6,At Risk,563.38,Medium Value,No
7234-KMNRQ,4,19.0,73.45,3,Inactive,18.36,Low Value,No
7636-PEPNS,58,44.1,2413.05,7,At Risk,1407.61,High Value,No
4683-WYDOU,62,107.6,6912.7,12,Champions,6912.7,Premium,No
9052-DHNKM,26,61.55,1581.95,7,At Risk,922.8,High Value,No
6794-HKIAJ,62,90.7,5586.45,12,Champions,5586.45,Premium,No
5578-NKCXI,58,99.25,5846.65,12,Champions,5846.65,Premium,No
1642-HMARX,68,91.7,6424.7,12,Champions,6424.7,Premium,No
3096-WPXBT,61,100.7,6018.65,12,Champions,6018.65,Premium,No
8434-PNQZX,42,78.45,3373.4,10,Champions,2811.17,High Value,No
5950-AAAGJ,18,84.3,1537.9,7,At Risk,897.11,High Value,No
4299-OPXEJ,56,19.55,1080.55,6,At Risk,540.28,Medium Value,No
4951-UKAAQ,4,88.95,355.2,7,At Risk,207.2,Medium Value,Yes
9618-LFJRU,4,20.45,82.85,3,Inactive,20.71,Low Value,No
6693-DJWTY,35,55.6,2016.45,7,At Risk,1176.26,High Value,No
0744-GKNGE,64,86.8,5327.25,10,Champions,4439.38,Premium,No
6447-EGDIV,31,20.95,683.25,5,Inactive,284.69,Medium Value,No
1167-OYZJF,67,20.05,1263.05,6,At Risk,631.52,Medium Value,No
2108-YKQTY,4,50.7,151.3,5,Inactive,63.04,Low Value,Yes
4806-DXQCE,70,113.65,7714.65,12,Champions,7714.65,Premium,No
4918-QLLIW,3,53.4,188.7,5,Inactive,78.62,Low Value,Yes
7056-IMHCC,53,101.9,5549.4,11,Champions,5086.95,Premium,Yes
4854-SSLTN,2,59.5,130.5,6,At Risk,65.25,Low Value,No
5294-DMSFH,29,87.8,2621.75,7,At Risk,1529.35,High Value,No
4837-PZTIC,47,41.9,1875.25,7,At Risk,1093.9,High Value,No
1625-JAIIY,68,83.0,5685.8,9,Loyal Customers,4264.35,Premium,Yes
0603-OLQDC,12,69.85,837.5,7,At Risk,488.54,Medium Value,No
3272-VUHPV,8,56.3,401.5,5,Inactive,167.29,Medium Value,No
4176-FXYBO,54,109.55,6118.95,11,Champions,5609.04,Premium,No
1063-DHQJF,69,92.15,6480.9,11,Champions,5940.82,Premium,No
8663-UPDGF,26,69.5,1800.05,8,Loyal Customers,1200.03,High Value,No
6719-FGEDO,72,97.0,7104.2,12,Champions,7104.2,Premium,No
1837-YQUCE,70,58.35,4214.25,10,Champions,3511.88,Premium,No
2947-DOMLJ,1,50.6,50.6,5,Inactive,21.08,Low Value,Yes
4112-LUEIZ,10,89.5,863.1,7,At Risk,503.48,Medium Value,Yes
0369-ZGOVK,28,70.4,1992.2,6,At Risk,996.1,High Value,No
4510-HIMLV,1,69.8,69.8,4,Inactive,23.27,Low Value,Yes
9919-KNPOO,21,94.3,1948.35,9,Loyal Customers,1461.26,High Value,No
8749-JMNKX,51,93.8,4750.95,11,Champions,4355.04,Premium,Yes
7872-BAAZR,53,19.55,1007.9,5,Inactive,419.96,Medium Value,No
9391-LMANN,53,95.95,5036.9,11,Champions,4617.16,Premium,No
2430-USGXP,24,101.05,2391.8,10,Champions,1993.17,High Value,Yes
8174-TBVCF,70,94.8,6859.05,12,Champions,6859.05,Premium,No
1698-XFZCI,61,107.75,6521.9,12,Champions,6521.9,Premium,No
1877-HKBQX,11,54.6,617.85,6,At Risk,308.92,Medium Value,No
4450-DLLMH,2,71.3,157.75,5,Inactive,65.73,Low Value,No
0428-AXXLJ,25,19.5,516.3,4,Inactive,172.1,Medium Value,No
2746-DIJLO,41,56.3,2364.0,7,At Risk,1379.0,High Value,No
5955-ERIHD,18,94.7,1687.95,9,Loyal Customers,1265.96,High Value,Yes
0917-EZOLA,72,104.15,7689.95,12,Champions,7689.95,Premium,Yes
3508-VLHCZ,71,90.55,6239.05,12,Champions,6239.05,Premium,No
4086-ATNFV,34,60.8,2042.05,8,Loyal Customers,1361.37,High Value,No
0468-YRPXN,29,98.8,2807.1,10,Champions,2339.25,High Value,No
5996-NRVXR,40,98.15,4116.8,11,Champions,3773.73,Premium,No
3739-YBWAB,36,35.35,1317.95,6,At Risk,658.98,Medium Value,No
7047-FWEYA,46,103.15,4594.65,11,Champions,4211.76,Premium,No
2000-MPKCA,58,107.75,6332.75,12,Champions,6332.75,Premium,No
9762-YAQAA,39,81.4,3213.75,8,Loyal Customers,2142.5,High Value,No
5949-EBSQK,4,61.45,229.55,5,Inactive,95.65,Low Value,Yes
5473-KHBPS,52,95.7,4976.15,11,Champions,4561.47,Premium,No
0100-DUVFC,70,104.8,7308.95,12,Champions,7308.95,Premium,No
5397-TUPSH,65,70.95,4555.2,8,Loyal Customers,3036.8,Premium,No
8950-MTZNV,1,44.95,44.95,4,Inactive,14.98,Low Value,No
0326-VDYXE,70,97.65,6982.5,12,Champions,6982.5,Premium,No
6773-LQTVT,29,35.65,1025.15,6,At Risk,512.58,Medium Value,No
7274-RTAPZ,1,90.55,90.55,7,At Risk,52.82,Low Value,Yes
0436-TWFFZ,67,85.25,5714.2,11,Champions,5238.02,Premium,No
8566-YPRGL,1,19.5,19.5,3,Inactive,4.88,Low Value,No
0311-UNPFF,26,88.8,2274.35,7,At Risk,1326.7,High Value,Yes
6609-MXJHJ,30,25.1,789.55,6,At Risk,394.78,Medium Value,No
2669-OIDSD,48,100.05,4834.0,11,Champions,4431.17,Premium,No
8400-WZICQ,55,55.7,3131.8,7,At Risk,1826.88,High Value,No
3834-XUIFC,7,85.2,602.55,6,At Risk,301.27,Medium Value,Yes
9576-SYUHJ,37,91.15,3369.25,10,Champions,2807.71,High Value,No
0410-IPFTY,31,83.85,2674.15,8,Loyal Customers,1782.77,High Value,No
2831-EBWRN,4,45.9,199.75,4,Inactive,66.58,Low Value,No
9430-NKQLY,72,25.1,1790.8,7,At Risk,1044.63,High Value,No
8414-MYSHR,5,91.4,449.75,7,At Risk,262.35,Medium Value,Yes
0247-SLUJI,1,19.7,19.7,3,Inactive,4.92,Low Value,No
9402-ORRAH,15,91.5,1400.3,8,Loyal Customers,933.53,High Value,No
6483-OATDN,8,51.3,411.6,5,Inactive,171.5,Medium Value,No
1293-HHSHJ,35,21.1,741.0,5,Inactive,308.75,Medium Value,No
4840-ORQXB,56,104.75,5841.35,12,Champions,5841.35,Premium,No
7599-FKVXZ,42,106.15,4512.7,11,Champions,4136.64,Premium,Yes
3982-DQLUS,65,85.75,5688.45,10,Champions,4740.38,Premium,No
8610-ZIKJJ,2,20.3,31.9,3,Inactive,7.98,Low Value,No
3756-VNWDH,65,100.75,6674.65,12,Champions,6674.65,Premium,No
7801-KICAO,18,74.15,1345.75,7,At Risk,785.02,Medium Value,No
7673-LPRNY,23,78.55,1843.05,9,Loyal Customers,1382.29,High Value,No
8229-TNIQA,4,45.3,196.95,4,Inactive,65.65,Low Value,Yes
6060-QBMGV,70,19.85,1433.8,6,At Risk,716.9,Medium Value,No
7339-POGZN,4,50.7,214.55,5,Inactive,89.4,Low Value,No
2828-SLQPF,19,45.0,865.85,5,Inactive,360.77,Medium Value,No
4465-VDKIQ,18,77.8,1358.6,7,At Risk,792.52,Medium Value,No
2921-XWDJH,38,83.45,3147.15,8,Loyal Customers,2098.1,High Value,No
6221-AVQYL,2,73.25,131.05,6,At Risk,65.53,Low Value,Yes
2558-BUOZZ,47,94.8,4535.85,11,Champions,4157.86,Premium,No
9257-AZMTZ,52,20.1,1078.75,5,Inactive,449.48,Medium Value,No
0003-MKNFE,9,59.9,542.4,5,Inactive,226.0,Medium Value,No
0975-UYDTX,26,90.1,2312.55,10,Champions,1927.13,High Value,No
7743-EXURX,8,51.05,415.05,5,Inactive,172.94,Medium Value,Yes
4682-BLBUC,44,70.95,3250.45,10,Champions,2708.71,High Value,No
0975-VOOVL,3,29.2,98.5,3,Inactive,24.62,Low Value,No
5968-VXZLG,2,46.6,87.9,4,Inactive,29.3,Low Value,No
5569-KGJHX,9,85.35,754.65,6,At Risk,377.32,Medium Value,Yes
4988-IQIGL,1,75.35,75.35,6,At Risk,37.67,Low Value,Yes
5201-FRKKS,25,74.3,1952.25,7,At Risk,1138.81,High Value,No
9799-CAYJJ,2,69.3,153.8,4,Inactive,51.27,Low Value,No
7730-IUTDZ,43,75.2,3198.6,8,Loyal Customers,2132.4,High Value,Yes
0426-TIRNE,1,20.9,20.9,3,Inactive,5.22,Low Value,Yes
5443-SCMKX,58,94.3,5610.15,12,Champions,5610.15,Premium,No
8295-KMENE,59,76.45,4519.5,11,Champions,4142.88,Premium,No
6738-ISCBM,44,54.0,2440.25,8,Loyal Customers,1626.83,High Value,No
9821-BESNZ,66,104.25,6860.6,12,Champions,6860.6,Premium,No
3678-MNGZX,68,19.95,1377.7,6,At Risk,688.85,Medium Value,No
1335-NTIUC,9,24.95,190.25,3,Inactive,47.56,Low Value,No
2916-BQZLN,19,84.75,1651.95,8,Loyal Customers,1101.3,High Value,No
4558-CGYCZ,4,19.75,78.3,3,Inactive,19.58,Low Value,No
2368-GAKKQ,70,113.65,7939.25,12,Champions,7939.25,Premium,No
8710-YGLWG,1,44.9,44.9,4,Inactive,14.97,Low Value,No
3199-XGZCY,8,75.25,576.7,6,At Risk,288.35,Medium Value,No
3785-KTYSH,53,24.6,1279.0,6,At Risk,639.5,Medium Value,No
6814-ZPWFQ,51,25.0,1260.7,6,At Risk,630.35,Medium Value,No
4063-EIKNQ,11,20.95,267.35,4,Inactive,89.12,Low Value,No
6993-YCOBK,60,110.6,6586.85,12,Champions,6586.85,Premium,No
5206-HPJKM,17,55.5,934.15,6,At Risk,467.08,Medium Value,No
7587-RZNME,3,43.3,123.65,4,Inactive,41.22,Low Value,Yes
0748-RDGGM,70,109.5,7534.65,12,Champions,7534.65,Premium,Yes
8393-JMVMB,1,19.45,19.45,3,Inactive,4.86,Low Value,No
5019-GQVCR,43,84.85,3645.6,8,Loyal Customers,2430.4,High Value,No
6036-TTFYU,16,19.6,314.45,4,Inactive,104.82,Low Value,No
2550-AEVRU,57,53.45,3053.0,8,Loyal Customers,2035.33,High Value,No
0969-RGKCU,37,19.8,677.05,5,Inactive,282.1,Medium Value,No
0378-CJKPV,72,112.1,7965.95,12,Champions,7965.95,Premium,No
4706-AXVKM,11,84.8,906.85,7,At Risk,529.0,Medium Value,Yes
5889-JTMUL,50,95.05,4888.7,11,Champions,4481.31,Premium,Yes
9026-RNUJS,5,50.35,237.25,5,Inactive,98.85,Low Value,Yes
3746-EUBYR,1,74.6,74.6,6,At Risk,37.3,Low Value,Yes
2332-EFBJY,16,19.7,342.4,4,Inactive,114.13,Low Value,Yes
2880-FPNAE,2,74.2,140.1,6,At Risk,70.05,Low Value,No
1703-MGIAB,17,69.0,1108.0,8,Loyal Customers,738.67,Medium Value,No
4311-QTTAI,16,19.35,295.55,4,Inactive,98.52,Low Value,No
9474-PHLYD,15,59.45,892.65,6,At Risk,446.32,Medium Value,Yes
4318-RAJVY,10,19.8,198.25,4,Inactive,66.08,Low Value,No
2165-VOEGB,46,105.2,4822.85,11,Champions,4420.95,Premium,Yes
3612-YUNGG,64,109.2,6741.15,12,Champions,6741.15,Premium,No
2254-DLXRI,1,79.15,79.15,6,At Risk,39.58,Low Value,No
5062-CJJKH,25,53.65,1355.45,6,At Risk,677.72,Medium Value,No
9028-LIHRP,71,100.2,7209.0,12,Champions,7209.0,Premium,No
2219-MVUSO,8,45.15,438.4,4,Inactive,146.13,Low Value,Yes
1053-MXTTK,72,108.65,7726.35,12,Champions,7726.35,Premium,No
1530-ZTDOZ,49,40.65,2070.75,7,At Risk,1207.94,High Value,No
1301-LOPVR,29,55.35,1636.95,8,Loyal Customers,1091.3,High Value,No
0853-TWRVK,72,105.6,7581.5,12,Champions,7581.5,Premium,No
8914-RBTSB,31,93.8,3019.5,11,Champions,2767.88,High Value,Yes
6212-ATMLK,50,95.7,4729.75,10,Champions,3941.46,Premium,No
8200-LGKSR,71,83.2,6126.1,11,Champions,5615.59,Premium,No
1568-BEKZM,70,90.05,6333.4,12,Champions,6333.4,Premium,No
0670-ANMUU,71,97.65,6687.85,12,Champions,6687.85,Premium,No
6897-RWMUB,61,68.05,4158.25,10,Champions,3465.21,Premium,No
0963-ZBDRN,32,96.2,3183.4,10,Champions,2652.83,High Value,Yes
7594-RQHXR,1,79.6,79.6,6,At Risk,39.8,Low Value,Yes
6999-CHVCF,68,102.1,7149.35,12,Champions,7149.35,Premium,No
6134-KWTBV,62,23.4,1429.65,7,At Risk,833.96,High Value,No
1077-HUUJM,7,71.05,472.65,5,Inactive,196.94,Medium Value,No
6331-EWIEB,20,85.25,1734.5,7,At Risk,1011.79,High Value,Yes
0895-LNKRC,6,19.45,113.5,3,Inactive,28.38,Low Value,No
2045-BMBTJ,33,59.45,1884.65,9,Loyal Customers,1413.49,High Value,No
8417-GSODA,28,92.2,2568.15,9,Loyal Customers,1926.11,High Value,No
5171-EPLKN,27,19.85,470.0,4,Inactive,156.67,Low Value,No
4452-QIIEB,7,43.9,278.4,4,Inactive,92.8,Low Value,No
5998-VVEJY,26,80.5,2088.8,7,At Risk,1218.47,High Value,Yes
1624-NALOJ,5,89.8,502.6,7,At Risk,293.18,Medium Value,Yes
6741-EGCBI,30,90.5,2595.85,10,Champions,2163.21,High Value,No
7820-ZYGNY,63,90.45,5825.5,11,Champions,5340.04,Premium,No
4317-VTEOA,1,50.75,50.75,5,Inactive,21.15,Low Value,Yes
9677-AVKED,53,84.6,4449.75,10,Champions,3708.12,Premium,No
1670-SVOWZ,14,89.65,1208.35,8,Loyal Customers,805.57,Medium Value,Yes
2227-JRSJX,21,99.15,1956.4,10,Champions,1630.33,High Value,No
9847-HNVGP,17,19.95,310.6,4,Inactive,103.53,Low Value,No
6696-YDAYZ,16,20.5,290.55,4,Inactive,96.85,Low Value,No
8980-WQFWL,35,62.1,2096.1,7,At Risk,1222.73,High Value,No
1730-ZMAME,32,79.5,2665.0,8,Loyal Customers,1776.67,High Value,No
6506-EYCNH,28,19.55,543.8,4,Inactive,181.27,Medium Value,No
4634-JLRJT,1,20.35,20.35,3,Inactive,5.09,Low Value,No
9501-UKKNL,59,51.7,3005.8,8,Loyal Customers,2003.87,High Value,No
2560-QTSBS,72,23.3,1623.15,7,At Risk,946.84,High Value,No
7541-YLXCL,36,65.4,2498.4,8,Loyal Customers,1665.6,High Value,Yes
4795-WRNVT,40,65.1,2586.0,8,Loyal Customers,1724.0,High Value,No
6080-TCMYC,40,81.2,3292.3,8,Loyal Customers,2194.87,High Value,No
0260-ZDLGK,9,72.9,651.4,8,Loyal Customers,434.27,Medium Value,Yes
7860-UXCRM,63,74.5,4674.55,11,Champions,4285.0,Premium,No
6357-JJPQT,3,80.5,232.35,6,At Risk,116.18,Low Value,No
2292-XQWSV,40,60.3,2448.5,9,Loyal Customers,1836.38,High Value,No
9552-TGUZV,8,75.0,658.1,6,At Risk,329.05,Medium Value,No
5913-INRQV,34,90.15,3128.8,10,Champions,2607.33,High Value,No
8722-NGNBH,5,40.0,223.45,5,Inactive,93.1,Low Value,Yes
6210-KBBPI,9,99.45,919.4,9,Loyal Customers,689.55,Medium Value,Yes
9643-YBLUR,9,69.05,653.95,7,At Risk,381.47,Medium Value,No
8734-FNWVH,31,59.7,1825.5,7,At Risk,1064.88,High Value,No
9447-YPTBX,50,19.85,943.1,5,Inactive,392.96,Medium Value,No
0133-BMFZO,2,86.25,181.65,7,At Risk,105.96,Low Value,Yes
6128-CZOMY,1,45.65,45.65,4,Inactive,15.22,Low Value,Yes
9540-JYROE,8,70.1,551.35,4,Inactive,183.78,Medium Value,Yes
9026-LHEVG,9,40.75,359.4,5,Inactive,149.75,Low Value,No
2260-USTRB,2,70.2,115.95,4,Inactive,38.65,Low Value,Yes
3656-TKRVZ,3,55.35,165.2,5,Inactive,68.83,Low Value,Yes
7011-CVEUC,25,95.7,2338.35,9,Loyal Customers,1753.76,High Value,No
6185-TASNN,1,46.3,46.3,4,Inactive,15.43,Low Value,No
7925-PNRGI,45,81.3,3541.1,10,Champions,2950.92,High Value,No
8623-TMRBY,51,84.2,4146.05,9,Loyal Customers,3109.54,Premium,Yes
1552-CZCLL,55,20.0,1087.25,5,Inactive,453.02,Medium Value,No
3038-PQIUY,38,66.15,2522.4,9,Loyal Customers,1891.8,High Value,No
1501-SGHBW,2,45.85,81.0,4,Inactive,27.0,Low Value,Yes
9313-CDOGY,38,19.6,717.3,5,Inactive,298.88,Medium Value,No
8148-BPLZQ,34,49.8,1734.2,7,At Risk,1011.62,High Value,No
2623-DRYAM,70,101.75,7069.3,12,Champions,7069.3,Premium,No
9987-LUTYD,13,55.15,742.9,6,At Risk,371.45,Medium Value,No
3208-YPIOE,39,75.25,3017.65,8,Loyal Customers,2011.77,High Value,Yes
4488-KQFDT,61,103.95,6423.0,12,Champions,6423.0,Premium,No
2612-RANWT,12,100.15,1164.3,10,Champions,970.25,High Value,Yes
5693-PIPCS,41,99.65,4220.35,11,Champions,3868.65,Premium,No
0491-KAPQG,21,73.7,1558.7,7,At Risk,909.24,High Value,No
1925-LFCZZ,55,50.05,2743.45,7,At Risk,1600.35,High Value,No
8039-EQPIM,69,60.25,4055.5,10,Champions,3379.58,Premium,No
6900-PXRMS,26,105.75,2710.25,10,Champions,2258.54,High Value,Yes
8707-RMEZH,69,87.3,6055.55,10,Champions,5046.29,Premium,No
3346-BRMIS,18,48.35,810.7,6,At Risk,405.35,Medium Value,Yes
3209-ZPKFI,47,54.25,2538.2,7,At Risk,1480.62,High Value,No
6479-VDGRK,72,85.3,6129.2,11,Champions,5618.43,Premium,No
9373-WSLOY,33,50.0,1750.85,8,Loyal Customers,1167.23,High Value,No
2933-FILNV,2,24.4,36.55,3,Inactive,9.14,Low Value,Yes
3569-JFODW,72,90.95,6652.45,12,Champions,6652.45,Premium,No
9819-FBNSV,37,72.25,2575.45,7,At Risk,1502.35,High Value,No
9544-PYPSJ,62,96.1,6019.35,12,Champions,6019.35,Premium,No
1591-XWLGB,71,19.85,1379.6,6,At Risk,689.8,Medium Value,No
0396-UKGAI,23,55.3,1284.2,6,At Risk,642.1,Medium Value,No
3243-ZHOHY,16,20.1,296.15,4,Inactive,98.72,Low Value,No
5186-EJEGL,9,69.5,653.25,7,At Risk,381.06,Medium Value,No
7527-QNRUS,17,25.15,412.6,5,Inactive,171.92,Medium Value,No
9986-BONCE,4,20.95,85.5,3,Inactive,21.38,Low Value,Yes
2722-JMONI,1,49.55,49.55,5,Inactive,20.65,Low Value,Yes
2203-GHNWN,24,79.65,1928.7,7,At Risk,1125.08,High Value,No
3878-AVSOQ,1,71.25,71.25,5,Inactive,29.69,Low Value,No
3258-SYSWS,72,113.8,7845.8,12,Champions,7845.8,Premium,No
5296-PSYVW,72,24.55,1750.7,7,At Risk,1021.24,High Value,No
6319-QSUSR,11,19.7,216.2,4,Inactive,72.07,Low Value,No
4083-EUGRJ,9,20.25,178.5,3,Inactive,44.62,Low Value,Yes
7579-OOPEC,2,50.15,115.1,5,Inactive,47.96,Low Value,Yes
0512-FLFDW,60,100.5,6029.0,12,Champions,6029.0,Premium,No
1771-OADNZ,29,95.9,2745.2,10,Champions,2287.67,High Value,Yes
0487-CRLZF,49,74.45,3721.9,10,Champions,3101.58,Premium,No
2107-FBPTK,30,104.1,3121.1,11,Champions,2861.01,High Value,No
9451-WLYRI,53,19.05,990.45,5,Inactive,412.69,Medium Value,No
8219-VYBVI,39,25.0,1004.35,6,At Risk,502.18,Medium Value,No
1991-VOPLL,9,19.05,157.65,3,Inactive,39.41,Low Value,No
9738-QLWTP,39,81.9,3219.75,8,Loyal Customers,2146.5,High Value,No
1016-DJTSV,8,69.7,572.85,4,Inactive,190.95,Medium Value,No
9419-IPPBE,51,90.15,4554.85,10,Champions,3795.71,Premium,No
0174-QRVVY,71,25.35,1847.55,7,At Risk,1077.74,High Value,No
5699-BNCAS,71,24.65,1766.75,7,At Risk,1030.6,High Value,No
2900-PHPLN,70,19.55,1462.05,6,At Risk,731.02,Medium Value,No
0612-RTZZA,1,25.25,25.25,3,Inactive,6.31,Low Value,Yes
8106-GWQOK,38,60.0,2193.2,9,Loyal Customers,1644.9,High Value,No
8751-EDEKA,28,89.9,2433.5,9,Loyal Customers,1825.12,High Value,No
6878-GGDWG,32,19.4,641.15,5,Inactive,267.15,Medium Value,No
4039-PIMHX,49,49.8,2398.4,7,At Risk,1399.07,High Value,No
8450-LUGUK,37,24.1,861.85,6,At Risk,430.92,Medium Value,No
3604-WLABM,10,54.25,583.0,6,At Risk,291.5,Medium Value,No
0795-GMVQO,67,109.9,7332.4,12,Champions,7332.4,Premium,No
2259-OUUSZ,7,35.5,249.55,4,Inactive,83.18,Low Value,No
1142-IHLOO,51,87.55,4475.9,8,Loyal Customers,2983.93,High Value,No
6410-LEFEN,9,45.15,416.45,4,Inactive,138.82,Low Value,Yes
4633-MKHYU,9,88.4,788.6,6,At Risk,394.3,Medium Value,No
6257-RJOHI,4,50.8,202.3,5,Inactive,84.29,Low Value,No
1545-JFUML,71,99.0,6994.6,12,Champions,6994.6,Premium,No
3194-ORPIK,50,84.4,4116.15,8,Loyal Customers,2744.1,High Value,Yes
7826-VVKWT,24,96.55,2263.45,9,Loyal Customers,1697.59,High Value,No
1353-GHZOS,22,59.75,1374.35,6,At Risk,687.18,Medium Value,No
2587-EKXTS,44,111.5,4915.15,11,Champions,4505.55,Premium,No
5442-BXVND,33,24.25,838.5,6,At Risk,419.25,Medium Value,No
8816-VXNZD,1,75.1,75.1,6,At Risk,37.55,Low Value,Yes
9378-FXTIZ,54,70.15,3715.65,8,Loyal Customers,2477.1,High Value,Yes
1723-HKXJQ,42,101.75,4273.45,11,Champions,3917.33,Premium,Yes
7825-GKXMW,1,45.8,45.8,4,Inactive,15.27,Low Value,Yes
9753-OYLBX,1,20.5,20.5,3,Inactive,5.12,Low Value,No
2364-UFROM,30,70.4,2044.75,10,Champions,1703.96,High Value,No
6656-JWRQX,1,30.55,30.55,3,Inactive,7.64,Low Value,No
6473-ULUHT,16,84.9,1398.25,9,Loyal Customers,1048.69,High Value,No
1240-KNSEZ,1,20.1,20.1,3,Inactive,5.03,Low Value,Yes
0836-SEYLU,9,40.65,328.95,5,Inactive,137.06,Low Value,Yes
4433-JCGCG,46,101.0,4680.05,11,Champions,4290.05,Premium,Yes
3716-BDVDB,1,69.1,69.1,4,Inactive,23.03,Low Value,Yes
7688-AWMDX,71,54.5,3778.2,8,Loyal Customers,2518.8,High Value,No
2842-BCQGE,43,75.35,3161.4,8,Loyal Customers,2107.6,High Value,No
7244-QWYHG,50,44.45,2188.45,7,At Risk,1276.6,High Value,No
5899-MQZZL,13,75.0,999.45,7,At Risk,583.01,Medium Value,Yes
6849-OYAMU,19,100.0,1888.65,10,Champions,1573.88,High Value,Yes
5312-UXESG,41,98.05,3990.6,11,Champions,3658.05,Premium,No
9488-HGMJH,1,71.15,71.15,5,Inactive,29.65,Low Value,Yes
6038-GCYEC,24,54.15,1240.25,7,At Risk,723.48,Medium Value,Yes
2150-WLKUW,40,63.9,2635.0,8,Loyal Customers,1756.67,High Value,No
7159-FVYPK,3,69.15,235.0,7,At Risk,137.08,Low Value,No
7032-LMBHI,37,64.65,2347.85,8,Loyal Customers,1565.23,High Value,No
1150-WFARN,67,108.75,7156.2,12,Champions,7156.2,Premium,Yes
6088-BXMRG,32,98.85,3089.6,11,Champions,2832.13,High Value,No
3144-AUDBS,6,49.15,270.8,5,Inactive,112.83,Low Value,Yes
4821-SJHJV,32,89.6,2901.8,9,Loyal Customers,2176.35,High Value,No
7346-MEDWM,59,83.25,4949.1,10,Champions,4124.25,Premium,No
1137-DGOWI,30,70.25,2198.9,9,Loyal Customers,1649.18,High Value,No
5616-PRTNT,20,19.4,374.5,4,Inactive,124.83,Low Value,Yes
3812-LRZIR,27,24.5,761.95,5,Inactive,317.48,Medium Value,No
4818-QIUFN,20,79.15,1520.9,7,At Risk,887.19,High Value,Yes
9483-GCPWE,9,20.1,190.25,3,Inactive,47.56,Low Value,No
4227-OJHAL,68,73.0,5163.0,11,Champions,4732.75,Premium,No
9220-CXRSC,69,61.4,4059.85,9,Loyal Customers,3044.89,Premium,No
4993-JCRGJ,26,84.3,2281.6,8,Loyal Customers,1521.07,High Value,No
9537-JALFH,69,19.9,1356.7,6,At Risk,678.35,Medium Value,No
6698-OXETB,11,20.4,231.45,4,Inactive,77.15,Low Value,No
2103-ZRXFN,1,50.75,50.75,5,Inactive,21.15,Low Value,No
3724-BSCVH,10,20.45,242.4,4,Inactive,80.8,Low Value,No
4877-TSOFF,55,75.75,4264.25,10,Champions,3553.54,Premium,No
9209-NWPGU,44,65.4,2774.55,8,Loyal Customers,1849.7,High Value,No
6961-VCPMC,46,80.4,3605.2,8,Loyal Customers,2403.47,High Value,Yes
7306-YDSOI,69,59.75,4069.9,9,Loyal Customers,3052.42,Premium,No
5288-AHOUP,11,78.5,874.2,7,At Risk,509.95,Medium Value,No
6688-UZPWD,11,102.0,1145.35,10,Champions,954.46,High Value,Yes
0655-YDGFJ,29,48.95,1323.7,6,At Risk,661.85,Medium Value,No
8468-EHYJA,57,99.65,5497.05,12,Champions,5497.05,Premium,No
6823-SIDFQ,28,18.25,534.7,4,Inactive,178.23,Medium Value,No
1097-FSPVW,42,54.55,2455.05,7,At Risk,1432.11,High Value,No
2839-RFSQE,2,20.65,38.7,3,Inactive,9.68,Low Value,Yes
8328-SKJNO,23,40.65,947.4,6,At Risk,473.7,Medium Value,No
7010-ZMVBF,18,20.45,357.0,4,Inactive,119.0,Low Value,No
5201-CBWYG,62,24.8,1476.25,7,At Risk,861.15,High Value,No
0968-GSIKN,1,70.8,70.8,5,Inactive,29.5,Low Value,Yes
1965-DDBWU,16,89.05,1448.6,8,Loyal Customers,965.73,High Value,Yes
9057-SIHCH,3,96.6,291.9,8,Loyal Customers,194.6,Medium Value,Yes
6352-GIGGQ,67,88.8,5903.15,11,Champions,5411.22,Premium,No
3635-QQRQD,62,20.05,1201.65,6,At Risk,600.83,Medium Value,No
6771-XWBDM,57,104.5,5921.35,12,Champions,5921.35,Premium,Yes
2897-DOVND,2,69.8,146.65,4,Inactive,48.88,Low Value,No
3082-YVEKW,23,77.15,1759.4,9,Loyal Customers,1319.55,High Value,No
0191-EQUUH,25,35.05,844.45,5,Inactive,351.85,Medium Value,No
7134-HBPBS,72,108.1,7774.05,12,Champions,7774.05,Premium,No
3489-HHPFY,2,84.05,134.05,6,At Risk,67.03,Low Value,No
2926-JEJJC,8,20.2,140.95,3,Inactive,35.24,Low Value,No
8601-QACRS,5,50.6,249.95,5,Inactive,104.15,Low Value,Yes
4950-BDEUX,35,49.2,1701.65,7,At Risk,992.63,High Value,No
5789-LDFXO,24,24.6,592.65,5,Inactive,246.94,Medium Value,No
0508-OOLTO,2,71.65,135.75,5,Inactive,56.56,Low Value,No
2984-TBYKU,72,104.9,7732.65,12,Champions,7732.65,Premium,No
9822-WMWVG,41,106.5,4282.4,11,Champions,3925.53,Premium,No
2391-SOORI,4,49.35,219.65,5,Inactive,91.52,Low Value,Yes
9040-KZVWO,26,75.5,2018.1,7,At Risk,1177.22,High Value,No
2645-QTLMB,7,94.25,669.0,8,Loyal Customers,446.0,Medium Value,Yes
4806-HIPDW,1,68.95,68.95,4,Inactive,22.98,Low Value,Yes
1548-ARAGG,4,58.5,224.85,6,At Risk,112.42,Low Value,No
6339-RZCBJ,48,78.9,3771.5,10,Champions,3142.92,Premium,No
4424-TKOPW,2,93.85,196.75,8,Loyal Customers,131.17,Low Value,Yes
4415-WNGVR,12,79.2,943.85,9,Loyal Customers,707.89,Medium Value,No
2522-AHJXR,60,109.45,6572.85,12,Champions,6572.85,Premium,No
0412-UCCNP,55,59.2,3175.85,8,Loyal Customers,2117.23,High Value,No
1816-FLZDK,1,29.15,29.15,3,Inactive,7.29,Low Value,No
7096-UCLNH,1,20.05,20.05,3,Inactive,5.01,Low Value,No
8443-ZRDBZ,4,76.05,318.9,6,At Risk,159.45,Low Value,Yes
9136-ALYBR,1,24.45,24.45,3,Inactive,6.11,Low Value,Yes
4615-PIVVU,42,66.5,2762.75,8,Loyal Customers,1841.83,High Value,No
8885-QSQBX,1,49.55,49.55,5,Inactive,20.65,Low Value,No
7479-NITWS,7,89.35,631.85,7,At Risk,368.58,Medium Value,Yes
8617-ENBDS,3,73.6,232.5,6,At Risk,116.25,Low Value,No
9385-NXKDA,72,82.65,5919.35,11,Champions,5426.07,Premium,No
0430-IHCDJ,15,49.0,749.25,6,At Risk,374.62,Medium Value,No
2959-MJHIC,4,80.35,307.4,6,At Risk,153.7,Low Value,Yes
6674-KVJHG,11,25.2,245.15,5,Inactive,102.15,Low Value,No
1814-DKOLC,5,25.45,134.75,4,Inactive,44.92,Low Value,No
4201-JMNGR,1,55.8,55.8,5,Inactive,23.25,Low Value,Yes
9351-HXDMR,72,110.9,8240.85,12,Champions,8240.85,Premium,No
3537-HPKQT,55,77.75,4266.4,8,Loyal Customers,2844.27,High Value,No
2129-ALKBS,40,26.2,1077.5,6,At Risk,538.75,Medium Value,No
5821-MMEIL,57,19.9,1115.6,6,At Risk,557.8,Medium Value,No
5960-WPXQM,1,79.05,79.05,6,At Risk,39.52,Low Value,Yes
0684-AOSIH,1,95.0,95.0,8,Loyal Customers,63.33,Low Value,Yes
8260-NGFNY,1,25.2,25.2,3,Inactive,6.3,Low Value,Yes
1309-XGFSN,52,80.85,4079.55,10,Champions,3399.63,Premium,No
1866-RZZQS,41,98.4,4187.75,11,Champions,3838.77,Premium,Yes
6968-URWQU,43,56.35,2391.15,7,At Risk,1394.84,High Value,No
4742-TXUEX,47,19.3,890.5,5,Inactive,371.04,Medium Value,No
9631-XEYKE,3,50.4,137.25,5,Inactive,57.19,Low Value,No
8631-NBHFZ,66,79.4,5154.6,11,Champions,4725.05,Premium,Yes
1335-MXCSE,55,55.25,3119.9,7,At Risk,1819.94,High Value,No
8873-TMKGR,29,19.1,529.5,4,Inactive,176.5,Medium Value,No
8800-JOOCF,12,84.05,966.55,7,At Risk,563.82,Medium Value,No
1469-LBJQJ,66,105.2,6936.85,12,Champions,6936.85,Premium,No
4958-XCBDQ,35,101.4,3496.3,11,Champions,3204.94,Premium,Yes
8337-UPOAQ,10,89.8,914.3,8,Loyal Customers,609.53,Medium Value,Yes
0064-YIJGF,27,75.75,1929.0,7,At Risk,1125.25,High Value,No
2386-OWURY,58,95.3,5817.7,11,Champions,5332.89,Premium,No
1725-IQNIY,54,109.75,6110.2,11,Champions,5601.02,Premium,Yes
0310-VQXAM,9,19.85,178.8,3,Inactive,44.7,Low Value,No
6598-RFFVI,2,19.3,28.3,3,Inactive,7.08,Low Value,Yes
3453-RTHJQ,6,69.1,435.0,4,Inactive,145.0,Low Value,No
6712-OAWRH,26,91.25,2351.8,8,Loyal Customers,1567.87,High Value,Yes
6278-FEPBZ,9,20.25,186.15,3,Inactive,46.54,Low Value,No
4280-DLSHD,8,54.75,445.85,5,Inactive,185.77,Medium Value,No
1508-DFXCU,12,81.45,912.0,7,At Risk,532.0,Medium Value,No
8614-VGMMV,15,49.1,679.55,6,At Risk,339.78,Medium Value,Yes
7868-BGSZA,43,80.2,3581.6,10,Champions,2984.67,High Value,No
2800-QQUSO,42,100.3,4222.95,11,Champions,3871.04,Premium,No
2930-UOTMB,31,65.25,1994.3,9,Loyal Customers,1495.72,High Value,Yes
7973-DZRKH,66,90.95,5930.05,12,Champions,5930.05,Premium,No
5914-DVBWJ,18,85.45,1505.85,8,Loyal Customers,1003.9,High Value,Yes
7698-YFGEZ,1,20.0,20.0,3,Inactive,5.0,Low Value,No
2533-QVMSK,61,94.1,5638.3,12,Champions,5638.3,Premium,Yes
9773-PEQBZ,10,79.85,797.25,7,At Risk,465.06,Medium Value,No
8644-XLFBW,1,71.65,71.65,5,Inactive,29.85,Low Value,Yes
0650-BWOZN,18,73.55,1359.45,7,At Risk,793.01,Medium Value,No
8625-AZYZY,24,104.65,2542.45,10,Champions,2118.71,High Value,Yes
7785-RDVIG,3,19.3,54.7,3,Inactive,13.68,Low Value,No
9602-WCXPI,50,20.15,989.05,5,Inactive,412.1,Medium Value,No
2903-YYTBW,1,44.55,44.55,4,Inactive,14.85,Low Value,No
3620-MWJNE,2,54.45,87.3,5,Inactive,36.38,Low Value,No
8573-JGCZW,17,19.65,351.55,4,Inactive,117.18,Low Value,No
6837-HAEVO,69,105.0,7297.75,12,Champions,7297.75,Premium,No
6701-YVNQG,72,88.7,6301.7,11,Champions,5776.56,Premium,No
9306-CPCBC,3,74.25,210.3,6,At Risk,105.15,Low Value,Yes
4304-XUMGI,50,75.15,3822.45,10,Champions,3185.38,Premium,No
9504-YAZWB,53,20.25,1048.45,5,Inactive,436.85,Medium Value,No
8819-ZBYNA,58,109.1,6393.65,12,Champions,6393.65,Premium,No
6174-NRBTZ,46,30.75,1489.3,5,Inactive,620.54,Medium Value,No
9481-IEBZY,72,112.9,8061.5,12,Champions,8061.5,Premium,No
1833-VGRUM,1,74.2,74.2,6,At Risk,37.1,Low Value,Yes
6137-NICCO,6,94.05,518.75,9,Loyal Customers,389.06,Medium Value,No
9065-ZCPQX,72,78.85,5763.15,11,Champions,5282.89,Premium,No
6402-EJMWF,4,55.3,238.5,5,Inactive,99.38,Low Value,No
3620-EHIMZ,52,19.35,1031.7,5,Inactive,429.88,Medium Value,No
6870-ECSHE,2,20.45,34.8,3,Inactive,8.7,Low Value,No
8747-UDCOI,65,19.35,1319.95,6,At Risk,659.98,Medium Value,No
8374-XGEJJ,43,101.0,4388.4,11,Champions,4022.7,Premium,Yes
2656-TABEH,4,100.2,420.2,9,Loyal Customers,315.15,Medium Value,Yes
6946-LMSQS,25,89.05,2177.45,8,Loyal Customers,1451.63,High Value,Yes
4626-OZDTJ,51,78.65,3950.85,10,Champions,3292.38,Premium,No
9169-BSVIN,12,74.75,827.05,9,Loyal Customers,620.29,Medium Value,No
2325-ZUSFD,57,70.1,3913.3,9,Loyal Customers,2934.98,High Value,Yes
8194-PEEBY,24,19.9,533.5,4,Inactive,177.83,Medium Value,No
6872-HXFNF,64,58.35,3756.45,9,Loyal Customers,2817.34,High Value,No
3932-CMDTD,4,105.65,443.9,9,Loyal Customers,332.92,Medium Value,Yes
7714-YXSMB,26,100.5,2599.95,10,Champions,2166.62,High Value,No
8387-UGUSU,15,20.05,284.3,4,Inactive,94.77,Low Value,No
1080-BWSYE,64,25.65,1740.8,7,At Risk,1015.47,High Value,No
4039-HEUNW,36,96.5,3436.1,11,Champions,3149.76,Premium,Yes
1194-HVAIF,27,95.0,2462.55,9,Loyal Customers,1846.91,High Value,No
0812-WUPTB,1,70.85,70.85,5,Inactive,29.52,Low Value,Yes
3594-UVONA,35,85.95,3110.1,10,Champions,2591.75,High Value,Yes
0004-TLHLJ,4,73.9,280.85,6,At Risk,140.43,Low Value,Yes
1767-TGTKO,8,45.45,411.75,4,Inactive,137.25,Low Value,No
8439-LTUGF,10,20.0,198.6,4,Inactive,66.2,Low Value,No
8805-JNRAZ,2,49.2,103.7,5,Inactive,43.21,Low Value,No
5089-IFSDP,58,109.45,6144.55,12,Champions,6144.55,Premium,Yes
6418-HNFED,51,83.25,4089.45,10,Champions,3407.88,Premium,No
0206-OYVOC,46,19.25,864.2,5,Inactive,360.08,Medium Value,No
7291-CDTMJ,1,19.65,19.65,3,Inactive,4.91,Low Value,No
7128-GGCNO,46,72.8,3249.4,8,Loyal Customers,2166.27,High Value,No
0237-YFUTL,50,109.65,5405.8,11,Champions,4955.32,Premium,No
7691-KGKGP,53,65.0,3363.8,8,Loyal Customers,2242.53,High Value,No
6710-HSJRD,61,114.1,7132.15,12,Champions,7132.15,Premium,No
3675-EQOZA,5,20.65,93.55,3,Inactive,23.39,Low Value,No
0840-DCNZE,47,86.95,4138.9,10,Champions,3449.08,Premium,No
1732-FEKLD,54,94.75,5121.75,11,Champions,4694.94,Premium,No
9862-KJTYK,19,25.35,566.1,4,Inactive,188.7,Medium Value,No
0479-HMSWA,26,105.45,2715.3,10,Champions,2262.75,High Value,No
5854-KSRBJ,70,25.4,1782.05,7,At Risk,1039.53,High Value,No
0365-BZUWY,17,102.55,1742.5,10,Champions,1452.08,High Value,No
4817-VYYWS,30,100.2,2983.8,11,Champions,2735.15,High Value,Yes
5701-SVCWR,1,24.0,24.0,4,Inactive,8.0,Low Value,No
3129-AAQOU,19,25.6,485.9,5,Inactive,202.46,Medium Value,No
4922-CVPDX,26,73.5,1905.7,9,Loyal Customers,1429.28,High Value,No
1396-QWFBJ,21,74.05,1565.7,7,At Risk,913.32,High Value,Yes
1357-BIJKI,50,98.25,4858.7,11,Champions,4453.81,Premium,No
1099-BTKWT,68,54.4,3723.65,9,Loyal Customers,2792.74,High Value,No
5299-SJCZT,3,101.55,298.35,9,Loyal Customers,223.76,Medium Value,Yes
2018-PZKMU,9,103.1,970.45,9,Loyal Customers,727.84,Medium Value,No
7340-KEFQE,51,34.2,1782.0,6,At Risk,891.0,High Value,No
4570-QHXHL,9,43.75,405.7,4,Inactive,135.23,Low Value,No
2403-BCASL,41,111.95,4534.9,11,Champions,4156.99,Premium,Yes
7392-YYPYJ,22,100.65,2415.95,10,Champions,2013.29,High Value,No
2898-LSJGD,21,55.95,1157.05,7,At Risk,674.95,Medium Value,Yes
2223-GDSHL,71,116.05,8297.5,12,Champions,8297.5,Premium,No
7359-PTSXY,1,45.75,45.75,4,Inactive,15.25,Low Value,Yes
9470-RTWDV,26,82.0,2083.1,9,Loyal Customers,1562.32,High Value,No
2176-OSJUV,71,65.15,4681.75,10,Champions,3901.46,Premium,No
9348-YVOMK,4,44.8,176.2,4,Inactive,58.73,Low Value,No
8104-OSKWT,12,79.8,1001.2,7,At Risk,584.03,Medium Value,No
4521-YEEHE,18,88.85,1594.75,8,Loyal Customers,1063.17,High Value,No
4090-KPJIP,3,74.95,212.4,6,At Risk,106.2,Low Value,No
3786-WOVKF,72,106.85,7677.4,12,Champions,7677.4,Premium,No
4503-BDXBD,11,74.95,815.5,7,At Risk,475.71,Medium Value,Yes
6086-ESGRL,1,80.15,80.15,6,At Risk,40.08,Low Value,Yes
2592-HODOV,13,19.3,259.65,4,Inactive,86.55,Low Value,No
3886-CERTZ,72,109.25,8109.8,12,Champions,8109.8,Premium,Yes
7995-ZHHNZ,42,56.1,2386.85,7,At Risk,1392.33,High Value,No
3824-RHKVR,17,19.7,340.35,4,Inactive,113.45,Low Value,No
5816-SCGFC,7,51.3,419.35,5,Inactive,174.73,Medium Value,No
5989-AXPUC,68,118.6,7990.05,12,Champions,7990.05,Premium,No
4979-HPRFL,56,24.15,1402.25,7,At Risk,817.98,High Value,No
8590-OHDIW,38,20.3,749.35,5,Inactive,312.23,Medium Value,No
8015-IHCGW,72,115.5,8425.15,12,Champions,8425.15,Premium,No
2332-TODQS,48,25.05,1171.5,6,At Risk,585.75,Medium Value,No
9278-VZKCD,52,109.1,5647.95,11,Champions,5177.29,Premium,No
8008-OTEZX,35,19.65,708.8,5,Inactive,295.33,Medium Value,No
2773-OVBPK,67,111.3,7567.2,12,Champions,7567.2,Premium,No
5999-LCXAO,1,29.9,29.9,3,Inactive,7.48,Low Value,No
5206-XZZQI,53,80.6,4348.1,8,Loyal Customers,2898.73,High Value,No
4803-LBYPN,34,20.8,635.9,5,Inactive,264.96,Medium Value,No
5759-RCVCB,3,35.2,108.95,3,Inactive,27.24,Low Value,Yes
6372-RFVNS,1,78.8,78.8,6,At Risk,39.4,Low Value,Yes
2139-FQHLM,19,89.95,1682.4,9,Loyal Customers,1261.8,High Value,No
8261-GWDBQ,60,116.05,6925.9,12,Champions,6925.9,Premium,No
1093-YSWCA,11,19.55,223.15,4,Inactive,74.38,Low Value,No
8938-UMKPI,47,106.4,5127.95,11,Champions,4700.62,Premium,Yes
0991-BRRFB,18,49.4,874.8,6,At Risk,437.4,Medium Value,Yes
3882-IYOIJ,60,115.25,6758.45,12,Champions,6758.45,Premium,No
8749-TZYEC,72,24.8,1874.3,7,At Risk,1093.34,High Value,No
1755-FZQEC,39,19.9,791.15,5,Inactive,329.65,Medium Value,No
3115-JPJDD,59,81.25,4639.45,9,Loyal Customers,3479.59,Premium,No
5600-KTXFM,2,69.95,143.9,4,Inactive,47.97,Low Value,No
3871-IKPYH,1,69.1,69.1,4,Inactive,23.03,Low Value,Yes
6319-IEJWJ,20,90.2,1776.55,8,Loyal Customers,1184.37,High Value,Yes
9025-AOMKI,6,93.55,536.4,8,Loyal Customers,357.6,Medium Value,Yes
6339-TBELP,71,86.4,6172.0,10,Champions,5143.33,Premium,No
7964-YESJC,24,66.3,1559.45,8,Loyal Customers,1039.63,High Value,No
6173-GOLSU,67,94.65,6079.0,11,Champions,5572.42,Premium,No
5275-SQEIZ,1,80.85,80.85,6,At Risk,40.42,Low Value,Yes
7716-YTYHG,48,82.05,4029.95,8,Loyal Customers,2686.63,High Value,Yes
9938-ZREHM,37,72.1,2658.4,10,Champions,2215.33,High Value,No
7950-XWOVN,11,34.7,383.55,5,Inactive,159.81,Low Value,No
4390-KYULV,3,20.55,51.15,3,Inactive,12.79,Low Value,Yes
4647-MUZON,18,95.95,1745.5,9,Loyal Customers,1309.12,High Value,No
9702-AIUJO,50,44.8,2230.85,6,At Risk,1115.42,High Value,No
8849-PRIQJ,67,109.4,7281.6,12,Champions,7281.6,Premium,No
8851-RAGOV,25,71.05,1837.7,9,Loyal Customers,1378.28,High Value,No
1304-NECVQ,2,78.55,149.55,6,At Risk,74.78,Low Value,Yes
5396-IZEPB,9,19.7,180.7,3,Inactive,45.18,Low Value,No
1729-VLAZJ,10,40.25,411.45,6,At Risk,205.72,Medium Value,No
8285-ABVLB,70,19.85,1328.35,6,At Risk,664.18,Medium Value,No
0701-TJSEF,9,68.25,576.95,7,At Risk,336.55,Medium Value,No
5712-VBOXD,4,20.15,68.45,3,Inactive,17.11,Low Value,No
6629-LADHQ,2,50.95,123.05,5,Inactive,51.27,Low Value,No
8945-GRKHX,1,78.65,78.65,6,At Risk,39.33,Low Value,Yes
1559-DTODC,19,25.15,468.35,4,Inactive,156.12,Low Value,No
4797-MIWUM,7,20.25,174.7,3,Inactive,43.68,Low Value,No
6959-UWKHF,1,42.9,42.9,4,Inactive,14.3,Low Value,Yes
8720-RQSBJ,1,44.0,44.0,4,Inactive,14.67,Low Value,No
4537-CIBHB,9,20.25,172.35,3,Inactive,43.09,Low Value,No
3815-SLMEF,3,34.25,139.35,4,Inactive,46.45,Low Value,Yes
5154-VEKBL,9,58.5,539.85,7,At Risk,314.91,Medium Value,Yes
4324-AHJKS,5,55.8,300.4,5,Inactive,125.17,Low Value,No
4355-CVPVS,56,88.9,4968.0,9,Loyal Customers,3726.0,Premium,No
4495-LHSSK,18,57.65,992.7,6,At Risk,496.35,Medium Value,No
5655-JSMZM,49,96.2,4718.25,10,Champions,3931.88,Premium,Yes
5915-ANOEI,70,79.15,5536.5,11,Champions,5075.12,Premium,No
9861-PDSZP,72,108.05,7806.6,12,Champions,7806.6,Premium,No
4505-EXZHB,6,74.4,434.1,6,At Risk,217.05,Medium Value,Yes
7225-CBZPL,17,94.8,1563.9,9,Loyal Customers,1172.93,High Value,No
6704-UTUKK,29,45.9,1332.4,6,At Risk,666.2,Medium Value,No
4587-VVTOX,6,105.3,545.2,9,Loyal Customers,408.9,Medium Value,Yes
2019-HDCZY,63,102.6,6296.75,12,Champions,6296.75,Premium,No
4652-NNHNY,16,73.85,1284.2,7,At Risk,749.12,Medium Value,Yes
8788-DOXSU,59,61.35,3645.5,8,Loyal Customers,2430.33,High Value,No
7404-JLKQG,3,57.55,161.45,5,Inactive,67.27,Low Value,No
7421-ZLUPA,8,29.25,226.95,3,Inactive,56.74,Low Value,No
8972-HJWNV,7,84.55,646.85,6,At Risk,323.42,Medium Value,Yes
3274-NSDWE,68,19.6,1441.65,6,At Risk,720.82,Medium Value,No
2632-IVXVF,68,111.75,7511.3,12,Champions,7511.3,Premium,No
3692-JHONH,52,106.5,5621.85,11,Champions,5153.36,Premium,No
8915-NNTRC,72,107.7,7919.8,12,Champions,7919.8,Premium,No
5914-GXMDA,32,19.3,593.2,5,Inactive,247.17,Medium Value,No
7463-IFMQU,72,20.05,1423.65,6,At Risk,711.82,Medium Value,No
2920-RNCEZ,1,69.95,69.95,4,Inactive,23.32,Low Value,No
2541-YGPKE,42,63.7,2763.35,8,Loyal Customers,1842.23,High Value,No
8515-OCTJS,25,24.75,692.1,5,Inactive,288.38,Medium Value,Yes
5382-TEMLV,45,50.9,2298.55,7,At Risk,1340.82,High Value,No
3441-CGZJH,43,60.4,2640.55,9,Loyal Customers,1980.41,High Value,No
9592-ERDKV,37,79.25,2911.8,10,Champions,2426.5,High Value,No
2860-RANUS,20,85.8,1727.5,7,At Risk,1007.71,High Value,Yes
5261-QSHQM,4,24.45,86.6,3,Inactive,21.65,Low Value,Yes
4778-IZARL,63,110.1,6705.7,12,Champions,6705.7,Premium,No
0432-CAJZV,3,90.7,237.65,7,At Risk,138.63,Low Value,No
7008-LZVOZ,66,25.3,1672.35,7,At Risk,975.54,High Value,No
8868-WOZGU,28,105.7,2979.5,10,Champions,2482.92,High Value,Yes
1200-TUZHR,8,85.2,695.75,6,At Risk,347.88,Medium Value,No
9365-CSLBQ,71,24.35,1654.6,7,At Risk,965.18,High Value,No
1334-FJSVR,1,24.25,24.25,3,Inactive,6.06,Low Value,Yes
5884-FBCTL,72,25.1,1857.85,7,At Risk,1083.75,High Value,No
7130-CTCUS,16,54.55,825.1,6,At Risk,412.55,Medium Value,No
6242-FEGFD,66,96.6,6424.25,12,Champions,6424.25,Premium,No
7625-XCQRH,11,76.5,837.95,7,At Risk,488.8,Medium Value,Yes
6194-HBGQN,51,81.15,4126.2,10,Champions,3438.5,Premium,No
7634-WSWDB,8,38.5,330.8,5,Inactive,137.83,Low Value,No
6986-IXNDM,14,92.9,1337.45,8,Loyal Customers,891.63,High Value,No
1731-TVIUK,4,93.5,362.2,9,Loyal Customers,271.65,Medium Value,Yes
2987-BJXIK,70,84.7,5991.05,11,Champions,5491.8,Premium,No
9769-TSBZE,70,66.0,4891.5,10,Champions,4076.25,Premium,No
0406-BPDVR,54,101.5,5373.1,11,Champions,4925.34,Premium,Yes
0618-XWMSS,28,74.9,2068.55,7,At Risk,1206.65,High Value,Yes
1395-WSWXR,24,20.75,487.05,4,Inactive,162.35,Medium Value,No
6023-GSSXW,69,61.45,4131.2,8,Loyal Customers,2754.13,High Value,No
6752-APNJL,42,54.5,2301.15,8,Loyal Customers,1534.1,High Value,No
5276-KQWHG,2,69.6,131.65,4,Inactive,43.88,Low Value,Yes
0420-HLGXF,39,99.75,4036.0,11,Champions,3699.67,Premium,No
7446-KQISO,45,109.75,4900.65,11,Champions,4492.26,Premium,No
9823-EALYC,72,80.85,5727.45,11,Champions,5250.16,Premium,No
0582-AVCLN,38,20.3,743.05,5,Inactive,309.6,Medium Value,No
5803-NQJZO,72,67.8,4804.65,10,Champions,4003.88,Premium,No
2565-JSLRY,1,24.05,24.05,4,Inactive,8.02,Low Value,Yes
2607-DHDAK,72,19.8,1414.65,6,At Risk,707.32,Medium Value,No
1073-XXCZD,55,25.7,1443.65,6,At Risk,721.82,Medium Value,No
0743-HRVFF,51,56.15,2898.95,8,Loyal Customers,1932.63,High Value,No
4006-HKYHO,63,86.7,5309.5,11,Champions,4867.04,Premium,No
3727-JEZTU,1,20.4,20.4,3,Inactive,5.1,Low Value,No
8143-ETQTI,23,19.65,451.55,4,Inactive,150.52,Low Value,No
6689-KXGBO,1,50.55,50.55,5,Inactive,21.06,Low Value,Yes
9667-TKTVZ,2,54.35,117.05,6,At Risk,58.52,Low Value,No
3657-COGMW,52,108.1,5839.3,11,Champions,5352.69,Premium,No
8570-KLJYJ,36,54.45,1893.5,8,Loyal Customers,1262.33,High Value,No
7754-IXRMC,1,45.35,45.35,4,Inactive,15.12,Low Value,No
9473-CBZOP,28,59.0,1654.45,7,At Risk,965.1,High Value,No
2969-WGHQO,7,69.45,477.05,7,At Risk,278.28,Medium Value,No
6615-NGGZJ,14,100.55,1415.55,10,Champions,1179.62,High Value,Yes
4334-HOWRP,72,64.95,4546.0,10,Champions,3788.33,Premium,No
4255-DDUOU,1,20.5,20.5,3,Inactive,5.12,Low Value,Yes
5863-OOKCL,10,18.85,163.2,4,Inactive,54.4,Low Value,No
1686-STUHN,42,19.8,849.9,5,Inactive,354.12,Medium Value,No
1329-VHWNP,7,25.05,189.95,3,Inactive,47.49,Low Value,No
2984-MIIZL,4,74.8,321.9,6,At Risk,160.95,Low Value,Yes
0266-GMEAO,72,114.3,8058.55,12,Champions,8058.55,Premium,No
5590-YRFJT,20,24.45,482.8,4,Inactive,160.93,Low Value,Yes
5574-NXZIU,63,109.2,7049.75,12,Champions,7049.75,Premium,No
0019-GFNTW,56,45.05,2560.1,9,Loyal Customers,1920.07,High Value,No
4256-ZWTZI,5,51.0,286.8,5,Inactive,119.5,Low Value,No
8309-PPCED,72,110.45,7982.5,12,Champions,7982.5,Premium,No
4098-NAUKP,68,84.65,5683.6,10,Champions,4736.33,Premium,No
5196-WPYOW,67,60.05,3994.05,9,Loyal Customers,2995.54,High Value,No
4608-LCIMN,8,44.65,369.15,4,Inactive,123.05,Low Value,No
1485-YDHMM,52,93.25,4631.7,11,Champions,4245.72,Premium,No
4054-CUMIA,18,20.25,401.95,4,Inactive,133.98,Low Value,No
0603-TPMIB,59,25.45,1534.05,7,At Risk,894.86,High Value,No
2525-GVKQU,60,20.6,1093.0,6,At Risk,546.5,Medium Value,No
8161-QYMTT,7,94.1,701.3,8,Loyal Customers,467.53,Medium Value,No
9581-GVBXT,59,34.8,1980.3,7,At Risk,1155.18,High Value,No
5862-BRIXZ,46,60.75,2893.4,9,Loyal Customers,2170.05,High Value,No
5404-GGUKR,5,51.35,262.3,5,Inactive,109.29,Low Value,No
3308-JSGML,59,64.05,3886.85,10,Champions,3239.04,Premium,No
2126-GSEGL,70,84.8,5917.55,11,Champions,5424.42,Premium,No
3677-TNKIO,14,71.0,914.0,6,At Risk,457.0,Medium Value,Yes
0440-QEXBZ,44,50.15,2139.1,7,At Risk,1247.81,High Value,No
2434-EEVDB,64,94.6,5948.7,12,Champions,5948.7,Premium,No
6762-QVYJO,58,59.75,3624.35,10,Champions,3020.29,Premium,No
6199-IWKGC,46,100.25,4753.85,11,Champions,4357.7,Premium,No
2675-DHUTR,58,98.9,5780.7,12,Champions,5780.7,Premium,No
8152-VETUR,72,97.7,6869.7,12,Champions,6869.7,Premium,No
9667-EQRXU,30,40.3,1172.95,7,At Risk,684.22,Medium Value,Yes
7446-YPODE,11,60.25,662.95,7,At Risk,386.72,Medium Value,No
9522-BNTHX,34,56.25,1765.95,8,Loyal Customers,1177.3,High Value,No
4676-WLUHT,54,46.2,2431.95,8,Loyal Customers,1621.3,High Value,No
3329-WDIOK,3,50.6,155.35,6,At Risk,77.68,Low Value,Yes
7980-MHFLQ,72,24.9,1859.2,7,At Risk,1084.53,High Value,No
2873-ZLIWT,40,84.85,3303.05,9,Loyal Customers,2477.29,High Value,Yes
3415-TAILE,2,65.7,134.35,6,At Risk,67.18,Low Value,Yes
0757-WCUUZ,54,63.35,3409.1,8,Loyal Customers,2272.73,High Value,No
1629-DQQVB,14,50.1,709.5,6,At Risk,354.75,Medium Value,No
1915-IOFGU,1,70.5,70.5,5,Inactive,29.38,Low Value,Yes
3045-XETSH,10,94.85,953.45,10,Champions,794.54,Medium Value,Yes
0374-AACSZ,1,50.15,50.15,5,Inactive,20.9,Low Value,No
7239-HZZCX,1,19.75,19.75,3,Inactive,4.94,Low Value,Yes
4872-VXRIL,56,64.65,3665.55,10,Champions,3054.63,Premium,No
9140-CZQZZ,68,79.6,5515.8,11,Champions,5056.15,Premium,No
3423-HHXAO,14,19.5,272.0,4,Inactive,90.67,Low Value,No
9938-TKDGL,68,99.55,6668.0,12,Champions,6668.0,Premium,No
0531-ZZJWQ,55,74.0,4052.4,8,Loyal Customers,2701.6,High Value,No
6537-QLGEX,16,38.9,664.4,6,At Risk,332.2,Medium Value,No
2688-BHGOG,9,79.55,718.55,6,At Risk,359.28,Medium Value,No
7683-CBDKJ,14,65.45,937.6,7,At Risk,546.93,Medium Value,Yes
0946-CLJTI,58,98.7,5812.6,12,Champions,5812.6,Premium,Yes
3160-TYXLT,53,46.3,2546.85,8,Loyal Customers,1697.9,High Value,No
1325-USMEC,70,99.35,6944.5,12,Champions,6944.5,Premium,No
0916-QOFDP,14,95.8,1346.3,9,Loyal Customers,1009.72,High Value,No
0628-CNQRM,22,67.5,1544.05,8,Loyal Customers,1029.37,High Value,Yes
5606-AMZBO,10,78.15,765.15,8,Loyal Customers,510.1,Medium Value,No
6199-IPCAO,29,26.1,692.55,5,Inactive,288.56,Medium Value,No
7665-TOALD,1,69.6,69.6,4,Inactive,23.2,Low Value,Yes
0112-QWPNC,49,84.35,4059.35,10,Champions,3382.79,Premium,Yes
0324-BRPCJ,68,100.2,6851.65,12,Champions,6851.65,Premium,Yes
2777-PHDEI,1,78.05,78.05,6,At Risk,39.02,Low Value,Yes
5640-CAXOA,30,40.35,1187.05,7,At Risk,692.45,Medium Value,No
2235-EZAIK,72,79.2,5401.9,11,Champions,4951.74,Premium,No
3847-BAERP,10,20.9,247.0,4,Inactive,82.33,Low Value,No
1196-AMORA,7,73.6,520.0,6,At Risk,260.0,Medium Value,Yes
4282-YMKNA,9,74.75,706.6,6,At Risk,353.3,Medium Value,Yes
1453-RZFON,1,49.9,49.9,5,Inactive,20.79,Low Value,No
8263-OKETD,20,68.9,1370.35,8,Loyal Customers,913.57,High Value,No
0670-KDOMA,1,20.25,20.25,3,Inactive,5.06,Low Value,No
2476-YGEFM,29,76.0,2215.25,7,At Risk,1292.23,High Value,No
8687-BAFGU,1,74.0,74.0,6,At Risk,37.0,Low Value,No
0641-EVBOJ,3,82.3,214.4,7,At Risk,125.07,Low Value,No
0829-XXPLX,20,89.4,1871.15,8,Loyal Customers,1247.43,High Value,No
9974-JFBHQ,64,99.15,6171.2,12,Champions,6171.2,Premium,No
5356-RHIPP,1,20.2,20.2,3,Inactive,5.05,Low Value,Yes
6624-JDRDS,6,29.45,161.45,3,Inactive,40.36,Low Value,No
0608-JDVEC,50,19.8,1013.2,5,Inactive,422.17,Medium Value,No
9780-FKVVF,6,59.15,336.7,6,At Risk,168.35,Medium Value,No
1919-RTPQD,7,44.75,333.65,4,Inactive,111.22,Low Value,No
5214-NLTIT,72,90.8,6511.8,11,Champions,5969.15,Premium,No
3345-PBBFH,8,49.55,393.45,5,Inactive,163.94,Medium Value,No
5055-BRMNE,67,106.7,7009.5,12,Champions,7009.5,Premium,No
9189-JWSHV,24,93.55,2264.05,9,Loyal Customers,1698.04,High Value,Yes
2190-PHBHR,72,94.45,6921.7,12,Champions,6921.7,Premium,No
2650-GYRYL,33,19.45,600.25,5,Inactive,250.1,Medium Value,No
0746-JTRFU,2,25.05,56.35,3,Inactive,14.09,Low Value,Yes
5208-FVQKB,70,67.95,4664.15,10,Champions,3886.79,Premium,No
7184-LRUUR,22,65.25,1441.8,7,At Risk,841.05,High Value,No
6627-CFOSN,59,99.45,5623.7,12,Champions,5623.7,Premium,No
3982-JGSFD,36,20.35,695.85,5,Inactive,289.94,Medium Value,No
1574-DYCWE,51,19.95,1028.75,5,Inactive,428.65,Medium Value,No
7247-XOZPB,53,77.4,4155.95,10,Champions,3463.29,Premium,No
2466-FCCPT,20,19.7,395.6,4,Inactive,131.87,Low Value,No
6211-WWLTF,63,99.7,6330.4,12,Champions,6330.4,Premium,No
4826-TZEVA,40,74.8,2971.7,8,Loyal Customers,1981.13,High Value,No
6016-NXBNJ,35,19.15,638.0,5,Inactive,265.83,Medium Value,No
9138-EFSMO,26,78.95,2034.25,7,At Risk,1186.65,High Value,No
0576-WNXXC,27,95.55,2510.2,10,Champions,2091.83,High Value,Yes
4632-XJMEX,53,62.85,3419.5,8,Loyal Customers,2279.67,High Value,No
8910-LEDAG,34,71.55,2427.35,7,At Risk,1415.95,High Value,No
3452-GWUIN,19,94.95,1760.25,9,Loyal Customers,1320.19,High Value,No
2716-GFZOR,43,86.1,3551.65,9,Loyal Customers,2663.74,High Value,No
3724-UCSHY,6,19.55,122.9,3,Inactive,30.72,Low Value,No
8626-XHBIE,56,24.8,1424.2,7,At Risk,830.78,High Value,No
4628-CTTLA,57,39.3,2111.45,8,Loyal Customers,1407.63,High Value,Yes
3192-LNKRK,34,84.05,2909.95,9,Loyal Customers,2182.46,High Value,No
4439-YRNVD,10,36.25,374.0,6,At Risk,187.0,Medium Value,No
2876-VBBBL,1,20.25,20.25,3,Inactive,5.06,Low Value,Yes
6834-NXDCA,13,23.9,300.8,4,Inactive,100.27,Low Value,Yes
2208-UGTGR,56,98.6,5581.05,12,Champions,5581.05,Premium,No
3005-TYFRD,55,103.65,5676.65,11,Champions,5203.6,Premium,No
8670-MEFCP,36,92.9,3379.25,11,Champions,3097.65,Premium,No
3079-BCHLN,47,19.9,942.95,5,Inactive,392.9,Medium Value,No
7777-UNYHB,12,20.1,232.4,4,Inactive,77.47,Low Value,No
5597-GLBUC,1,85.45,85.45,7,At Risk,49.85,Low Value,Yes
7278-CKDNC,24,80.5,2088.45,8,Loyal Customers,1392.3,High Value,No
2748-MYRVK,63,99.9,6137.0,12,Champions,6137.0,Premium,Yes
8450-UYIBU,35,39.85,1434.6,7,At Risk,836.85,High Value,No
2969-VAPYH,67,60.5,3870.0,9,Loyal Customers,2902.5,High Value,No
4822-YCXMX,25,84.8,2043.45,8,Loyal Customers,1362.3,High Value,Yes
7181-OQCUT,21,103.85,2215.0,10,Champions,1845.83,High Value,No
8474-UMLNT,13,67.8,842.25,8,Loyal Customers,561.5,Medium Value,No
9821-POOTN,35,75.2,2576.2,8,Loyal Customers,1717.47,High Value,Yes
3836-FZSDJ,71,24.85,1901.0,7,At Risk,1108.92,High Value,No
9142-XMYJH,29,19.35,601.6,4,Inactive,200.53,Medium Value,No
6559-ILWKJ,71,49.35,3515.25,9,Loyal Customers,2636.44,High Value,Yes
0187-QSXOE,7,89.0,605.45,7,At Risk,353.18,Medium Value,No
7733-UDMTP,57,55.0,3094.05,9,Loyal Customers,2320.54,High Value,No
2649-HWLYB,65,76.15,4929.55,11,Champions,4518.75,Premium,No
5214-CHIWJ,27,20.3,595.05,4,Inactive,198.35,Medium Value,No
4229-CZMLL,6,74.9,469.8,6,At Risk,234.9,Medium Value,Yes
6904-JLBGY,72,117.35,8436.25,12,Champions,8436.25,Premium,No
2465-BLLEU,1,19.75,19.75,3,Inactive,4.94,Low Value,No
1685-VAYJF,11,45.2,492.0,5,Inactive,205.0,Medium Value,No
8874-EJNSR,39,25.2,987.95,6,At Risk,493.98,Medium Value,No
6917-YACBP,59,89.75,5496.9,11,Champions,5038.82,Premium,No
5049-MUBWG,26,75.0,1908.35,9,Loyal Customers,1431.26,High Value,No
4223-WOZCM,2,49.95,107.1,5,Inactive,44.62,Low Value,No
0769-MURVM,72,65.7,4575.35,10,Champions,3812.79,Premium,No
9253-VIFJQ,65,67.05,4309.55,10,Champions,3591.29,Premium,No
7030-FZTFM,72,110.9,7922.75,12,Champions,7922.75,Premium,No
9741-YLNTD,6,87.95,522.35,7,At Risk,304.7,Medium Value,No
5917-RYRMG,32,19.8,587.7,5,Inactive,244.88,Medium Value,No
5120-ZBLAI,50,75.7,3876.2,10,Champions,3230.17,Premium,No
1194-BHJYC,61,62.15,3778.85,10,Champions,3149.04,Premium,No
3663-MITLP,15,101.25,1457.25,10,Champions,1214.38,High Value,Yes
0906-QVPMS,72,115.15,8349.45,12,Champions,8349.45,Premium,No
9025-ZRPVR,9,18.95,185.6,3,Inactive,46.4,Low Value,Yes
1905-OEILC,1,19.5,19.5,3,Inactive,4.88,Low Value,No
7858-GTZSP,12,86.55,1066.9,8,Loyal Customers,711.27,Medium Value,No
3285-UCQVC,37,28.6,973.55,5,Inactive,405.65,Medium Value,Yes
6248-BSHKG,61,20.4,1226.45,6,At Risk,613.22,Medium Value,No
4685-TFLLS,18,19.8,342.3,4,Inactive,114.1,Low Value,No
3470-BTGQO,21,45.65,985.05,5,Inactive,410.44,Medium Value,No
1209-VFFOC,68,56.4,3948.45,10,Champions,3290.38,Premium,No
8224-DWCKX,12,73.3,828.05,7,At Risk,483.03,Medium Value,No
5482-PLVPE,2,24.35,41.85,3,Inactive,10.46,Low Value,Yes
4553-DVPZG,62,101.35,6164.7,12,Champions,6164.7,Premium,No
4902-OHLSK,29,98.65,2862.75,10,Champions,2385.62,High Value,Yes
6917-IAYHD,1,33.6,33.6,4,Inactive,11.2,Low Value,No
0495-ZBNGW,5,79.9,343.95,7,At Risk,200.64,Medium Value,Yes
8620-RJPZN,1,20.7,20.7,3,Inactive,5.18,Low Value,No
7572-KPVKK,62,104.05,6590.5,12,Champions,6590.5,Premium,No
2642-MAWLJ,36,20.25,717.95,5,Inactive,299.15,Medium Value,No
2357-COQEK,28,103.3,2890.65,10,Champions,2408.88,High Value,Yes
7103-ZGVNT,69,73.7,4885.85,11,Champions,4478.7,Premium,No
3737-GCSPV,11,96.2,1222.05,10,Champions,1018.38,High Value,Yes
2027-WKXMW,63,108.75,6871.7,12,Champions,6871.7,Premium,No
7137-NAXML,23,20.15,405.6,4,Inactive,135.2,Low Value,No
2428-ZMCTB,10,19.75,208.25,4,Inactive,69.42,Low Value,No
2961-VNFKL,71,25.95,1801.9,7,At Risk,1051.11,High Value,No
1768-HNVGJ,45,70.05,3062.45,9,Loyal Customers,2296.84,High Value,No
6963-KQYQB,70,24.05,1764.75,7,At Risk,1029.44,High Value,No
5934-RMPOV,22,84.75,1816.75,8,Loyal Customers,1211.17,High Value,No
1207-BLKSA,52,23.05,1255.1,6,At Risk,627.55,Medium Value,No
4088-YLDSU,55,104.15,5743.05,11,Champions,5264.46,Premium,Yes
8316-BBQAY,65,59.95,3921.1,10,Champions,3267.58,Premium,No
1166-PQLGG,72,19.55,1463.45,6,At Risk,731.72,Medium Value,No
3146-JTQHR,10,19.6,189.45,4,Inactive,63.15,Low Value,No
4291-YZODP,7,20.05,96.8,3,Inactive,24.2,Low Value,No
4395-PZMSN,5,85.55,408.5,7,At Risk,238.29,Medium Value,No
6427-FEFIG,24,78.6,1846.65,9,Loyal Customers,1384.99,High Value,No
0017-IUDMW,72,116.8,8456.75,12,Champions,8456.75,Premium,No
8706-HRADD,21,43.55,1011.5,7,At Risk,590.04,Medium Value,No
9955-QOPOY,69,60.8,4263.4,10,Champions,3552.83,Premium,No
4385-ZKVNW,44,54.9,2549.1,8,Loyal Customers,1699.4,High Value,No
5446-DKWYW,61,65.2,3965.05,9,Loyal Customers,2973.79,High Value,No
2034-CGRHZ,24,102.95,2496.7,10,Champions,2080.58,High Value,Yes
5797-APWZC,1,90.6,90.6,8,Loyal Customers,60.4,Low Value,Yes
3683-QKIUE,6,50.8,288.05,5,Inactive,120.02,Low Value,Yes
4228-ZGYUW,4,90.05,368.1,8,Loyal Customers,245.4,Medium Value,Yes
9031-ZVQPT,72,108.2,7840.6,12,Champions,7840.6,Premium,No
2990-IAJSV,72,92.0,6632.75,12,Champions,6632.75,Premium,No
8107-KNCIM,14,75.1,1013.35,7,At Risk,591.12,Medium Value,No
9027-YFHQJ,7,25.05,152.95,4,Inactive,50.98,Low Value,No
5176-LDKUH,48,75.15,3772.65,8,Loyal Customers,2515.1,High Value,No
4644-OBGFZ,55,19.5,1026.35,5,Inactive,427.65,Medium Value,No
7926-IJOOU,1,19.3,19.3,3,Inactive,4.82,Low Value,No
6480-YAGIY,45,112.2,5031.85,11,Champions,4612.53,Premium,No
4029-HPFVY,3,70.3,220.4,4,Inactive,73.47,Low Value,No
7602-DBTOU,71,19.6,1416.5,6,At Risk,708.25,Medium Value,No
5345-BMKWB,8,20.25,158.35,3,Inactive,39.59,Low Value,No
3519-ZKXGG,3,75.85,256.6,6,At Risk,128.3,Low Value,Yes
5457-COLHT,69,80.65,5542.55,11,Champions,5080.67,Premium,No
6416-TVAIH,1,68.5,68.5,4,Inactive,22.83,Low Value,Yes
5451-YHYPW,72,115.75,8443.7,12,Champions,8443.7,Premium,No
5108-ADXWO,11,73.5,791.75,7,At Risk,461.85,Medium Value,Yes
7998-WNZEM,71,80.6,5708.2,11,Champions,5232.52,Premium,No
3066-RRJIO,1,69.95,69.95,4,Inactive,23.32,Low Value,Yes
4664-NJCMS,33,59.55,2016.3,9,Loyal Customers,1512.22,High Value,No
0307-BCOPK,16,19.05,326.65,4,Inactive,108.88,Low Value,No
7629-WFGLW,56,95.65,5471.75,12,Champions,5471.75,Premium,No
2542-HYGIQ,1,19.95,19.95,3,Inactive,4.99,Low Value,No
6715-OFDBP,5,70.05,346.4,6,At Risk,173.2,Medium Value,Yes
5016-LIPDW,57,19.4,1061.6,6,At Risk,530.8,Medium Value,No
6481-LXPWL,56,36.1,1971.5,8,Loyal Customers,1314.33,High Value,No
1567-DSCIC,8,94.0,773.65,9,Loyal Customers,580.24,Medium Value,Yes
2150-UWTFY,22,61.15,1422.05,7,At Risk,829.53,High Value,Yes
6124-ACRHJ,1,19.75,19.75,3,Inactive,4.94,Low Value,No
9362-MWODR,40,64.1,2460.35,8,Loyal Customers,1640.23,High Value,No
9975-GPKZU,46,19.75,856.5,5,Inactive,356.88,Medium Value,No
9625-RZFUK,63,19.7,1275.85,6,At Risk,637.92,Medium Value,No
5153-LXKDT,68,110.2,7467.5,12,Champions,7467.5,Premium,No
5161-UBZXI,69,106.35,7261.75,12,Champions,7261.75,Premium,No
1020-JPQOW,56,90.55,5116.6,12,Champions,5116.6,Premium,No
7919-ZODZZ,10,65.9,660.05,7,At Risk,385.03,Medium Value,No
0565-JUPYD,63,104.5,6590.8,12,Champions,6590.8,Premium,No
6867-ACCZI,24,52.5,1208.15,8,Loyal Customers,805.43,Medium Value,No
5939-XAIXZ,19,56.1,1033.9,7,At Risk,603.11,Medium Value,No
9054-FOWNV,22,88.75,1885.15,8,Loyal Customers,1256.77,High Value,No
2683-BPJSO,29,84.45,2467.1,8,Loyal Customers,1644.73,High Value,Yes
2157-MXBJS,13,75.3,989.45,9,Loyal Customers,742.09,Medium Value,Yes
8207-VVMYB,70,26.0,2006.95,7,At Risk,1170.72,High Value,No
9732-EQMWY,49,99.4,5025.0,11,Champions,4606.25,Premium,No
9360-AHGNL,43,109.55,4830.25,11,Champions,4427.73,Premium,Yes
1087-UDSIH,3,19.6,59.75,3,Inactive,14.94,Low Value,Yes
5269-NRGDP,42,73.15,3088.25,10,Champions,2573.54,High Value,No
6195-MELTI,57,54.65,3134.7,9,Loyal Customers,2351.02,High Value,No
5485-WUYWF,2,66.4,94.55,6,At Risk,47.28,Low Value,Yes
2121-JAFOM,72,115.55,8312.4,12,Champions,8312.4,Premium,No
8818-DOPVL,46,104.45,4863.85,11,Champions,4458.53,Premium,No
2632-UCGVD,66,100.05,6871.9,12,Champions,6871.9,Premium,Yes
5445-PZWGX,62,102.0,6529.25,12,Champions,6529.25,Premium,Yes
1227-UDMZR,72,91.15,6637.9,12,Champions,6637.9,Premium,No
5198-HQAEN,35,89.7,3165.6,9,Loyal Customers,2374.2,High Value,No
9170-CCKOU,17,90.2,1454.15,10,Champions,1211.79,High Value,Yes
2167-FQSTQ,72,92.4,6786.1,12,Champions,6786.1,Premium,No
2819-GWENI,28,19.9,543.0,4,Inactive,181.0,Medium Value,No
1043-YCUTE,56,25.15,1327.15,7,At Risk,774.17,Medium Value,Yes
3814-MLAXC,31,79.85,2404.15,9,Loyal Customers,1803.11,High Value,Yes
3572-UUHRS,45,18.85,867.3,5,Inactive,361.38,Medium Value,No
2692-PFYTJ,1,25.75,25.75,4,Inactive,8.58,Low Value,No
1226-UDFZR,2,49.6,114.7,5,Inactive,47.79,Low Value,Yes
5955-EPOAZ,6,20.95,109.5,3,Inactive,27.38,Low Value,No
6821-JPCDC,48,97.05,4692.95,11,Champions,4301.87,Premium,No
8815-LMFLX,25,25.4,546.85,5,Inactive,227.85,Medium Value,No
9135-HSWOC,64,19.7,1274.05,6,At Risk,637.02,Medium Value,No
8582-KRHPJ,50,35.0,1782.4,6,At Risk,891.2,High Value,No
5811-IWXYM,52,101.25,5301.1,11,Champions,4859.34,Premium,No
7044-YAACC,4,70.2,280.35,4,Inactive,93.45,Low Value,No
8189-XRIKE,32,90.95,2897.95,10,Champions,2414.96,High Value,No
1506-YJTYT,45,73.85,3371.0,10,Champions,2809.17,High Value,No
4123-DVHPH,9,88.05,801.3,7,At Risk,467.42,Medium Value,No
6425-YQLLO,66,105.95,6975.25,12,Champions,6975.25,Premium,Yes
5442-UTCVD,3,91.85,257.05,8,Loyal Customers,171.37,Medium Value,Yes
2228-BZDEE,54,20.1,1079.45,5,Inactive,449.77,Medium Value,No
7734-DBOAI,1,40.1,40.1,5,Inactive,16.71,Low Value,Yes
2789-CZANW,64,110.3,6997.3,12,Champions,6997.3,Premium,No
2091-RFFBA,31,73.9,2217.15,8,Loyal Customers,1478.1,High Value,Yes
2114-MGINA,14,89.8,1129.1,8,Loyal Customers,752.73,Medium Value,Yes
7596-LDUXP,12,85.15,979.05,8,Loyal Customers,652.7,Medium Value,No
3740-RLMVT,67,60.95,4119.4,9,Loyal Customers,3089.55,Premium,No
4489-SNOJF,35,72.25,2568.55,10,Champions,2140.46,High Value,Yes
2192-OZITF,45,73.55,3349.1,10,Champions,2790.92,High Value,No
5651-CPDND,10,46.0,492.1,5,Inactive,205.04,Medium Value,No
2186-QZEYA,29,58.55,1718.95,7,At Risk,1002.72,High Value,No
1131-ALZWV,24,24.6,605.25,5,Inactive,252.19,Medium Value,No
7729-XBTWX,66,19.75,1344.5,6,At Risk,672.25,Medium Value,No
9134-WYRVP,51,86.35,4267.15,9,Loyal Customers,3200.36,Premium,No
3284-SVCRO,45,25.5,1121.05,6,At Risk,560.52,Medium Value,No
9732-OUYRN,49,19.0,918.7,5,Inactive,382.79,Medium Value,No
0559-CKHUS,29,19.55,521.8,4,Inactive,173.93,Medium Value,No
2931-SVLTV,40,110.1,4469.1,11,Champions,4096.68,Premium,No
6899-PPEEA,37,96.55,3580.3,10,Champions,2983.58,High Value,Yes
7504-UWHNB,25,69.75,1729.35,5,Inactive,720.56,Medium Value,No
2582-FFFZR,22,50.6,1073.3,7,At Risk,626.09,Medium Value,No
8908-NMQTX,72,65.6,4566.5,10,Champions,3805.42,Premium,No
2187-LZGPL,7,40.1,293.3,5,Inactive,122.21,Low Value,Yes
1431-AIDJQ,33,82.1,2603.1,10,Champions,2169.25,High Value,No
6288-LBEAR,23,79.1,1783.75,8,Loyal Customers,1189.17,High Value,No
4597-NUCQV,24,101.25,2440.15,10,Champions,2033.46,High Value,Yes
9019-QVLZD,1,79.55,79.55,6,At Risk,39.78,Low Value,Yes
8413-YNHNV,69,90.65,6322.1,12,Champions,6322.1,Premium,No
5808-TOTXO,3,20.55,57.4,3,Inactive,14.35,Low Value,No
4369-NYSCF,56,75.75,4284.65,11,Champions,3927.6,Premium,No
6333-YDVLT,65,110.0,7138.65,12,Champions,7138.65,Premium,No
5324-KTGCG,71,20.85,1539.75,6,At Risk,769.88,Medium Value,No
5599-HVLTW,14,80.35,1058.1,8,Loyal Customers,705.4,Medium Value,No
7394-LWLYN,2,70.15,123.8,4,Inactive,41.27,Low Value,No
3707-LRWZD,32,84.05,2781.85,9,Loyal Customers,2086.39,High Value,Yes
6873-UDNLD,40,67.45,2731.0,8,Loyal Customers,1820.67,High Value,No
2700-LUEVA,1,20.75,20.75,3,Inactive,5.19,Low Value,No
1455-ESIQH,1,89.1,89.1,7,At Risk,51.98,Low Value,Yes
0958-YHXGP,7,69.9,497.3,4,Inactive,165.77,Medium Value,No
1101-SSWAG,15,51.1,711.15,6,At Risk,355.58,Medium Value,No
2979-SXESE,17,94.4,1607.2,10,Champions,1339.33,High Value,Yes
4013-TLDHQ,19,78.25,1490.95,8,Loyal Customers,993.97,High Value,Yes
5743-KHMNA,71,25.55,1898.1,7,At Risk,1107.22,High Value,No
4194-FJARJ,54,60.0,3273.95,8,Loyal Customers,2182.63,High Value,No
5325-UWTWJ,31,90.55,2929.75,11,Champions,2685.6,High Value,No
3969-GYXEL,11,76.4,838.7,7,At Risk,489.24,Medium Value,No
9208-OLGAQ,18,84.95,1443.65,8,Loyal Customers,962.43,High Value,No
3244-CQPHU,72,110.1,7746.7,12,Champions,7746.7,Premium,No
2674-MLXMN,71,99.65,6951.15,12,Champions,6951.15,Premium,No
9708-HPXWZ,5,45.4,214.75,6,At Risk,107.38,Low Value,No
6992-TKNYO,38,69.0,2669.45,9,Loyal Customers,2002.09,High Value,No
4468-YDOVK,5,48.65,235.2,5,Inactive,98.0,Low Value,No
3754-DXMRT,2,44.15,92.65,4,Inactive,30.88,Low Value,Yes
5792-JALQC,52,59.85,3103.25,8,Loyal Customers,2068.83,High Value,No
7130-VTEWQ,8,75.75,606.25,6,At Risk,303.12,Medium Value,Yes
2200-DSAAL,68,80.65,5330.2,11,Champions,4886.02,Premium,No
4302-ZYFEL,69,20.55,1403.1,6,At Risk,701.55,Medium Value,No
9351-LZYGF,42,66.4,2727.8,9,Loyal Customers,2045.85,High Value,No
4366-CTOUZ,50,100.2,5038.45,11,Champions,4618.58,Premium,No
6121-VZNQB,1,19.1,19.1,3,Inactive,4.78,Low Value,Yes
7903-CMPEY,1,80.3,80.3,7,At Risk,46.84,Low Value,Yes
1518-OMDIK,33,44.55,1462.6,6,At Risk,731.3,Medium Value,No
6671-NGWON,7,20.35,150.6,3,Inactive,37.65,Low Value,No
0595-ITUDF,64,91.8,5960.5,12,Champions,5960.5,Premium,No
6996-KNSML,1,74.9,74.9,6,At Risk,37.45,Low Value,Yes
1955-IBMMB,59,20.2,1192.3,6,At Risk,596.15,Medium Value,No
0096-BXERS,6,50.35,314.55,5,Inactive,131.06,Low Value,No
3806-YAZOV,3,18.8,56.0,3,Inactive,14.0,Low Value,No
7998-ZLXWN,15,20.45,330.8,4,Inactive,110.27,Low Value,No
6253-WRFHY,13,64.75,877.35,7,At Risk,511.79,Medium Value,No
9133-AYJZG,23,98.7,2249.1,10,Champions,1874.25,High Value,No
2675-OTVVJ,31,89.45,2807.65,9,Loyal Customers,2105.74,High Value,No
8680-CGLTP,29,58.75,1696.2,7,At Risk,989.45,High Value,No
8430-TWCBX,49,20.7,1032.05,5,Inactive,430.02,Medium Value,No
5018-GWURO,56,85.6,4902.8,10,Champions,4085.67,Premium,No
6741-QRLUP,63,80.3,4995.35,11,Champions,4579.07,Premium,No
4737-HOBAX,63,79.8,5034.05,11,Champions,4614.55,Premium,No
0537-QYZZN,24,79.85,1857.75,8,Loyal Customers,1238.5,High Value,No
3340-QBBFM,36,54.1,1992.85,8,Loyal Customers,1328.57,High Value,No
1704-NRWYE,9,80.85,751.65,6,At Risk,375.82,Medium Value,Yes
2592-SEIFQ,3,24.75,66.95,3,Inactive,16.74,Low Value,Yes
8200-KLNYW,21,80.9,1714.95,9,Loyal Customers,1286.21,High Value,No
3372-CDXFJ,13,24.5,343.6,5,Inactive,143.17,Low Value,No
4781-ZXYGU,1,20.15,20.15,3,Inactive,5.04,Low Value,No
7632-YUTXB,25,20.05,520.1,4,Inactive,173.37,Medium Value,No
2718-YSKCS,71,19.6,1387.45,6,At Risk,693.72,Medium Value,No
9896-UYMIE,66,114.3,7383.7,12,Champions,7383.7,Premium,No
0853-NWIFK,45,100.3,4483.95,11,Champions,4110.29,Premium,No
8212-CRQXP,22,80.0,1706.45,7,At Risk,995.43,High Value,No
6980-CDGFC,67,20.85,1327.4,6,At Risk,663.7,Medium Value,No
7691-XVTZH,68,89.95,5974.3,11,Champions,5476.44,Premium,No
7481-ATQQS,49,90.85,4515.85,10,Champions,3763.21,Premium,Yes
2277-VWCNI,4,48.75,179.85,5,Inactive,74.94,Low Value,No
1088-CNNKB,63,80.0,5040.2,11,Champions,4620.18,Premium,No
8642-GVWRF,2,79.7,165.0,7,At Risk,96.25,Low Value,Yes
1930-BZLHI,21,20.35,422.7,4,Inactive,140.9,Low Value,No
3400-ESFUW,55,57.55,3046.4,8,Loyal Customers,2030.93,High Value,Yes
5868-YTYKS,1,20.25,20.25,3,Inactive,5.06,Low Value,No
3525-DVKFN,17,19.4,358.05,4,Inactive,119.35,Low Value,No
1482-OXZSY,30,100.4,2936.25,11,Champions,2691.56,High Value,No
0377-JBKKT,22,57.95,1271.8,7,At Risk,741.88,Medium Value,No
5778-BVOFB,9,59.5,530.05,6,At Risk,265.02,Medium Value,No
3373-YZZYM,1,19.2,19.2,3,Inactive,4.8,Low Value,No
2057-ZBLPD,21,86.5,1808.7,8,Loyal Customers,1205.8,High Value,Yes
0228-MAUWC,19,59.55,1144.6,7,At Risk,667.68,Medium Value,No
5502-RLUYV,69,103.95,7446.9,12,Champions,7446.9,Premium,Yes
0023-HGHWL,1,25.1,25.1,3,Inactive,6.28,Low Value,Yes
7663-YJHSN,72,103.95,7556.9,12,Champions,7556.9,Premium,No
4915-BFSXL,70,68.95,4858.7,10,Champions,4048.92,Premium,No
3086-RUCRN,66,103.1,6595.0,12,Champions,6595.0,Premium,No
5215-LNLDJ,7,24.7,149.05,3,Inactive,37.26,Low Value,No
7576-JMYWV,46,110.2,4972.1,11,Champions,4557.76,Premium,No
9039-RBEEE,39,48.95,1880.85,8,Loyal Customers,1253.9,High Value,Yes
0257-KXZGU,32,62.45,2045.55,8,Loyal Customers,1363.7,High Value,No
1307-ATKGB,24,89.55,2187.15,8,Loyal Customers,1458.1,High Value,No
8417-FMLZI,6,83.55,477.55,7,At Risk,278.57,Medium Value,Yes
3714-XPXBW,37,78.9,2976.95,10,Champions,2480.79,High Value,No
1850-AKQEP,8,20.35,178.7,3,Inactive,44.68,Low Value,No
2824-DXNKN,72,71.45,5025.85,11,Champions,4607.03,Premium,No
5227-JSCFE,71,46.35,3353.4,9,Loyal Customers,2515.05,High Value,No
0848-ZGQIJ,16,94.65,1461.15,9,Loyal Customers,1095.86,High Value,No
3621-CHYVB,57,49.9,2782.4,9,Loyal Customers,2086.8,High Value,No
8042-RNLKO,66,25.45,1699.15,7,At Risk,991.17,High Value,No
1792-UXAFY,17,89.15,1496.9,8,Loyal Customers,997.93,High Value,Yes
5372-FBKBN,21,20.75,452.2,4,Inactive,150.73,Low Value,No
0420-TXVSG,66,66.1,4428.45,10,Champions,3690.38,Premium,No
6217-TOWGS,17,75.4,1322.55,9,Loyal Customers,991.91,High Value,No
0515-YPMCW,1,70.45,70.45,5,Inactive,29.35,Low Value,Yes
0378-XSZPU,58,60.3,3563.8,9,Loyal Customers,2672.85,High Value,Yes
1045-LTCYT,8,21.05,139.75,3,Inactive,34.94,Low Value,No
1544-JJMYL,27,69.35,1927.3,8,Loyal Customers,1284.87,High Value,No
4636-JGAAI,34,88.85,3000.25,9,Loyal Customers,2250.19,High Value,No
6874-SGLHU,30,97.0,3021.3,10,Champions,2517.75,High Value,No
5951-AOFIH,33,66.4,2245.4,8,Loyal Customers,1496.93,High Value,No
4729-XKASR,1,24.75,24.75,3,Inactive,6.19,Low Value,Yes
3059-NGMXB,14,69.2,944.65,8,Loyal Customers,629.77,Medium Value,No
8652-YHIYU,16,79.5,1264.2,8,Loyal Customers,842.8,High Value,No
5278-PNYOX,49,100.65,4917.75,11,Champions,4507.94,Premium,No
5449-FIBXJ,19,103.3,2012.7,10,Champions,1677.25,High Value,Yes
3486-HOOGQ,70,79.7,5743.3,11,Champions,5264.69,Premium,No
5061-PBXFW,32,61.4,1864.65,8,Loyal Customers,1243.1,High Value,No
8630-FJLIB,18,69.8,1221.65,5,Inactive,509.02,Medium Value,No
3891-NLXJB,37,40.55,1390.85,8,Loyal Customers,927.23,High Value,No
4749-OJKQU,4,75.65,302.35,6,At Risk,151.18,Low Value,No
0577-WHMEV,16,90.7,1374.9,10,Champions,1145.75,High Value,No
5453-AXEPF,17,80.5,1336.9,8,Loyal Customers,891.27,High Value,No
3639-XJHKQ,19,60.6,1297.8,7,At Risk,757.05,Medium Value,No
3716-LRGXK,60,101.15,6067.4,12,Champions,6067.4,Premium,No
2263-SFSQZ,51,24.95,1222.25,6,At Risk,611.12,Medium Value,No
9950-MTGYX,28,20.3,487.95,4,Inactive,162.65,Medium Value,No
3397-AVTKU,43,60.0,2548.55,8,Loyal Customers,1699.03,High Value,No
4825-FUREZ,42,20.25,835.5,5,Inactive,348.12,Medium Value,No
9837-BMCLM,3,78.5,242.05,6,At Risk,121.02,Low Value,Yes
2672-OJQZP,1,44.75,44.75,4,Inactive,14.92,Low Value,No
0137-UDEUO,3,19.85,63.75,3,Inactive,15.94,Low Value,Yes
3134-DSHVC,63,98.0,6218.45,12,Champions,6218.45,Premium,No
6161-UUUTA,3,79.9,260.9,6,At Risk,130.45,Low Value,Yes
7821-DPRQE,68,107.7,7320.9,12,Champions,7320.9,Premium,No
6543-XRMYR,30,99.7,2967.35,11,Champions,2720.07,High Value,Yes
2001-EWBQU,60,104.7,6333.8,12,Champions,6333.8,Premium,No
4925-LMHOK,15,58.6,939.7,7,At Risk,548.16,Medium Value,Yes
1608-GMEWB,45,93.9,4200.25,10,Champions,3500.21,Premium,No
6695-AMZUF,70,86.45,5950.2,11,Champions,5454.35,Premium,No
1455-UGQVH,10,98.5,1037.75,10,Champions,864.79,High Value,Yes
8410-BGQXN,4,19.4,93.4,3,Inactive,23.35,Low Value,No
8280-MQRQN,1,50.45,50.45,5,Inactive,21.02,Low Value,Yes
1619-YWUBB,68,24.95,1614.9,7,At Risk,942.03,High Value,No
7611-YKYTC,22,75.0,1573.95,7,At Risk,918.14,High Value,No
2037-SGXHH,38,94.65,3624.3,11,Champions,3322.28,Premium,Yes
3178-FESZO,1,100.25,100.25,9,Loyal Customers,75.19,Low Value,Yes
0365-GXEZS,18,78.2,1468.75,8,Loyal Customers,979.17,High Value,No
0082-OQIQY,29,94.2,2607.6,9,Loyal Customers,1955.7,High Value,No
6087-MVHJH,16,88.45,1422.1,8,Loyal Customers,948.07,High Value,Yes
4603-JANFB,1,69.85,69.85,4,Inactive,23.28,Low Value,Yes
3018-TFTSU,12,81.7,858.6,8,Loyal Customers,572.4,Medium Value,Yes
3606-SBKRY,31,50.05,1523.4,8,Loyal Customers,1015.6,High Value,No
4806-KEXQR,4,79.9,324.3,6,At Risk,162.15,Medium Value,Yes
0667-NSRGI,48,69.55,3435.6,9,Loyal Customers,2576.7,High Value,No
7083-YNSKY,15,25.4,399.6,5,Inactive,166.5,Medium Value,Yes
6893-ODYYE,50,90.1,4549.45,11,Champions,4170.33,Premium,No
8242-JSVBO,7,44.65,322.5,4,Inactive,107.5,Low Value,No
2479-BRAMR,41,83.75,3273.55,9,Loyal Customers,2455.16,High Value,Yes
9541-ZPSEA,68,80.35,5375.15,10,Champions,4479.29,Premium,No
2665-NPTGL,26,98.1,2510.7,10,Champions,2092.25,High Value,No
1139-WUOAH,57,53.35,3090.05,9,Loyal Customers,2317.54,High Value,No
4693-VWVBO,3,19.55,61.05,3,Inactive,15.26,Low Value,No
7434-SHXLS,1,20.9,20.9,3,Inactive,5.22,Low Value,Yes
6937-GCDGQ,19,48.95,955.6,6,At Risk,477.8,Medium Value,No
0988-JRWWP,3,54.2,140.4,5,Inactive,58.5,Low Value,No
5075-JSDKI,59,24.45,1493.1,7,At Risk,870.98,High Value,No
7908-QCBCA,1,69.4,69.4,4,Inactive,23.13,Low Value,Yes
8644-XYTSV,42,40.15,1626.05,7,At Risk,948.53,High Value,No
6711-FLDFB,7,74.9,541.15,6,At Risk,270.58,Medium Value,Yes
3873-WOSBC,67,25.6,1784.9,7,At Risk,1041.19,High Value,No
7465-ZZRVX,1,70.35,70.35,4,Inactive,23.45,Low Value,No
7975-JMZNT,66,91.7,6075.9,12,Champions,6075.9,Premium,No
7251-XFOIL,61,89.2,5500.6,10,Champions,4583.83,Premium,No
4116-IQRFR,4,24.1,73.1,4,Inactive,24.37,Low Value,No
3714-JTVOV,42,74.15,3229.4,8,Loyal Customers,2152.93,High Value,Yes
8259-DZLIZ,64,53.85,3399.85,9,Loyal Customers,2549.89,High Value,No
0442-ZXKVS,54,115.6,6431.05,11,Champions,5895.13,Premium,No
7853-WNZSY,1,19.75,19.75,3,Inactive,4.94,Low Value,No
3120-FAZKD,54,24.05,1230.9,6,At Risk,615.45,Medium Value,No
8606-OEGQZ,18,25.3,454.65,5,Inactive,189.44,Medium Value,No
0225-ZORZP,3,84.3,235.05,7,At Risk,137.11,Low Value,No
4702-IOQDC,1,70.1,70.1,4,Inactive,23.37,Low Value,Yes
9489-JMTTN,72,89.75,6595.9,11,Champions,6046.24,Premium,No
0575-CUQOV,60,97.95,5867.0,12,Champions,5867.0,Premium,No
0967-BMLBD,11,20.0,196.35,4,Inactive,65.45,Low Value,No
6178-KFNHS,12,78.3,909.25,8,Loyal Customers,606.17,Medium Value,Yes
2830-LEWOA,61,103.9,6449.15,12,Champions,6449.15,Premium,No
5006-MXVRN,39,20.7,762.45,5,Inactive,317.69,Medium Value,No
1264-BYWMS,55,96.8,5283.95,10,Champions,4403.29,Premium,Yes
9658-WYUFB,17,94.4,1617.5,10,Champions,1347.92,High Value,Yes
8327-WKMIE,37,20.15,785.75,5,Inactive,327.4,Medium Value,No
6917-FIJHC,72,26.0,1776.0,7,At Risk,1036.0,High Value,No
5329-KRDTM,72,77.35,5396.25,11,Champions,4946.56,Premium,No
7797-EJMDP,8,66.05,574.5,6,At Risk,287.25,Medium Value,No
3530-VWVGU,22,19.9,400.3,4,Inactive,133.43,Low Value,No
2013-SGDXK,1,84.3,84.3,7,At Risk,49.18,Low Value,Yes
6368-NWMCE,38,68.15,2656.3,9,Loyal Customers,1992.22,High Value,No
3633-CDBUW,17,80.85,1445.95,9,Loyal Customers,1084.46,High Value,No
0707-HOVVN,70,75.5,5212.65,11,Champions,4778.26,Premium,No
8580-QVLOC,72,92.45,6440.25,12,Champions,6440.25,Premium,Yes
3956-MGXOG,28,80.6,2244.95,7,At Risk,1309.55,High Value,No
9274-UARKJ,15,83.2,1130.0,8,Loyal Customers,753.33,Medium Value,No
4077-HWUYD,72,87.55,6463.15,11,Champions,5924.55,Premium,No
2012-NWRPA,11,99.55,1131.2,10,Champions,942.67,High Value,Yes
8808-ELEHO,8,81.25,585.95,7,At Risk,341.8,Medium Value,Yes
0103-CSITQ,57,109.4,6252.7,12,Champions,6252.7,Premium,No
3506-LCJDC,1,19.95,19.95,3,Inactive,4.99,Low Value,Yes
8671-KKKOS,46,45.55,2062.15,8,Loyal Customers,1374.77,High Value,No
7305-ZWMAJ,30,20.7,587.1,5,Inactive,244.63,Medium Value,No
9518-XXBXE,10,75.3,720.45,7,At Risk,420.26,Medium Value,No
3934-HXCFZ,23,99.25,2186.4,10,Champions,1822.0,High Value,Yes
6578-KRMAW,32,93.4,2979.3,11,Champions,2731.02,High Value,No
4860-IJUDE,13,73.75,956.65,7,At Risk,558.05,Medium Value,No
7666-WKRON,39,80.45,3201.55,9,Loyal Customers,2401.16,High Value,Yes
9688-YGXVR,44,88.15,3973.2,9,Loyal Customers,2979.9,High Value,No
0423-UDIJQ,9,49.2,447.9,5,Inactive,186.62,Medium Value,No
1945-XISKS,67,19.65,1335.2,6,At Risk,667.6,Medium Value,No
4910-AQFFX,9,79.35,661.25,7,At Risk,385.73,Medium Value,Yes
2154-KVJFF,15,79.75,1111.85,8,Loyal Customers,741.23,Medium Value,Yes
5360-LJCNJ,71,105.15,7555.0,12,Champions,7555.0,Premium,No
2607-FBDFF,1,49.0,49.0,5,Inactive,20.42,Low Value,No
9647-ERGBE,30,100.05,3046.15,11,Champions,2792.3,High Value,Yes
3428-XZMAZ,1,69.35,69.35,4,Inactive,23.12,Low Value,Yes
1100-DDVRV,17,49.8,836.35,7,At Risk,487.87,Medium Value,No
0378-TOVMS,3,85.8,272.2,7,At Risk,158.78,Low Value,Yes
4355-HBJHH,67,79.7,5293.4,11,Champions,4852.28,Premium,Yes
6728-WYQBC,1,20.95,20.95,3,Inactive,5.24,Low Value,No
9058-CBREO,1,50.55,50.55,5,Inactive,21.06,Low Value,Yes
9029-FEGVJ,32,79.3,2570.0,9,Loyal Customers,1927.5,High Value,No
7216-KAOID,41,19.5,798.2,5,Inactive,332.58,Medium Value,No
0318-QUUOB,1,80.55,80.55,6,At Risk,40.28,Low Value,Yes
6145-NNPNO,1,44.15,44.15,4,Inactive,14.72,Low Value,No
5520-FVEWJ,12,84.5,916.9,8,Loyal Customers,611.27,Medium Value,Yes
5339-TJFEK,62,105.5,6487.2,12,Champions,6487.2,Premium,No
5572-ZDXHY,22,84.3,1855.65,8,Loyal Customers,1237.1,High Value,Yes
2074-GUHPQ,17,92.7,1556.85,10,Champions,1297.38,High Value,No
4625-XMOYM,72,26.25,1988.05,7,At Risk,1159.7,High Value,No
5827-MWCZK,56,96.95,5432.2,12,Champions,5432.2,Premium,No
1385-TQOZW,9,20.45,147.55,3,Inactive,36.89,Low Value,No
5914-XRFQB,72,115.8,8424.9,12,Champions,8424.9,Premium,No
4329-YPDDQ,20,108.2,2203.7,10,Champions,1836.42,High Value,No
4804-NCPET,19,20.2,387.4,4,Inactive,129.13,Low Value,No
3750-CKVKH,2,67.75,116.65,4,Inactive,38.88,Low Value,Yes
5944-UGLLK,53,54.9,3045.75,8,Loyal Customers,2030.5,High Value,No
8063-GBATB,27,85.25,2287.25,8,Loyal Customers,1524.83,High Value,Yes
7787-BNTZM,6,20.15,130.5,3,Inactive,32.62,Low Value,No
2252-ISRNH,9,90.35,767.9,8,Loyal Customers,511.93,Medium Value,No
9415-TPKRV,8,55.75,446.8,6,At Risk,223.4,Medium Value,No
5322-TEUJK,71,114.6,8100.25,12,Champions,8100.25,Premium,No
4547-KQRTM,10,80.05,830.7,8,Loyal Customers,553.8,Medium Value,Yes
4877-EVATK,1,20.0,20.0,3,Inactive,5.0,Low Value,Yes
1866-DIOQZ,71,66.8,4689.15,10,Champions,3907.62,Premium,No
8375-KVTHK,68,100.3,6754.35,12,Champions,6754.35,Premium,No
2697-NQBPF,34,105.35,3540.65,11,Champions,3245.6,Premium,No
3709-OIJEA,26,85.2,2184.6,8,Loyal Customers,1456.4,High Value,No
7639-SUPCW,22,48.8,1054.6,6,At Risk,527.3,Medium Value,Yes
1386-ZIKUV,7,18.95,130.55,3,Inactive,32.64,Low Value,No
0599-XNYDO,20,69.8,1540.35,5,Inactive,641.81,Medium Value,No
6377-WHAOX,60,106.15,6411.25,12,Champions,6411.25,Premium,No
6855-VLGOS,72,20.55,1432.55,6,At Risk,716.28,Medium Value,No
8999-XXGNS,72,105.75,7629.85,12,Champions,7629.85,Premium,No
8746-OQQRW,4,25.25,101.9,4,Inactive,33.97,Low Value,No
3181-MIZBN,16,19.75,313.4,4,Inactive,104.47,Low Value,No
0471-ARVMX,62,104.85,6312.9,12,Champions,6312.9,Premium,No
7766-CLTIC,10,60.95,629.55,7,At Risk,367.24,Medium Value,No
5650-YLIBA,31,81.15,2640.55,9,Loyal Customers,1980.41,High Value,No
0825-CPPQH,71,19.1,1372.45,6,At Risk,686.22,Medium Value,No
9084-OAYKL,58,20.8,1212.25,6,At Risk,606.12,Medium Value,No
6122-LJADA,70,90.15,6237.05,12,Champions,6237.05,Premium,No
2400-XIWIO,71,90.1,6310.9,12,Champions,6310.9,Premium,No
7524-VRLPL,69,74.1,5031.0,11,Champions,4611.75,Premium,No
1069-XAIEM,1,85.05,85.05,7,At Risk,49.61,Low Value,Yes
7569-NMZYQ,72,118.75,8672.45,12,Champions,8672.45,Premium,No
5201-USSQZ,26,85.9,2196.45,8,Loyal Customers,1464.3,High Value,No
2105-PHWON,33,95.0,3008.15,11,Champions,2757.47,High Value,No
1494-EJZDW,10,20.15,220.8,4,Inactive,73.6,Low Value,No
4884-TVUQF,57,101.3,5779.6,12,Champions,5779.6,Premium,No
8003-EWNDZ,10,21.2,222.65,4,Inactive,74.22,Low Value,No
1897-RCFUM,39,24.2,914.6,6,At Risk,457.3,Medium Value,No
9256-JTBNZ,11,20.3,246.3,4,Inactive,82.1,Low Value,No
4658-HCOHW,21,102.8,2110.15,10,Champions,1758.46,High Value,Yes
2211-RMNHO,68,85.3,5560.0,11,Champions,5096.67,Premium,No
2432-TFSMK,18,89.6,1633.0,8,Loyal Customers,1088.67,High Value,No
3440-JPSCL,6,99.95,547.65,9,Loyal Customers,410.74,Medium Value,Yes
4929-ROART,18,56.25,969.85,7,At Risk,565.75,Medium Value,No
1834-ABKHQ,52,50.95,2610.65,7,At Risk,1522.88,High Value,No
1741-WTPON,56,115.85,6567.9,12,Champions,6567.9,Premium,No
3932-IJWDZ,45,103.65,4747.85,11,Champions,4352.2,Premium,No
1240-HCBOH,67,26.1,1759.55,7,At Risk,1026.4,High Value,No
3594-KADLU,3,35.1,101.1,4,Inactive,33.7,Low Value,No
8065-BVEPF,65,99.1,6496.15,12,Champions,6496.15,Premium,No
3796-ENZGF,63,67.25,4234.15,10,Champions,3528.46,Premium,No
1734-ZMNTZ,11,25.0,300.7,5,Inactive,125.29,Low Value,No
2853-CWQFQ,1,59.55,59.55,6,At Risk,29.78,Low Value,No
0813-TAXXS,55,77.8,4323.35,10,Champions,3602.79,Premium,No
2519-TWKFS,25,55.1,1466.1,7,At Risk,855.22,High Value,No
2889-FPWRM,72,117.8,8684.8,12,Champions,8684.8,Premium,Yes
0626-QXNGV,72,24.15,1776.45,7,At Risk,1036.26,High Value,No
6723-CEGQI,65,45.25,2933.95,9,Loyal Customers,2200.46,High Value,No
6987-XQSJT,54,79.5,4370.25,9,Loyal Customers,3277.69,Premium,Yes
4732-RRJZC,7,20.25,144.35,3,Inactive,36.09,Low Value,No
9499-XPZXM,72,64.75,4804.75,10,Champions,4003.96,Premium,No
4338-EYCER,21,54.6,1125.2,6,At Risk,562.6,Medium Value,No
3007-FDPEA,2,20.7,39.85,3,Inactive,9.96,Low Value,No
6350-XFYGW,4,94.75,422.4,8,Loyal Customers,281.6,Medium Value,No
4290-BSXUX,3,79.65,251.75,7,At Risk,146.85,Low Value,Yes
8513-OLYGY,72,115.8,8332.15,12,Champions,8332.15,Premium,No
0311-QYWSS,6,49.45,314.6,5,Inactive,131.08,Low Value,No
8705-DWKTI,52,83.8,4331.4,9,Loyal Customers,3248.55,Premium,No
8755-IWJHN,69,95.35,6382.0,12,Champions,6382.0,Premium,No
0325-XBFAC,8,94.7,740.3,8,Loyal Customers,493.53,Medium Value,Yes
4480-QQRHC,8,74.05,600.15,6,At Risk,300.08,Medium Value,No
0929-PECLO,63,89.6,5538.8,10,Champions,4615.67,Premium,No
3680-CTHUH,60,116.6,7049.5,12,Champions,7049.5,Premium,No
1202-KKGFU,12,54.2,690.5,7,At Risk,402.79,Medium Value,No
6112-KTHFQ,13,19.3,279.3,4,Inactive,93.1,Low Value,No
1852-XEMDW,22,65.05,1427.55,8,Loyal Customers,951.7,High Value,No
2462-XIIJB,5,92.5,452.7,8,Loyal Customers,301.8,Medium Value,Yes
4760-XOHVN,1,19.45,19.45,3,Inactive,4.86,Low Value,Yes
1820-DJFPH,72,24.05,1709.15,7,At Risk,997.0,High Value,No
9426-SXNHE,2,18.75,53.15,3,Inactive,13.29,Low Value,No
9068-FHQHD,40,20.15,777.35,5,Inactive,323.9,Medium Value,No
1269-FOYWN,44,20.0,860.85,5,Inactive,358.69,Medium Value,No
9470-YFUYI,71,71.0,5012.1,11,Champions,4594.42,Premium,No
7817-BOQPW,2,75.55,166.3,6,At Risk,83.15,Low Value,Yes
7402-EYFXX,26,93.6,2404.1,9,Loyal Customers,1803.07,High Value,No
1853-UDXBW,1,70.0,70.0,4,Inactive,23.33,Low Value,Yes
9895-VFOXH,1,24.4,24.4,3,Inactive,6.1,Low Value,No
5458-CQJTA,65,74.8,4820.15,11,Champions,4418.47,Premium,Yes
1230-QAJDW,3,65.25,209.9,6,At Risk,104.95,Low Value,No
5701-ZIKJE,13,50.55,610.75,6,At Risk,305.38,Medium Value,No
5219-YIPTK,33,104.4,3409.6,11,Champions,3125.47,Premium,Yes
5032-MIYKT,1,70.7,70.7,5,Inactive,29.46,Low Value,No
7396-VJUZB,4,45.25,155.35,4,Inactive,51.78,Low Value,No
9717-QEBGU,2,70.3,144.0,4,Inactive,48.0,Low Value,No
5172-RKOCB,72,108.95,7875.0,12,Champions,7875.0,Premium,No
6509-TSGWN,37,26.45,911.6,6,At Risk,455.8,Medium Value,No
3540-RZJYU,15,86.2,1270.2,8,Loyal Customers,846.8,High Value,Yes
3178-CIFOT,23,19.65,478.1,4,Inactive,159.37,Low Value,No
2091-MJTFX,30,51.2,1561.5,8,Loyal Customers,1041.0,High Value,Yes
4530-NDRKU,42,19.05,761.85,5,Inactive,317.44,Medium Value,No
5985-TBABQ,32,74.75,2282.95,10,Champions,1902.46,High Value,No
9800-ONTFE,22,75.8,1615.1,7,At Risk,942.14,High Value,No
6743-HHQPF,42,25.1,1097.15,5,Inactive,457.15,Medium Value,No
8455-HIRAQ,8,44.45,369.3,4,Inactive,123.1,Low Value,No
6616-AALSR,65,104.3,6725.3,12,Champions,6725.3,Premium,No
0883-EIBTI,2,19.5,31.55,3,Inactive,7.89,Low Value,Yes
9415-ZNBSX,70,89.0,6293.2,11,Champions,5768.77,Premium,No
4018-KJYUY,22,20.15,432.5,4,Inactive,144.17,Low Value,No
0722-TROQR,4,74.9,321.75,6,At Risk,160.88,Low Value,Yes
7571-YXDAD,2,74.9,147.15,6,At Risk,73.58,Low Value,Yes
3884-UEBXB,67,36.15,2434.45,8,Loyal Customers,1622.97,High Value,No
8780-RSYYU,25,19.2,532.1,4,Inactive,177.37,Medium Value,No
5537-UXXVS,20,19.25,375.25,4,Inactive,125.08,Low Value,No
1791-PQHBB,2,61.2,125.95,6,At Risk,62.98,Low Value,No
8701-DGLVH,51,20.45,1042.65,5,Inactive,434.44,Medium Value,No
8741-LQOBK,46,35.05,1620.25,6,At Risk,810.12,Medium Value,No
3393-FMZPV,25,100.25,2387.75,10,Champions,1989.79,High Value,Yes
8082-GHXOP,13,44.0,659.35,5,Inactive,274.73,Medium Value,No
6402-ZFPPI,25,102.8,2660.2,10,Champions,2216.83,High Value,Yes
0980-FEXWF,26,50.35,1285.8,6,At Risk,642.9,Medium Value,No
7486-KSRVI,43,100.0,4211.55,11,Champions,3860.59,Premium,Yes
3011-WQKSZ,19,20.0,377.55,4,Inactive,125.85,Low Value,No
8443-WVPSS,10,99.85,990.9,10,Champions,825.75,High Value,Yes
3006-XIMLN,2,94.2,193.8,8,Loyal Customers,129.2,Low Value,Yes
8218-FFJDS,72,86.4,6058.95,11,Champions,5554.04,Premium,No
1986-PHGZF,18,58.4,964.9,7,At Risk,562.86,Medium Value,No
9965-YOKZB,9,83.85,790.15,7,At Risk,460.92,Medium Value,Yes
0504-HHAPI,27,88.3,2467.75,8,Loyal Customers,1645.17,High Value,Yes
9360-OMDZZ,24,94.1,2322.85,9,Loyal Customers,1742.14,High Value,No
6305-YLBMM,69,104.05,7262.0,12,Champions,7262.0,Premium,Yes
0345-XMMUG,46,108.9,4854.3,11,Champions,4449.77,Premium,No
8024-XNAFQ,72,107.4,7748.75,12,Champions,7748.75,Premium,No
3647-GMGDH,22,94.7,1914.9,9,Loyal Customers,1436.18,High Value,Yes
2988-GBIVW,70,90.85,6470.1,11,Champions,5930.92,Premium,No
2832-SCUCO,2,19.9,57.4,3,Inactive,14.35,Low Value,No
7036-ZZKBD,31,66.4,2019.8,8,Loyal Customers,1346.53,High Value,No
3791-LGQCY,56,100.65,5688.05,12,Champions,5688.05,Premium,Yes
0265-PSUAE,16,100.7,1522.7,10,Champions,1268.92,High Value,No
0463-TXOAK,52,25.6,1334.5,6,At Risk,667.25,Medium Value,No
0594-UFTUL,13,19.85,252.0,4,Inactive,84.0,Low Value,No
9509-MPYOD,35,20.75,700.45,5,Inactive,291.85,Medium Value,No
9128-CPXKI,59,95.8,5655.45,11,Champions,5184.16,Premium,No
0129-KPTWJ,72,94.65,6747.35,11,Champions,6185.07,Premium,No
8166-ZZTFS,66,80.55,5265.1,11,Champions,4826.34,Premium,Yes
5855-EIBDE,49,106.65,5174.35,11,Champions,4743.15,Premium,No
5365-LLFYV,2,45.85,105.6,4,Inactive,35.2,Low Value,No
5956-YHHRX,21,104.35,2271.85,10,Champions,1893.21,High Value,No
6008-NAIXK,54,55.45,2966.95,8,Loyal Customers,1977.97,High Value,No
2956-GGUCQ,24,78.85,1772.25,8,Loyal Customers,1181.5,High Value,Yes
1928-BXYIV,1,61.15,61.15,6,At Risk,30.58,Low Value,No
5760-FXFVO,6,78.95,494.95,7,At Risk,288.72,Medium Value,No
6595-COKXZ,1,44.45,44.45,4,Inactive,14.82,Low Value,Yes
0961-ZWLVI,49,109.2,5290.45,11,Champions,4849.58,Premium,No
5181-OABFK,56,61.3,3346.8,9,Loyal Customers,2510.1,High Value,No
4007-NHVHI,56,96.85,5219.65,12,Champions,5219.65,Premium,No
7816-VGHTO,6,40.55,217.5,6,At Risk,108.75,Low Value,No
5871-DGTXZ,32,19.8,607.7,5,Inactive,253.21,Medium Value,No
7550-WIQVA,50,108.25,5431.4,11,Champions,4978.78,Premium,No
7544-ZVIKX,58,105.05,6004.85,12,Champions,6004.85,Premium,No
0016-QLJIS,65,90.45,5957.9,12,Champions,5957.9,Premium,No
7508-DQAKK,64,86.4,5442.05,11,Champions,4988.55,Premium,No
5176-OLSKT,66,66.9,4370.25,10,Champions,3641.88,Premium,No
9356-AXGMP,38,110.7,4428.6,11,Champions,4059.55,Premium,No
3556-BVQGL,20,20.0,416.45,4,Inactive,138.82,Low Value,No
0362-ZBZWJ,36,84.9,3067.2,9,Loyal Customers,2300.4,High Value,Yes
8979-CAMGB,64,102.1,6688.1,12,Champions,6688.1,Premium,No
4211-MMAZN,1,20.25,20.25,3,Inactive,5.06,Low Value,Yes
7581-EBBOU,60,70.15,4224.7,10,Champions,3520.58,Premium,No
4274-OWWYO,1,74.35,74.35,6,At Risk,37.17,Low Value,Yes
5073-RZGBK,50,80.05,4042.2,10,Champions,3368.5,Premium,No
1541-ETJZO,1,62.05,62.05,6,At Risk,31.02,Low Value,Yes
2192-CKRLV,72,49.2,3580.95,9,Loyal Customers,2685.71,High Value,No
3154-HMWUU,60,20.5,1198.8,6,At Risk,599.4,Medium Value,No
6119-SPUDB,46,38.25,1755.35,8,Loyal Customers,1170.23,High Value,No
6522-OIQSX,69,54.95,3772.5,9,Loyal Customers,2829.38,High Value,No
7813-ZGGAW,31,96.6,2877.95,11,Champions,2638.12,High Value,No
8748-HFWBO,19,19.9,357.7,4,Inactive,119.23,Low Value,No
1052-QJIBV,71,19.9,1397.3,6,At Risk,698.65,Medium Value,No
1319-YLZJG,12,84.6,959.9,8,Loyal Customers,639.93,Medium Value,No
4106-HADHQ,39,80.0,3182.95,10,Champions,2652.46,High Value,Yes
0723-FDLAY,44,85.25,3704.15,10,Champions,3086.79,Premium,No
3050-RLLXC,56,81.25,4620.4,11,Champions,4235.37,Premium,No
9298-WGMRW,72,115.5,8312.75,12,Champions,8312.75,Premium,No
2369-UAPKZ,5,104.1,541.9,9,Loyal Customers,406.42,Medium Value,Yes
3088-LHEFH,11,79.0,929.3,8,Loyal Customers,619.53,Medium Value,No
2778-OCLGR,24,39.1,971.3,6,At Risk,485.65,Medium Value,Yes
6583-KQJLK,15,94.65,1285.05,9,Loyal Customers,963.79,High Value,No
8544-JNBOX,72,20.8,1521.2,6,At Risk,760.6,Medium Value,No
6681-ZSEXG,56,59.5,3389.25,9,Loyal Customers,2541.94,High Value,No
6139-ZZRBQ,64,20.05,1198.05,6,At Risk,599.02,Medium Value,No
6116-RFVHN,34,100.45,3414.65,11,Champions,3130.1,Premium,No
0637-KVDLV,2,76.5,162.45,6,At Risk,81.22,Low Value,Yes
8884-FEEWR,35,20.6,754.0,5,Inactive,314.17,Medium Value,No
3125-RAHBV,22,20.3,467.15,4,Inactive,155.72,Low Value,No
6633-MPWBS,5,49.2,216.9,5,Inactive,90.38,Low Value,Yes
0373-AIVNJ,9,39.55,373.0,6,At Risk,186.5,Medium Value,No
8785-EPNCG,11,23.15,245.2,5,Inactive,102.17,Low Value,Yes
1682-VCOIO,23,20.45,481.1,4,Inactive,160.37,Low Value,No
5729-KLZAR,4,80.85,302.75,6,At Risk,151.38,Low Value,Yes
2072-ZVJJX,68,25.25,1728.2,7,At Risk,1008.12,High Value,No
8849-AYPTR,33,91.25,2964.05,10,Champions,2470.04,High Value,No
9518-IMLHK,31,72.45,2156.25,10,Champions,1796.88,High Value,No
1582-RAFML,1,60.1,60.1,6,At Risk,30.05,Low Value,Yes
3646-ITDGM,56,19.7,1051.9,6,At Risk,525.95,Medium Value,No
8740-CRYFY,1,78.95,78.95,6,At Risk,39.48,Low Value,Yes
3569-VLDHH,66,75.1,5013.0,11,Champions,4595.25,Premium,No
8224-KDLKN,72,25.0,1738.9,7,At Risk,1014.36,High Value,No
7594-LZNWR,34,69.15,2275.1,6,At Risk,1137.55,High Value,No
4001-TSBTV,58,91.55,5511.65,11,Champions,5052.35,Premium,No
2962-XPMCQ,2,45.15,98.5,4,Inactive,32.83,Low Value,Yes
8727-XDPUD,37,35.8,1316.9,6,At Risk,658.45,Medium Value,No
1043-UXOVO,71,113.15,7993.3,12,Champions,7993.3,Premium,No
1064-FBXNK,1,19.85,19.85,3,Inactive,4.96,Low Value,No
3996-ZNWYK,71,19.8,1388.45,6,At Risk,694.22,Medium Value,No
2878-DHMIN,35,19.9,666.0,5,Inactive,277.5,Medium Value,No
7762-ONLJY,6,19.7,94.45,3,Inactive,23.61,Low Value,No
1678-FYZOW,3,79.4,244.65,6,At Risk,122.32,Low Value,Yes
5795-BKOYE,69,59.1,4134.7,9,Loyal Customers,3101.02,Premium,No
8627-EHGIP,44,53.95,2375.4,8,Loyal Customers,1583.6,High Value,Yes
7402-PWYJJ,53,91.15,4862.5,10,Champions,4052.08,Premium,No
5480-TBGPH,24,99.3,2431.35,10,Champions,2026.12,High Value,Yes
0018-NYROU,5,68.95,351.5,4,Inactive,117.17,Low Value,No
7501-VTYLJ,2,51.55,106.2,5,Inactive,44.25,Low Value,No
7608-RGIRO,62,24.4,1413.0,7,At Risk,824.25,High Value,No
0480-BIXDE,19,96.8,1743.05,9,Loyal Customers,1307.29,High Value,No
5895-QSXOD,9,70.05,657.5,4,Inactive,219.17,Medium Value,No
9814-AOUDH,53,19.5,1050.5,5,Inactive,437.71,Medium Value,No
6175-IRFIT,5,78.75,426.35,6,At Risk,213.18,Medium Value,No
8760-ZRHKE,71,69.2,4982.5,10,Champions,4152.08,Premium,No
1622-HSHSF,1,19.55,19.55,3,Inactive,4.89,Low Value,No
8854-CCVSQ,18,80.65,1451.9,8,Loyal Customers,967.93,High Value,Yes
6749-UTDVX,72,103.65,7634.8,12,Champions,7634.8,Premium,No
5542-DHSXL,4,54.7,235.05,6,At Risk,117.52,Low Value,No
9102-OXKFY,59,54.15,3116.15,9,Loyal Customers,2337.11,High Value,No
0511-JTEOY,1,71.1,71.1,5,Inactive,29.62,Low Value,Yes
5216-WASFJ,31,84.85,2633.4,9,Loyal Customers,1975.05,High Value,No
7808-DVWEP,3,20.0,49.65,3,Inactive,12.41,Low Value,No
7067-KSAZT,65,106.25,6979.8,12,Champions,6979.8,Premium,Yes
2284-VFLKH,49,99.25,4920.8,11,Champions,4510.73,Premium,No
0366-NQSHS,2,19.35,46.35,3,Inactive,11.59,Low Value,No
6532-YLWSI,53,20.8,1021.8,5,Inactive,425.75,Medium Value,Yes
3807-BPOMJ,55,94.75,5276.1,10,Champions,4396.75,Premium,No
3892-NXAZG,72,114.05,8289.2,12,Champions,8289.2,Premium,No
4948-WBBKL,36,74.9,2659.45,8,Loyal Customers,1772.97,High Value,No
4182-BGSIQ,10,19.8,196.75,4,Inactive,65.58,Low Value,No
9300-AGZNL,1,94.0,94.0,8,Loyal Customers,62.67,Low Value,Yes
0988-AADSA,72,80.85,5824.75,11,Champions,5339.35,Premium,No
9972-NKTFD,28,54.65,1517.5,7,At Risk,885.21,High Value,No
3717-LNXKW,38,91.7,3479.05,10,Champions,2899.21,High Value,No
5734-EJKXG,61,118.6,7365.7,12,Champions,7365.7,Premium,No
2207-RYYRL,52,24.55,1331.05,6,At Risk,665.52,Medium Value,No
6729-FZWSY,67,19.45,1195.95,6,At Risk,597.98,Medium Value,No
9695-IDRZR,34,116.15,3946.9,11,Champions,3617.99,Premium,No
8144-DGHXP,54,80.6,4299.95,10,Champions,3583.29,Premium,No
7814-LEEVE,1,20.3,20.3,3,Inactive,5.08,Low Value,No
1112-CUNAO,15,89.85,1424.95,8,Loyal Customers,949.97,High Value,Yes
5175-AOBHI,4,46.0,193.6,4,Inactive,64.53,Low Value,Yes
5174-RNGBH,9,66.25,620.55,6,At Risk,310.27,Medium Value,Yes
8631-WUXGY,46,99.8,4391.25,11,Champions,4025.31,Premium,No
7270-BDIOA,22,90.0,1993.8,9,Loyal Customers,1495.35,High Value,Yes
9565-JSNFM,38,70.45,2597.6,7,At Risk,1515.27,High Value,Yes
5906-DVAPM,55,75.0,4213.9,10,Champions,3511.58,Premium,No
6654-QGBZZ,1,19.9,19.9,3,Inactive,4.97,Low Value,No
8348-JLBUG,64,80.3,5017.7,10,Champions,4181.42,Premium,No
0607-DAAHE,53,19.75,1052.35,5,Inactive,438.48,Medium Value,Yes
5641-DMBFJ,58,84.3,4916.4,11,Champions,4506.7,Premium,No
9200-NLNPD,56,54.05,2959.8,9,Loyal Customers,2219.85,High Value,No
2664-XJZNO,72,104.9,7559.55,12,Champions,7559.55,Premium,No
9732-KPKBW,1,53.95,53.95,6,At Risk,26.98,Low Value,Yes
3339-EAQNV,72,97.25,7133.1,12,Champions,7133.1,Premium,No
0921-OHLVP,22,83.05,1799.3,8,Loyal Customers,1199.53,High Value,No
3389-YGYAI,8,105.5,829.55,9,Loyal Customers,622.16,Medium Value,Yes
9560-ARGQJ,16,81.0,1312.15,7,At Risk,765.42,Medium Value,Yes
8350-NYMVI,39,41.1,1597.05,8,Loyal Customers,1064.7,High Value,No
1600-DILPE,12,45.0,524.35,5,Inactive,218.48,Medium Value,No
0536-ESJEP,54,74.55,4191.45,10,Champions,3492.88,Premium,No
4654-GGUII,18,40.2,711.95,7,At Risk,415.3,Medium Value,No
6478-HRRCZ,32,70.5,2201.75,10,Champions,1834.79,High Value,No
8510-BBWMU,41,19.75,806.95,5,Inactive,336.23,Medium Value,No
6857-TKDJV,67,24.65,1620.45,7,At Risk,945.26,High Value,No
2360-RDGRO,65,104.25,6812.95,12,Champions,6812.95,Premium,No
0584-BJQGZ,25,78.35,1837.9,9,Loyal Customers,1378.43,High Value,No
5134-IKDAY,1,69.8,69.8,4,Inactive,23.27,Low Value,Yes
1360-XFJMR,67,109.7,7344.45,12,Champions,7344.45,Premium,No
3070-DVEYC,7,73.75,545.15,6,At Risk,272.58,Medium Value,Yes
5730-RIITO,43,33.45,1500.25,6,At Risk,750.12,Medium Value,No
9058-MJLZC,24,94.6,2283.15,9,Loyal Customers,1712.36,High Value,No
5707-ORNDZ,9,54.55,494.05,6,At Risk,247.02,Medium Value,Yes
0902-XKXPN,69,20.2,1376.5,6,At Risk,688.25,Medium Value,No
5177-RVZNU,37,20.3,755.4,5,Inactive,314.75,Medium Value,No
0056-EPFBG,20,39.4,825.4,7,At Risk,481.48,Medium Value,No
8993-IZEUX,7,69.15,488.65,4,Inactive,162.88,Medium Value,No
8696-JKZNU,37,76.25,2841.55,8,Loyal Customers,1894.37,High Value,Yes
5380-AFSSK,5,93.9,486.85,8,Loyal Customers,324.57,Medium Value,Yes
8190-ZTQFB,41,51.35,2075.1,8,Loyal Customers,1383.4,High Value,No
0931-MHTEM,54,100.05,5299.65,11,Champions,4858.01,Premium,No
2055-PDADH,3,70.4,204.7,5,Inactive,85.29,Low Value,Yes
7515-LODFU,69,20.3,1356.3,6,At Risk,678.15,Medium Value,No
0440-UEDAI,53,94.45,5042.75,11,Champions,4622.52,Premium,No
1337-BOZWO,18,46.4,812.4,7,At Risk,473.9,Medium Value,No
0868-VJRDR,64,104.05,6605.55,12,Champions,6605.55,Premium,No
8714-EUHJO,31,91.15,2995.45,10,Champions,2496.21,High Value,Yes
6344-SFJVH,20,24.9,505.95,4,Inactive,168.65,Medium Value,No
3950-VPYJB,57,59.6,3509.4,9,Loyal Customers,2632.05,High Value,No
8041-TMEID,63,108.5,6991.9,12,Champions,6991.9,Premium,No
7321-ZNSLA,13,40.55,590.35,7,At Risk,344.37,Medium Value,No
6941-KXRRV,48,58.95,2789.7,8,Loyal Customers,1859.8,High Value,No
3721-CNEYS,2,70.95,137.95,5,Inactive,57.48,Low Value,Yes
8727-JQFHV,57,20.75,1123.15,6,At Risk,561.58,Medium Value,No
9475-NNDGC,71,113.15,7953.25,12,Champions,7953.25,Premium,No
1355-KUSBG,7,48.8,349.8,5,Inactive,145.75,Low Value,No
3688-FTHLT,16,63.05,1067.05,7,At Risk,622.45,Medium Value,No
0899-LIIBW,34,100.85,3527.3,11,Champions,3233.36,Premium,No
2568-OIADY,37,99.5,3762.0,11,Champions,3448.5,Premium,Yes
1384-RCUXW,16,80.55,1248.9,8,Loyal Customers,832.6,High Value,No
5825-XJOCM,48,64.4,3035.35,9,Loyal Customers,2276.51,High Value,No
6848-YLDFR,58,75.2,4300.8,11,Champions,3942.4,Premium,No
8125-QPFJD,72,84.9,6065.3,11,Champions,5559.86,Premium,No
2320-YKQBO,7,19.3,144.95,3,Inactive,36.24,Low Value,No
1193-RTSLK,38,83.9,3233.6,9,Loyal Customers,2425.2,High Value,Yes
2302-ANTDP,48,117.45,5438.9,11,Champions,4985.66,Premium,Yes
5923-GXUOC,10,104.4,1081.45,10,Champions,901.21,High Value,Yes
4973-RLZVI,30,74.65,2308.6,10,Champions,1923.83,High Value,No
7869-ZYDST,31,59.05,1882.8,8,Loyal Customers,1255.2,High Value,No
4501-UYKBC,46,69.1,3255.35,9,Loyal Customers,2441.51,High Value,No
1215-EXRMO,50,20.55,1067.65,5,Inactive,444.85,Medium Value,No
2305-MRGLV,28,76.55,2065.4,7,At Risk,1204.82,High Value,No
8404-VIOMB,66,62.5,4136.4,10,Champions,3447.0,Premium,No
5233-GEEAX,8,29.4,221.9,3,Inactive,55.48,Low Value,Yes
2359-KLTEK,41,94.9,3848.0,10,Champions,3206.67,Premium,No
5304-EFJLP,72,111.65,8022.85,12,Champions,8022.85,Premium,No
2673-ZALNP,7,19.9,173.15,3,Inactive,43.29,Low Value,No
9184-GALIL,38,20.45,781.25,5,Inactive,325.52,Medium Value,No
4393-RYCRE,44,106.05,4510.8,11,Champions,4134.9,Premium,No
9746-MDMBK,47,113.45,5317.8,11,Champions,4874.65,Premium,No
3162-ZJZFU,53,92.55,4779.45,10,Champions,3982.88,Premium,No
8404-GFGCZ,4,65.6,250.1,6,At Risk,125.05,Low Value,No
8875-AKBYH,20,84.35,1745.2,8,Loyal Customers,1163.47,High Value,No
4432-ADRLB,2,44.65,74.9,4,Inactive,24.97,Low Value,Yes
0533-UCAAU,57,71.1,4140.1,11,Champions,3795.09,Premium,No
1394-SUIUH,44,85.15,3670.5,9,Loyal Customers,2752.88,High Value,No
3521-MNKLV,24,49.7,1167.8,6,At Risk,583.9,Medium Value,No
2533-TIBIX,15,30.2,469.65,4,Inactive,156.55,Low Value,No
8993-PHFWD,3,25.25,58.9,3,Inactive,14.72,Low Value,Yes
1565-RHDJD,4,84.05,333.55,7,At Risk,194.57,Medium Value,Yes
7137-RYLPP,37,85.7,3171.15,9,Loyal Customers,2378.36,High Value,Yes
3765-JXVKY,1,74.7,74.7,6,At Risk,37.35,Low Value,Yes
5092-STPKP,24,56.35,1381.2,7,At Risk,805.7,Medium Value,No
7330-WZLNC,5,90.8,455.5,8,Loyal Customers,303.67,Medium Value,Yes
0114-PEGZZ,33,107.55,3645.5,11,Champions,3341.71,Premium,No
3359-DSRKA,58,19.85,1158.85,6,At Risk,579.42,Medium Value,No
8639-NHQEI,72,95.9,6954.15,12,Champions,6954.15,Premium,No
7161-DFHUF,71,23.85,1672.1,7,At Risk,975.39,High Value,No
3957-LXOLK,28,106.15,3152.5,10,Champions,2627.08,High Value,Yes
3720-DBRWL,51,83.85,4307.1,10,Champions,3589.25,Premium,No
6635-MYYYZ,30,85.35,2530.4,10,Champions,2108.67,High Value,Yes
8565-WUXZU,72,84.8,6141.65,10,Champions,5118.04,Premium,No
5281-BUZGT,36,90.85,3186.7,10,Champions,2655.58,High Value,Yes
4994-OBRSZ,14,76.1,1054.8,9,Loyal Customers,791.1,Medium Value,No
0562-FGDCR,72,74.55,5430.65,11,Champions,4978.1,Premium,No
2436-QBZFP,22,39.2,849.9,6,At Risk,424.95,Medium Value,No
3420-YJLQT,2,79.55,151.75,7,At Risk,88.52,Low Value,No
6040-CGACY,15,19.6,299.4,4,Inactive,99.8,Low Value,No
6582-PLFUU,51,19.55,1086.75,5,Inactive,452.81,Medium Value,No
8242-PDSGJ,70,39.15,2692.75,9,Loyal Customers,2019.56,High Value,No
0264-CNITK,71,20.1,1389.6,6,At Risk,694.8,Medium Value,No
0089-IIQKO,39,99.95,3767.4,11,Champions,3453.45,Premium,No
7839-NUIAA,61,59.8,3641.5,9,Loyal Customers,2731.12,High Value,No
6075-QMNRR,52,49.75,2535.55,7,At Risk,1479.07,High Value,No
5378-IKEEG,1,35.75,35.75,4,Inactive,11.92,Low Value,Yes
5966-EMAZU,64,108.5,6880.85,12,Champions,6880.85,Premium,No
0440-EKDCF,62,60.15,3753.2,9,Loyal Customers,2814.9,High Value,No
4774-HHGGS,30,19.05,637.55,5,Inactive,265.65,Medium Value,No
2718-GAXQD,4,46.0,181.6,4,Inactive,60.53,Low Value,Yes
2055-BFOCC,63,84.0,5329.55,11,Champions,4885.42,Premium,No
8180-AKMJV,1,44.55,44.55,4,Inactive,14.85,Low Value,No
4298-OYIFC,15,103.45,1539.8,10,Champions,1283.17,High Value,No
5566-SOEZD,27,80.65,2209.75,8,Loyal Customers,1473.17,High Value,No
9842-EFSYY,4,57.2,223.75,7,At Risk,130.52,Low Value,No
2272-WUSPA,72,110.75,7751.7,12,Champions,7751.7,Premium,No
4584-LBNMK,45,24.7,1174.35,6,At Risk,587.17,Medium Value,No
3898-GUYTS,45,97.05,4385.05,11,Champions,4019.63,Premium,No
0930-EHUZA,36,76.35,2606.35,10,Champions,2171.96,High Value,No
6413-XKKPU,17,89.4,1539.45,8,Loyal Customers,1026.3,High Value,Yes
9975-SKRNR,1,18.9,18.9,3,Inactive,4.72,Low Value,No
3703-KBKZP,16,74.45,1261.35,7,At Risk,735.79,Medium Value,No
1449-XQEMT,3,19.8,58.15,3,Inactive,14.54,Low Value,Yes
2626-URJFX,4,50.9,225.6,5,Inactive,94.0,Low Value,Yes
4973-MGTON,71,84.4,5969.3,11,Champions,5471.86,Premium,No
3682-YEUWS,10,24.4,253.9,5,Inactive,105.79,Low Value,No
1223-UNPKS,20,20.05,400.0,4,Inactive,133.33,Low Value,No
2612-RRIDN,4,81.0,340.85,6,At Risk,170.42,Medium Value,Yes
4735-ASGMA,26,98.35,2515.3,10,Champions,2096.08,High Value,Yes
3446-QDSZF,4,55.5,227.35,5,Inactive,94.73,Low Value,No
3669-LVWZB,5,51.0,305.95,6,At Risk,152.98,Low Value,Yes
6892-EZDTG,4,91.65,365.4,8,Loyal Customers,243.6,Medium Value,Yes
5117-IFGPS,29,84.3,2357.75,8,Loyal Customers,1571.83,High Value,No
7379-FNIUJ,2,100.2,198.5,9,Loyal Customers,148.88,Low Value,No
1627-AFWVJ,29,19.4,554.25,4,Inactive,184.75,Medium Value,No
9725-SCPZG,1,90.85,90.85,8,Loyal Customers,60.57,Low Value,Yes
5884-GCYMI,1,69.4,69.4,4,Inactive,23.13,Low Value,Yes
3217-FZDMN,8,94.45,742.95,8,Loyal Customers,495.3,Medium Value,Yes
4486-EFAEB,13,20.4,251.65,4,Inactive,83.88,Low Value,No
0060-FUALY,59,94.75,5597.65,12,Champions,5597.65,Premium,No
7853-GVUDZ,1,20.15,20.15,3,Inactive,5.04,Low Value,Yes
7480-QNVZJ,50,95.7,4816.7,10,Champions,4013.92,Premium,Yes
6954-OOYZZ,18,44.35,768.05,5,Inactive,320.02,Medium Value,No
7088-FBAWU,17,74.55,1215.8,9,Loyal Customers,911.85,High Value,No
8313-AFGBW,47,73.6,3522.65,10,Champions,2935.54,High Value,No
3943-KDREE,26,74.95,1834.95,7,At Risk,1070.39,High Value,Yes
9239-ZBZZV,6,47.95,305.1,6,At Risk,152.55,Low Value,Yes
3097-IDVPU,19,50.1,910.45,6,At Risk,455.22,Medium Value,No
4398-HSCJH,3,63.6,155.65,6,At Risk,77.82,Low Value,Yes
2197-OMWGI,68,53.0,3656.25,9,Loyal Customers,2742.19,High Value,No
2303-PJYHN,2,19.85,52.0,3,Inactive,13.0,Low Value,No
9795-VOWON,7,24.35,150.85,3,Inactive,37.71,Low Value,No
1237-WIYYZ,18,19.55,389.25,4,Inactive,129.75,Low Value,No
1987-AUELQ,71,25.05,1873.7,7,At Risk,1092.99,High Value,No
7852-LECYP,13,93.8,1261.0,10,Champions,1050.83,High Value,No
4430-UZIPO,3,36.85,108.7,5,Inactive,45.29,Low Value,Yes
4822-LPTYJ,72,103.75,7346.2,12,Champions,7346.2,Premium,No
8165-CBKXO,66,56.75,3708.4,9,Loyal Customers,2781.3,High Value,No
6527-PZFPV,24,20.8,469.65,4,Inactive,156.55,Low Value,No
4855-SNKMY,1,44.1,44.1,4,Inactive,14.7,Low Value,Yes
9593-CVZKR,56,24.45,1385.85,7,At Risk,808.41,Medium Value,No
8595-SIZNC,22,25.6,548.8,5,Inactive,228.67,Medium Value,No
8008-HAWED,14,50.75,712.75,7,At Risk,415.77,Medium Value,Yes
7124-UGSUR,61,104.4,6405.0,12,Champions,6405.0,Premium,Yes
1862-SKORY,40,39.3,1637.4,7,At Risk,955.15,High Value,Yes
5236-XMZJY,42,59.65,2536.55,8,Loyal Customers,1691.03,High Value,No
4827-DPADN,72,83.3,6042.7,11,Champions,5539.14,Premium,No
2694-CIUMO,12,79.55,958.25,8,Loyal Customers,638.83,Medium Value,No
5846-ABOBJ,71,24.45,1730.65,7,At Risk,1009.55,High Value,No
1439-LCGVL,26,19.2,459.6,4,Inactive,153.2,Low Value,No
0909-SDHNU,7,29.8,201.95,3,Inactive,50.49,Low Value,No
4647-XXZAM,6,45.5,285.2,4,Inactive,95.07,Low Value,No
1502-XFCVR,58,106.45,6145.85,12,Champions,6145.85,Premium,Yes
7740-KKCXF,51,30.05,1529.45,5,Inactive,637.27,Medium Value,No
5360-XGYAZ,72,65.65,4664.5,10,Champions,3887.08,Premium,No
9692-TUSXH,18,96.05,1740.7,9,Loyal Customers,1305.53,High Value,Yes
7912-SYRQT,7,75.1,552.95,6,At Risk,276.48,Medium Value,Yes
3557-HTYWR,47,74.05,3496.3,10,Champions,2913.58,High Value,No
4816-JBHOV,2,44.7,93.7,4,Inactive,31.23,Low Value,Yes
8920-NAVAY,62,110.75,7053.35,12,Champions,7053.35,Premium,No
1699-TLDLZ,16,19.7,301.55,4,Inactive,100.52,Low Value,No
5600-PDUJF,6,49.5,312.7,5,Inactive,130.29,Low Value,No
8292-TYSPY,19,55.0,1046.5,7,At Risk,610.46,Medium Value,Yes
0567-XRHCU,69,43.95,2960.1,9,Loyal Customers,2220.07,High Value,No
1867-BDVFH,11,74.35,834.2,7,At Risk,486.62,Medium Value,Yes
2067-QYTCF,64,111.15,6953.4,12,Champions,6953.4,Premium,No
2359-QWQUL,39,104.7,4134.85,11,Champions,3790.28,Premium,Yes
9103-TCIHJ,15,55.7,899.8,7,At Risk,524.88,Medium Value,Yes
7407-SUJIZ,25,20.6,541.5,4,Inactive,180.5,Medium Value,No
9150-KPBJQ,6,19.65,116.85,3,Inactive,29.21,Low Value,No
0052-DCKON,66,115.8,7942.15,12,Champions,7942.15,Premium,No
3654-ARMGP,61,88.65,5321.25,11,Champions,4877.81,Premium,No
9699-UBQFS,43,94.5,4156.8,11,Champions,3810.4,Premium,No
9367-TCUYN,12,20.1,223.6,4,Inactive,74.53,Low Value,No
1261-FWTTE,23,34.65,768.45,4,Inactive,256.15,Medium Value,No
3528-HFRIQ,71,52.3,3765.05,9,Loyal Customers,2823.79,High Value,No
0708-SJDIS,34,65.0,2157.5,8,Loyal Customers,1438.33,High Value,No
4140-WJAWW,5,19.85,108.05,3,Inactive,27.01,Low Value,Yes
2073-QBVBI,41,35.45,1391.65,6,At Risk,695.82,Medium Value,No
6928-ONTRW,72,19.7,1379.8,6,At Risk,689.9,Medium Value,No
3320-VEOYC,14,95.6,1273.3,9,Loyal Customers,954.97,High Value,No
5231-FIQPA,41,19.85,810.45,5,Inactive,337.69,Medium Value,No
6617-WLBQC,23,81.85,1810.85,8,Loyal Customers,1207.23,High Value,No
2599-CIPQE,71,109.3,7782.85,12,Champions,7782.85,Premium,No
6653-CBBOM,1,70.3,70.3,4,Inactive,23.43,Low Value,Yes
8774-GSBUN,72,25.4,1797.1,7,At Risk,1048.31,High Value,No
7326-RIGQZ,6,69.8,377.85,4,Inactive,125.95,Low Value,No
1401-FTHFQ,23,20.0,445.3,4,Inactive,148.43,Low Value,No
3247-ZVOUO,10,85.55,851.75,8,Loyal Customers,567.83,Medium Value,Yes
0254-FNMCI,72,109.9,7624.2,12,Champions,7624.2,Premium,No
1848-LBZHY,7,50.3,355.1,5,Inactive,147.96,Low Value,No
6101-IMRMM,6,94.5,575.45,8,Loyal Customers,383.63,Medium Value,Yes
8118-TJAFG,9,101.5,906.85,9,Loyal Customers,680.14,Medium Value,No
5429-LWCMV,12,89.15,1057.55,8,Loyal Customers,705.03,Medium Value,No
7298-IZWLY,1,19.4,19.4,3,Inactive,4.85,Low Value,No
9758-MFWGD,48,29.9,1388.75,5,Inactive,578.65,Medium Value,No
3955-JBZZM,20,78.8,1641.3,7,At Risk,957.42,High Value,No
1268-ASBGA,16,85.35,1375.15,8,Loyal Customers,916.77,High Value,Yes
8943-URTMR,2,79.65,152.7,6,At Risk,76.35,Low Value,Yes
4815-TUMEQ,10,19.3,185.2,4,Inactive,61.73,Low Value,No
4713-LZDRV,2,79.6,195.05,6,At Risk,97.52,Low Value,Yes
9909-IDLEK,20,96.8,1826.7,10,Champions,1522.25,High Value,No
4092-OFQZS,20,20.65,417.5,4,Inactive,139.17,Low Value,No
1561-BWHIN,19,19.8,344.5,4,Inactive,114.83,Low Value,No
4325-NFSKC,19,90.6,1660.0,9,Loyal Customers,1245.0,High Value,Yes
9927-DSWDF,22,104.6,2180.55,10,Champions,1817.13,High Value,No
9500-LTVBP,35,80.05,2835.9,9,Loyal Customers,2126.93,High Value,No
7252-NTGSS,1,45.15,45.15,4,Inactive,15.05,Low Value,No
8149-AIQCG,39,73.15,2730.85,8,Loyal Customers,1820.57,High Value,No
1360-JYXKQ,54,99.1,5437.1,11,Champions,4984.01,Premium,No
2955-PSXOE,1,20.2,20.2,3,Inactive,5.05,Low Value,Yes
7762-URZQH,66,106.05,6981.35,12,Champions,6981.35,Premium,Yes
0899-WZRSD,56,105.35,5794.45,12,Champions,5794.45,Premium,No
3255-GRXMG,18,45.65,747.2,5,Inactive,311.33,Medium Value,No
4828-FAZPK,16,79.95,1267.95,8,Loyal Customers,845.3,High Value,No
6094-ZIVKX,68,54.45,3674.95,9,Loyal Customers,2756.21,High Value,No
6925-BAYGL,53,25.1,1275.6,6,At Risk,637.8,Medium Value,No
3262-EIDHV,72,84.7,5893.9,11,Champions,5402.74,Premium,No
7354-OIJLX,9,75.85,724.65,6,At Risk,362.32,Medium Value,No
1376-HHBDV,30,48.8,1536.75,7,At Risk,896.44,High Value,No
6907-NZZIJ,36,99.15,3615.6,11,Champions,3314.3,Premium,Yes
6133-OZILE,18,35.2,607.3,5,Inactive,253.04,Medium Value,No
4135-FRWKJ,55,76.25,4154.55,10,Champions,3462.13,Premium,No
2911-UREFD,39,55.9,2184.35,8,Loyal Customers,1456.23,High Value,Yes
3744-ZRRDZ,21,82.35,1852.85,8,Loyal Customers,1235.23,High Value,Yes
5673-TIYIB,2,40.4,77.15,6,At Risk,38.58,Low Value,Yes
6551-ZCOTS,33,24.9,847.8,6,At Risk,423.9,Medium Value,No
7191-ADRGF,44,54.3,2390.45,8,Loyal Customers,1593.63,High Value,No
5018-LXQQG,30,66.3,1923.5,8,Loyal Customers,1282.33,High Value,No
6892-BOGQE,71,20.9,1493.2,6,At Risk,746.6,Medium Value,No
1602-IJQQE,4,75.35,338.1,6,At Risk,169.05,Medium Value,Yes
4628-WQCQQ,35,85.15,3030.6,9,Loyal Customers,2272.95,High Value,Yes
1746-TGTWV,1,75.35,75.35,6,At Risk,37.67,Low Value,No
5995-SNNEW,23,104.45,2184.85,10,Champions,1820.71,High Value,No
8050-WYBND,22,49.45,1031.4,7,At Risk,601.65,Medium Value,No
2821-WARNZ,49,19.45,921.3,5,Inactive,383.88,Medium Value,No
4879-GZLFH,42,92.15,3875.4,10,Champions,3229.5,Premium,No
1644-IRKSF,33,93.8,3124.5,10,Champions,2603.75,High Value,Yes
8314-HTWVE,7,19.85,144.15,3,Inactive,36.04,Low Value,No
9402-ROUMJ,67,100.25,6689.0,12,Champions,6689.0,Premium,No
2507-QZPQS,15,95.7,1451.1,10,Champions,1209.25,High Value,No
7159-NOKYQ,67,93.15,6368.2,12,Champions,6368.2,Premium,No
5707-ZMDJP,53,69.7,3729.6,9,Loyal Customers,2797.2,High Value,No
8779-YIQQA,21,19.8,350.1,4,Inactive,116.7,Low Value,No
7136-IHZJA,40,71.35,2847.2,10,Champions,2372.67,High Value,No
8966-OIQHG,22,20.75,452.35,4,Inactive,150.78,Low Value,No
7074-STDCN,39,40.6,1494.5,7,At Risk,871.79,High Value,No
3705-PSNGL,45,20.4,930.45,5,Inactive,387.69,Medium Value,Yes
8739-QOTTN,2,20.35,41.85,3,Inactive,10.46,Low Value,No
1399-OUPJN,57,19.75,1272.05,6,At Risk,636.02,Medium Value,No
0277-BKSQP,8,54.4,475.1,5,Inactive,197.96,Medium Value,No
6502-HCJTI,7,94.7,673.1,9,Loyal Customers,504.83,Medium Value,Yes
2606-RMDHZ,6,30.5,208.7,3,Inactive,52.18,Low Value,Yes
5774-XZTQC,7,20.45,150.75,3,Inactive,37.69,Low Value,No
2676-SSLTO,49,66.15,3199.0,8,Loyal Customers,2132.67,High Value,No
6266-QHOJZ,65,89.85,5844.65,11,Champions,5357.6,Premium,No
7269-JISCY,55,45.05,2462.6,6,At Risk,1231.3,High Value,No
0363-SVHYR,71,86.85,6263.8,11,Champions,5741.82,Premium,No
8547-NSBBO,35,96.75,3403.4,11,Champions,3119.78,Premium,No
8258-GSTJK,3,77.0,237.75,6,At Risk,118.88,Low Value,Yes
6861-OKBCE,11,20.1,221.35,4,Inactive,73.78,Low Value,Yes
9940-RHLFB,1,75.3,75.3,6,At Risk,37.65,Low Value,Yes
6591-QGOYB,17,106.65,1672.1,10,Champions,1393.42,High Value,No
9070-BCKQP,72,110.15,7881.2,12,Champions,7881.2,Premium,No
6421-SZVEM,28,82.85,2320.8,8,Loyal Customers,1547.2,High Value,No
1328-EUZHC,18,20.1,370.5,4,Inactive,123.5,Low Value,No
2995-UPRYS,40,99.2,4062.2,11,Champions,3723.68,Premium,Yes
8878-RYUKI,52,59.45,3043.7,8,Loyal Customers,2029.13,High Value,No
9633-DENPU,47,58.6,2723.4,8,Loyal Customers,1815.6,High Value,No
7811-JIVPF,23,49.7,1081.25,6,At Risk,540.62,Medium Value,No
7113-HIPFI,66,65.85,4097.05,10,Champions,3414.21,Premium,No
8541-QVFKM,8,73.5,632.2,6,At Risk,316.1,Medium Value,No
6686-YPGHK,47,85.5,4042.3,9,Loyal Customers,3031.73,Premium,Yes
1383-EZRWL,7,20.05,164.85,3,Inactive,41.21,Low Value,Yes
9258-CNWAC,71,113.65,8166.8,12,Champions,8166.8,Premium,No
5371-VYLSX,50,83.4,4113.7,9,Loyal Customers,3085.27,Premium,No
6374-AFWOX,46,65.65,3047.15,9,Loyal Customers,2285.36,High Value,No
4759-TRPLW,1,70.4,70.4,5,Inactive,29.33,Low Value,Yes
5317-FLPJF,66,61.35,4193.4,10,Champions,3494.5,Premium,No
7621-VPNET,42,85.9,3729.75,9,Loyal Customers,2797.31,High Value,No
6034-YMTOB,5,75.65,399.45,6,At Risk,199.72,Medium Value,No
8563-IIOXK,7,49.75,331.3,5,Inactive,138.04,Low Value,Yes
4903-CNOZC,29,70.9,1964.6,9,Loyal Customers,1473.45,High Value,No
4353-HYOJD,27,49.85,1336.15,6,At Risk,668.08,Medium Value,No
8020-BWHYL,15,75.3,1147.45,7,At Risk,669.35,Medium Value,Yes
7267-FRMJW,25,20.1,486.05,4,Inactive,162.02,Medium Value,No
2982-VPSGI,11,94.0,1078.9,9,Loyal Customers,809.18,Medium Value,Yes
4188-FRABG,57,103.05,5925.75,12,Champions,5925.75,Premium,No
8199-ZLLSA,67,118.35,7804.15,12,Champions,7804.15,Premium,Yes
4128-ETESU,47,99.7,4747.2,11,Champions,4351.6,Premium,No
0620-DLSLK,13,81.9,1028.9,7,At Risk,600.19,Medium Value,No
4625-EWPTF,8,30.45,226.45,3,Inactive,56.61,Low Value,Yes
5980-NOPLP,44,96.1,4364.1,10,Champions,3636.75,Premium,Yes
3850-OKINF,71,66.2,4692.55,9,Loyal Customers,3519.41,Premium,No
6892-XPFPU,24,104.25,2433.9,10,Champions,2028.25,High Value,Yes
8010-EZLOU,15,80.2,1217.25,8,Loyal Customers,811.5,High Value,Yes
1156-ZFYDO,1,19.75,19.75,3,Inactive,4.94,Low Value,No
3295-YVUSR,2,72.6,154.3,6,At Risk,77.15,Low Value,No
8016-NCFVO,55,116.5,6382.55,11,Champions,5850.67,Premium,No
4119-ZYPZY,71,106.8,7623.2,12,Champions,7623.2,Premium,No
5549-ZGHFB,50,24.95,1261.45,6,At Risk,630.72,Medium Value,No
7577-SWIFR,1,89.25,89.25,7,At Risk,52.06,Low Value,No
0303-WMMRN,5,19.25,86.05,3,Inactive,21.51,Low Value,No
6408-OTUBZ,66,104.55,6779.05,12,Champions,6779.05,Premium,No
5204-HMGYF,49,87.2,4345.0,10,Champions,3620.83,Premium,No
1078-TDCRN,3,30.75,82.85,3,Inactive,20.71,Low Value,No
3727-OVPRY,66,25.7,1714.55,7,At Risk,1000.15,High Value,No
3797-FKOGQ,11,86.2,893.2,8,Loyal Customers,595.47,Medium Value,No
7622-NXQZR,28,30.1,810.85,4,Inactive,270.28,Medium Value,No
6196-HBOBZ,65,99.35,6347.55,12,Champions,6347.55,Premium,No
3970-XGJDU,62,19.2,1123.65,6,At Risk,561.83,Medium Value,No
7017-VFULY,2,20.1,43.15,3,Inactive,10.79,Low Value,No
5562-YJQGT,2,20.35,35.1,3,Inactive,8.78,Low Value,No
8807-OPMBM,55,25.65,1388.0,6,At Risk,694.0,Medium Value,No
5439-WIKXB,41,94.55,3851.45,10,Champions,3209.54,Premium,No
9874-QLCLH,17,104.2,1743.5,10,Champions,1452.92,High Value,Yes
8294-UIMBA,30,94.4,2638.1,10,Champions,2198.42,High Value,No
8109-YUOHE,17,56.1,946.95,7,At Risk,552.39,Medium Value,No
5840-NVDCG,16,68.25,1114.85,8,Loyal Customers,743.23,Medium Value,No
8092-NLTGF,72,24.75,1777.6,7,At Risk,1036.93,High Value,No
5928-QLDHB,9,76.25,684.85,6,At Risk,342.42,Medium Value,No
9840-EFJQB,1,74.35,74.35,6,At Risk,37.17,Low Value,No
0696-UKTOX,23,54.15,1312.45,7,At Risk,765.6,Medium Value,No
4801-KFYKL,8,19.45,159.2,3,Inactive,39.8,Low Value,No
3472-OAOOR,19,34.95,610.2,5,Inactive,254.25,Medium Value,No
6135-OZQVA,7,53.65,404.35,6,At Risk,202.18,Medium Value,No
8062-YBDOE,1,69.65,69.65,4,Inactive,23.22,Low Value,Yes
2252-JHJGE,61,104.0,6363.45,12,Champions,6363.45,Premium,No
4188-PCPIG,57,70.35,4124.65,10,Champions,3437.21,Premium,No
6000-APYLU,9,80.8,713.1,6,At Risk,356.55,Medium Value,Yes
7105-BENQF,15,64.85,950.75,7,At Risk,554.6,Medium Value,No
7721-DVEKZ,1,19.65,19.65,3,Inactive,4.91,Low Value,No
3566-VVORZ,12,45.9,505.95,5,Inactive,210.81,Medium Value,No
9507-HSMMZ,54,20.0,1149.65,5,Inactive,479.02,Medium Value,No
2480-SQIOB,4,44.8,169.65,4,Inactive,56.55,Low Value,No
0947-IDHRQ,7,80.3,526.7,6,At Risk,263.35,Medium Value,Yes
7813-TKCVO,20,20.35,393.15,4,Inactive,131.05,Low Value,No
0128-MKWSG,26,45.8,1147.0,7,At Risk,669.08,Medium Value,No
3672-YITQD,36,84.1,3021.6,9,Loyal Customers,2266.2,High Value,Yes
4350-ZTLPI,53,108.95,5718.2,11,Champions,5241.68,Premium,No
9048-JVYVF,3,69.35,191.35,6,At Risk,95.68,Low Value,Yes
0361-HJRDX,68,64.35,4539.6,10,Champions,3783.0,Premium,No
5727-MYATE,72,90.8,6397.6,12,Champions,6397.6,Premium,No
3823-KYNQY,12,24.95,280.4,5,Inactive,116.83,Low Value,No
8988-ECPJR,34,79.6,2718.3,9,Loyal Customers,2038.72,High Value,Yes
7570-WELNY,68,84.7,5711.05,10,Champions,4759.21,Premium,No
3021-VLNRJ,50,70.8,3478.15,10,Champions,2898.46,High Value,No
3776-EKTKM,1,36.45,36.45,4,Inactive,12.15,Low Value,Yes
2080-CAZNM,41,104.4,4133.95,11,Champions,3789.45,Premium,No
1028-FFNJK,30,101.5,2917.65,11,Champions,2674.51,High Value,No
6907-FLBER,1,54.3,54.3,6,At Risk,27.15,Low Value,No
3001-UNBTL,29,103.95,2964.8,10,Champions,2470.67,High Value,No
5982-PSMKW,23,91.1,2198.3,10,Champions,1831.92,High Value,No
3507-GASNP,60,19.95,1189.9,6,At Risk,594.95,Medium Value,No
7096-ZNBZI,72,26.45,1914.5,7,At Risk,1116.79,High Value,No
1902-XBTFB,22,89.4,2001.5,8,Loyal Customers,1334.33,High Value,Yes
1676-MQAOA,72,75.1,5336.35,11,Champions,4891.65,Premium,No
0786-IVLAW,66,108.1,7238.6,12,Champions,7238.6,Premium,No
7566-DSRLQ,72,110.15,7998.8,12,Champions,7998.8,Premium,No
0643-OKLRP,47,80.35,3825.85,9,Loyal Customers,2869.39,High Value,Yes
7245-JMTTQ,51,111.5,5703.25,11,Champions,5227.98,Premium,No
6050-IJRHS,70,106.5,7397.0,12,Champions,7397.0,Premium,No
6202-JVYEU,9,19.9,164.6,3,Inactive,41.15,Low Value,No
8591-TKMZH,59,111.1,6555.2,12,Champions,6555.2,Premium,No
0734-OXWBT,3,70.7,225.65,7,At Risk,131.63,Low Value,No
4282-ACRXS,38,24.85,955.75,5,Inactive,398.23,Medium Value,No
0365-TRTPY,37,91.2,3382.3,11,Champions,3100.44,Premium,No
7349-ALMUX,37,65.6,2313.8,9,Loyal Customers,1735.35,High Value,No
9381-NDKME,24,40.65,933.3,6,At Risk,466.65,Medium Value,Yes
6502-KUGLL,14,59.45,780.85,7,At Risk,455.5,Medium Value,No
1841-YSJGV,72,109.95,7852.4,12,Champions,7852.4,Premium,No
2794-XIMMO,53,60.45,3184.25,9,Loyal Customers,2388.19,High Value,Yes
8382-SHQEH,8,84.9,764.95,7,At Risk,446.22,Medium Value,Yes
3511-BFTJW,72,38.5,2763.0,9,Loyal Customers,2072.25,High Value,No
7668-XCFYV,17,92.55,1614.7,9,Loyal Customers,1211.03,High Value,No
2983-ZANRP,2,73.55,145.4,6,At Risk,72.7,Low Value,Yes
7845-URHJN,8,20.15,156.25,3,Inactive,39.06,Low Value,Yes
3034-ZBEQN,48,34.7,1604.5,6,At Risk,802.25,Medium Value,Yes
5018-HEKFO,10,24.5,270.15,5,Inactive,112.56,Low Value,No
3976-NLDEZ,1,20.6,20.6,3,Inactive,5.15,Low Value,No
2282-YGNOR,29,58.0,1734.5,7,At Risk,1011.79,High Value,No
5336-UFNZP,65,107.45,7047.5,12,Champions,7047.5,Premium,No
6854-EXGSF,8,65.5,573.15,7,At Risk,334.34,Medium Value,No
1241-EZFMJ,61,25.45,1538.6,7,At Risk,897.52,High Value,No
9233-PSYHO,45,100.15,4459.8,11,Champions,4088.15,Premium,No
5376-PCKNB,72,104.45,7459.0,12,Champions,7459.0,Premium,No
8044-BGWPI,12,21.15,306.05,4,Inactive,102.02,Low Value,No
4060-LDNLU,7,96.2,639.7,8,Loyal Customers,426.47,Medium Value,No
3589-PPVKW,9,44.4,348.15,4,Inactive,116.05,Low Value,No
8327-LZKAS,43,107.55,4533.9,11,Champions,4156.08,Premium,Yes
5887-IKKYO,58,94.35,5563.65,12,Champions,5563.65,Premium,No
1075-BGWOH,16,98.75,1587.55,10,Champions,1322.96,High Value,Yes
1755-RMCXH,2,20.3,40.25,3,Inactive,10.06,Low Value,No
0302-JOIVN,8,101.15,842.9,9,Loyal Customers,632.17,Medium Value,Yes
3858-XHYJO,40,105.75,4228.55,11,Champions,3876.17,Premium,No
4299-SIMNS,9,81.15,784.45,7,At Risk,457.6,Medium Value,No
7025-IWFHT,41,89.55,3729.75,9,Loyal Customers,2797.31,High Value,No
6261-LHRTG,26,54.75,1406.9,7,At Risk,820.69,High Value,No
7841-FCRQD,33,53.75,1857.3,8,Loyal Customers,1238.2,High Value,No
2056-EVGZL,68,105.75,7322.5,12,Champions,7322.5,Premium,No
8777-MBMTS,65,105.85,6725.5,12,Champions,6725.5,Premium,No
7753-USQYQ,55,64.2,3627.3,8,Loyal Customers,2418.2,High Value,No
5366-IJEQJ,20,88.7,1761.45,8,Loyal Customers,1174.3,High Value,Yes
7661-CPURM,19,87.7,1725.95,8,Loyal Customers,1150.63,High Value,No
6233-HXJMX,45,89.3,4192.15,9,Loyal Customers,3144.11,Premium,No
5902-WBLSE,70,20.15,1411.2,6,At Risk,705.6,Medium Value,No
1981-INRFU,2,79.75,164.5,6,At Risk,82.25,Low Value,Yes
4971-PUYQO,27,94.55,2724.6,9,Loyal Customers,2043.45,High Value,Yes
3239-TPHPZ,12,20.05,264.55,4,Inactive,88.18,Low Value,No
5115-GZDEL,72,67.2,4671.7,10,Champions,3893.08,Premium,No
3338-CVVEH,12,94.55,1173.55,9,Loyal Customers,880.16,High Value,No
8485-GJCDN,5,69.05,318.5,4,Inactive,106.17,Low Value,Yes
2615-YVMYX,71,107.5,7713.55,12,Champions,7713.55,Premium,No
2851-STERV,35,73.0,2471.25,10,Champions,2059.38,High Value,No
4393-GEADV,70,114.75,7842.3,12,Champions,7842.3,Premium,No
8486-AYEQH,31,76.05,2227.8,8,Loyal Customers,1485.2,High Value,No
1527-SXDPN,52,96.25,4990.25,11,Champions,4574.4,Premium,Yes
6029-WTIPC,37,101.1,3744.05,11,Champions,3432.05,Premium,Yes
8634-CILSZ,69,104.7,7220.35,12,Champions,7220.35,Premium,Yes
5419-JKZNQ,30,77.9,2351.45,8,Loyal Customers,1567.63,High Value,No
2495-KZNFB,33,90.65,2989.6,10,Champions,2491.33,High Value,No
1409-PHXTF,54,110.45,6077.75,11,Champions,5571.27,Premium,No
4560-WQAQW,59,68.7,4070.95,10,Champions,3392.46,Premium,No
9591-YVTEB,55,44.85,2479.05,8,Loyal Customers,1652.7,High Value,No
9309-BZGNT,69,29.8,2134.3,6,At Risk,1067.15,High Value,No
4274-DRSQT,66,88.9,6000.1,10,Champions,5000.08,Premium,No
2027-DNKIV,37,58.75,2203.1,8,Loyal Customers,1468.73,High Value,No
8075-GXIUB,9,19.85,183.15,3,Inactive,45.79,Low Value,No
2885-HIJDH,69,86.9,6194.1,11,Champions,5677.92,Premium,No
5424-RLQLC,10,59.65,638.95,7,At Risk,372.72,Medium Value,No
6682-QJDGB,40,55.25,2139.2,8,Loyal Customers,1426.13,High Value,Yes
6507-DTJZV,13,66.4,831.75,7,At Risk,485.19,Medium Value,No
8780-IXSTS,6,90.1,521.3,8,Loyal Customers,347.53,Medium Value,Yes
7673-BQGKU,69,20.15,1337.5,6,At Risk,668.75,Medium Value,No
6723-WSNTY,66,108.1,7181.95,12,Champions,7181.95,Premium,No
9530-EHPOH,11,53.75,608.0,7,At Risk,354.67,Medium Value,Yes
2725-IWWBA,46,56.9,2560.1,8,Loyal Customers,1706.73,High Value,No
0345-HKJVM,6,89.3,577.6,7,At Risk,336.93,Medium Value,Yes
1061-PNTHC,56,109.6,5953.0,12,Champions,5953.0,Premium,No
0394-YONDK,70,25.15,1790.15,7,At Risk,1044.25,High Value,No
6574-MCOEH,33,79.15,2531.4,10,Champions,2109.5,High Value,No
7399-QHBJS,72,66.75,4760.3,10,Champions,3966.92,Premium,No
3049-SOLAY,3,95.2,292.85,8,Loyal Customers,195.23,Medium Value,Yes
0997-YTLNY,19,48.8,953.65,6,At Risk,476.82,Medium Value,No
3317-HRTNN,5,45.7,198.0,5,Inactive,82.5,Low Value,Yes
9479-HYNYL,71,80.7,5705.05,11,Champions,5229.63,Premium,No
3235-ETOOB,8,74.5,609.9,6,At Risk,304.95,Medium Value,Yes
9708-KFDBY,1,20.55,20.55,3,Inactive,5.14,Low Value,No
8058-INTPH,1,79.65,79.65,6,At Risk,39.83,Low Value,Yes
3642-GKTCT,61,115.1,6993.65,12,Champions,6993.65,Premium,No
0774-RMNUW,71,59.7,4122.65,10,Champions,3435.54,Premium,No
1334-PDUKM,68,86.45,5762.95,10,Champions,4802.46,Premium,No
0756-MPZRL,46,33.7,1537.85,6,At Risk,768.92,Medium Value,No
2242-MFOTG,33,80.1,2603.3,9,Loyal Customers,1952.48,High Value,No
2927-CVULT,53,104.05,5566.4,11,Champions,5102.53,Premium,No
2144-BFDSO,50,108.75,5431.9,11,Champions,4979.24,Premium,No
8745-PVESG,57,41.1,2258.25,9,Loyal Customers,1693.69,High Value,No
7647-GYYKX,54,20.35,1092.35,5,Inactive,455.15,Medium Value,No
5647-FXOTP,60,105.9,6401.25,12,Champions,6401.25,Premium,No
5569-OUICF,28,101.3,2812.2,10,Champions,2343.5,High Value,Yes
8821-XNHVZ,1,80.05,80.05,6,At Risk,40.02,Low Value,Yes
2082-OJVTK,29,89.2,2698.35,8,Loyal Customers,1798.9,High Value,Yes
9700-ISPUP,10,65.5,616.9,7,At Risk,359.86,Medium Value,No
9839-ETQOE,43,40.45,1912.85,8,Loyal Customers,1275.23,High Value,No
6078-VESFR,13,70.45,849.1,6,At Risk,424.55,Medium Value,No
9027-TMATR,43,78.8,3460.3,10,Champions,2883.58,High Value,No
5940-NFXKV,19,83.65,1465.75,8,Loyal Customers,977.17,High Value,Yes
1941-HOSAM,1,90.1,90.1,8,Loyal Customers,60.07,Low Value,No
9110-HSGTV,69,82.45,5555.3,11,Champions,5092.36,Premium,No
0704-VCUMB,61,20.25,1278.8,6,At Risk,639.4,Medium Value,No
6171-ZTVYB,43,66.25,2907.35,9,Loyal Customers,2180.51,High Value,No
8053-WWDRO,6,19.5,146.3,3,Inactive,36.58,Low Value,Yes
9564-KCLHR,1,51.25,51.25,5,Inactive,21.35,Low Value,Yes
1935-IMVBB,56,89.7,4952.95,10,Champions,4127.46,Premium,No
2535-PBCGC,70,64.55,4504.9,10,Champions,3754.08,Premium,No
2082-CEFLT,1,45.6,45.6,4,Inactive,15.2,Low Value,Yes
1470-PSXNM,49,93.65,4520.15,11,Champions,4143.47,Premium,No
1213-NGCUN,6,49.65,267.35,5,Inactive,111.4,Low Value,Yes
2498-XLDZR,32,73.6,2316.85,10,Champions,1930.71,High Value,No
9866-OCCKE,72,109.75,8075.35,12,Champions,8075.35,Premium,No
5338-YHWYT,37,61.45,2302.35,8,Loyal Customers,1534.9,High Value,No
7718-UPSKJ,69,106.4,7251.9,12,Champions,7251.9,Premium,No
8731-WBBMB,26,81.9,2078.55,9,Loyal Customers,1558.91,High Value,No
1448-CYWKC,58,105.2,6225.4,12,Champions,6225.4,Premium,No
7901-IIDQV,24,54.6,1242.25,7,At Risk,724.65,Medium Value,No
2690-DVRVK,5,20.55,99.45,3,Inactive,24.86,Low Value,No
5688-KZTSN,15,20.0,288.05,4,Inactive,96.02,Low Value,Yes
1270-XKUCC,30,19.7,599.25,5,Inactive,249.69,Medium Value,No
0334-ZFJSR,55,66.05,3462.1,9,Loyal Customers,2596.57,High Value,No
2894-QOJRX,25,34.0,853.0,4,Inactive,284.33,Medium Value,Yes
5747-PMBSQ,10,92.5,934.1,10,Champions,778.42,Medium Value,Yes
5583-EJXRD,44,54.05,2375.2,9,Loyal Customers,1781.4,High Value,No
4565-EVZMJ,47,58.9,2813.05,8,Loyal Customers,1875.37,High Value,No
3143-JQEGI,13,88.35,1222.8,8,Loyal Customers,815.2,High Value,Yes
6386-SZZKH,49,107.95,5293.2,11,Champions,4852.1,Premium,Yes
3327-YBAKM,64,96.9,6314.35,12,Champions,6314.35,Premium,No
9441-QHEVC,1,19.1,19.1,3,Inactive,4.78,Low Value,No
6705-LNMDD,20,50.0,1003.05,6,At Risk,501.52,Medium Value,No
2580-ASVVY,37,45.4,1593.1,8,Loyal Customers,1062.07,High Value,No
3370-GQEAL,30,85.45,2509.95,9,Loyal Customers,1882.46,High Value,No
5032-USPKF,38,84.1,3187.65,10,Champions,2656.38,High Value,No
2982-IHMFT,1,74.45,74.45,6,At Risk,37.22,Low Value,Yes
3521-SYVOR,37,64.75,2345.2,8,Loyal Customers,1563.47,High Value,Yes
4254-QPEDE,52,66.25,3330.1,9,Loyal Customers,2497.57,High Value,No
6283-GITPX,71,76.9,5522.7,11,Champions,5062.47,Premium,No
9526-JAWYF,26,89.8,2335.3,8,Loyal Customers,1556.87,High Value,Yes
0771-CHWSK,66,74.6,4798.4,11,Champions,4398.53,Premium,No
9788-HNGUT,72,116.95,8594.4,12,Champions,8594.4,Premium,No
9495-REDIY,25,40.65,970.55,6,At Risk,485.28,Medium Value,No
5375-XLDOF,69,114.35,7665.8,12,Champions,7665.8,Premium,No
1172-VIYBP,53,69.7,3686.05,9,Loyal Customers,2764.54,High Value,No
5649-VUKMC,12,95.5,1115.15,9,Loyal Customers,836.36,High Value,Yes
6559-PDZLR,26,98.65,2537.0,10,Champions,2114.17,High Value,No
8992-OBVDG,21,61.65,1393.6,7,At Risk,812.93,High Value,No
4273-MBHYA,1,89.35,89.35,7,At Risk,52.12,Low Value,No
4724-WXVWF,48,95.4,4445.3,11,Champions,4074.86,Premium,No
5701-GUXDC,26,35.4,978.6,5,Inactive,407.75,Medium Value,No
1460-UZPRJ,60,19.95,1258.15,6,At Risk,629.08,Medium Value,No
6082-GLJIX,18,19.25,331.35,4,Inactive,110.45,Low Value,No
5143-EGQFK,10,29.65,291.4,4,Inactive,97.13,Low Value,Yes
4919-IKATY,5,84.5,453.75,7,At Risk,264.69,Medium Value,Yes
2495-TTHBQ,4,20.4,84.75,3,Inactive,21.19,Low Value,No
0485-ZBSLN,65,24.75,1715.1,7,At Risk,1000.48,High Value,No
3810-PJUHR,70,25.35,1715.15,7,At Risk,1000.5,High Value,No
9050-QLROH,18,90.7,1597.25,9,Loyal Customers,1197.94,High Value,Yes
0847-HGRML,62,20.0,1250.1,6,At Risk,625.05,Medium Value,No
8232-CTLKO,66,59.75,3996.8,9,Loyal Customers,2997.6,High Value,No
9227-YBAXE,65,82.5,5215.1,11,Champions,4780.51,Premium,No
6168-WFVVF,3,70.3,235.5,4,Inactive,78.5,Low Value,Yes
9860-LISIZ,34,20.35,673.2,5,Inactive,280.5,Medium Value,No
0112-QAWRZ,16,90.8,1442.2,9,Loyal Customers,1081.65,High Value,No
0877-SDMBN,54,103.95,5639.05,11,Champions,5169.13,Premium,Yes
2786-GCDPI,50,104.95,5222.35,11,Champions,4787.15,Premium,No
4043-MKDTV,71,105.25,7291.75,12,Champions,7291.75,Premium,No
8065-YKXKD,10,74.75,799.65,7,At Risk,466.46,Medium Value,Yes
9637-EIHEQ,1,50.8,50.8,5,Inactive,21.17,Low Value,Yes
9229-RQABD,18,23.75,424.5,5,Inactive,176.88,Medium Value,No
8313-KTIHG,4,61.3,249.4,6,At Risk,124.7,Low Value,No
5320-BRKGK,58,75.8,4415.75,11,Champions,4047.77,Premium,No
6284-KMNUF,56,98.0,5270.6,12,Champions,5270.6,Premium,No
9689-PTNPG,2,80.25,144.55,6,At Risk,72.28,Low Value,Yes
9465-RWMXL,32,78.9,2447.95,9,Loyal Customers,1835.96,High Value,Yes
6229-UOLQL,56,52.0,2884.9,9,Loyal Customers,2163.68,High Value,No
2362-IBOOY,36,84.75,3050.15,9,Loyal Customers,2287.61,High Value,Yes
3137-LUPIX,4,64.4,253.0,6,At Risk,126.5,Low Value,No
0843-WTBXE,53,85.45,4517.25,9,Loyal Customers,3387.94,Premium,Yes
6143-JQKEA,10,45.8,436.2,5,Inactive,181.75,Medium Value,No
8676-OOQEJ,4,30.5,118.4,3,Inactive,29.6,Low Value,No
5515-IDEJJ,1,19.9,19.9,3,Inactive,4.97,Low Value,Yes
9701-CDXHR,51,69.15,3649.6,6,At Risk,1824.8,High Value,No
7450-NWRTR,12,99.45,1200.15,10,Champions,1000.13,High Value,Yes
8124-NZVGJ,6,49.25,255.6,6,At Risk,127.8,Low Value,No
2162-FRZAA,63,39.35,2395.05,9,Loyal Customers,1796.29,High Value,No
5376-DEQCP,1,70.6,70.6,5,Inactive,29.42,Low Value,Yes
5118-MUEYH,48,105.1,5083.55,11,Champions,4659.92,Premium,No
9095-HFAFX,5,81.0,389.6,6,At Risk,194.8,Medium Value,Yes
5627-TVBPP,35,20.1,644.5,5,Inactive,268.54,Medium Value,No
2379-ENZGV,6,84.85,523.5,7,At Risk,305.38,Medium Value,Yes
3936-QQFLL,2,19.75,39.3,3,Inactive,9.82,Low Value,No
2589-AYCRP,50,19.75,989.05,5,Inactive,412.1,Medium Value,No
4067-HLYQI,33,70.4,2406.1,7,At Risk,1403.56,High Value,No
5124-EOGYE,31,20.45,638.55,5,Inactive,266.06,Medium Value,No
5057-RKGLH,9,20.35,191.1,3,Inactive,47.78,Low Value,No
0292-WEGCH,54,86.2,4524.05,10,Champions,3770.04,Premium,No
8910-ICHIU,46,95.65,4664.2,11,Champions,4275.52,Premium,No
4097-YODCF,34,103.8,3470.8,11,Champions,3181.57,Premium,No
9715-WZCLW,71,97.2,6910.3,12,Champions,6910.3,Premium,No
9786-YWNHU,63,63.55,4014.2,10,Champions,3345.17,Premium,No
6407-GSJNL,51,24.95,1288.0,6,At Risk,644.0,Medium Value,No
6005-OBZPH,26,89.15,2277.65,8,Loyal Customers,1518.43,High Value,Yes
4049-ZPALD,64,99.0,6375.8,12,Champions,6375.8,Premium,No
7932-WPTDS,1,24.8,24.8,3,Inactive,6.2,Low Value,Yes
3733-UOCWF,61,85.55,5251.75,10,Champions,4376.46,Premium,No
6833-JMZYP,15,94.0,1505.45,9,Loyal Customers,1129.09,High Value,No
2722-VOJQL,64,105.65,6903.1,12,Champions,6903.1,Premium,Yes
1310-QRITU,18,50.3,913.3,6,At Risk,456.65,Medium Value,No
8961-QDZZJ,57,95.0,5535.8,11,Champions,5074.48,Premium,No
9715-SBVSU,14,61.4,815.55,7,At Risk,475.74,Medium Value,No
8490-BXHEO,18,80.55,1411.65,8,Loyal Customers,941.1,High Value,No
7173-TETGO,72,78.5,5602.25,10,Champions,4668.54,Premium,No
7929-SKFGK,70,114.3,8244.3,12,Champions,8244.3,Premium,No
2300-RQGOI,38,20.05,741.5,5,Inactive,308.96,Medium Value,No
3563-SVYLG,68,62.65,4375.8,10,Champions,3646.5,Premium,No
5228-EXCET,13,80.85,1008.7,7,At Risk,588.41,Medium Value,Yes
6435-VWCCY,65,92.7,5968.4,12,Champions,5968.4,Premium,No
4998-IKFSE,30,100.45,3096.9,11,Champions,2838.82,High Value,No
8630-QSGXK,51,75.2,3901.25,10,Champions,3251.04,Premium,No
2455-USLMV,31,84.75,2613.4,9,Loyal Customers,1960.05,High Value,No
7394-FKDNK,9,89.45,853.1,7,At Risk,497.64,Medium Value,Yes
9488-FVZCC,72,79.5,5661.7,11,Champions,5189.89,Premium,No
6331-LWDTQ,10,72.15,794.25,8,Loyal Customers,529.5,Medium Value,Yes
5995-WWKKG,37,19.8,695.05,5,Inactive,289.6,Medium Value,No
1597-FZREH,2,76.4,160.8,8,Loyal Customers,107.2,Low Value,Yes
7879-CGSFV,55,100.9,5552.05,11,Champions,5089.38,Premium,No
9921-EZKBY,33,95.3,3275.15,11,Champions,3002.22,High Value,No
7432-FFVAR,46,90.95,4236.6,10,Champions,3530.5,Premium,No
7246-ZGQDF,1,54.5,54.5,6,At Risk,27.25,Low Value,No
7000-WCEVQ,20,61.6,1174.35,7,At Risk,685.04,Medium Value,Yes
0727-IWKVK,9,79.9,741.7,7,At Risk,432.66,Medium Value,Yes
5959-BELXA,32,96.15,3019.25,10,Champions,2516.04,High Value,Yes
4456-RHSNB,19,49.6,962.9,6,At Risk,481.45,Medium Value,No
3512-IZIKN,70,65.3,4759.75,10,Champions,3966.46,Premium,Yes
2481-SBOYW,61,25.0,1498.35,7,At Risk,874.04,High Value,No
7109-MFBYV,26,45.45,1233.15,5,Inactive,513.81,Medium Value,No
1833-TCXKK,45,107.75,4882.8,11,Champions,4475.9,Premium,No
1832-PEUTS,62,89.1,5411.65,10,Champions,4509.71,Premium,No
6141-OOXUQ,1,19.65,19.65,3,Inactive,4.91,Low Value,Yes
8660-BUETV,3,44.75,148.05,4,Inactive,49.35,Low Value,No
0580-PIQHM,41,101.6,3930.55,11,Champions,3603.0,Premium,No
5696-CEIQJ,67,103.15,6895.5,12,Champions,6895.5,Premium,No
7503-ZGUZJ,1,84.65,84.65,7,At Risk,49.38,Low Value,Yes
1696-HXOWK,71,95.65,6856.95,12,Champions,6856.95,Premium,No
3026-ATZYV,37,75.1,2658.8,10,Champions,2215.67,High Value,No
4012-YCFAI,60,61.35,3766.2,9,Loyal Customers,2824.65,High Value,No
2506-TNFCO,1,69.55,69.55,4,Inactive,23.18,Low Value,Yes
9970-QBCDA,6,19.7,129.55,3,Inactive,32.39,Low Value,No
8718-PTMEZ,13,31.05,347.25,4,Inactive,115.75,Low Value,Yes
9496-IVVRP,11,51.0,581.7,6,At Risk,290.85,Medium Value,No
2207-OBZNX,7,51.0,354.05,5,Inactive,147.52,Low Value,Yes
2657-VPXTA,10,88.85,929.45,8,Loyal Customers,619.63,Medium Value,No
6551-VLJMV,34,20.05,679.0,5,Inactive,282.92,Medium Value,No
1221-GHZEP,62,65.1,3846.75,9,Loyal Customers,2885.06,High Value,No
9289-LBQVU,64,70.15,4480.7,10,Champions,3733.92,Premium,No
6142-VSJQO,1,44.35,44.35,4,Inactive,14.78,Low Value,Yes
3458-IDMFK,25,20.75,499.4,4,Inactive,166.47,Medium Value,No
6933-FHBZC,26,56.05,1553.2,7,At Risk,906.03,High Value,No
0221-NAUXK,10,19.95,219.5,4,Inactive,73.17,Low Value,No
9770-KXGQU,53,98.6,5311.85,11,Champions,4869.2,Premium,No
6437-UKHMV,7,79.7,586.05,6,At Risk,293.02,Medium Value,Yes
6538-POCHL,33,79.0,2576.8,9,Loyal Customers,1932.6,High Value,No
6726-NNFWD,71,89.45,6435.25,10,Champions,5362.71,Premium,No
3002-WQZWT,29,74.2,1993.25,7,At Risk,1162.73,High Value,No
4277-UDIEF,24,81.0,1923.85,9,Loyal Customers,1442.89,High Value,No
1208-NBVFH,20,49.6,939.8,6,At Risk,469.9,Medium Value,No
4912-PIGUY,1,84.6,84.6,7,At Risk,49.35,Low Value,No
1114-CENIM,54,55.0,3092.65,8,Loyal Customers,2061.77,High Value,Yes
6060-DRTNL,5,84.85,415.55,7,At Risk,242.4,Medium Value,Yes
2725-TTRIQ,72,84.2,5986.55,11,Champions,5487.67,Premium,No
3374-TTZTK,52,106.3,5487.0,11,Champions,5029.75,Premium,No
8990-ZXLSU,9,69.05,651.5,4,Inactive,217.17,Medium Value,No
2275-RBYQS,1,45.4,45.4,4,Inactive,15.13,Low Value,No
8473-VUVJN,1,73.65,73.65,6,At Risk,36.83,Low Value,Yes
6289-CPNLD,33,73.9,2405.05,10,Champions,2004.21,High Value,Yes
5536-SLHPM,55,77.75,4458.15,9,Loyal Customers,3343.61,Premium,Yes
4419-UJMUS,69,99.35,6856.45,12,Champions,6856.45,Premium,No
7794-JASDG,1,50.75,50.75,5,Inactive,21.15,Low Value,No
7609-YBPXG,54,87.1,4735.2,10,Champions,3946.0,Premium,No
5519-TEEUH,33,20.15,682.15,5,Inactive,284.23,Medium Value,No
7856-GANIL,45,98.7,4525.8,11,Champions,4148.65,Premium,No
0804-XBFBV,11,25.2,321.05,4,Inactive,107.02,Low Value,No
2676-OXPPQ,6,55.7,335.65,6,At Risk,167.82,Medium Value,No
3703-TTEPD,21,65.35,1424.4,7,At Risk,830.9,High Value,No
2799-TSLAG,65,25.3,1748.55,7,At Risk,1019.99,High Value,No
0196-VULGZ,6,84.35,474.9,7,At Risk,277.02,Medium Value,Yes
8837-VVWLQ,8,84.95,668.4,7,At Risk,389.9,Medium Value,Yes
2696-NARTR,11,73.85,926.25,7,At Risk,540.31,Medium Value,Yes
2208-NKVVH,43,24.25,1077.95,6,At Risk,538.98,Medium Value,No
7614-QVWQL,49,51.8,2541.25,8,Loyal Customers,1694.17,High Value,Yes
1976-CFOCS,1,46.0,46.0,4,Inactive,15.33,Low Value,Yes
4631-OACRM,15,79.4,1156.1,7,At Risk,674.39,Medium Value,Yes
7139-JZFVG,60,60.5,3694.45,9,Loyal Customers,2770.84,High Value,No
4987-GQWPO,17,25.1,382.8,4,Inactive,127.6,Low Value,No
3755-JBMNH,16,71.8,1167.8,6,At Risk,583.9,Medium Value,Yes
1757-TCATG,35,20.05,746.75,5,Inactive,311.15,Medium Value,No
6345-ULYRW,44,88.4,3912.9,9,Loyal Customers,2934.68,High Value,Yes
4776-XSKYQ,12,30.25,368.85,4,Inactive,122.95,Low Value,No
8048-DSDFQ,1,20.2,20.2,3,Inactive,5.05,Low Value,No
5753-QQWPW,28,59.9,1654.7,7,At Risk,965.24,High Value,No
6010-DDPPW,70,25.15,1940.85,7,At Risk,1132.16,High Value,No
1809-DMJHQ,5,46.0,221.7,4,Inactive,73.9,Low Value,Yes
6693-FRIRW,18,101.3,1794.65,10,Champions,1495.54,High Value,No
6586-MYGKD,70,76.95,5289.8,11,Champions,4848.98,Premium,No
3173-NVMPX,9,55.3,501.2,6,At Risk,250.6,Medium Value,No
0248-PGHBZ,67,92.45,6140.85,12,Champions,6140.85,Premium,No
0623-GDISB,1,48.45,48.45,5,Inactive,20.19,Low Value,No
2892-GESUL,18,19.35,309.25,4,Inactive,103.08,Low Value,No
6923-EFPNL,4,51.75,201.1,5,Inactive,83.79,Low Value,Yes
7472-EQOAV,71,86.7,6179.35,10,Champions,5149.46,Premium,No
9574-RKJIF,30,94.4,2838.7,11,Champions,2602.14,High Value,Yes
2043-WVTQJ,1,55.7,55.7,6,At Risk,27.85,Low Value,No
8034-RYTVV,55,84.25,4589.85,9,Loyal Customers,3442.39,Premium,No
3863-QSTYI,59,64.65,3735.45,9,Loyal Customers,2801.59,High Value,No
2619-WFQWU,1,70.15,70.15,4,Inactive,23.38,Low Value,Yes
5044-LRQAQ,7,69.2,477.55,4,Inactive,159.18,Low Value,No
1716-LSAMB,45,54.65,2553.7,8,Loyal Customers,1702.47,High Value,No
1333-PBMXB,54,24.75,1342.15,6,At Risk,671.08,Medium Value,No
6546-OPBBH,51,23.95,1216.35,6,At Risk,608.17,Medium Value,No
5985-BEHZK,72,105.0,7578.05,12,Champions,7578.05,Premium,No
9127-QRZMH,44,59.85,2603.95,8,Loyal Customers,1735.97,High Value,No
5919-VCZYM,2,20.05,42.7,3,Inactive,10.68,Low Value,No
9644-KVCNC,66,92.15,6056.9,11,Champions,5552.16,Premium,No
2137-DQMEV,68,44.8,2983.65,9,Loyal Customers,2237.74,High Value,No
8174-LNWMW,31,20.9,689.35,5,Inactive,287.23,Medium Value,No
9279-CJEOJ,21,95.4,2025.1,9,Loyal Customers,1518.82,High Value,No
7964-VEXDG,21,80.35,1747.2,8,Loyal Customers,1164.8,High Value,No
2404-JIBFC,55,85.1,4657.95,10,Champions,3881.62,Premium,No
0778-NELLA,9,34.7,296.1,3,Inactive,74.03,Low Value,Yes
8029-XYPWT,71,115.05,8016.6,12,Champions,8016.6,Premium,No
4614-NUVZD,1,81.1,81.1,6,At Risk,40.55,Low Value,Yes
4632-PAOYU,22,19.95,433.5,4,Inactive,144.5,Low Value,No
3803-KMQFW,1,20.55,20.55,3,Inactive,5.14,Low Value,Yes
6804-GDMOI,61,106.6,6428.4,12,Champions,6428.4,Premium,Yes
2990-OGYTD,67,86.15,5883.85,11,Champions,5393.53,Premium,No
6646-JPPHA,14,78.85,1043.8,8,Loyal Customers,695.87,Medium Value,No
9572-MTILT,59,106.75,6252.9,12,Champions,6252.9,Premium,Yes
7658-UYUQS,21,86.55,1857.25,8,Loyal Customers,1238.17,High Value,No
7880-XSOJX,4,42.4,146.4,6,At Risk,73.2,Low Value,No
9611-CTWIH,3,89.45,240.45,7,At Risk,140.26,Low Value,Yes
4589-IUAJB,70,24.25,1724.15,7,At Risk,1005.75,High Value,No
0329-GTIAJ,3,97.9,315.3,9,Loyal Customers,236.48,Medium Value,Yes
8746-BFOAJ,21,20.5,429.55,4,Inactive,143.18,Low Value,No
8457-XIGKN,20,19.6,356.15,4,Inactive,118.72,Low Value,No
6072-NUQCB,22,20.25,488.25,4,Inactive,162.75,Medium Value,No
6629-CZTTH,1,55.7,55.7,5,Inactive,23.21,Low Value,Yes
8838-GPHZP,63,20.6,1298.7,6,At Risk,649.35,Medium Value,No
8750-QWZAJ,70,19.8,1378.75,6,At Risk,689.38,Medium Value,No
5364-EVNIB,13,79.8,973.45,8,Loyal Customers,648.97,Medium Value,Yes
6918-UMQCG,5,80.2,384.25,6,At Risk,192.12,Medium Value,No
0675-NCDYU,72,116.4,8543.25,12,Champions,8543.25,Premium,No
6339-DKLMK,13,31.65,389.95,4,Inactive,129.98,Low Value,No
1346-PJWTK,61,94.15,5731.85,12,Champions,5731.85,Premium,No
5088-QZLRL,1,20.65,20.65,3,Inactive,5.16,Low Value,No
8023-QHAIO,56,76.85,4275.75,10,Champions,3563.12,Premium,No
4397-FRLTA,4,20.15,84.5,3,Inactive,21.12,Low Value,No
3057-VJJQE,35,55.25,1924.1,8,Loyal Customers,1282.73,High Value,No
5087-SUURX,18,39.05,669.85,6,At Risk,334.92,Medium Value,Yes
2302-OUZXB,72,82.15,5784.3,11,Champions,5302.28,Premium,No
8133-ANHHJ,49,103.0,5166.2,11,Champions,4735.68,Premium,No
2270-CHBFN,44,95.1,4060.55,11,Champions,3722.17,Premium,No
0013-EXCHZ,3,83.9,267.4,7,At Risk,155.98,Low Value,Yes
5982-FPVQN,37,95.15,3532.85,11,Champions,3238.45,Premium,No
9107-UKCKY,61,79.8,4914.8,11,Champions,4505.23,Premium,No
4654-ULTTN,70,74.8,5315.8,11,Champions,4872.82,Premium,No
5550-VFRLC,1,69.85,69.85,4,Inactive,23.28,Low Value,Yes
5546-BYZSM,41,20.45,775.6,5,Inactive,323.17,Medium Value,No
1492-KGETH,70,78.35,5445.95,11,Champions,4992.12,Premium,No
4929-BSTRX,1,53.55,53.55,5,Inactive,22.31,Low Value,Yes
4163-HFTUK,51,19.1,1007.8,5,Inactive,419.92,Medium Value,No
8215-NGSPE,42,20.0,833.55,5,Inactive,347.31,Medium Value,No
2225-ZRGSG,70,93.9,6579.05,12,Champions,6579.05,Premium,Yes
8859-YSTWS,48,19.95,1004.5,5,Inactive,418.54,Medium Value,No
5271-YNWVR,68,113.15,7856.0,12,Champions,7856.0,Premium,Yes
7601-DHFWZ,48,24.0,1183.05,6,At Risk,591.52,Medium Value,No
2657-ALMWY,26,84.95,2169.75,8,Loyal Customers,1446.5,High Value,Yes
6330-JKLPC,11,80.5,896.9,8,Loyal Customers,597.93,Medium Value,Yes
4667-OHGKG,1,19.3,19.3,3,Inactive,4.82,Low Value,Yes
1998-VHJHK,27,19.15,501.35,4,Inactive,167.12,Medium Value,No
1707-HABPF,46,91.3,4126.35,10,Champions,3438.63,Premium,No
1660-HSOOQ,1,49.65,49.65,5,Inactive,20.69,Low Value,Yes
7253-UVNDW,46,54.35,2460.15,8,Loyal Customers,1640.1,High Value,Yes
0487-VVUVK,25,19.15,477.6,4,Inactive,159.2,Low Value,No
7228-OMTPN,4,88.45,370.65,7,At Risk,216.21,Medium Value,Yes
5063-IUOKK,13,19.75,265.75,4,Inactive,88.58,Low Value,No
4508-OEBEY,31,75.5,2424.45,10,Champions,2020.38,High Value,No
0027-KWYKW,23,83.75,1849.95,8,Loyal Customers,1233.3,High Value,No
2308-STERM,2,19.4,61.05,3,Inactive,15.26,Low Value,No
5982-XMDEX,65,26.5,1698.55,7,At Risk,990.82,High Value,No
6284-AHOOQ,22,90.5,1910.6,9,Loyal Customers,1432.95,High Value,Yes
6051-PTVNS,55,19.15,998.1,5,Inactive,415.88,Medium Value,No
2344-JMOGN,9,94.85,890.6,9,Loyal Customers,667.95,Medium Value,Yes
3799-ISUZQ,7,69.95,529.5,4,Inactive,176.5,Medium Value,Yes
2877-VDUER,35,40.9,1383.6,7,At Risk,807.1,Medium Value,No
9152-AMKAK,6,80.25,493.4,8,Loyal Customers,328.93,Medium Value,No
1794-HBQTJ,1,48.6,48.6,5,Inactive,20.25,Low Value,Yes
9432-VOFYX,17,70.8,1207.0,6,At Risk,603.5,Medium Value,No
8049-WJCLQ,10,60.2,563.5,7,At Risk,328.71,Medium Value,No
6586-PSJOX,15,55.2,864.55,7,At Risk,504.32,Medium Value,No
2460-FPSYH,40,55.8,2109.35,8,Loyal Customers,1406.23,High Value,Yes
9705-ZJBCG,13,54.15,701.05,7,At Risk,408.95,Medium Value,No
4818-DRBQT,29,80.15,2265.25,8,Loyal Customers,1510.17,High Value,Yes
1320-HTRDR,3,75.5,220.6,6,At Risk,110.3,Low Value,Yes
6847-KJLTS,58,100.4,5749.8,12,Champions,5749.8,Premium,No
9670-BPNXF,45,62.55,2796.45,8,Loyal Customers,1864.3,High Value,No
3913-FCUUW,72,70.45,5165.7,11,Champions,4735.22,Premium,No
3301-VKTGC,68,85.5,5696.6,10,Champions,4747.17,Premium,No
1493-AMTIE,1,20.2,20.2,3,Inactive,5.05,Low Value,Yes
9555-SAHUZ,38,54.5,2076.05,8,Loyal Customers,1384.03,High Value,No
0816-TSPHQ,2,20.75,44.2,3,Inactive,11.05,Low Value,No
9932-WBWIK,11,20.35,215.25,4,Inactive,71.75,Low Value,No
4619-EVPHY,20,91.0,1859.5,9,Loyal Customers,1394.62,High Value,No
5286-YHCVC,72,104.8,7470.1,12,Champions,7470.1,Premium,No
6424-ELEYH,3,74.75,229.5,6,At Risk,114.75,Low Value,Yes
4391-RESHN,23,104.05,2470.1,10,Champions,2058.42,High Value,Yes
9115-YQHGA,40,51.1,2092.9,7,At Risk,1220.86,High Value,No
4462-CYWMH,62,89.8,5629.55,10,Champions,4691.29,Premium,No
8963-MQVYN,22,20.55,469.85,4,Inactive,156.62,Low Value,No
2458-EOMRE,11,64.05,733.95,7,At Risk,428.14,Medium Value,No
9334-GWGOW,7,74.85,485.25,6,At Risk,242.62,Medium Value,No
6821-BUXUX,13,96.65,1244.5,10,Champions,1037.08,High Value,Yes
5028-HTLJB,1,20.05,20.05,3,Inactive,5.01,Low Value,Yes
9801-GDWGV,39,103.45,3994.45,11,Champions,3661.58,Premium,Yes
6542-LWGXJ,3,25.0,78.25,3,Inactive,19.56,Low Value,No
5567-GZKQY,58,20.3,1131.5,6,At Risk,565.75,Medium Value,No
1222-LRYKO,6,26.35,184.05,4,Inactive,61.35,Low Value,No
2320-JRSDE,1,19.9,19.9,3,Inactive,4.97,Low Value,Yes
2087-QAREY,22,54.7,1178.75,7,At Risk,687.6,Medium Value,No
0601-WZHJF,14,46.35,667.7,6,At Risk,333.85,Medium Value,Yes
4423-JWZJN,64,90.25,5629.15,11,Champions,5160.05,Premium,No
5143-WMWOG,1,19.95,19.95,3,Inactive,4.99,Low Value,Yes
6490-FGZAT,6,20.65,109.3,3,Inactive,27.32,Low Value,No
5393-RXQSZ,1,79.6,79.6,6,At Risk,39.8,Low Value,Yes
7452-FOLON,39,25.45,958.45,6,At Risk,479.22,Medium Value,No
2320-TZRRH,20,19.5,403.15,4,Inactive,134.38,Low Value,No
0231-LXVAP,1,75.9,75.9,6,At Risk,37.95,Low Value,Yes
9444-JTXHZ,1,76.2,76.2,6,At Risk,38.1,Low Value,Yes
4942-VZZOM,64,66.15,4392.5,9,Loyal Customers,3294.38,Premium,No
5510-BOIUJ,1,19.25,19.25,3,Inactive,4.81,Low Value,Yes
7502-BNYGS,46,69.1,3168.0,8,Loyal Customers,2112.0,High Value,No
4291-HYEBC,28,39.1,1096.6,6,At Risk,548.3,Medium Value,No
6147-CBCRA,33,20.05,669.45,5,Inactive,278.94,Medium Value,No
6047-SUHPR,39,59.8,2343.85,8,Loyal Customers,1562.57,High Value,No
4471-KXAUH,42,84.3,3588.4,9,Loyal Customers,2691.3,High Value,Yes
9752-ZNQUT,1,48.6,48.6,5,Inactive,20.25,Low Value,No
7638-QVMVY,7,79.0,522.95,6,At Risk,261.48,Medium Value,Yes
1576-PFZIW,70,105.35,7511.9,12,Champions,7511.9,Premium,No
5666-MBJPT,65,25.1,1725.0,7,At Risk,1006.25,High Value,No
7312-XSBAT,1,49.75,49.75,5,Inactive,20.73,Low Value,No
3096-GKWEB,18,94.75,1691.9,9,Loyal Customers,1268.93,High Value,No
2371-JQHZZ,24,93.0,2248.05,9,Loyal Customers,1686.04,High Value,No
0674-GCDXG,63,71.9,4479.2,11,Champions,4105.93,Premium,No
1121-QSIVB,44,77.55,3471.1,10,Champions,2892.58,High Value,No
4396-KLSEH,4,19.85,63.0,3,Inactive,15.75,Low Value,No
3244-DCJWY,1,70.25,70.25,4,Inactive,23.42,Low Value,Yes
2824-MYYBN,37,95.25,3314.15,10,Champions,2761.79,High Value,No
0875-CABNR,10,84.6,865.55,8,Loyal Customers,577.03,Medium Value,Yes
6345-HOVES,34,25.05,852.7,5,Inactive,355.29,Medium Value,No
8318-LCNBW,35,53.15,1930.9,8,Loyal Customers,1287.27,High Value,No
6469-QJKZW,4,20.15,91.4,3,Inactive,22.85,Low Value,No
0147-ESWWR,39,101.25,3949.15,11,Champions,3620.05,Premium,No
1217-VASWC,43,100.55,4304.0,11,Champions,3945.33,Premium,No
7812-FZHPE,17,24.1,409.9,5,Inactive,170.79,Medium Value,Yes
6370-ZVHDV,61,25.3,1554.9,7,At Risk,907.03,High Value,No
5915-DGNVC,49,71.8,3472.05,10,Champions,2893.38,High Value,No
6260-XLACS,4,19.7,117.8,3,Inactive,29.45,Low Value,No
3566-CAAYU,64,49.85,3210.35,9,Loyal Customers,2407.76,High Value,No
4983-CCWMC,3,69.6,207.4,4,Inactive,69.13,Low Value,No
9103-CXVOK,1,19.75,19.75,3,Inactive,4.94,Low Value,No
2896-TBNBE,40,80.8,3132.75,9,Loyal Customers,2349.56,High Value,No
4797-AXPXK,1,60.0,60.0,6,At Risk,30.0,Low Value,Yes
5229-PRWKT,8,86.55,649.65,7,At Risk,378.96,Medium Value,Yes
6982-UQZLY,1,20.85,20.85,3,Inactive,5.21,Low Value,Yes
2522-WLNSF,34,64.2,2106.3,8,Loyal Customers,1404.2,High Value,No
3841-CONLJ,1,35.0,35.0,3,Inactive,8.75,Low Value,No
5057-LCOUI,39,50.75,2011.4,8,Loyal Customers,1340.93,High Value,Yes
0193-ESZXP,58,105.5,6205.5,12,Champions,6205.5,Premium,Yes
4475-NVTLU,45,19.2,903.7,5,Inactive,376.54,Medium Value,No
4369-HTUIF,6,85.15,503.6,7,At Risk,293.77,Medium Value,Yes
9386-LDCZR,43,90.65,3882.3,11,Champions,3558.78,Premium,No
9585-KKMFD,41,20.0,879.8,5,Inactive,366.58,Medium Value,No
5399-ZIMKF,5,74.65,383.65,6,At Risk,191.82,Medium Value,No
0336-KXKFK,72,61.2,4390.25,10,Champions,3658.54,Premium,No
5619-XZZKR,4,19.95,68.2,3,Inactive,17.05,Low Value,No
3948-FVVRP,9,54.8,452.8,6,At Risk,226.4,Medium Value,No
5327-XOKKY,72,73.45,5329.0,11,Champions,4884.92,Premium,No
0983-TATYJ,33,51.45,1758.9,7,At Risk,1026.03,High Value,No
1813-JYWTO,72,80.45,5737.6,10,Champions,4781.33,Premium,No
0156-FVPTA,22,54.2,1152.7,7,At Risk,672.41,Medium Value,Yes
1984-FCOWB,70,109.5,7674.55,12,Champions,7674.55,Premium,Yes
0654-HMSHN,21,104.4,2157.95,10,Champions,1798.29,High Value,Yes
6719-OXYBR,15,85.3,1219.85,8,Loyal Customers,813.23,High Value,No
3312-ZWLGF,29,79.3,2414.55,8,Loyal Customers,1609.7,High Value,No
6476-YHMGA,15,76.5,1155.6,9,Loyal Customers,866.7,High Value,No
5287-QWLKY,71,105.1,7548.1,12,Champions,7548.1,Premium,Yes
0795-XCCTE,72,25.4,1809.35,7,At Risk,1055.45,High Value,No
0168-XZKBB,19,86.85,1564.4,8,Loyal Customers,1042.93,High Value,No
3785-NRHYR,1,19.65,19.65,3,Inactive,4.91,Low Value,No
5196-SGOAK,1,75.7,75.7,6,At Risk,37.85,Low Value,Yes
4537-DKTAL,2,45.55,84.4,4,Inactive,28.13,Low Value,No
7072-MBHEV,11,78.1,864.85,8,Loyal Customers,576.57,Medium Value,No
5602-BVFMK,12,19.3,228.75,4,Inactive,76.25,Low Value,No
6297-NOOPG,70,110.5,7752.05,12,Champions,7752.05,Premium,No
1891-UAWWU,20,90.8,1951.0,9,Loyal Customers,1463.25,High Value,Yes
8204-TIFGJ,23,20.3,470.6,4,Inactive,156.87,Low Value,No
8050-DVOJX,49,81.35,4060.9,10,Champions,3384.08,Premium,No
6108-OQZDQ,4,97.95,384.5,9,Loyal Customers,288.38,Medium Value,Yes
0363-QJVFX,32,108.15,3432.9,11,Champions,3146.82,Premium,Yes
8903-XEBGX,2,55.3,108.65,5,Inactive,45.27,Low Value,No
8169-SAEJD,69,56.55,3952.65,9,Loyal Customers,2964.49,High Value,No
9840-DVNDC,6,80.5,463.05,6,At Risk,231.52,Medium Value,Yes
1089-XZWHH,24,19.7,494.05,4,Inactive,164.68,Medium Value,No
2325-WINES,32,104.05,3416.85,11,Champions,3132.11,Premium,No
6064-ZATLR,27,52.85,1498.65,7,At Risk,874.21,High Value,No
3096-JRDSO,27,104.3,2867.75,10,Champions,2389.79,High Value,Yes
7824-PANSQ,58,80.65,4807.35,10,Champions,4006.13,Premium,No
8042-JVNFH,1,71.35,71.35,5,Inactive,29.73,Low Value,Yes
9648-BCHKM,18,24.65,471.35,5,Inactive,196.4,Medium Value,No
2888-ADFAO,47,21.3,1041.8,5,Inactive,434.08,Medium Value,No
8707-HOEDG,70,110.2,7689.8,12,Champions,7689.8,Premium,No
3374-LXDEV,13,89.4,1132.35,9,Loyal Customers,849.26,High Value,Yes
4072-IPYLT,36,51.05,1815.0,7,At Risk,1058.75,High Value,No
7167-PCEYD,67,19.8,1311.3,6,At Risk,655.65,Medium Value,No
4936-YPJNK,10,19.9,199.45,4,Inactive,66.48,Low Value,No
1580-BMCMR,19,87.3,1637.3,8,Loyal Customers,1091.53,High Value,No
4817-KEQSP,71,19.85,1326.35,6,At Risk,663.18,Medium Value,No
6408-WHTEF,72,89.4,6376.55,11,Champions,5845.17,Premium,No
9251-AWQGT,48,20.0,935.9,5,Inactive,389.96,Medium Value,No
8749-CLJXC,1,20.05,20.05,3,Inactive,5.01,Low Value,No
7989-VCQOH,18,83.25,1611.15,9,Loyal Customers,1208.36,High Value,No
5049-GLYVG,1,20.6,20.6,3,Inactive,5.15,Low Value,Yes
4199-QHJNM,67,102.9,6989.7,12,Champions,6989.7,Premium,No
8882-TLVRW,69,39.1,2779.5,9,Loyal Customers,2084.62,High Value,No
5883-GTGVD,19,99.95,1931.75,10,Champions,1609.79,High Value,Yes
5135-GRQJV,72,114.5,8331.95,12,Champions,8331.95,Premium,No
2384-OVPSA,38,20.2,735.9,5,Inactive,306.62,Medium Value,No
1371-WEPDS,40,55.8,2283.3,7,At Risk,1331.93,High Value,No
3580-GICBM,61,24.2,1445.2,7,At Risk,843.03,High Value,No
4817-QRJSX,10,81.0,818.05,8,Loyal Customers,545.37,Medium Value,Yes
9730-DRTMJ,32,72.8,2333.05,10,Champions,1944.21,High Value,No
4686-UXDML,21,99.85,1992.55,10,Champions,1660.46,High Value,No
3349-ANQNH,59,99.5,5890.0,12,Champions,5890.0,Premium,No
2398-YPMUR,13,70.15,916.75,5,Inactive,381.98,Medium Value,Yes
0932-YIXYU,47,20.25,1029.8,5,Inactive,429.08,Medium Value,No
7480-SPLEF,69,26.0,1796.55,7,At Risk,1047.99,High Value,No
7636-XUHWW,2,19.9,33.7,3,Inactive,8.43,Low Value,No
1431-CYWMH,22,19.05,454.05,4,Inactive,151.35,Low Value,No
5937-EORGB,15,96.5,1392.25,10,Champions,1160.21,High Value,No
6349-JDHQP,53,19.85,1049.6,5,Inactive,437.33,Medium Value,No
5539-HIVAK,28,25.7,734.6,5,Inactive,306.08,Medium Value,No
5847-MXBEO,22,20.3,475.1,4,Inactive,158.37,Low Value,No
9985-MWVIX,1,70.15,70.15,4,Inactive,23.38,Low Value,Yes
4583-PARNH,16,91.55,1540.05,9,Loyal Customers,1155.04,High Value,No
1116-FRYVH,48,39.4,1978.65,8,Loyal Customers,1319.1,High Value,No
1421-HCERK,30,105.7,3181.8,11,Champions,2916.65,High Value,No
9633-XQABV,3,70.25,229.7,4,Inactive,76.57,Low Value,No
0716-BQNDX,57,93.75,5625.55,12,Champions,5625.55,Premium,No
1265-XTECC,68,96.55,6581.9,12,Champions,6581.9,Premium,Yes
1183-CANVH,23,60.0,1347.15,7,At Risk,785.84,Medium Value,No
1972-XMUWV,65,59.8,3808.2,9,Loyal Customers,2856.15,High Value,No
8679-LZBMD,44,90.65,3974.15,10,Champions,3311.79,Premium,No
3407-JMJQQ,71,109.0,7661.8,12,Champions,7661.8,Premium,No
6252-DFGTK,37,68.1,2479.25,9,Loyal Customers,1859.44,High Value,No
1539-LNKHM,12,20.4,266.6,4,Inactive,88.87,Low Value,No
8645-KOMJQ,69,81.95,5601.4,11,Champions,5134.62,Premium,No
0289-IVARM,35,60.55,1982.6,8,Loyal Customers,1321.73,High Value,No
9761-XUJWD,5,65.6,339.9,6,At Risk,169.95,Medium Value,No
4057-FKCZK,58,82.5,4828.05,10,Champions,4023.38,Premium,No
4291-TPNFG,72,82.3,5980.55,11,Champions,5482.17,Premium,No
6087-YPWHO,72,68.15,4808.7,10,Champions,4007.25,Premium,No
3090-QFUVD,1,20.3,20.3,3,Inactive,5.08,Low Value,No
2237-ZFSMY,39,95.55,3692.85,11,Champions,3385.11,Premium,Yes
1722-LDZJS,53,20.2,1068.15,5,Inactive,445.06,Medium Value,No
1818-ESQMW,27,89.2,2383.6,8,Loyal Customers,1589.07,High Value,No
4871-JTKJF,1,69.65,69.65,4,Inactive,23.22,Low Value,Yes
1415-YFWLT,1,89.3,89.3,7,At Risk,52.09,Low Value,Yes
7401-RUBNK,18,74.8,1438.05,7,At Risk,838.86,High Value,No
0506-YLVKJ,46,20.2,917.45,5,Inactive,382.27,Medium Value,No
8661-BOYNW,72,84.4,6096.45,11,Champions,5588.41,Premium,No
6711-VTNRE,36,87.55,3078.1,9,Loyal Customers,2308.57,High Value,Yes
4815-GBTCD,4,25.15,99.95,3,Inactive,24.99,Low Value,No
2805-AUFQN,25,19.8,475.2,4,Inactive,158.4,Low Value,No
0980-PVMRC,40,50.85,2036.55,8,Loyal Customers,1357.7,High Value,No
7233-DRTRF,63,102.4,6444.05,12,Champions,6444.05,Premium,No
3500-RMZLT,15,96.3,1426.75,10,Champions,1188.96,High Value,Yes
3873-NFTGI,14,55.5,767.55,7,At Risk,447.74,Medium Value,No
1162-ECVII,72,109.75,7932.5,12,Champions,7932.5,Premium,No
7048-GXDAY,39,106.4,4040.65,11,Champions,3703.93,Premium,No
8571-ZCMCX,47,60.0,2768.65,9,Loyal Customers,2076.49,High Value,No
1169-WCVAK,19,88.8,1672.35,9,Loyal Customers,1254.26,High Value,No
4548-SDBKE,5,85.2,474.8,7,At Risk,276.97,Medium Value,Yes
8066-POXGX,13,35.1,446.1,4,Inactive,148.7,Low Value,Yes
7129-CAKJW,17,80.05,1345.65,8,Loyal Customers,897.1,High Value,No
8695-ARGXZ,34,75.55,2425.4,8,Loyal Customers,1616.93,High Value,No
3570-YUEKJ,42,49.55,2077.95,7,At Risk,1212.14,High Value,No
4143-OOBWZ,5,81.3,416.3,7,At Risk,242.84,Medium Value,Yes
1555-HAPSU,71,23.9,1663.5,7,At Risk,970.38,High Value,No
1697-NVVGY,19,66.4,1286.05,7,At Risk,750.2,Medium Value,No
7854-EKTJL,2,19.6,35.85,3,Inactive,8.96,Low Value,Yes
8464-EETCQ,57,18.8,1094.35,6,At Risk,547.17,Medium Value,No
2419-FSORS,72,108.4,7719.5,12,Champions,7719.5,Premium,No
8132-YPVBX,6,85.95,514.6,7,At Risk,300.18,Medium Value,No
9102-IAYHT,17,85.45,1451.6,8,Loyal Customers,967.73,High Value,Yes
6754-LZUKA,61,80.9,4932.5,11,Champions,4521.46,Premium,No
3422-LYEPQ,1,71.0,71.0,5,Inactive,29.58,Low Value,Yes
8099-MZPUJ,48,111.8,5443.65,11,Champions,4990.01,Premium,No
0787-LHDYT,16,20.6,330.25,4,Inactive,110.08,Low Value,No
2642-DTVCO,9,85.05,746.5,7,At Risk,435.46,Medium Value,Yes
0374-IOEGQ,3,44.6,122.7,4,Inactive,40.9,Low Value,No
4361-JEIVL,1,44.4,44.4,4,Inactive,14.8,Low Value,Yes
3197-NNYNB,65,105.1,6631.85,12,Champions,6631.85,Premium,No
3396-DKDEL,70,115.15,8250.0,12,Champions,8250.0,Premium,No
1752-OZXFY,60,59.8,3561.15,9,Loyal Customers,2670.86,High Value,No
9066-QRSDU,69,26.3,1763.55,7,At Risk,1028.74,High Value,No
9112-WSNPU,35,70.55,2419.0,7,At Risk,1411.08,High Value,No
9867-NNXLC,22,20.05,470.2,4,Inactive,156.73,Low Value,No
5321-NTRKC,66,79.85,5234.95,11,Champions,4798.7,Premium,No
1363-TXLSL,1,70.3,70.3,4,Inactive,23.43,Low Value,Yes
9507-EXLTT,1,79.35,79.35,6,At Risk,39.67,Low Value,Yes
3161-GETRM,34,90.05,3097.0,10,Champions,2580.83,High Value,No
0402-OAMEN,72,24.45,1709.1,7,At Risk,996.98,High Value,No
6933-VLYFX,31,59.95,1848.8,9,Loyal Customers,1386.6,High Value,No
6754-WKSHP,30,25.35,723.3,6,At Risk,361.65,Medium Value,No
9846-GKXAS,9,90.8,809.75,8,Loyal Customers,539.83,Medium Value,Yes
6017-PPLPX,20,70.45,1470.95,6,At Risk,735.48,Medium Value,Yes
4976-LNFVV,19,34.3,577.15,5,Inactive,240.48,Medium Value,No
5055-MGMGF,65,105.05,6914.95,12,Champions,6914.95,Premium,No
4641-FROLU,30,19.3,602.9,5,Inactive,251.21,Medium Value,No
2862-JVEOY,6,19.15,124.4,3,Inactive,31.1,Low Value,No
2969-QWUBZ,2,51.4,96.8,6,At Risk,48.4,Low Value,No
9822-BIIGN,53,71.85,3827.9,10,Champions,3189.92,Premium,No
2077-MPJQO,7,75.4,533.05,6,At Risk,266.52,Medium Value,No
1534-OULXE,61,49.7,2961.4,8,Loyal Customers,1974.27,High Value,No
7136-RVDTZ,70,45.25,3264.45,8,Loyal Customers,2176.3,High Value,Yes
2971-SGAFL,13,78.75,995.35,9,Loyal Customers,746.51,Medium Value,No
1480-IVEVR,35,81.6,2815.25,9,Loyal Customers,2111.44,High Value,No
2905-KFQUV,2,70.4,154.8,5,Inactive,64.5,Low Value,No
4581-SSPWD,3,75.8,246.3,6,At Risk,123.15,Low Value,Yes
3370-HXOPH,3,76.1,257.6,6,At Risk,128.8,Low Value,No
9391-YZEJW,62,94.0,5757.2,11,Champions,5277.43,Premium,No
9958-MEKUC,72,103.95,7517.7,12,Champions,7517.7,Premium,No
0281-CNTZX,63,19.95,1234.8,6,At Risk,617.4,Medium Value,No
6927-WTFIV,20,71.3,1389.2,6,At Risk,694.6,Medium Value,Yes
4118-CEVPF,35,110.8,3836.3,11,Champions,3516.61,Premium,No
3398-ZOUAA,21,69.1,1474.75,5,Inactive,614.48,Medium Value,Yes
9114-VEPUF,62,96.1,6001.45,12,Champions,6001.45,Premium,No
7876-BEUTG,15,48.8,720.1,6,At Risk,360.05,Medium Value,No
2338-BQEZT,55,50.55,2832.75,7,At Risk,1652.44,High Value,No
9873-MNDKV,11,44.65,472.25,5,Inactive,196.77,Medium Value,No
0378-NHQXU,17,88.25,1460.65,8,Loyal Customers,973.77,High Value,Yes
8241-JUIQO,61,19.45,1336.35,6,At Risk,668.18,Medium Value,No
2194-IIQOF,71,89.3,6388.65,11,Champions,5856.26,Premium,No
4512-ZUIYL,2,70.0,153.05,4,Inactive,51.02,Low Value,Yes
9631-RXVJM,35,19.25,677.9,5,Inactive,282.46,Medium Value,No
9584-EXCDZ,17,70.5,1165.6,6,At Risk,582.8,Medium Value,No
7969-AULMZ,21,97.35,2119.5,9,Loyal Customers,1589.62,High Value,Yes
5093-FEGLU,47,19.65,921.55,5,Inactive,383.98,Medium Value,No
2621-UDNLU,3,20.85,72.0,3,Inactive,18.0,Low Value,No
7526-IVLYU,3,19.65,68.35,3,Inactive,17.09,Low Value,No
2428-HYUNX,44,19.35,847.25,5,Inactive,353.02,Medium Value,No
9214-EKVXR,1,44.0,44.0,4,Inactive,14.67,Low Value,No
3410-MHHUM,44,94.4,4295.35,11,Champions,3937.4,Premium,No
0568-ONFPC,5,25.9,135.0,4,Inactive,45.0,Low Value,Yes
0733-VUNUW,24,55.65,1400.55,7,At Risk,816.99,High Value,Yes
4550-EVXNY,1,69.65,69.65,4,Inactive,23.22,Low Value,Yes
2122-YWVYA,18,75.4,1380.4,7,At Risk,805.23,Medium Value,No
2968-SSGAA,10,100.6,1060.2,10,Champions,883.5,High Value,Yes
2296-DKZFP,65,71.0,4386.2,11,Champions,4020.68,Premium,No
4844-JJWUY,1,86.0,86.0,7,At Risk,50.17,Low Value,Yes
6777-TGHTM,53,106.95,5785.5,11,Champions,5303.38,Premium,Yes
8909-BOLNL,3,21.2,52.05,3,Inactive,13.01,Low Value,No
6603-YRDCJ,33,61.05,2018.4,8,Loyal Customers,1345.6,High Value,No
3538-WZPHD,3,29.6,79.45,3,Inactive,19.86,Low Value,Yes
3229-USWAR,34,79.95,2727.3,10,Champions,2272.75,High Value,No
2138-VFAPZ,14,19.7,263.65,4,Inactive,87.88,Low Value,No
6131-JLWZM,13,20.3,275.4,4,Inactive,91.8,Low Value,No
4785-QRJHC,46,59.9,2816.65,9,Loyal Customers,2112.49,High Value,Yes
0269-XFESX,23,24.35,538.5,5,Inactive,224.38,Medium Value,No
1709-EJDOX,47,19.75,948.9,5,Inactive,395.38,Medium Value,No
4316-XCSLJ,17,50.3,846.8,6,At Risk,423.4,Medium Value,No
8610-WFCJF,49,95.6,4783.5,10,Champions,3986.25,Premium,Yes
9693-XMUOB,59,50.25,2997.45,9,Loyal Customers,2248.09,High Value,No
0383-CLDDA,69,85.35,5897.4,11,Champions,5405.95,Premium,No
4905-JEFDW,11,41.6,470.6,6,At Risk,235.3,Medium Value,Yes
2709-UQGNP,10,51.65,524.5,6,At Risk,262.25,Medium Value,No
3549-ZTMNH,12,24.0,269.65,5,Inactive,112.35,Low Value,No
7881-INRLC,45,100.85,4740.0,11,Champions,4345.0,Premium,Yes
8033-ATFAS,39,59.85,2341.5,8,Loyal Customers,1561.0,High Value,No
1635-NZATJ,71,25.45,1789.65,7,At Risk,1043.96,High Value,No
0562-HKHML,71,23.9,1626.4,7,At Risk,948.73,High Value,No
8277-RVRSV,33,24.15,800.3,6,At Risk,400.15,Medium Value,No
9943-VSZUV,67,75.7,5060.85,9,Loyal Customers,3795.64,Premium,No
0117-LFRMW,37,40.2,1448.8,8,Loyal Customers,965.87,High Value,Yes
6172-FECYY,49,84.5,4254.85,9,Loyal Customers,3191.14,Premium,Yes
7054-ENNGU,9,50.85,466.6,5,Inactive,194.42,Medium Value,No
1455-HFBXA,52,91.6,4627.8,11,Champions,4242.15,Premium,No
9402-CXWPL,70,98.9,6838.6,12,Champions,6838.6,Premium,No
1628-BIZYP,1,85.0,85.0,7,At Risk,49.58,Low Value,No
1965-AKTSX,14,78.95,1101.85,8,Loyal Customers,734.57,Medium Value,Yes
0082-LDZUE,1,44.3,44.3,4,Inactive,14.77,Low Value,No
4786-UKSNZ,1,20.2,20.2,3,Inactive,5.05,Low Value,Yes
5343-SGUBI,52,80.2,4297.6,9,Loyal Customers,3223.2,Premium,No
0856-NAOES,6,60.9,414.1,6,At Risk,207.05,Medium Value,No
1976-AZZPJ,7,34.2,256.6,4,Inactive,85.53,Low Value,No
7248-VZQLC,47,85.2,3969.35,9,Loyal Customers,2977.01,High Value,Yes
6156-UZDLF,26,87.15,2274.1,8,Loyal Customers,1516.07,High Value,No
3099-OONVS,25,54.3,1296.8,7,At Risk,756.47,Medium Value,No
9500-WBGRP,69,19.1,1268.85,6,At Risk,634.42,Medium Value,No
5183-KLYEM,72,112.75,8192.6,12,Champions,8192.6,Premium,No
5144-PQCDZ,4,19.95,59.25,3,Inactive,14.81,Low Value,No
8514-VZHEB,59,19.5,1147.85,6,At Risk,573.92,Medium Value,No
6625-IUTTT,67,65.55,4361.55,9,Loyal Customers,3271.16,Premium,No
9355-NPPFS,26,78.8,2006.1,7,At Risk,1170.22,High Value,No
0068-FIGTF,27,78.2,2078.95,9,Loyal Customers,1559.21,High Value,No
5965-GGPRW,72,105.25,7609.75,12,Champions,7609.75,Premium,No
8035-PWSEV,6,89.25,487.05,7,At Risk,284.11,Medium Value,No
2236-HILPA,62,20.65,1218.45,6,At Risk,609.22,Medium Value,No
1840-BIUOG,20,68.7,1416.2,8,Loyal Customers,944.13,High Value,No
1356-MKYSK,6,78.65,483.3,8,Loyal Customers,322.2,Medium Value,No
6080-LNESI,51,24.75,1234.6,6,At Risk,617.3,Medium Value,No
1830-IPXVJ,61,19.75,1311.6,6,At Risk,655.8,Medium Value,No
5828-DWPIL,62,89.1,5618.3,11,Champions,5150.11,Premium,No
8398-TBIYD,72,84.7,6185.15,10,Champions,5154.29,Premium,No
0011-IGKFF,13,98.0,1237.85,10,Champions,1031.54,High Value,Yes
4192-GORJT,5,94.45,498.1,8,Loyal Customers,332.07,Medium Value,Yes
6496-SLWHQ,3,105.0,294.45,9,Loyal Customers,220.84,Medium Value,Yes
9912-GVSEQ,26,93.85,2381.55,10,Champions,1984.63,High Value,Yes
2931-FSOHN,13,59.9,788.35,7,At Risk,459.87,Medium Value,No
9418-RUKPH,38,19.95,756.4,5,Inactive,315.17,Medium Value,No
5383-MMTWC,8,84.0,613.4,7,At Risk,357.82,Medium Value,Yes
9971-ZWPBF,34,108.9,3625.2,11,Champions,3323.1,Premium,No
4712-AUQZO,18,33.6,550.35,5,Inactive,229.31,Medium Value,No
9711-FJTBX,56,85.85,4793.8,10,Champions,3994.83,Premium,No
2908-ZTPNF,36,34.85,1267.2,6,At Risk,633.6,Medium Value,No
7240-ETPTR,9,48.75,442.2,6,At Risk,221.1,Medium Value,Yes
2202-CUYXZ,1,84.85,84.85,7,At Risk,49.5,Low Value,Yes
5995-OIGLP,12,56.65,654.85,7,At Risk,382.0,Medium Value,Yes
8421-WZOOW,57,95.3,5567.45,12,Champions,5567.45,Premium,No
6261-RCVNS,42,73.9,3160.55,10,Champions,2633.79,High Value,Yes
7951-QKZPL,33,24.5,740.3,6,At Risk,370.15,Medium Value,Yes
1414-YADCW,70,84.6,5706.2,10,Champions,4755.17,Premium,No
8756-RDDLT,68,44.95,3085.35,9,Loyal Customers,2314.01,High Value,No
2862-PFNIK,1,24.7,24.7,3,Inactive,6.18,Low Value,No
5816-QVHRX,37,100.3,3541.4,11,Champions,3246.28,Premium,No
4430-YHXGG,4,25.45,84.2,4,Inactive,28.07,Low Value,No
6888-SBYAI,1,50.7,50.7,5,Inactive,21.13,Low Value,No
7395-XWZOY,20,55.0,1165.55,8,Loyal Customers,777.03,Medium Value,No
7169-YWAMK,72,68.4,4855.35,10,Champions,4046.13,Premium,No
3640-PHQXK,31,89.9,2806.9,10,Champions,2339.08,High Value,Yes
6877-LGWXO,18,78.55,1422.65,7,At Risk,829.88,High Value,Yes
6859-RKMZJ,11,55.05,608.15,6,At Risk,304.08,Medium Value,No
2729-VNVAP,33,19.8,641.35,5,Inactive,267.23,Medium Value,No
2957-JIRMN,62,84.45,4959.15,10,Champions,4132.62,Premium,No
2049-BAFNW,1,35.9,35.9,5,Inactive,14.96,Low Value,No
3842-QTGDL,16,80.75,1321.3,8,Loyal Customers,880.87,High Value,No
7163-OCEQI,22,78.65,1663.75,9,Loyal Customers,1247.81,High Value,No
9782-LGXMC,49,61.75,3024.15,8,Loyal Customers,2016.1,High Value,No
5975-BAICR,36,63.7,2188.5,8,Loyal Customers,1459.0,High Value,No
8019-ENHXU,42,99.45,4138.05,11,Champions,3793.21,Premium,Yes
5167-GBFRE,4,25.2,102.5,3,Inactive,25.62,Low Value,Yes
9033-EOXWV,12,74.05,872.65,9,Loyal Customers,654.49,Medium Value,Yes
4673-KKSLS,31,87.6,2724.25,9,Loyal Customers,2043.19,High Value,No
4853-OITSN,5,89.15,413.25,7,At Risk,241.06,Medium Value,No
9800-OUIGR,66,20.0,1374.2,6,At Risk,687.1,Medium Value,No
1324-NLTJE,15,55.0,757.1,7,At Risk,441.64,Medium Value,Yes
2324-EFHVG,64,104.4,6692.65,12,Champions,6692.65,Premium,No
7094-MSZAO,10,20.05,218.5,4,Inactive,72.83,Low Value,No
1522-VVDMG,7,89.75,608.8,7,At Risk,355.13,Medium Value,Yes
6907-CQGPN,29,34.3,1004.75,5,Inactive,418.65,Medium Value,No
0780-XNZFN,57,20.65,1125.6,6,At Risk,562.8,Medium Value,No
0239-OXEXL,46,84.25,3847.6,9,Loyal Customers,2885.7,High Value,No
2675-IJRGJ,53,19.65,978.0,5,Inactive,407.5,Medium Value,No
7049-GKVZY,17,79.85,1387.35,9,Loyal Customers,1040.51,High Value,No
8577-QSOCG,38,20.2,746.05,5,Inactive,310.85,Medium Value,No
3721-CNZHX,15,19.8,304.6,4,Inactive,101.53,Low Value,No
0212-ISBBF,22,50.35,1098.85,7,At Risk,641.0,Medium Value,No
9185-TQCVP,14,85.15,1139.2,8,Loyal Customers,759.47,Medium Value,Yes
3585-YNADK,57,74.6,4368.95,11,Champions,4004.87,Premium,No
5271-DBYSJ,11,79.15,827.7,7,At Risk,482.83,Medium Value,No
1099-GODLO,1,20.35,20.35,3,Inactive,5.09,Low Value,No
6828-HMKWP,12,21.05,262.05,4,Inactive,87.35,Low Value,No
5567-WSELE,3,94.6,279.55,8,Loyal Customers,186.37,Medium Value,Yes
1472-TNCWL,36,94.7,3512.5,10,Champions,2927.08,High Value,No
8063-RJYNF,16,94.25,1483.25,9,Loyal Customers,1112.44,High Value,Yes
0687-ZVTHB,65,72.45,4653.85,11,Champions,4266.03,Premium,Yes
2080-GKCWQ,2,74.95,151.75,6,At Risk,75.88,Low Value,No
9661-ACXBS,42,105.2,4400.75,11,Champions,4034.02,Premium,Yes
2193-SFWQW,72,111.95,8033.1,12,Champions,8033.1,Premium,No
5656-JAMLX,62,19.85,1253.65,6,At Risk,626.83,Medium Value,No
3462-BJQQA,6,89.75,552.65,7,At Risk,322.38,Medium Value,No
0442-TDYUO,48,20.05,1036.0,5,Inactive,431.67,Medium Value,No
6733-LRIZX,35,108.95,4025.5,11,Champions,3690.04,Premium,No
9503-XJUME,52,19.65,928.4,5,Inactive,386.83,Medium Value,No
4367-NHWMM,1,24.9,24.9,3,Inactive,6.22,Low Value,No
3727-RJMEO,6,82.85,460.25,7,At Risk,268.48,Medium Value,Yes
3779-OSWCF,71,93.2,6506.15,12,Champions,6506.15,Premium,No
6736-DHUQI,67,84.8,5598.3,10,Champions,4665.25,Premium,No
3915-ODIYG,60,71.75,4374.55,11,Champions,4010.0,Premium,No
1360-RCYRT,23,30.35,678.75,4,Inactive,226.25,Medium Value,No
2724-FJDYW,39,54.85,2191.7,8,Loyal Customers,1461.13,High Value,No
4451-RWASJ,15,19.5,239.75,4,Inactive,79.92,Low Value,No
6646-VRFOL,53,103.85,5485.5,11,Champions,5028.38,Premium,Yes
3460-TJBWI,24,24.2,609.05,5,Inactive,253.77,Medium Value,No
5917-HBSDW,37,19.35,683.75,5,Inactive,284.9,Medium Value,No
5685-IIXLY,5,83.6,404.2,7,At Risk,235.78,Medium Value,Yes
5671-UUNXD,50,100.65,5189.75,11,Champions,4757.27,Premium,No
0956-ACVZC,54,94.1,5060.9,10,Champions,4217.42,Premium,No
2325-NBPZG,3,74.55,233.65,6,At Risk,116.82,Low Value,No
4250-ZBWLV,68,108.45,7176.55,12,Champions,7176.55,Premium,Yes
4482-FTFFX,5,56.15,291.45,6,At Risk,145.72,Low Value,No
8859-DZTGQ,33,20.35,689.75,5,Inactive,287.4,Medium Value,No
0440-MOGPM,41,80.55,3263.9,10,Champions,2719.92,High Value,No
0020-JDNXP,34,61.25,1993.2,9,Loyal Customers,1494.9,High Value,No
3752-CQSJI,13,20.45,254.5,4,Inactive,84.83,Low Value,No
5025-GOOKI,20,18.9,347.65,4,Inactive,115.88,Low Value,No
4698-KVLLG,51,19.6,967.9,5,Inactive,403.29,Medium Value,No
5095-AESKG,3,91.5,242.95,8,Loyal Customers,161.97,Low Value,Yes
2887-JPYLU,41,45.2,1841.9,6,At Risk,920.95,High Value,No
4770-QAZXN,13,19.45,232.1,4,Inactive,77.37,Low Value,No
4896-CPRPF,35,25.45,809.25,6,At Risk,404.62,Medium Value,No
1871-MOWRM,12,80.85,866.45,8,Loyal Customers,577.63,Medium Value,Yes
9714-EDSUC,4,94.9,360.55,9,Loyal Customers,270.41,Medium Value,No
2027-OAQQC,43,49.05,2076.2,8,Loyal Customers,1384.13,High Value,Yes
0282-NVSJS,12,29.3,355.9,4,Inactive,118.63,Low Value,No
9090-SGQXL,68,105.3,7299.65,12,Champions,7299.65,Premium,Yes
6595-YGXIT,25,88.95,2291.2,8,Loyal Customers,1527.47,High Value,Yes
7353-YOWFP,7,20.25,129.15,3,Inactive,32.29,Low Value,No
9835-ZIITK,66,110.85,7491.75,12,Champions,7491.75,Premium,Yes
8008-ESFLK,53,110.5,5835.5,11,Champions,5349.21,Premium,No
7537-CBQUZ,63,109.4,7031.45,12,Champions,7031.45,Premium,No
1555-DJEQW,70,114.2,7723.9,12,Champions,7723.9,Premium,Yes
5649-TJHOV,27,36.5,1032.0,5,Inactive,430.0,Medium Value,Yes
0519-XUZJU,1,70.75,70.75,5,Inactive,29.48,Low Value,Yes
3363-EWLGO,5,19.95,109.6,3,Inactive,27.4,Low Value,No
4750-UKWJK,37,19.6,727.8,5,Inactive,303.25,Medium Value,No
6338-AVWCY,3,40.15,130.75,5,Inactive,54.48,Low Value,Yes
1689-YQBYY,12,76.6,893.0,7,At Risk,520.92,Medium Value,No
4487-ZYJZK,38,19.6,763.1,5,Inactive,317.96,Medium Value,No
2959-FENLU,9,85.3,781.4,7,At Risk,455.82,Medium Value,No
0708-LGSMF,13,65.85,902.25,7,At Risk,526.31,Medium Value,No
9253-QXKBE,29,94.45,2653.65,9,Loyal Customers,1990.24,High Value,Yes
7634-HLQJR,47,20.05,1016.7,5,Inactive,423.63,Medium Value,No
0487-RPVUM,61,99.4,5943.65,12,Champions,5943.65,Premium,No
4079-ULGFR,16,20.0,275.7,4,Inactive,91.9,Low Value,No
2516-XSJKX,41,78.45,3126.45,10,Champions,2605.38,High Value,No
0057-QBUQH,43,25.1,1070.15,6,At Risk,535.08,Medium Value,No
9445-SZLCH,36,97.35,3457.9,11,Champions,3169.74,Premium,Yes
6599-SFQVE,6,55.0,340.4,5,Inactive,141.83,Low Value,No
8331-ZXFOE,58,71.1,4299.2,11,Champions,3940.93,Premium,No
4003-FUSHP,19,61.55,1093.2,7,At Risk,637.7,Medium Value,No
0356-ERHVT,11,45.9,521.9,5,Inactive,217.46,Medium Value,No
7325-ENZFI,39,40.3,1630.4,8,Loyal Customers,1086.93,High Value,No
4884-ZTHVF,8,87.1,713.6,7,At Risk,416.27,Medium Value,No
3920-HIHMQ,26,49.5,1265.65,6,At Risk,632.83,Medium Value,No
3055-OYMSE,53,73.8,4003.85,8,Loyal Customers,2669.23,High Value,No
0613-WUXUM,70,19.2,1401.4,6,At Risk,700.7,Medium Value,No
7568-PODML,1,45.3,45.3,5,Inactive,18.88,Low Value,Yes
4458-KVRBJ,59,25.0,1510.5,7,At Risk,881.12,High Value,No
5349-IECLD,2,94.95,178.1,8,Loyal Customers,118.73,Low Value,Yes
1397-XKKWR,7,35.3,264.8,4,Inactive,88.27,Low Value,No
3945-GFWQL,12,44.55,480.6,5,Inactive,200.25,Medium Value,Yes
8097-OMULG,59,76.75,4541.9,11,Champions,4163.41,Premium,No
6013-BHCAW,61,81.0,4976.15,11,Champions,4561.47,Premium,No
0401-WDBXM,72,105.55,7542.25,12,Champions,7542.25,Premium,No
3387-PLKUI,13,18.8,251.25,4,Inactive,83.75,Low Value,No
6096-EGVTU,64,24.9,1595.5,7,At Risk,930.71,High Value,No
3797-VTIDR,1,23.45,23.45,3,Inactive,5.86,Low Value,Yes
5081-NWSUP,10,64.9,685.55,7,At Risk,399.9,Medium Value,No
2580-ATZSQ,65,61.35,3874.1,9,Loyal Customers,2905.58,High Value,No
8085-MSNLK,62,113.95,6891.4,12,Champions,6891.4,Premium,No
9691-HKOVS,55,90.15,4916.95,11,Champions,4507.2,Premium,No
9881-VCZEP,25,54.1,1373.0,7,At Risk,800.92,Medium Value,No
9526-BIHHD,1,29.7,29.7,3,Inactive,7.42,Low Value,Yes
8757-TFHHJ,1,49.8,49.8,5,Inactive,20.75,Low Value,No
4523-WXCEF,59,101.1,6039.9,12,Champions,6039.9,Premium,Yes
1468-DEFNC,64,24.4,1548.65,7,At Risk,903.38,High Value,No
5119-KEPFY,36,95.0,3440.25,10,Champions,2866.88,High Value,No
8364-TRMMK,3,50.65,151.3,5,Inactive,63.04,Low Value,Yes
0916-KNFAJ,61,69.9,4226.7,10,Champions,3522.25,Premium,No
8319-QBEHW,26,39.95,1023.75,6,At Risk,511.88,Medium Value,No
3063-QFSZL,1,55.4,55.4,5,Inactive,23.08,Low Value,Yes
8775-LHDJH,1,90.6,90.6,8,Loyal Customers,60.4,Low Value,Yes
9625-QNLUX,68,103.25,7074.4,12,Champions,7074.4,Premium,No
3097-NQYSN,2,86.85,156.35,7,At Risk,91.2,Low Value,Yes
4024-CSNBY,72,94.25,6849.75,12,Champions,6849.75,Premium,No
7110-BDTWG,71,47.05,3263.6,9,Loyal Customers,2447.7,High Value,No
7493-GVFIO,57,20.55,1252.85,6,At Risk,626.42,Medium Value,No
0690-SRQID,4,19.65,67.55,3,Inactive,16.89,Low Value,No
9605-WGJVW,1,70.2,70.2,4,Inactive,23.4,Low Value,No
9114-DPSIA,72,81.0,5750.0,11,Champions,5270.83,Premium,No
4700-UBQMV,21,75.9,1549.75,9,Loyal Customers,1162.31,High Value,No
7711-GQBZC,71,24.7,1810.55,7,At Risk,1056.15,High Value,No
3565-UNOCC,29,99.05,2952.85,10,Champions,2460.71,High Value,Yes
4627-MIHJH,69,110.25,7467.55,12,Champions,7467.55,Premium,No
9795-NREXC,64,85.0,5484.4,11,Champions,5027.37,Premium,No
8573-CGOCC,16,19.75,294.9,4,Inactive,98.3,Low Value,No
7356-AYNJP,4,23.9,97.5,4,Inactive,32.5,Low Value,No
9249-FXSCK,52,111.25,5916.45,11,Champions,5423.41,Premium,Yes
5493-SDRDQ,2,55.1,113.35,6,At Risk,56.68,Low Value,Yes
6286-SUUWT,1,19.95,19.95,3,Inactive,4.99,Low Value,No
4819-HJPIW,18,25.15,476.8,4,Inactive,158.93,Low Value,No
8654-DHAOW,2,54.15,101.65,6,At Risk,50.82,Low Value,No
5438-QMDDL,19,59.8,1130.85,7,At Risk,659.66,Medium Value,No
9812-GHVRI,40,83.85,3532.25,9,Loyal Customers,2649.19,High Value,No
5553-AOINX,66,104.9,6891.45,12,Champions,6891.45,Premium,No
1228-ZLNBX,21,75.3,1570.7,7,At Risk,916.24,High Value,No
4226-KKDON,8,66.65,520.95,6,At Risk,260.48,Medium Value,No
3831-YCPUO,72,109.5,7854.9,12,Champions,7854.9,Premium,No
7445-WMRBW,48,73.85,3581.4,10,Champions,2984.5,High Value,No
3308-DGHKL,69,19.3,1447.9,6,At Risk,723.95,Medium Value,No
9924-JPRMC,72,118.2,8547.15,12,Champions,8547.15,Premium,No
0080-EMYVY,14,51.45,727.85,6,At Risk,363.92,Medium Value,No
6218-KNUBD,6,59.45,357.6,6,At Risk,178.8,Medium Value,No
7337-CINUD,8,19.5,159.35,3,Inactive,39.84,Low Value,No
7609-NRNCA,17,19.55,280.85,4,Inactive,93.62,Low Value,No
0623-EJQEG,65,93.55,6069.25,12,Champions,6069.25,Premium,No
7153-CHRBV,57,59.3,3274.35,9,Loyal Customers,2455.76,High Value,No
0871-URUWO,13,102.25,1359.0,10,Champions,1132.5,High Value,Yes
9190-MFJLN,19,95.9,1777.9,9,Loyal Customers,1333.43,High Value,Yes
6198-PNNSZ,56,109.8,6109.65,12,Champions,6109.65,Premium,No
3317-VLGQT,14,78.1,1122.4,7,At Risk,654.73,Medium Value,No
4132-POCZS,52,39.9,2020.9,7,At Risk,1178.86,High Value,No
5614-DNZCE,58,64.9,3795.45,10,Champions,3162.88,Premium,No
1095-JUDTC,47,95.05,4504.55,11,Champions,4129.17,Premium,Yes
3896-RCYYE,67,53.4,3579.15,9,Loyal Customers,2684.36,High Value,No
9638-JIQYA,2,24.9,49.7,3,Inactive,12.42,Low Value,No
3258-SANFR,6,44.7,276.5,4,Inactive,92.17,Low Value,No
3726-TBHQT,71,114.0,8175.9,12,Champions,8175.9,Premium,No
3190-ITQXP,46,20.25,890.35,5,Inactive,370.98,Medium Value,No
0870-VEMYL,5,53.85,259.8,6,At Risk,129.9,Low Value,Yes
4833-QTJNO,67,83.85,5588.8,10,Champions,4657.33,Premium,No
3039-MJSLN,3,20.2,50.6,3,Inactive,12.65,Low Value,No
0178-CIIKR,3,19.95,58.0,3,Inactive,14.5,Low Value,No
5385-SUIRI,52,104.2,5568.35,11,Champions,5104.32,Premium,Yes
3982-XWFZQ,42,50.25,2203.65,7,At Risk,1285.46,High Value,Yes
5774-QPLTF,50,20.35,938.95,5,Inactive,391.23,Medium Value,No
2322-VCZHZ,23,90.0,2024.1,9,Loyal Customers,1518.07,High Value,No
5010-IPEAQ,67,54.2,3623.95,10,Champions,3019.96,Premium,No
4009-ALQFH,25,99.5,2369.05,10,Champions,1974.21,High Value,Yes
6383-ZTSIW,39,99.1,3877.95,11,Champions,3554.79,Premium,No
8990-YOZLV,69,66.9,4577.9,10,Champions,3814.92,Premium,No
3069-SSVSN,1,25.85,25.85,3,Inactive,6.46,Low Value,No
5222-IMUKT,32,91.05,2871.5,10,Champions,2392.92,High Value,No
3627-FCRDW,9,71.0,672.55,5,Inactive,280.23,Medium Value,Yes
7562-GSUHK,16,93.2,1573.7,9,Loyal Customers,1180.28,High Value,Yes
6685-XSHHU,60,20.95,1270.55,6,At Risk,635.28,Medium Value,No
8901-UPRHR,72,109.2,7711.45,12,Champions,7711.45,Premium,No
4903-UYAVB,5,19.35,126.05,3,Inactive,31.51,Low Value,Yes
0118-JPNOY,26,85.8,2193.65,8,Loyal Customers,1462.43,High Value,No
6776-TLWOI,3,19.85,64.55,3,Inactive,16.14,Low Value,Yes
3845-FXCYS,2,19.65,31.2,3,Inactive,7.8,Low Value,No
5857-XRECV,2,20.5,38.25,3,Inactive,9.56,Low Value,No
0725-CXOTM,36,89.65,3348.1,10,Champions,2790.08,High Value,No
4343-EJVQB,7,74.35,533.6,6,At Risk,266.8,Medium Value,No
9000-PLFUZ,60,49.45,2907.55,9,Loyal Customers,2180.66,High Value,No
3427-GGZZI,19,89.1,1620.8,8,Loyal Customers,1080.53,High Value,No
7779-ORAEL,45,75.15,3480.35,10,Champions,2900.29,High Value,No
0644-OQMDK,4,70.65,293.85,5,Inactive,122.44,Low Value,No
4077-CROMM,31,104.2,3243.45,11,Champions,2973.16,High Value,Yes
3154-CFSZG,47,90.05,4137.2,10,Champions,3447.67,Premium,No
2868-MZAGQ,1,79.25,79.25,6,At Risk,39.62,Low Value,Yes
4847-QNOKA,1,44.9,44.9,4,Inactive,14.97,Low Value,Yes
2220-IAHLS,1,19.4,19.4,3,Inactive,4.85,Low Value,No
1658-XUHBX,59,88.75,5348.65,10,Champions,4457.21,Premium,No
6379-RXJRQ,10,70.1,659.65,5,Inactive,274.85,Medium Value,Yes
2378-HTWFW,35,91.0,3180.5,10,Champions,2650.42,High Value,No
8650-RHRKE,4,29.65,118.5,3,Inactive,29.62,Low Value,Yes
4377-VDHYI,32,90.8,3023.85,10,Champions,2519.88,High Value,No
0475-RIJEP,43,77.85,3365.85,9,Loyal Customers,2524.39,High Value,Yes
1260-TTRXI,4,54.3,195.3,5,Inactive,81.38,Low Value,Yes
3719-TDVQB,54,18.95,1031.1,5,Inactive,429.62,Medium Value,No
6328-ZPBGN,11,95.15,997.65,9,Loyal Customers,748.24,Medium Value,Yes
0201-MIBOL,66,102.4,6471.85,12,Champions,6471.85,Premium,No
4937-QPZPO,61,99.9,6241.35,12,Champions,6241.35,Premium,No
2925-VDZHY,72,88.7,6501.35,11,Champions,5959.57,Premium,No
6981-TDRFT,44,54.3,2317.1,8,Loyal Customers,1544.73,High Value,No
3413-CSSTH,41,55.7,2237.55,8,Loyal Customers,1491.7,High Value,No
8033-VCZGH,50,103.95,5231.3,11,Champions,4795.36,Premium,No
4789-KWMXN,47,110.85,5275.8,11,Champions,4836.15,Premium,Yes
0224-NIJLP,8,20.15,165.5,3,Inactive,41.38,Low Value,No
7542-CYDDM,18,20.05,358.5,4,Inactive,119.5,Low Value,No
4718-WXBGI,72,91.95,6614.9,12,Champions,6614.9,Premium,No
2867-UIMSS,1,80.5,80.5,6,At Risk,40.25,Low Value,Yes
8495-PRWFH,42,55.65,2421.75,8,Loyal Customers,1614.5,High Value,No
0439-IFYUN,18,74.7,1294.6,7,At Risk,755.18,Medium Value,No
5716-LIBJC,13,104.15,1299.1,10,Champions,1082.58,High Value,No
2868-LLSKM,68,83.65,5733.4,10,Champions,4777.83,Premium,No
8111-RKSPX,4,72.2,305.55,6,At Risk,152.78,Low Value,Yes
2988-QRAJY,69,110.05,7430.75,12,Champions,7430.75,Premium,No
1585-MQSSU,17,51.5,900.5,6,At Risk,450.25,Medium Value,Yes
0071-NDAFP,25,25.5,630.6,5,Inactive,262.75,Medium Value,No
2856-NNASM,43,89.55,3856.75,9,Loyal Customers,2892.56,High Value,Yes
7328-ZJAJO,59,19.5,1222.65,6,At Risk,611.33,Medium Value,No
6458-CYIDZ,5,80.7,374.8,7,At Risk,218.63,Medium Value,No
8559-CIZFV,21,77.5,1625.0,9,Loyal Customers,1218.75,High Value,Yes
1090-PYKCI,69,105.1,7234.8,12,Champions,7234.8,Premium,No
3058-WQDRE,13,25.15,331.85,4,Inactive,110.62,Low Value,No
7547-EKNFS,42,95.25,3959.35,11,Champions,3629.4,Premium,Yes
2279-AXJJK,52,95.65,5088.4,11,Champions,4664.37,Premium,No
6769-DYBQN,46,85.0,3969.4,9,Loyal Customers,2977.05,High Value,Yes
0909-SELIE,61,80.8,4860.85,11,Champions,4455.78,Premium,No
3417-TSCIC,29,24.85,788.05,4,Inactive,262.68,Medium Value,No
1042-HFUCW,25,54.75,1266.35,7,At Risk,738.7,Medium Value,No
4439-JMPMT,5,85.75,470.95,7,At Risk,274.72,Medium Value,Yes
6537-OTKMY,15,50.75,688.2,7,At Risk,401.45,Medium Value,No
8999-EXMNO,19,20.15,387.7,4,Inactive,129.23,Low Value,No
6725-TPKJO,44,20.05,845.25,5,Inactive,352.19,Medium Value,No
2446-BEGGB,6,98.25,560.6,9,Loyal Customers,420.45,Medium Value,Yes
7162-WPHPM,58,71.6,4230.25,11,Champions,3877.73,Premium,No
1599-MMYRQ,62,81.45,4983.05,10,Champions,4152.54,Premium,No
8821-KVZKQ,70,58.4,4113.15,10,Champions,3427.62,Premium,No
1496-GGSUK,1,25.7,25.7,3,Inactive,6.42,Low Value,Yes
6434-TTGJP,10,53.7,521.0,8,Loyal Customers,347.33,Medium Value,No
0042-JVWOJ,26,19.6,471.85,4,Inactive,157.28,Low Value,No
0130-SXOUN,66,89.4,5976.9,10,Champions,4980.75,Premium,No
2575-GFSOE,7,69.0,506.9,4,Inactive,168.97,Medium Value,Yes
2330-PQGDQ,51,84.2,4299.75,9,Loyal Customers,3224.81,Premium,No
1452-UZOSF,72,106.1,7548.6,12,Champions,7548.6,Premium,No
2097-YVPKN,65,25.75,1654.75,7,At Risk,965.27,High Value,No
2842-JTCCU,2,46.05,80.35,4,Inactive,26.78,Low Value,Yes
8597-CTXVJ,70,64.95,4551.5,10,Champions,3792.92,Premium,No
6631-HMANX,72,85.45,6227.5,11,Champions,5708.54,Premium,No
9962-BFPDU,1,20.05,20.05,3,Inactive,5.01,Low Value,No
3296-SILRA,1,76.4,76.4,6,At Risk,38.2,Low Value,Yes
9681-OXGVC,5,100.5,514.0,9,Loyal Customers,385.5,Medium Value,Yes
6394-HHHZM,3,20.7,57.5,3,Inactive,14.38,Low Value,No
5995-LFTLE,58,25.3,1474.35,7,At Risk,860.04,High Value,No
5180-UCIIQ,22,40.05,880.2,6,At Risk,440.1,Medium Value,Yes
1932-UEDCX,33,100.6,3270.25,11,Champions,2997.73,High Value,No
7153-OANIO,1,69.95,69.95,4,Inactive,23.32,Low Value,Yes
5188-HGMLP,54,74.0,3919.15,8,Loyal Customers,2612.77,High Value,No
0665-XHDJU,72,99.4,7285.7,12,Champions,7285.7,Premium,No
6521-YYTYI,1,93.3,93.3,8,Loyal Customers,62.2,Low Value,Yes
8878-HMWBV,3,49.15,169.05,5,Inactive,70.44,Low Value,Yes
8265-HKSOW,72,107.45,7658.3,12,Champions,7658.3,Premium,No
3544-FBCAS,72,83.6,5959.3,11,Champions,5462.69,Premium,No
5331-RGMTT,54,99.05,5295.7,11,Champions,4854.39,Premium,No
4759-PXTAN,59,80.1,4693.2,11,Champions,4302.1,Premium,No
7054-DMVAS,54,65.3,3512.9,8,Loyal Customers,2341.93,High Value,No
3428-MMGUB,60,89.55,5231.2,10,Champions,4359.33,Premium,No
6549-BTYPG,60,60.8,3603.45,10,Champions,3002.88,High Value,No
7823-JSOAG,3,74.5,217.45,6,At Risk,108.72,Low Value,No
3705-RHRFR,69,99.15,6875.35,12,Champions,6875.35,Premium,No
9374-YOLBJ,1,19.25,19.25,3,Inactive,4.81,Low Value,No
9074-KGVOX,50,39.45,2021.35,7,At Risk,1179.12,High Value,No
6128-DAFVY,56,44.85,2564.95,8,Loyal Customers,1709.97,High Value,No
9933-QRGTX,60,97.2,5611.75,12,Champions,5611.75,Premium,No
4476-OSWTN,69,110.55,7610.1,12,Champions,7610.1,Premium,No
3751-KTZEL,1,35.05,35.05,3,Inactive,8.76,Low Value,Yes
1977-STDKI,1,73.0,73.0,6,At Risk,36.5,Low Value,Yes
5066-GFJMM,3,19.9,45.75,3,Inactive,11.44,Low Value,No
2661-GKBTK,60,76.95,4543.95,11,Champions,4165.29,Premium,No
0458-HEUZG,13,35.4,450.4,5,Inactive,187.67,Medium Value,No
7268-WNTCP,62,20.45,1297.35,6,At Risk,648.67,Medium Value,No
0824-VWDPO,45,96.75,4442.75,11,Champions,4072.52,Premium,No
8409-WQJUX,25,54.2,1423.15,7,At Risk,830.17,High Value,No
2578-JQPHZ,44,100.1,4378.35,11,Champions,4013.49,Premium,No
3278-FSIXX,2,45.25,74.2,4,Inactive,24.73,Low Value,No
5813-UECBU,33,83.85,2716.3,9,Loyal Customers,2037.22,High Value,Yes
0328-GRPMV,1,70.1,70.1,4,Inactive,23.37,Low Value,Yes
9746-UGFAC,22,20.85,450.65,4,Inactive,150.22,Low Value,No
2946-KIQSP,35,33.45,1175.85,6,At Risk,587.92,Medium Value,No
0625-AFOHS,29,20.2,558.8,4,Inactive,186.27,Medium Value,No
6726-WEXXK,27,85.9,2220.1,8,Loyal Customers,1480.07,High Value,No
4636-OLWOE,54,61.0,3283.05,8,Loyal Customers,2188.7,High Value,No
4342-HENTK,2,70.65,142.35,5,Inactive,59.31,Low Value,Yes
4685-ERGHK,57,86.9,4939.25,10,Champions,4116.04,Premium,No
0885-HMGPY,62,69.4,4237.5,10,Champions,3531.25,Premium,No
5003-OKNNK,15,20.35,335.95,4,Inactive,111.98,Low Value,No
4195-SMMNX,2,20.35,33.2,3,Inactive,8.3,Low Value,Yes
7208-PSIHR,70,104.3,7188.5,12,Champions,7188.5,Premium,No
4012-ZTHBR,21,44.95,926.25,5,Inactive,385.94,Medium Value,No
0489-WMEMG,23,49.45,1119.35,6,At Risk,559.67,Medium Value,No
7435-ZNUYY,6,20.6,116.6,3,Inactive,29.15,Low Value,No
1354-YZFNB,4,19.55,68.8,3,Inactive,17.2,Low Value,No
6956-SMUCM,3,99.0,287.4,9,Loyal Customers,215.55,Medium Value,Yes
2985-FMWYF,23,93.5,2341.55,9,Loyal Customers,1756.16,High Value,No
2812-ENYMO,26,54.55,1362.85,7,At Risk,795.0,Medium Value,No
2717-HVIZY,8,20.05,163.6,3,Inactive,40.9,Low Value,No
3223-WZWJM,26,83.95,2254.2,8,Loyal Customers,1502.8,High Value,Yes
3422-GALYP,2,79.45,145.15,7,At Risk,84.67,Low Value,No
9053-JZFKV,67,116.2,7752.3,12,Champions,7752.3,Premium,Yes
2530-ENDWQ,71,93.7,6585.35,11,Champions,6036.57,Premium,Yes
2890-WFBHU,59,79.85,4786.1,11,Champions,4387.26,Premium,No
0327-WFZSY,39,100.0,3835.55,11,Champions,3515.92,Premium,No
7977-HXJKU,21,19.6,397.0,4,Inactive,132.33,Low Value,No
6615-ZGEDR,1,19.7,19.7,3,Inactive,4.92,Low Value,Yes
7033-CLAMM,48,20.2,1027.25,5,Inactive,428.02,Medium Value,No
4023-RTIQM,31,50.4,1580.1,8,Loyal Customers,1053.4,High Value,No
0864-FVJNJ,64,113.35,7222.75,12,Champions,7222.75,Premium,No
7356-IWLFW,46,80.0,3769.7,9,Loyal Customers,2827.27,High Value,No
9541-PWTWO,52,80.95,4233.95,10,Champions,3528.29,Premium,No
3967-VQOGC,67,24.9,1680.25,7,At Risk,980.15,High Value,No
7872-RDDLZ,67,54.9,3725.5,9,Loyal Customers,2794.12,High Value,No
9250-WYPLL,5,75.55,413.65,6,At Risk,206.82,Medium Value,Yes
6308-CQRBU,71,109.25,7707.7,12,Champions,7707.7,Premium,No
2754-XBHTB,9,77.65,714.15,6,At Risk,357.08,Medium Value,Yes
1597-LHYNC,26,95.0,2497.2,10,Champions,2081.0,High Value,Yes
0186-CAERR,71,116.3,8309.55,12,Champions,8309.55,Premium,No
3043-SUDUA,32,19.9,601.55,5,Inactive,250.65,Medium Value,No
5442-BHQNG,2,70.35,139.25,4,Inactive,46.42,Low Value,No
2169-RRLFW,71,25.6,1888.25,7,At Risk,1101.48,High Value,No
5872-OEQNH,60,44.45,2773.9,9,Loyal Customers,2080.43,High Value,No
3162-KKZXO,55,100.15,5409.75,11,Champions,4958.94,Premium,No
7055-VKGDA,54,105.4,5643.4,11,Champions,5173.12,Premium,Yes
0754-UKWQP,2,95.85,197.7,8,Loyal Customers,131.8,Low Value,Yes
8873-GLDMH,6,73.85,401.3,6,At Risk,200.65,Medium Value,No
5696-JVVQY,48,70.1,3238.4,9,Loyal Customers,2428.8,High Value,No
8946-BFWSG,63,25.25,1573.05,7,At Risk,917.61,High Value,No
7493-TPUWZ,1,79.15,79.15,7,At Risk,46.17,Low Value,Yes
0547-HURJB,12,21.05,235.8,4,Inactive,78.6,Low Value,No
8904-OPDCK,54,24.95,1364.75,5,Inactive,568.65,Medium Value,No
8845-LWKGE,30,64.5,1985.15,8,Loyal Customers,1323.43,High Value,No
1577-HKTFG,30,19.65,655.85,5,Inactive,273.27,Medium Value,Yes
8752-STIVR,4,79.0,303.15,6,At Risk,151.57,Low Value,Yes
0691-NIKRI,40,105.95,4335.2,11,Champions,3973.93,Premium,No
5022-JNQEQ,9,75.85,647.5,6,At Risk,323.75,Medium Value,No
4558-FANTW,17,91.85,1574.45,9,Loyal Customers,1180.84,High Value,Yes
3249-VHRIP,62,43.6,2748.7,9,Loyal Customers,2061.52,High Value,No
3736-BLEPA,28,91.25,2483.65,9,Loyal Customers,1862.74,High Value,No
4701-LKOZD,70,89.75,6367.2,11,Champions,5836.6,Premium,No
6603-QWSPR,46,104.4,4904.2,11,Champions,4495.52,Premium,No
9921-QFQUL,23,90.15,2044.95,9,Loyal Customers,1533.71,High Value,No
1929-ZCBHE,47,40.3,1794.8,8,Loyal Customers,1196.53,High Value,No
4378-MYPGO,68,105.25,7173.15,12,Champions,7173.15,Premium,No
8651-ENBZX,60,106.0,6441.4,12,Champions,6441.4,Premium,Yes
4129-LYCOI,67,104.0,7039.05,12,Champions,7039.05,Premium,No
7798-JVXYM,14,69.65,921.4,7,At Risk,537.48,Medium Value,No
8647-SDTWQ,57,74.3,4018.35,9,Loyal Customers,3013.76,Premium,No
2696-ECXKC,55,100.9,5448.6,11,Champions,4994.55,Premium,No
2081-KJSQF,1,20.25,20.25,3,Inactive,5.06,Low Value,No
7623-TRNQN,1,49.9,49.9,5,Inactive,20.79,Low Value,Yes
3323-CPBWR,23,96.9,2085.45,10,Champions,1737.88,High Value,No
9330-IJWIO,13,100.35,1358.85,10,Champions,1132.38,High Value,Yes
3384-CTMSF,47,104.1,5135.15,11,Champions,4707.22,Premium,No
0902-RFHOF,38,20.1,730.1,5,Inactive,304.21,Medium Value,No
9286-DOJGF,38,74.95,2869.85,8,Loyal Customers,1913.23,High Value,Yes
6048-QBXKL,2,56.55,118.25,6,At Risk,59.12,Low Value,No
9661-MHUMO,1,49.25,49.25,5,Inactive,20.52,Low Value,Yes
7718-RXDGG,15,68.6,1108.6,5,Inactive,461.92,Medium Value,No
1025-FALIX,26,69.05,1815.65,5,Inactive,756.52,Medium Value,No
3451-VAWLI,35,19.7,730.4,5,Inactive,304.33,Medium Value,No
3407-QGWLG,3,20.05,75.45,3,Inactive,18.86,Low Value,No
1842-EZJMK,50,103.7,5071.05,11,Champions,4648.46,Premium,Yes
2347-WKKAE,42,94.4,4014.6,11,Champions,3680.05,Premium,No
8735-DCXNF,10,54.95,568.85,7,At Risk,331.83,Medium Value,No
3214-IYUUQ,61,93.7,5860.7,12,Champions,5860.7,Premium,No
1936-UAFEH,68,110.25,7279.35,12,Champions,7279.35,Premium,No
3587-PMCOY,10,98.9,1064.95,10,Champions,887.46,High Value,No
8079-XRJRS,65,89.75,5769.6,11,Champions,5288.8,Premium,Yes
1027-LKKQQ,72,80.45,5886.85,11,Champions,5396.28,Premium,No
7148-XZPHA,55,79.4,4238.45,9,Loyal Customers,3178.84,Premium,No
8073-IJDCM,1,20.3,20.3,3,Inactive,5.08,Low Value,Yes
5309-TAIKL,7,62.8,418.3,6,At Risk,209.15,Medium Value,No
6856-RAURS,2,74.9,136.05,6,At Risk,68.03,Low Value,No
8778-LMWTJ,9,74.85,708.2,6,At Risk,354.1,Medium Value,No
9717-IOAAF,27,25.85,788.55,5,Inactive,328.56,Medium Value,No
8884-ADFVN,7,101.95,700.85,9,Loyal Customers,525.64,Medium Value,Yes
2845-KDHVX,64,68.3,4378.8,10,Champions,3649.0,Premium,No
0848-SOMKO,70,48.4,3442.8,9,Loyal Customers,2582.1,High Value,No
2720-WGKHP,2,94.0,181.7,8,Loyal Customers,121.13,Low Value,Yes
6734-FQAJX,67,105.05,7171.7,12,Champions,7171.7,Premium,No
2869-ADAWR,45,89.3,4016.85,9,Loyal Customers,3012.64,Premium,Yes
1535-VTJOQ,24,25.15,553.0,5,Inactive,230.42,Medium Value,No
6368-TZZDT,4,19.5,96.85,3,Inactive,24.21,Low Value,No
0943-ZQPXH,44,92.95,4122.9,10,Champions,3435.75,Premium,No
1293-BSEUN,72,20.7,1482.3,6,At Risk,741.15,Medium Value,No
9894-EZEWG,1,74.3,74.3,6,At Risk,37.15,Low Value,Yes
1302-TPUBN,66,19.35,1240.8,6,At Risk,620.4,Medium Value,No
7851-FLGGQ,1,44.65,44.65,6,At Risk,22.32,Low Value,Yes
0637-UBJRP,13,84.05,1095.3,8,Loyal Customers,730.2,Medium Value,Yes
0940-OUQEC,10,80.7,788.8,8,Loyal Customers,525.87,Medium Value,Yes
2378-VTKDH,65,104.35,6578.55,12,Champions,6578.55,Premium,No
0927-CNGRH,1,19.55,19.55,3,Inactive,4.89,Low Value,No
8608-OZTLB,38,74.05,2802.3,10,Champions,2335.25,High Value,No
2335-GSODA,23,40.1,857.75,7,At Risk,500.35,Medium Value,No
1952-DVVSW,10,20.1,184.4,4,Inactive,61.47,Low Value,No
0702-PGIBZ,4,101.7,364.55,9,Loyal Customers,273.41,Medium Value,Yes
6656-GULJQ,72,83.55,6093.3,11,Champions,5585.52,Premium,No
9853-JFZDU,35,56.85,1861.1,8,Loyal Customers,1240.73,High Value,No
1963-VAUKV,1,20.4,20.4,3,Inactive,5.1,Low Value,Yes
3777-XROBG,58,19.55,1079.65,6,At Risk,539.83,Medium Value,No
6994-FGRHH,70,106.15,7475.1,12,Champions,7475.1,Premium,No
4000-VGMQP,38,78.95,2862.55,10,Champions,2385.46,High Value,No
3999-WRNGR,60,49.75,3069.45,9,Loyal Customers,2302.09,High Value,No
3466-RITXD,26,92.4,2349.8,10,Champions,1958.17,High Value,No
2680-XKKNJ,8,58.2,469.25,6,At Risk,234.62,Medium Value,No
3058-HJCUY,41,102.6,4213.35,11,Champions,3862.24,Premium,Yes
2974-GGUXS,36,91.95,3301.05,10,Champions,2750.88,High Value,No
7994-XIRTR,54,65.25,3529.95,8,Loyal Customers,2353.3,High Value,No
3259-FDWOY,71,106.0,7723.7,12,Champions,7723.7,Premium,Yes
2101-RANCD,55,73.1,4144.9,8,Loyal Customers,2763.27,High Value,No
7921-BEPCI,72,59.75,4265.0,9,Loyal Customers,3198.75,Premium,No
0807-ZABDG,3,55.1,154.65,6,At Risk,77.32,Low Value,Yes
8510-TMWYB,54,59.8,3246.45,8,Loyal Customers,2164.3,High Value,No
3258-ZKPAI,72,116.6,8337.45,12,Champions,8337.45,Premium,No
1428-IEDPR,52,109.3,5731.4,11,Champions,5253.78,Premium,No
5298-GSTLM,60,101.4,6176.6,12,Champions,6176.6,Premium,No
4450-YOOHP,39,50.65,1905.4,8,Loyal Customers,1270.27,High Value,No
6728-CZFEI,15,56.15,931.9,6,At Risk,465.95,Medium Value,No
5748-RNCJT,69,106.5,7348.8,12,Champions,7348.8,Premium,Yes
3653-NCRDJ,43,19.2,776.25,5,Inactive,323.44,Medium Value,No
6121-TNHBO,63,83.0,5243.05,11,Champions,4806.13,Premium,No
5119-NZPTV,2,70.1,141.65,4,Inactive,47.22,Low Value,No
6519-ZHPXP,72,108.3,7679.65,12,Champions,7679.65,Premium,No
7739-LAXOG,32,91.05,2954.5,10,Champions,2462.08,High Value,Yes
3472-QPRCH,40,25.25,1006.9,6,At Risk,503.45,Medium Value,No
8224-UAXBZ,58,45.35,2540.1,9,Loyal Customers,1905.07,High Value,No
9610-WCESF,67,43.9,3097.2,9,Loyal Customers,2322.9,High Value,No
9776-CLUJA,51,77.5,3807.35,9,Loyal Customers,2855.51,High Value,Yes
2486-WYVVE,31,79.3,2484.0,10,Champions,2070.0,High Value,No
3865-ZYKAD,69,84.9,5785.65,10,Champions,4821.38,Premium,No
1422-DGUBX,32,79.25,2619.15,9,Loyal Customers,1964.36,High Value,No
2999-AANRQ,21,71.05,1524.85,9,Loyal Customers,1143.64,High Value,No
8668-KNZTI,52,53.75,2790.65,8,Loyal Customers,1860.43,High Value,No
0480-KYJVA,72,24.25,1784.5,7,At Risk,1040.96,High Value,No
6034-ZRYCV,72,54.2,3937.45,9,Loyal Customers,2953.09,High Value,Yes
9746-YKGXB,52,44.25,2276.1,8,Loyal Customers,1517.4,High Value,No
3926-YZVVX,41,50.05,2029.05,7,At Risk,1183.61,High Value,No
6000-UKLWI,41,20.15,802.35,5,Inactive,334.31,Medium Value,No
2079-FBMZK,6,69.25,418.4,4,Inactive,139.47,Low Value,Yes
6332-FBZRI,67,69.35,4653.25,10,Champions,3877.71,Premium,No
2096-XOTMO,16,19.35,275.9,4,Inactive,91.97,Low Value,No
3266-FTKHB,17,19.15,343.45,4,Inactive,114.48,Low Value,No
8221-EQDGL,35,61.0,2130.45,8,Loyal Customers,1420.3,High Value,No
2346-LOCWC,58,20.5,1191.4,6,At Risk,595.7,Medium Value,No
6608-QQLVK,1,50.5,50.5,5,Inactive,21.04,Low Value,Yes
0298-XACET,52,50.2,2554.0,8,Loyal Customers,1702.67,High Value,No
7560-QJAVJ,70,79.6,5589.45,11,Champions,5123.66,Premium,No
2995-YWTCD,19,24.9,467.7,5,Inactive,194.88,Medium Value,No
3551-HUAZH,1,74.4,74.4,6,At Risk,37.2,Low Value,Yes
9137-UIYPG,35,106.9,3756.45,11,Champions,3443.41,Premium,No
2809-ZMYOQ,32,101.35,3334.9,11,Champions,3056.99,Premium,No
5084-OOVCJ,17,55.35,920.5,7,At Risk,536.96,Medium Value,No
0254-WWRKD,67,50.55,3431.75,8,Loyal Customers,2287.83,High Value,No
7727-SHVZV,9,19.5,150.35,3,Inactive,37.59,Low Value,No
6302-JGYRJ,31,79.45,2587.7,10,Champions,2156.42,High Value,Yes
5339-PXDVH,4,90.65,367.95,8,Loyal Customers,245.3,Medium Value,No
2205-LPVGL,58,89.85,5125.75,11,Champions,4698.6,Premium,No
8782-NUUOL,60,79.0,4801.1,11,Champions,4401.01,Premium,No
3685-YLCMQ,58,104.65,6219.6,12,Champions,6219.6,Premium,Yes
7601-WFVZV,1,19.55,19.55,3,Inactive,4.89,Low Value,No
4609-KNNWG,27,19.9,550.1,4,Inactive,183.37,Medium Value,No
4868-AADLV,66,116.25,7862.25,12,Champions,7862.25,Premium,No
9529-OFXHY,15,87.75,1242.2,8,Loyal Customers,828.13,High Value,No
8634-MPHTR,47,100.05,4871.05,11,Champions,4465.13,Premium,Yes
2669-QVCRG,41,81.3,3190.65,9,Loyal Customers,2392.99,High Value,No
2478-EEWWM,59,44.3,2666.75,8,Loyal Customers,1777.83,High Value,No
9174-IHETN,50,70.35,3533.6,6,At Risk,1766.8,High Value,No
2233-TXSIU,17,44.45,792.15,7,At Risk,462.09,Medium Value,No
9644-UMGQA,6,49.15,295.65,5,Inactive,123.19,Low Value,No
3256-EZDBI,51,29.45,1459.35,5,Inactive,608.06,Medium Value,No
8761-NSOBC,44,100.55,4398.15,11,Champions,4031.64,Premium,Yes
0419-YAAPX,49,85.3,4297.95,9,Loyal Customers,3223.46,Premium,No
8413-VONUO,2,95.65,167.3,8,Loyal Customers,111.53,Low Value,Yes
0872-CASZJ,59,69.1,4096.9,10,Champions,3414.08,Premium,No
4726-DLWQN,50,70.35,3454.6,9,Loyal Customers,2590.95,High Value,No
8164-OCKUJ,59,20.6,1286.0,6,At Risk,643.0,Medium Value,No
3094-JOJAI,18,74.15,1387.0,7,At Risk,809.08,Medium Value,No
9494-MRNYX,10,75.05,786.3,7,At Risk,458.68,Medium Value,No
2599-CZABP,14,44.6,641.25,5,Inactive,267.19,Medium Value,No
7945-PRBVF,35,21.45,705.45,5,Inactive,293.94,Medium Value,No
4544-RXFMG,8,43.45,345.5,4,Inactive,115.17,Low Value,No
0859-YGKFW,18,20.05,345.9,4,Inactive,115.3,Low Value,No
1150-FTQGN,60,94.15,5811.8,12,Champions,5811.8,Premium,No
9223-UCPVT,1,94.4,94.4,8,Loyal Customers,62.93,Low Value,Yes
7196-LIWRH,6,19.55,124.45,3,Inactive,31.11,Low Value,No
5448-VWNAM,19,75.9,1375.6,9,Loyal Customers,1031.7,High Value,No
1177-XZBJL,53,64.15,3491.55,9,Loyal Customers,2618.66,High Value,No
3518-FSTWG,72,109.55,7920.7,12,Champions,7920.7,Premium,No
9330-VOFSZ,60,110.8,6640.7,12,Champions,6640.7,Premium,No
4351-QLCSU,1,55.0,55.0,5,Inactive,22.92,Low Value,Yes
0939-EREMR,13,53.45,718.1,7,At Risk,418.89,Medium Value,No
9389-ACWBI,5,69.95,320.4,4,Inactive,106.8,Low Value,No
5419-JPRRN,1,101.45,101.45,9,Loyal Customers,76.09,Low Value,Yes
3644-QXEHN,13,97.0,1334.45,9,Loyal Customers,1000.84,High Value,No
2911-IJORQ,37,90.6,3358.65,11,Champions,3078.76,Premium,No
5921-NGYRH,64,73.55,4764.0,9,Loyal Customers,3573.0,Premium,No
2100-BDNSN,5,67.95,350.3,7,At Risk,204.34,Medium Value,Yes
5998-DZLYR,61,94.35,5703.0,12,Champions,5703.0,Premium,No
0488-GSLFR,1,69.5,69.5,4,Inactive,23.17,Low Value,Yes
9318-NKNFC,1,18.85,18.85,3,Inactive,4.71,Low Value,Yes
3985-HOYPM,26,19.4,525.55,4,Inactive,175.18,Medium Value,No
9728-FTTVZ,1,69.2,69.2,4,Inactive,23.07,Low Value,Yes
9548-LERKT,24,19.75,483.15,4,Inactive,161.05,Low Value,No
6576-FBXOJ,17,54.6,934.8,7,At Risk,545.3,Medium Value,No
4310-KEDTB,26,29.8,786.5,4,Inactive,262.17,Medium Value,No
7254-IQWOZ,1,69.65,69.65,4,Inactive,23.22,Low Value,Yes
2474-BRUCM,40,101.85,4086.3,11,Champions,3745.78,Premium,Yes
4062-HBMOS,52,103.05,5364.8,11,Champions,4917.73,Premium,No
0742-NXBGR,1,82.3,82.3,7,At Risk,48.01,Low Value,Yes
2676-ISHSF,1,20.3,20.3,3,Inactive,5.08,Low Value,No
9236-NDUCW,21,35.1,770.4,5,Inactive,321.0,Medium Value,No
4753-PADAS,67,105.7,6816.95,12,Champions,6816.95,Premium,No
6103-QCKFX,44,56.25,2419.55,8,Loyal Customers,1613.03,High Value,No
7781-EWARA,70,60.35,4138.7,10,Champions,3448.92,Premium,No
6110-OHIHY,3,79.25,267.6,6,At Risk,133.8,Low Value,Yes
7018-FPXHH,56,59.8,3457.45,9,Loyal Customers,2593.09,High Value,No
5889-LFOLL,13,84.6,1115.2,8,Loyal Customers,743.47,Medium Value,Yes
5708-EVONK,58,93.4,5435.6,12,Champions,5435.6,Premium,Yes
8708-XPXHZ,42,94.2,4186.3,10,Champions,3488.58,Premium,Yes
0616-ATFGB,1,25.05,25.05,3,Inactive,6.26,Low Value,Yes
0572-ZJKLT,46,99.65,4630.2,11,Champions,4244.35,Premium,No
5135-RDDQL,63,50.65,3221.25,8,Loyal Customers,2147.5,High Value,No
1353-LJWEM,11,60.9,688.5,7,At Risk,401.62,Medium Value,No
1794-SWWKL,15,59.65,867.1,7,At Risk,505.81,Medium Value,No
6166-YIPFO,72,64.7,4746.05,10,Champions,3955.04,Premium,No
7016-BPGEU,29,25.1,712.85,4,Inactive,237.62,Medium Value,Yes
6876-ADESB,1,48.95,48.95,5,Inactive,20.4,Low Value,Yes
9332-GYWLO,6,54.85,355.1,5,Inactive,147.96,Low Value,No
1963-SVUCV,1,45.3,45.3,4,Inactive,15.1,Low Value,Yes
4184-VODJZ,63,91.35,5764.7,11,Champions,5284.31,Premium,No
0220-EBGCE,2,85.85,167.3,7,At Risk,97.59,Low Value,Yes
1092-WPIVQ,18,25.1,428.45,5,Inactive,178.52,Medium Value,No
7233-IOQNP,43,34.0,1505.35,6,At Risk,752.68,Medium Value,No
2834-JKOOW,15,45.9,693.45,7,At Risk,404.51,Medium Value,No
2754-VDLTR,10,95.2,930.4,9,Loyal Customers,697.8,Medium Value,Yes
2400-FEQME,55,20.5,1177.95,5,Inactive,490.81,Medium Value,No
3190-XFANI,49,100.6,5069.65,11,Champions,4647.18,Premium,Yes
7551-DACSP,6,55.3,324.25,6,At Risk,162.12,Medium Value,Yes
4957-SREEC,70,20.35,1458.1,6,At Risk,729.05,Medium Value,No
7235-NXZCP,2,74.85,156.4,6,At Risk,78.2,Low Value,Yes
0230-UBYPQ,63,36.1,2298.9,8,Loyal Customers,1532.6,High Value,No
4923-ADWXJ,25,65.8,1679.65,7,At Risk,979.8,High Value,No
1763-KUAAW,18,20.35,369.6,4,Inactive,123.2,Low Value,No
1104-TNLZA,28,105.8,2998.0,10,Champions,2498.33,High Value,No
5195-KPUNQ,53,96.75,5206.55,11,Champions,4772.67,Premium,No
0520-FDVVT,35,102.35,3626.1,11,Champions,3323.92,Premium,Yes
3439-GVUSX,1,24.4,24.4,3,Inactive,6.1,Low Value,No
1444-VVSGW,70,115.65,7968.85,12,Champions,7968.85,Premium,Yes
5712-PTIWW,2,79.85,152.45,7,At Risk,88.93,Low Value,Yes
5949-HGVJL,26,73.05,1959.5,9,Loyal Customers,1469.62,High Value,No
5203-XEHAX,34,64.35,2053.05,8,Loyal Customers,1368.7,High Value,No
1635-HDGFT,19,20.5,398.55,4,Inactive,132.85,Low Value,No
3315-TOTBP,15,76.0,1130.85,7,At Risk,659.66,Medium Value,Yes
8050-XGRVL,62,54.75,3425.35,9,Loyal Customers,2569.01,High Value,No
6661-HBGWL,42,104.75,4323.45,11,Champions,3963.16,Premium,Yes
1518-VOWAV,9,74.65,703.55,8,Loyal Customers,469.03,Medium Value,Yes
9828-QHFBK,24,51.15,1275.7,6,At Risk,637.85,Medium Value,No
3908-MKIMJ,68,41.95,2965.75,9,Loyal Customers,2224.31,High Value,No
5012-YSPJJ,31,54.35,1647.0,8,Loyal Customers,1098.0,High Value,No
5909-ECHUI,1,56.25,56.25,5,Inactive,23.44,Low Value,Yes
1309-BXVOQ,21,106.1,2249.95,10,Champions,1874.96,High Value,Yes
6728-VOIFY,63,96.0,6109.75,11,Champions,5600.6,Premium,No
9317-WZPGV,2,79.75,159.4,6,At Risk,79.7,Low Value,Yes
4891-NLUBA,61,61.45,3751.15,10,Champions,3125.96,Premium,No
2856-HYAPG,1,68.65,68.65,4,Inactive,22.88,Low Value,Yes
8969-PRHFK,18,19.65,411.25,4,Inactive,137.08,Low Value,No
0661-KQHNK,6,19.0,105.5,3,Inactive,26.38,Low Value,No
8709-KRDVL,33,100.0,3320.6,11,Champions,3043.88,Premium,No
4488-PSYCG,16,20.25,327.45,4,Inactive,109.15,Low Value,Yes
1427-VERSM,56,98.7,5669.5,12,Champions,5669.5,Premium,No
9801-NOSHQ,23,19.8,465.45,4,Inactive,155.15,Low Value,No
6339-YPSAH,9,73.8,704.3,6,At Risk,352.15,Medium Value,No
3621-CEOVK,14,100.2,1369.8,10,Champions,1141.5,High Value,Yes
6906-ANDWJ,15,74.9,1107.25,7,At Risk,645.9,Medium Value,Yes
2159-TURXX,5,20.05,95.55,3,Inactive,23.89,Low Value,No
1548-FEHVL,61,106.2,6375.2,12,Champions,6375.2,Premium,No
3795-CAWEX,70,116.55,8152.3,12,Champions,8152.3,Premium,No
6215-NQCPY,15,99.7,1566.75,10,Champions,1305.62,High Value,No
5647-URDKA,8,19.7,130.25,3,Inactive,32.56,Low Value,No
2229-DPMBI,8,19.5,162.15,3,Inactive,40.54,Low Value,No
9626-WEQRM,4,29.15,110.05,3,Inactive,27.51,Low Value,No
2188-SXWVT,34,55.0,1885.15,8,Loyal Customers,1256.77,High Value,No
6258-PVZWJ,68,90.8,6302.85,12,Champions,6302.85,Premium,No
1094-BKOSX,45,51.0,2264.5,8,Loyal Customers,1509.67,High Value,No
6969-MVBAI,9,90.1,816.8,8,Loyal Customers,544.53,Medium Value,No
2978-XXSOG,22,59.05,1253.5,7,At Risk,731.21,Medium Value,No
2342-CKIAO,2,20.3,41.2,3,Inactive,10.3,Low Value,No
6953-PBDIN,70,72.95,5265.55,11,Champions,4826.75,Premium,No
3898-BSJYF,10,73.55,693.3,9,Loyal Customers,519.97,Medium Value,No
3938-YFPXD,72,84.3,5997.1,11,Champions,5497.34,Premium,No
7696-AMHOD,49,78.0,3824.2,10,Champions,3186.83,Premium,No
2453-SAFNS,54,72.1,3886.05,10,Champions,3238.38,Premium,No
9558-IHEZX,71,106.75,7283.25,12,Champions,7283.25,Premium,No
9617-UDPEU,22,19.25,412.55,4,Inactive,137.52,Low Value,No
6340-DACFT,50,20.55,1070.25,5,Inactive,445.94,Medium Value,No
4955-VCWBI,43,20.0,817.95,5,Inactive,340.81,Medium Value,No
6813-GZQCG,45,24.65,1171.3,6,At Risk,585.65,Medium Value,No
7426-GSWPO,64,103.5,6548.65,12,Champions,6548.65,Premium,No
3389-KTRXV,23,23.85,625.65,5,Inactive,260.69,Medium Value,No
3118-UHVVQ,68,25.8,1911.5,7,At Risk,1115.04,High Value,No
1031-IIDEO,1,70.85,70.85,5,Inactive,29.52,Low Value,Yes
5832-XKAES,2,69.8,134.7,4,Inactive,44.9,Low Value,Yes
3205-MXZRA,26,59.45,1507.0,7,At Risk,879.08,High Value,No
4701-AHWMW,55,54.55,2978.3,8,Loyal Customers,1985.53,High Value,Yes
8317-BVKSO,14,20.05,299.3,4,Inactive,99.77,Low Value,No
5702-KVQRD,71,82.55,5832.65,11,Champions,5346.6,Premium,No
0083-PIVIK,64,81.25,5567.55,11,Champions,5103.59,Premium,No
9210-IAHGH,7,70.75,450.8,7,At Risk,262.97,Medium Value,Yes
6169-PGNCD,57,74.3,4166.35,11,Champions,3819.15,Premium,No
0023-XUOPT,13,94.1,1215.6,10,Champions,1013.0,High Value,Yes
4592-IWTJI,3,29.7,91.7,3,Inactive,22.92,Low Value,Yes
4909-JOUPP,72,109.7,7898.45,12,Champions,7898.45,Premium,No
4657-FWVFY,40,96.35,3915.4,11,Champions,3589.12,Premium,No
2257-BOVXD,14,66.6,979.5,7,At Risk,571.38,Medium Value,No
7729-JTEEC,2,44.5,90.05,4,Inactive,30.02,Low Value,No
7632-MNYOY,66,110.9,7432.05,12,Champions,7432.05,Premium,Yes
6518-LGAOV,38,105.0,4026.4,11,Champions,3690.87,Premium,Yes
7242-QZLXF,1,25.3,25.3,3,Inactive,6.32,Low Value,Yes
4576-CSAJH,22,55.15,1193.05,7,At Risk,695.95,Medium Value,Yes
1000-AJSLD,1,20.1,20.1,3,Inactive,5.03,Low Value,Yes
9696-RMYBA,5,80.1,398.55,6,At Risk,199.28,Medium Value,No
8690-UPCZI,29,69.05,1958.45,8,Loyal Customers,1305.63,High Value,No
1062-LHZOD,1,69.9,69.9,4,Inactive,23.3,Low Value,Yes
9770-LXDBK,3,20.4,63.15,3,Inactive,15.79,Low Value,No
4086-WITJG,71,19.7,1301.1,6,At Risk,650.55,Medium Value,No
8344-WFMFH,9,50.1,484.05,5,Inactive,201.69,Medium Value,No
9600-NAXZN,43,101.4,4528.0,11,Champions,4150.67,Premium,Yes
8822-KNBHV,48,83.45,3887.85,10,Champions,3239.88,Premium,No
8404-FYDIB,26,86.65,2208.75,8,Loyal Customers,1472.5,High Value,No
2791-SFVEW,9,20.15,238.15,3,Inactive,59.54,Low Value,No
6457-USBER,1,80.8,80.8,6,At Risk,40.4,Low Value,Yes
6762-NSODU,46,19.4,958.15,5,Inactive,399.23,Medium Value,No
4662-EKDPQ,2,62.05,118.3,6,At Risk,59.15,Low Value,Yes
9248-OJYKK,1,76.45,76.45,6,At Risk,38.22,Low Value,Yes
9888-ZCUMM,64,60.05,3845.45,10,Champions,3204.54,Premium,No
3398-FSHON,12,91.3,1094.5,9,Loyal Customers,820.88,High Value,Yes
3319-DWOEP,6,95.75,573.75,8,Loyal Customers,382.5,Medium Value,Yes
1074-WVEVG,59,20.35,1267.0,6,At Risk,633.5,Medium Value,No
9979-RGMZT,7,94.05,633.45,8,Loyal Customers,422.3,Medium Value,No
6437-UDQJM,72,84.1,6129.65,11,Champions,5618.85,Premium,No
1226-IENZN,16,78.75,1218.25,7,At Risk,710.65,Medium Value,No
2108-GLPQB,25,55.55,1405.3,7,At Risk,819.76,High Value,No
9259-PACGQ,34,62.65,2274.9,9,Loyal Customers,1706.18,High Value,Yes
4415-IJZTP,1,74.5,74.5,6,At Risk,37.25,Low Value,Yes
1465-VINDH,10,102.1,1068.85,10,Champions,890.71,High Value,Yes
5474-LAMUQ,24,20.1,533.9,4,Inactive,177.97,Medium Value,No
3468-DRVQJ,10,70.3,676.15,8,Loyal Customers,450.77,Medium Value,No
1122-YJBCS,69,53.65,3804.4,9,Loyal Customers,2853.3,High Value,No
4990-ALDGW,57,20.75,1118.8,6,At Risk,559.4,Medium Value,No
4816-OKWNX,50,103.4,5236.4,11,Champions,4800.03,Premium,No
3315-IKYZQ,28,50.8,1386.8,7,At Risk,808.97,Medium Value,No
2810-FTLEM,16,50.15,762.25,6,At Risk,381.12,Medium Value,Yes
4747-LCAQL,25,79.0,1902.0,9,Loyal Customers,1426.5,High Value,No
3411-WLRSQ,3,74.6,239.05,6,At Risk,119.52,Low Value,No
0898-XCGTF,61,96.5,5673.7,11,Champions,5200.89,Premium,No
8006-PYCSW,2,20.1,39.8,3,Inactive,9.95,Low Value,No
8249-THVEC,51,19.4,997.75,5,Inactive,415.73,Medium Value,No
8722-PRFDV,71,77.55,5574.35,11,Champions,5109.82,Premium,No
2164-SOQXL,20,20.05,406.05,4,Inactive,135.35,Low Value,No
4020-KIUDI,6,19.85,138.85,3,Inactive,34.71,Low Value,No
5850-BDWCY,6,20.2,123.65,3,Inactive,30.91,Low Value,No
2038-YSEZE,29,67.45,1801.1,8,Loyal Customers,1200.73,High Value,No
0827-ITJPH,36,18.55,689.0,5,Inactive,287.08,Medium Value,No
8799-OXZMD,28,29.75,790.7,4,Inactive,263.57,Medium Value,No
1925-TIBLE,7,86.5,582.5,7,At Risk,339.79,Medium Value,Yes
1705-GUHPV,63,24.2,1618.2,7,At Risk,943.95,High Value,No
4779-ZGICK,48,23.55,1173.35,6,At Risk,586.67,Medium Value,No
0048-PIHNL,49,20.45,900.9,5,Inactive,375.38,Medium Value,No
0818-OCPZO,27,81.45,2122.05,8,Loyal Customers,1414.7,High Value,Yes
3967-KXAPS,72,92.3,6719.9,12,Champions,6719.9,Premium,No
1447-GIQMR,1,69.15,69.15,4,Inactive,23.05,Low Value,Yes
3704-IEAXF,72,53.65,3784.0,9,Loyal Customers,2838.0,High Value,No
6810-VCAEX,47,39.65,1798.65,8,Loyal Customers,1199.1,High Value,No
0674-EYYZV,1,54.65,54.65,5,Inactive,22.77,Low Value,No
4480-MBMLB,36,104.8,3886.45,11,Champions,3562.58,Premium,No
1395-OFUWC,43,29.3,1224.05,5,Inactive,510.02,Medium Value,No
0822-QGCXA,27,83.85,2310.2,9,Loyal Customers,1732.65,High Value,No
0872-NXJYS,9,79.55,723.4,6,At Risk,361.7,Medium Value,Yes
2832-KJCRD,38,103.65,3988.5,11,Champions,3656.12,Premium,No
3588-WSTTJ,35,99.05,3554.6,11,Champions,3258.38,Premium,No
5090-EMGTC,59,100.05,6034.85,12,Champions,6034.85,Premium,No
2346-CZYIL,27,20.35,531.6,4,Inactive,177.2,Medium Value,No
3798-EPWRR,2,43.95,85.1,4,Inactive,28.37,Low Value,No
6258-NGCNG,7,23.5,173.0,4,Inactive,57.67,Low Value,No
4186-ZBUEW,36,70.7,2511.95,10,Champions,2093.29,High Value,No
5274-XHAKY,41,94.3,3893.6,11,Champions,3569.13,Premium,No
1442-BQPVU,13,29.15,357.15,4,Inactive,119.05,Low Value,No
3978-YNKDD,19,20.85,467.5,4,Inactive,155.83,Low Value,No
4940-KHCWD,60,37.7,2288.7,9,Loyal Customers,1716.52,High Value,No
9412-ARGBX,48,95.5,4627.85,11,Champions,4242.2,Premium,Yes
1389-CXMLU,3,91.05,289.1,8,Loyal Customers,192.73,Medium Value,Yes
9589-ABEPT,69,92.45,6460.55,12,Champions,6460.55,Premium,No
9388-ZEYVT,43,44.15,1931.3,8,Loyal Customers,1287.53,High Value,No
0305-SQECB,11,36.05,402.6,6,At Risk,201.3,Medium Value,No
7605-SNLQG,45,50.25,2221.55,7,At Risk,1295.9,High Value,No
4670-TABXH,72,109.75,7758.9,12,Champions,7758.9,Premium,No
5561-NWEVX,2,79.2,172.85,7,At Risk,100.83,Low Value,Yes
0064-SUDOG,12,20.3,224.5,4,Inactive,74.83,Low Value,No
8561-NMTBD,67,112.35,7388.45,12,Champions,7388.45,Premium,No
5161-XEUVX,37,94.3,3460.95,11,Champions,3172.54,Premium,No
8292-FRFZQ,39,41.15,1700.9,8,Loyal Customers,1133.93,High Value,No
8591-NXRCV,41,74.65,3090.65,10,Champions,2575.54,High Value,No
7895-VONWT,25,48.25,1293.8,7,At Risk,754.72,Medium Value,No
4526-RMTLL,8,76.15,645.8,8,Loyal Customers,430.53,Medium Value,No
6253-GNHWH,71,71.1,5224.95,11,Champions,4789.54,Premium,No
4566-NECEV,5,96.55,500.1,9,Loyal Customers,375.08,Medium Value,No
8080-POTJR,30,79.3,2427.1,10,Champions,2022.58,High Value,No
6906-MPARY,40,89.6,3488.15,9,Loyal Customers,2616.11,High Value,No
3662-FXJFO,54,20.5,1035.7,5,Inactive,431.54,Medium Value,No
8107-RZLNV,72,106.3,7565.35,12,Champions,7565.35,Premium,No
0516-OOHAR,28,100.35,2799.0,10,Champions,2332.5,High Value,No
2027-CWDNU,18,85.6,1601.5,8,Loyal Customers,1067.67,High Value,No
2737-WFVYW,2,45.25,85.5,5,Inactive,35.62,Low Value,Yes
9912-OMZDS,59,106.15,6256.2,12,Champions,6256.2,Premium,No
3733-ZEECP,22,51.1,1232.9,6,At Risk,616.45,Medium Value,No
7878-RTCZG,1,19.9,19.9,3,Inactive,4.97,Low Value,No
2452-MRMZF,72,25.7,1937.4,7,At Risk,1130.15,High Value,No
2272-QAGFO,14,74.3,1096.25,7,At Risk,639.48,Medium Value,Yes
7103-IPXPJ,50,99.4,5059.75,11,Champions,4638.1,Premium,No
4342-HFXWS,48,69.7,3023.65,9,Loyal Customers,2267.74,High Value,No
3545-CNWRG,49,98.35,4889.2,11,Champions,4481.77,Premium,No
1785-BPHTP,28,85.45,2289.9,8,Loyal Customers,1526.6,High Value,No
4989-LIXVT,68,95.9,6503.2,12,Champions,6503.2,Premium,No
7315-WYOAW,13,100.75,1313.25,10,Champions,1094.38,High Value,No
1173-XZPYF,11,89.2,990.3,8,Loyal Customers,660.2,Medium Value,No
9850-OWRHQ,3,74.1,228.0,6,At Risk,114.0,Low Value,Yes
3768-NLUBH,57,100.6,5746.15,12,Champions,5746.15,Premium,Yes
8676-TRMJS,3,75.0,209.1,6,At Risk,104.55,Low Value,Yes
2509-TFPJU,72,25.75,1864.2,7,At Risk,1087.45,High Value,No
9530-GRMJG,70,84.1,5979.7,11,Champions,5481.39,Premium,No
6898-RBTLU,49,79.3,3902.45,10,Champions,3252.04,Premium,No
5481-NTDOH,67,107.05,7142.5,12,Champions,7142.5,Premium,No
2068-WWXQZ,46,20.05,902.0,5,Inactive,375.83,Medium Value,No
7359-SSBJK,64,70.2,4481.0,10,Champions,3734.17,Premium,Yes
2061-VVFST,37,19.5,805.2,5,Inactive,335.5,Medium Value,No
0685-MLYYM,2,70.75,154.85,5,Inactive,64.52,Low Value,Yes
0749-IRGQE,13,45.3,528.45,6,At Risk,264.23,Medium Value,No
2380-DAMQP,72,115.15,8349.7,12,Champions,8349.7,Premium,No
2256-YLYLP,68,72.95,4953.25,11,Champions,4540.48,Premium,No
1272-ILHFG,15,19.65,332.65,4,Inactive,110.88,Low Value,No
0164-XAIRP,24,19.55,470.2,4,Inactive,156.73,Low Value,No
5666-CYCYZ,24,89.55,2259.35,8,Loyal Customers,1506.23,High Value,No
4011-ARPHK,27,50.35,1411.35,6,At Risk,705.68,Medium Value,No
8182-PNAGI,12,50.25,593.75,6,At Risk,296.88,Medium Value,Yes
6365-HITVU,71,87.25,6328.7,11,Champions,5801.31,Premium,No
7558-IMLMT,67,20.8,1411.9,6,At Risk,705.95,Medium Value,No
9488-FYQAU,63,109.25,6841.4,12,Champions,6841.4,Premium,No
3590-TCXTB,1,20.35,20.35,3,Inactive,5.09,Low Value,No
6994-KERXL,4,55.9,238.5,5,Inactive,99.38,Low Value,No
7957-RYHQD,40,79.2,3233.85,9,Loyal Customers,2425.39,High Value,Yes
2180-DXNEG,12,96.0,1062.1,9,Loyal Customers,796.58,Medium Value,Yes
1960-UOTYM,52,79.2,4016.3,10,Champions,3346.92,Premium,No
2740-JFBOK,10,24.0,226.55,5,Inactive,94.4,Low Value,No
6500-JVEGC,68,101.35,7110.75,12,Champions,7110.75,Premium,No
5515-AKOAJ,54,100.1,5440.9,11,Champions,4987.49,Premium,Yes
8976-OQHGT,4,56.5,235.1,6,At Risk,117.55,Low Value,Yes
5245-VDBUR,52,35.45,1958.95,6,At Risk,979.48,High Value,No
6230-BSUXY,1,85.0,85.0,7,At Risk,49.58,Low Value,Yes
8469-SNFFH,70,79.4,5528.9,11,Champions,5068.16,Premium,No
2144-ESWKO,43,35.2,1463.7,6,At Risk,731.85,Medium Value,No
1241-FPMOF,52,19.65,1025.05,5,Inactive,427.1,Medium Value,No
9928-BZVLZ,12,49.85,552.1,7,At Risk,322.06,Medium Value,No
4114-QMKVN,56,68.75,3815.4,10,Champions,3179.5,Premium,No
9003-CPATH,42,79.9,3313.4,9,Loyal Customers,2485.05,High Value,No
1754-GKYPY,22,89.75,1938.9,8,Loyal Customers,1292.6,High Value,No
5294-CDGWY,51,59.3,3014.65,9,Loyal Customers,2260.99,High Value,Yes
7956-XQWGU,27,19.4,460.25,4,Inactive,153.42,Low Value,No
1591-MQJTP,51,93.65,4839.15,11,Champions,4435.89,Premium,No
5295-PCJOO,4,49.4,184.4,5,Inactive,76.83,Low Value,Yes
2369-FEVNO,1,19.9,19.9,3,Inactive,4.97,Low Value,No
9863-JZAIC,35,55.0,2010.55,7,At Risk,1172.82,High Value,Yes
7471-MQPOS,71,72.9,5139.65,11,Champions,4711.35,Premium,No
7660-HDPJV,1,69.2,69.2,4,Inactive,23.07,Low Value,Yes
5115-SQAAU,69,25.6,1673.4,7,At Risk,976.15,High Value,No
9845-QOMAD,14,19.75,309.35,4,Inactive,103.12,Low Value,No
7672-VFMXZ,57,55.7,3171.6,9,Loyal Customers,2378.7,High Value,No
9739-JLPQJ,72,117.5,8670.1,12,Champions,8670.1,Premium,No
9916-AYHTC,48,19.85,916.0,5,Inactive,381.67,Medium Value,No
3855-ONCAR,4,78.9,299.75,6,At Risk,149.88,Low Value,No
1488-SYSFC,31,20.65,702.05,5,Inactive,292.52,Medium Value,No
7931-PXHFC,38,62.3,2354.8,8,Loyal Customers,1569.87,High Value,Yes
3990-QYKBE,37,92.5,3473.4,10,Champions,2894.5,High Value,Yes
0970-QXPXW,1,19.65,19.65,3,Inactive,4.91,Low Value,No
3259-KNMRR,57,79.75,4438.2,11,Champions,4068.35,Premium,No
6120-RJKLU,62,79.95,4819.75,11,Champions,4418.1,Premium,No
9572-WUKSB,3,29.9,92.25,3,Inactive,23.06,Low Value,No
5893-KCLGT,72,19.75,1567.0,6,At Risk,783.5,Medium Value,No
0076-LVEPS,29,45.0,1242.45,7,At Risk,724.76,Medium Value,No
3640-JQGJG,13,44.8,559.2,5,Inactive,233.0,Medium Value,No
4919-MOAVT,3,69.65,220.1,4,Inactive,73.37,Low Value,Yes
1596-OQSPS,11,51.1,531.15,6,At Risk,265.58,Medium Value,No
9867-XOBQA,21,53.15,1183.2,8,Loyal Customers,788.8,Medium Value,No
9546-KDTRB,19,24.7,465.85,5,Inactive,194.1,Medium Value,No
3090-HAWSU,61,111.6,6876.05,12,Champions,6876.05,Premium,Yes
9820-RMCQV,11,48.55,501.0,6,At Risk,250.5,Medium Value,Yes
3174-RKMOW,35,109.95,3782.4,11,Champions,3467.2,Premium,No
1760-CAZHT,25,20.8,460.2,4,Inactive,153.4,Low Value,No
7839-QRKXN,1,20.2,20.2,3,Inactive,5.05,Low Value,Yes
8441-SHIPE,67,25.6,1790.35,7,At Risk,1044.37,High Value,No
5204-QZXPU,19,39.65,733.35,6,At Risk,366.68,Medium Value,Yes
4597-ELFTS,56,24.9,1334.0,7,At Risk,778.17,Medium Value,Yes
1320-GVNHT,72,108.4,7767.25,12,Champions,7767.25,Premium,No
1047-RNXZV,43,19.55,876.15,5,Inactive,365.06,Medium Value,No
3541-ZNUHK,55,85.1,4600.95,9,Loyal Customers,3450.71,Premium,No
8450-JOVAH,2,56.7,113.55,6,At Risk,56.78,Low Value,Yes
8725-JEDFD,27,69.05,1793.25,5,Inactive,747.19,Medium Value,No
7562-UXTPG,13,70.15,886.7,5,Inactive,369.46,Medium Value,No
8071-SBTRN,70,111.15,7737.55,12,Champions,7737.55,Premium,No
1113-IUJYX,14,105.95,1348.9,10,Champions,1124.08,High Value,Yes
6668-CNMFP,19,89.35,1686.85,8,Loyal Customers,1124.57,High Value,No
5626-MGTUK,20,89.1,1879.25,8,Loyal Customers,1252.83,High Value,No
5681-LLOEI,43,91.25,4013.8,11,Champions,3679.32,Premium,No
8212-DJRCH,5,90.35,434.5,8,Loyal Customers,289.67,Medium Value,No
4323-OHFOW,70,105.55,7195.35,12,Champions,7195.35,Premium,No
4933-BSAIP,40,19.1,780.1,5,Inactive,325.04,Medium Value,No
2030-BTZRO,6,20.4,107.6,3,Inactive,26.9,Low Value,No
1116-DXXDF,39,100.45,3801.7,11,Champions,3484.89,Premium,No
9274-CNFMO,4,74.95,308.7,6,At Risk,154.35,Low Value,Yes
7758-XKCBS,15,29.7,438.25,4,Inactive,146.08,Low Value,Yes
8992-JQYUN,1,50.35,50.35,6,At Risk,25.18,Low Value,Yes
6563-VNPMN,45,85.7,3778.1,9,Loyal Customers,2833.58,High Value,No
0617-AQNWT,64,47.85,3147.5,9,Loyal Customers,2360.62,High Value,Yes
2267-WTPYD,57,94.0,5438.95,12,Champions,5438.95,Premium,No
0270-THENM,72,69.85,5102.35,10,Champions,4251.96,Premium,No
2446-PLQVO,1,70.3,70.3,4,Inactive,23.43,Low Value,Yes
4707-MAXGU,72,25.85,1872.2,7,At Risk,1092.12,High Value,No
2710-WYVXG,3,71.1,213.35,8,Loyal Customers,142.23,Low Value,No
3005-NFMTA,55,98.8,5617.75,11,Champions,5149.6,Premium,Yes
6300-BWMJX,59,93.35,5386.5,12,Champions,5386.5,Premium,No
8784-CGILN,18,99.85,1776.95,10,Champions,1480.79,High Value,Yes
5389-FFVKB,32,80.3,2483.05,8,Loyal Customers,1655.37,High Value,Yes
7009-LGECI,4,50.55,235.65,5,Inactive,98.19,Low Value,No
8444-WRIDW,66,80.45,5224.35,10,Champions,4353.63,Premium,Yes
5022-KVDQT,27,81.3,2272.8,8,Loyal Customers,1515.2,High Value,No
7976-CICYS,4,20.7,83.75,3,Inactive,20.94,Low Value,No
1036-GUDCL,60,79.05,4663.4,11,Champions,4274.78,Premium,No
2005-DWQZJ,8,19.05,201.7,3,Inactive,50.42,Low Value,No
8148-WOCMK,8,19.6,125.0,3,Inactive,31.25,Low Value,No
7815-PDTHL,35,20.2,684.4,5,Inactive,285.17,Medium Value,No
9451-LPGOO,7,86.8,620.35,7,At Risk,361.87,Medium Value,Yes
9173-IVZVP,53,20.9,1146.05,5,Inactive,477.52,Medium Value,No
9129-UXERG,18,103.6,1806.35,10,Champions,1505.29,High Value,No
3635-JBPSG,15,38.8,603.0,6,At Risk,301.5,Medium Value,No
7964-ZRKKG,67,88.4,5798.3,10,Champions,4831.92,Premium,No
5868-YWPDW,6,84.2,519.15,7,At Risk,302.84,Medium Value,Yes
6229-LSCKB,6,79.7,497.6,6,At Risk,248.8,Medium Value,No
2025-JKFWI,13,99.0,1301.7,10,Champions,1084.75,High Value,Yes
4078-SAYYN,11,100.75,1129.75,10,Champions,941.46,High Value,Yes
1724-IQWNM,1,19.3,19.3,3,Inactive,4.82,Low Value,No
8217-QYOHV,5,55.75,266.95,6,At Risk,133.48,Low Value,No
5546-QUERU,13,19.95,257.0,4,Inactive,85.67,Low Value,No
9940-HPQPG,9,91.75,865.8,9,Loyal Customers,649.35,Medium Value,Yes
6897-UUBNU,29,89.65,2623.65,8,Loyal Customers,1749.1,High Value,No
6127-IYJOZ,1,45.85,45.85,4,Inactive,15.28,Low Value,No
6618-RYATB,1,79.55,79.55,7,At Risk,46.4,Low Value,Yes
8930-XOTDP,18,55.95,1082.8,6,At Risk,541.4,Medium Value,No
5916-QEWPT,2,69.0,147.8,6,At Risk,73.9,Low Value,No
5060-TQUQN,30,83.55,2570.2,9,Loyal Customers,1927.65,High Value,No
0531-XBKMM,66,65.7,4378.9,10,Champions,3649.08,Premium,No
8465-SBRXP,38,94.9,3616.25,11,Champions,3314.9,Premium,No
2408-PSJVE,44,61.9,2924.05,8,Loyal Customers,1949.37,High Value,No
9079-YEXQJ,54,111.1,6014.85,11,Champions,5513.61,Premium,Yes
9700-ZCLOT,2,20.0,32.7,3,Inactive,8.18,Low Value,No
8738-JOKAR,42,67.7,2882.25,9,Loyal Customers,2161.69,High Value,No
4534-WGCIR,58,25.15,1509.9,7,At Risk,880.78,High Value,No
1930-WNXSB,58,92.85,5305.05,11,Champions,4862.96,Premium,No
2685-SREOM,25,89.1,2368.4,8,Loyal Customers,1578.93,High Value,Yes
3508-CFVZL,71,111.3,7985.9,12,Champions,7985.9,Premium,No
0402-CQAJN,37,101.9,3545.35,11,Champions,3249.9,Premium,Yes
6692-UDPJC,14,91.65,1301.0,9,Loyal Customers,975.75,High Value,Yes
1273-MTETI,4,88.85,372.45,7,At Risk,217.26,Medium Value,Yes
0657-DOGUM,48,60.6,2985.25,8,Loyal Customers,1990.17,High Value,No
5480-HPRRX,3,25.3,77.75,3,Inactive,19.44,Low Value,Yes
8792-AOROI,8,65.5,564.35,6,At Risk,282.18,Medium Value,No
0295-PPHDO,1,95.45,95.45,8,Loyal Customers,63.63,Low Value,Yes
5146-YYFRZ,67,19.95,1311.75,6,At Risk,655.88,Medium Value,No
1195-OIYEJ,13,91.1,1135.7,9,Loyal Customers,851.78,High Value,Yes
5906-CVLHP,45,54.15,2319.8,8,Loyal Customers,1546.53,High Value,Yes
3452-SRFEG,49,74.6,3720.35,8,Loyal Customers,2480.23,High Value,No
4070-OKWVH,52,94.6,5025.8,11,Champions,4606.98,Premium,No
5297-MDOIR,63,81.15,5224.5,10,Champions,4353.75,Premium,No
6369-MCAKO,68,89.05,6185.8,11,Champions,5670.32,Premium,No
4926-UMJZD,31,49.2,1498.55,7,At Risk,874.15,High Value,No
6848-HJTXY,64,19.45,1208.6,6,At Risk,604.3,Medium Value,No
6341-AEVKX,62,104.3,6613.65,12,Champions,6613.65,Premium,No
4501-EQDRN,1,69.7,69.7,4,Inactive,23.23,Low Value,Yes
2990-HWIML,6,89.5,573.3,7,At Risk,334.42,Medium Value,Yes
0682-USIXD,21,86.05,1818.9,8,Loyal Customers,1212.6,High Value,No
6976-BWGLQ,72,25.2,1787.35,7,At Risk,1042.62,High Value,No
7078-NVFAM,32,35.15,1051.05,6,At Risk,525.52,Medium Value,No
8065-QBYTO,71,99.65,7181.25,12,Champions,7181.25,Premium,No
2133-TSRRM,34,105.35,3688.6,11,Champions,3381.22,Premium,No
7384-GHBPI,3,35.15,99.75,3,Inactive,24.94,Low Value,Yes
7603-USHJS,12,73.75,871.4,7,At Risk,508.32,Medium Value,Yes
7234-FECYN,8,101.35,780.5,9,Loyal Customers,585.38,Medium Value,Yes
2511-ALLCS,35,24.3,821.6,6,At Risk,410.8,Medium Value,No
3191-CSNMG,3,80.7,239.45,6,At Risk,119.72,Low Value,No
7952-OBOYL,3,89.85,244.45,7,At Risk,142.6,Low Value,No
7470-DYNOE,53,61.1,3357.9,8,Loyal Customers,2238.6,High Value,No
7853-OETYL,4,29.05,129.6,3,Inactive,32.4,Low Value,No
1545-ACTAS,48,99.7,4977.2,11,Champions,4562.43,Premium,No
5876-HZVZM,6,55.9,365.35,6,At Risk,182.68,Medium Value,Yes
1400-MMYXY,3,105.9,334.65,9,Loyal Customers,250.99,Medium Value,Yes
5126-RCXYW,54,46.0,2424.05,8,Loyal Customers,1616.03,High Value,No
3085-QUOZK,1,43.95,43.95,4,Inactive,14.65,Low Value,Yes
2363-BJLSL,62,80.4,4981.15,11,Champions,4566.05,Premium,No
1956-YIFGE,22,100.05,2090.25,10,Champions,1741.88,High Value,No
3926-CUQZX,1,45.1,45.1,4,Inactive,15.03,Low Value,Yes
7921-LMDFQ,51,94.0,4905.75,10,Champions,4088.12,Premium,No
2925-MXLSX,30,68.95,2038.7,9,Loyal Customers,1529.02,High Value,No
5820-PTRYM,56,68.45,4014.0,10,Champions,3345.0,Premium,No
9609-BENEA,35,69.0,2441.7,9,Loyal Customers,1831.28,High Value,No
6211-WHMYA,64,43.85,2751.0,9,Loyal Customers,2063.25,High Value,No
4459-BBGHE,30,44.5,1307.8,7,At Risk,762.88,Medium Value,No
9945-PSVIP,25,18.7,383.65,4,Inactive,127.88,Low Value,No
1041-RXHRA,41,70.25,2868.05,6,At Risk,1434.02,High Value,Yes
1750-CSKKM,9,55.35,449.75,5,Inactive,187.4,Medium Value,Yes
9108-EJFJP,1,53.55,53.55,6,At Risk,26.78,Low Value,No
0530-IJVDB,70,114.6,7882.5,12,Champions,7882.5,Premium,No
0508-SQWPL,57,20.1,1087.7,6,At Risk,543.85,Medium Value,No
2215-ZAFGX,9,85.5,791.7,7,At Risk,461.83,Medium Value,No
8213-TAZPM,69,108.75,7493.05,12,Champions,7493.05,Premium,No
7142-HVGBG,43,103.0,4414.3,11,Champions,4046.44,Premium,Yes
1304-SEGFY,72,97.85,6841.3,12,Champions,6841.3,Premium,No
7242-EDTYC,44,19.55,819.95,5,Inactive,341.65,Medium Value,No
2904-GGUAZ,72,84.05,6052.25,10,Champions,5043.54,Premium,No
8267-ZNYVZ,33,103.75,3361.05,11,Champions,3080.96,Premium,Yes
5136-GFPMB,54,89.4,4869.5,9,Loyal Customers,3652.12,Premium,No
2595-KIWPV,27,19.7,509.3,4,Inactive,169.77,Medium Value,No
5243-SAOTC,54,79.85,4308.25,9,Loyal Customers,3231.19,Premium,No
9398-MMQTO,3,74.45,221.1,6,At Risk,110.55,Low Value,No
7619-PLRLP,53,74.1,3833.95,10,Champions,3194.96,Premium,No
6457-GIRWB,1,69.35,69.35,4,Inactive,23.12,Low Value,Yes
6508-NJYRO,15,18.8,294.95,4,Inactive,98.32,Low Value,No
1450-SKCVI,56,73.85,4092.85,9,Loyal Customers,3069.64,Premium,Yes
4710-NKCAW,5,64.4,316.9,7,At Risk,184.86,Medium Value,No
5306-BVTKJ,48,55.8,2651.2,8,Loyal Customers,1767.47,High Value,No
0357-NVCRI,25,20.05,471.7,4,Inactive,157.23,Low Value,No
5570-PTWEH,3,75.15,216.75,6,At Risk,108.38,Low Value,Yes
2371-KFUOG,58,99.15,5720.95,12,Champions,5720.95,Premium,No
0463-ZSDNT,10,56.75,503.25,6,At Risk,251.62,Medium Value,No
6502-MJQAE,1,69.6,69.6,4,Inactive,23.2,Low Value,Yes
6257-DTAYD,71,104.15,7365.3,12,Champions,7365.3,Premium,No
4616-ULAOA,65,110.8,7245.9,12,Champions,7245.9,Premium,No
7693-LCKZL,5,80.15,385.0,7,At Risk,224.58,Medium Value,Yes
7746-AWNQW,28,35.75,961.4,6,At Risk,480.7,Medium Value,No
5996-EBTKM,67,69.9,4615.9,10,Champions,3846.58,Premium,No
2758-RNWXS,35,89.2,3251.3,9,Loyal Customers,2438.48,High Value,No
2314-TNDJQ,72,55.65,3880.05,10,Champions,3233.38,Premium,No
2405-LBMUW,61,50.7,3088.75,9,Loyal Customers,2316.56,High Value,No
3454-JFUBC,68,20.0,1396.0,7,At Risk,814.33,High Value,No
0032-PGELS,1,30.5,30.5,4,Inactive,10.17,Low Value,Yes
9039-ZVJDC,3,19.1,53.05,4,Inactive,17.68,Low Value,No
6797-LNAQX,70,98.3,6859.5,12,Champions,6859.5,Premium,Yes
9013-AQORL,48,45.55,2108.35,8,Loyal Customers,1405.57,High Value,No
2898-MRKPI,68,101.05,6770.5,12,Champions,6770.5,Premium,No
2750-BJLSB,47,103.7,4730.6,11,Champions,4336.38,Premium,No
3648-GZPHF,32,36.25,1151.05,7,At Risk,671.45,Medium Value,No
2075-RMJIK,5,49.4,232.55,5,Inactive,96.9,Low Value,No
9588-YRFHY,49,19.9,1022.6,6,At Risk,511.3,Medium Value,No
6394-MFYNG,48,107.4,5121.3,11,Champions,4694.52,Premium,Yes
1564-NTYXF,13,82.0,1127.2,8,Loyal Customers,751.47,Medium Value,Yes
9364-YKUVW,15,19.8,309.4,5,Inactive,128.92,Low Value,No
5392-AKEMH,12,45.05,523.1,6,At Risk,261.55,Medium Value,No
2451-YMUXS,67,64.55,4250.1,10,Champions,3541.75,Premium,No
3914-FDRHP,9,86.25,770.5,7,At Risk,449.46,Medium Value,No
3078-ZKNTS,13,19.75,246.7,5,Inactive,102.79,Low Value,No
1024-KPRBB,38,89.1,3342.0,9,Loyal Customers,2506.5,High Value,No
4690-PKDQG,42,95.55,3930.6,11,Champions,3603.05,Premium,No
8155-IBNHG,24,75.4,1747.85,7,At Risk,1019.58,High Value,Yes
0886-QGENL,27,101.25,2754.45,10,Champions,2295.38,High Value,Yes
9547-ITEFG,9,102.6,897.75,9,Loyal Customers,673.31,Medium Value,No
1264-FUHCX,49,56.3,2780.6,8,Loyal Customers,1853.73,High Value,No
7789-CRUVC,61,94.2,5895.45,12,Champions,5895.45,Premium,No
6598-KELSS,50,43.05,2208.05,8,Loyal Customers,1472.03,High Value,No
8739-WWKDU,25,89.5,2196.15,8,Loyal Customers,1464.1,High Value,Yes
8685-WHQPW,22,74.4,1692.6,7,At Risk,987.35,High Value,Yes
4745-LSPLO,1,20.5,20.5,4,Inactive,6.83,Low Value,Yes
8083-YTZES,4,74.35,265.35,6,At Risk,132.68,Low Value,Yes
7240-FQLHE,18,99.75,1836.25,10,Champions,1530.21,High Value,Yes
6664-FPDAC,56,111.95,6418.9,12,Champions,6418.9,Premium,Yes
9972-VAFJJ,53,94.0,4871.45,11,Champions,4465.5,Premium,No
0422-UXFAP,51,98.85,4947.55,11,Champions,4535.25,Premium,No
1904-WAJAA,24,64.35,1558.65,8,Loyal Customers,1039.1,High Value,No
5130-YPIRV,62,72.0,4284.2,11,Champions,3927.18,Premium,No
2843-CQMEG,24,49.7,1218.25,6,At Risk,609.12,Medium Value,No
6439-PKTRR,70,80.7,5617.95,11,Champions,5149.79,Premium,No
5351-QESIO,1,24.2,24.2,3,Inactive,6.05,Low Value,No
0786-VSSUD,16,39.0,679.85,6,At Risk,339.92,Medium Value,Yes
5568-DMXZS,8,65.45,554.45,6,At Risk,277.23,Medium Value,No
8468-FZTOE,72,74.35,5237.4,11,Champions,4800.95,Premium,No
6633-SYEUS,23,83.2,2032.3,8,Loyal Customers,1354.87,High Value,No
6447-GORXK,31,25.0,789.2,5,Inactive,328.83,Medium Value,No
6967-PEJLL,37,40.2,1525.35,8,Loyal Customers,1016.9,High Value,No
3976-BWUCK,30,94.1,2804.45,11,Champions,2570.75,High Value,Yes
5981-ZVXOT,35,108.35,3726.15,11,Champions,3415.64,Premium,No
1684-FLBGS,23,69.5,1652.1,8,Loyal Customers,1101.4,High Value,No
1389-WNUIB,20,76.0,1588.75,9,Loyal Customers,1191.56,High Value,No
0376-OIWME,36,93.6,3366.05,10,Champions,2805.04,High Value,No
3585-ISXZP,8,95.65,778.1,8,Loyal Customers,518.73,Medium Value,Yes
0218-QNVAS,71,100.55,7113.75,12,Champions,7113.75,Premium,No
6583-QGCSI,50,88.05,4367.35,9,Loyal Customers,3275.51,Premium,Yes
0804-YGEQV,43,24.45,993.15,6,At Risk,496.58,Medium Value,No
7164-BPTUT,57,89.55,5012.35,11,Champions,4594.65,Premium,No
4174-LPGTI,41,66.5,2728.6,8,Loyal Customers,1819.07,High Value,Yes
2523-EWWZL,27,76.1,2093.4,7,At Risk,1221.15,High Value,No
0928-XUTSN,13,80.5,1011.8,7,At Risk,590.22,Medium Value,No
2108-XWMPY,3,35.45,106.85,4,Inactive,35.62,Low Value,Yes
0052-YNYOT,67,20.55,1343.4,7,At Risk,783.65,Medium Value,No
6304-IJFSQ,3,49.9,130.1,5,Inactive,54.21,Low Value,Yes
9586-JGQKH,64,105.4,6794.75,12,Champions,6794.75,Premium,No
4501-VCPFK,26,35.75,1022.5,6,At Risk,511.25,Medium Value,No
6075-SLNIL,38,95.1,3691.2,11,Champions,3383.6,Premium,No
9347-AERRL,23,19.3,486.2,5,Inactive,202.58,Medium Value,No
0093-XWZFY,40,104.5,4036.85,11,Champions,3700.45,Premium,Yes
2274-XUATA,72,63.1,4685.55,10,Champions,3904.63,Premium,No
1980-KXVPM,3,75.05,256.25,6,At Risk,128.12,Low Value,Yes
7703-ZEKEF,23,81.0,1917.1,8,Loyal Customers,1278.07,High Value,Yes
0723-DRCLG,1,74.45,74.45,6,At Risk,37.22,Low Value,Yes
5482-NUPNA,4,60.4,272.15,6,At Risk,136.07,Low Value,Yes
6691-CCIHA,62,84.95,5150.55,11,Champions,4721.34,Premium,No
1685-BQULA,40,93.4,3756.4,11,Champions,3443.37,Premium,No
9053-EJUNL,41,89.2,3645.75,9,Loyal Customers,2734.31,High Value,No
0666-UXTJO,34,85.2,2874.45,9,Loyal Customers,2155.84,High Value,No
1471-GIQKQ,1,49.95,49.95,5,Inactive,20.81,Low Value,No
4807-IZYOZ,51,20.65,1020.75,6,At Risk,510.38,Medium Value,No
1122-JWTJW,1,70.65,70.65,6,At Risk,35.33,Low Value,Yes
9710-NJERN,39,20.15,826.0,6,At Risk,413.0,Medium Value,No
9837-FWLCH,12,19.2,239.0,5,Inactive,99.58,Low Value,No
1699-HPSBG,12,59.8,727.8,7,At Risk,424.55,Medium Value,Yes
7203-OYKCT,72,104.95,7544.3,12,Champions,7544.3,Premium,No
1035-IPQPU,63,103.5,6479.4,12,Champions,6479.4,Premium,No
7398-LXGYX,44,84.8,3626.35,9,Loyal Customers,2719.76,High Value,No
2823-LKABH,18,95.05,1679.4,10,Champions,1399.5,High Value,No
8775-CEBBJ,9,44.2,403.35,5,Inactive,168.06,Medium Value,Yes
0550-DCXLH,13,73.35,931.55,9,Loyal Customers,698.66,Medium Value,No
9281-CEDRU,68,64.1,4326.25,9,Loyal Customers,3244.69,Premium,No
2235-DWLJU,6,44.4,263.05,5,Inactive,109.6,Low Value,No
0871-OPBXW,2,20.05,39.25,4,Inactive,13.08,Low Value,No
3605-JISKB,55,60.0,3316.1,8,Loyal Customers,2210.73,High Value,No
6894-LFHLY,1,75.75,75.75,6,At Risk,37.88,Low Value,Yes
9767-FFLEM,38,69.5,2625.25,7,At Risk,1531.4,High Value,No
0639-TSIQW,67,102.95,6886.25,12,Champions,6886.25,Premium,Yes
8456-QDAVC,19,78.7,1495.1,7,At Risk,872.14,High Value,No
7750-EYXWZ,12,60.65,743.3,8,Loyal Customers,495.53,Medium Value,No
2569-WGERO,72,21.15,1419.4,7,At Risk,827.98,High Value,No
6840-RESVB,24,84.8,1990.5,9,Loyal Customers,1492.88,High Value,No
2234-XADUH,72,103.2,7362.9,12,Champions,7362.9,Premium,No
4801-JZAZL,11,29.6,346.45,5,Inactive,144.35,Low Value,No
8361-LTMKD,4,74.4,306.6,6,At Risk,153.3,Low Value,Yes
3186-AJIEK,66,105.65,6844.5,12,Champions,6844.5,Premium,No
