customerID,Churn_Probability,Risk_Label,tenure,MonthlyCharges,TotalCharges,Segment,CLV_Enhanced,CLV_Tier,Churn,Priority,Retention_Strategy
7590-VHVEG,0.8734,High Risk,1,29.85,29.85,Inactive,7.46,Low Value,No,High,Email Campaign
5575-GNVDE,0.0838,Low Risk,34,56.95,1889.5,At Risk,1102.21,High Value,No,Low,No Action Needed
3668-QPYBK,0.6258,Medium Risk,2,53.85,108.15,Inactive,45.06,Low Value,Yes,Medium,SMS Reminder
7795-CFOCW,0.0674,Low Risk,45,42.3,1840.75,At Risk,1073.77,High Value,No,Low,No Action Needed
9237-HQITU,0.8359,High Risk,2,70.7,151.65,Inactive,63.19,Low Value,Yes,High,Email Campaign
9305-CDSKC,0.9515,High Risk,8,99.65,820.5,Loyal Customers,547.0,Medium Value,Yes,High,Discount Offer
1452-KIOVK,0.6591,Medium Risk,22,89.1,1949.4,Loyal Customers,1299.6,High Value,No,High,Loyalty Reward
6713-OKOMC,0.5264,Medium Risk,10,29.75,301.9,Inactive,100.63,Low Value,No,Medium,SMS Reminder
7892-POOKP,0.8153,High Risk,28,104.8,3046.05,Champions,2538.38,High Value,Yes,Critical,Personal Relationship Manager
6388-TABGU,0.0296,Low Risk,62,56.15,3487.95,Loyal Customers,2325.3,High Value,No,Low,No Action Needed
9763-GRSKD,0.3056,Low Risk,13,49.95,587.45,At Risk,293.73,Medium Value,No,Low,No Action Needed
7469-LKBCI,0.0068,Low Risk,16,18.95,326.8,Inactive,108.93,Low Value,No,Low,No Action Needed
8091-TTVAX,0.4225,Medium Risk,58,100.35,5681.1,Champions,5207.68,Premium,No,High,Loyalty Reward
0280-XJGEX,0.7176,High Risk,49,103.7,5036.3,Champions,4616.61,Premium,Yes,Critical,Personal Relationship Manager
5129-JLPIS,0.7082,High Risk,25,105.5,2686.05,Champions,2238.38,High Value,No,Critical,Personal Relationship Manager
3655-SNQYZ,0.0862,Low Risk,69,113.25,7895.15,Champions,7895.15,Premium,No,Low,No Action Needed
8191-XWSZG,0.0322,Low Risk,52,20.65,1022.95,Inactive,426.23,Medium Value,No,Low,No Action Needed
9959-WOFKT,0.1362,Low Risk,71,106.7,7382.25,Champions,7382.25,Premium,No,Low,No Action Needed
4190-MFLUW,0.3511,Low Risk,10,55.2,528.35,At Risk,264.18,Medium Value,Yes,Low,No Action Needed
4183-MYFRB,0.7271,High Risk,21,90.05,1862.9,Loyal Customers,1397.18,High Value,No,Critical,Personal Relationship Manager
8779-QRDMV,0.9385,High Risk,1,39.65,39.65,Inactive,16.52,Low Value,Yes,High,Email Campaign
1680-VDCWW,0.1157,Low Risk,12,19.8,202.25,Inactive,67.42,Low Value,No,Low,No Action Needed
1066-JKSGK,0.6469,Medium Risk,1,20.15,20.15,Inactive,5.04,Low Value,Yes,Medium,SMS Reminder
3638-WEABW,0.0541,Low Risk,58,59.9,3505.1,Loyal Customers,2628.82,High Value,No,Low,No Action Needed
6322-HRPFA,0.1801,Low Risk,49,59.6,2970.3,Loyal Customers,1980.2,High Value,No,Low,No Action Needed
6865-JZNKO,0.211,Low Risk,30,55.3,1530.6,At Risk,892.85,High Value,No,Low,No Action Needed
6467-CHFZW,0.7621,High Risk,47,99.35,4749.15,Champions,3957.62,Premium,Yes,Critical,Personal Relationship Manager
8665-UTDHZ,0.7761,High Risk,1,30.2,30.2,Inactive,7.55,Low Value,Yes,High,Email Campaign
5248-YGIJN,0.0223,Low Risk,72,90.25,6369.45,Champions,6369.45,Premium,No,Low,No Action Needed
8773-HHUOZ,0.479,Medium Risk,17,64.7,1093.1,At Risk,546.55,Medium Value,Yes,Medium,SMS Reminder
3841-NFECX,0.0579,Low Risk,71,96.35,6766.95,Champions,6766.95,Premium,No,Low,No Action Needed
4929-XIHVW,0.9065,High Risk,2,95.5,181.65,Loyal Customers,121.1,Low Value,No,High,Email Campaign
6827-IEAUQ,0.0815,Low Risk,27,66.15,1874.45,At Risk,1093.43,High Value,No,Low,No Action Needed
7310-EGVHZ,0.5606,Medium Risk,1,20.2,20.2,Inactive,5.05,Low Value,No,Medium,SMS Reminder
3413-BMNZE,0.8399,High Risk,1,45.25,45.25,Inactive,15.08,Low Value,No,High,Email Campaign
6234-RAAPL,0.0331,Low Risk,72,99.9,7251.7,Champions,7251.7,Premium,No,Low,No Action Needed
6047-YHPVI,0.8203,High Risk,5,69.7,316.9,Inactive,105.63,Low Value,Yes,High,Email Campaign
6572-ADKRS,0.4472,Medium Risk,46,74.8,3548.3,Loyal Customers,2365.53,High Value,No,High,Loyalty Reward
5380-WJKOV,0.745,High Risk,34,106.35,3549.25,Champions,3253.48,Premium,Yes,Critical,Personal Relationship Manager
8168-UQWWF,0.9479,High Risk,11,97.85,1105.4,Loyal Customers,829.05,High Value,Yes,Critical,Personal Relationship Manager
8865-TNMNX,0.1215,Low Risk,10,49.55,475.7,At Risk,237.85,Medium Value,No,Low,No Action Needed
9489-DEDVP,0.066,Low Risk,70,69.2,4872.35,Loyal Customers,3654.26,Premium,No,Low,No Action Needed
9867-JCZSP,0.0498,Low Risk,17,20.75,418.25,Inactive,139.42,Low Value,No,Low,No Action Needed
4671-VJLCL,0.0519,Low Risk,63,79.85,4861.45,Champions,4456.33,Premium,No,Low,No Action Needed
4080-IIARD,0.3817,Low Risk,13,76.2,981.45,Loyal Customers,736.09,Medium Value,No,Low,No Action Needed
3714-NTNFO,0.7103,High Risk,49,84.5,3906.7,Loyal Customers,2604.47,High Value,No,Critical,Personal Relationship Manager
5948-UJZLF,0.6312,Medium Risk,2,49.25,97.0,Inactive,40.42,Low Value,No,Medium,SMS Reminder
7760-OYPDY,0.864,High Risk,2,80.65,144.15,At Risk,72.08,Low Value,Yes,High,Email Campaign
7639-LIAYI,0.0572,Low Risk,52,79.75,4217.8,Champions,3514.83,Premium,No,Low,No Action Needed
2954-PIBKO,0.072,Low Risk,69,64.15,4254.1,Loyal Customers,3190.58,Premium,No,Low,No Action Needed
8012-SOUDQ,0.6736,Medium Risk,43,90.25,3838.75,Champions,3198.96,Premium,No,High,Loyalty Reward
9420-LOJKX,0.7991,High Risk,15,99.1,1426.4,Loyal Customers,1069.8,High Value,Yes,Critical,Personal Relationship Manager
6575-SUVOI,0.2432,Low Risk,25,69.5,1752.65,At Risk,1022.38,High Value,No,Low,No Action Needed
7495-OOKFY,0.8664,High Risk,8,80.65,633.3,At Risk,316.65,Medium Value,Yes,High,Discount Offer
4667-QONEA,0.1287,Low Risk,60,74.85,4456.35,Champions,4084.99,Premium,No,Low,No Action Needed
1658-BYGOY,0.8525,High Risk,18,95.45,1752.55,Loyal Customers,1314.41,High Value,Yes,Critical,Personal Relationship Manager
8769-KKTPH,0.2943,Low Risk,63,99.65,6311.2,Champions,5785.27,Premium,No,Low,No Action Needed
5067-XJQFU,0.4782,Medium Risk,66,108.45,7076.35,Champions,7076.35,Premium,No,High,Loyalty Reward
3957-SQXML,0.0377,Low Risk,34,24.95,894.3,At Risk,447.15,Medium Value,No,Low,No Action Needed
5954-BDFSG,0.0921,Low Risk,72,107.5,7853.7,Champions,7853.7,Premium,No,Low,No Action Needed
0434-CSFON,0.7613,High Risk,47,100.5,4707.1,Champions,3922.58,Premium,No,Critical,Personal Relationship Manager
1215-FIGMP,0.3676,Low Risk,60,89.9,5450.7,Champions,4996.47,Premium,No,Low,No Action Needed
0526-SXDJP,0.0155,Low Risk,72,42.1,2962.0,Loyal Customers,1974.67,High Value,No,Low,No Action Needed
0557-ASKVU,0.141,Low Risk,18,54.4,957.1,At Risk,478.55,Medium Value,No,Low,No Action Needed
5698-BQJOH,0.8727,High Risk,9,94.4,857.25,Loyal Customers,571.5,Medium Value,Yes,High,Discount Offer
5122-CYFXA,0.6914,Medium Risk,3,75.3,244.1,At Risk,142.39,Low Value,No,Medium,SMS Reminder
8627-ZYGSZ,0.1931,Low Risk,47,78.9,3650.35,Loyal Customers,2433.57,High Value,No,Low,No Action Needed
3410-YOQBQ,0.068,Low Risk,31,79.2,2497.2,Champions,2081.0,High Value,No,Low,No Action Needed
3170-NMYVV,0.0313,Low Risk,50,20.15,930.9,Inactive,387.88,Medium Value,No,Low,No Action Needed
7410-OIEDU,0.6591,Medium Risk,10,79.85,887.35,At Risk,517.62,Medium Value,No,Medium,SMS Reminder
2273-QCKXA,0.6551,Medium Risk,1,49.05,49.05,Inactive,20.44,Low Value,No,Medium,SMS Reminder
0731-EBJQB,0.0514,Low Risk,52,20.4,1090.65,Inactive,454.44,Medium Value,No,Low,No Action Needed
1891-QRQSA,0.1321,Low Risk,64,111.6,7099.0,Champions,7099.0,Premium,No,Low,No Action Needed
8028-PNXHQ,0.0169,Low Risk,62,24.25,1424.6,At Risk,831.02,High Value,No,Low,No Action Needed
5630-AHZIL,0.6465,Medium Risk,3,64.5,177.4,At Risk,88.7,Low Value,No,Medium,SMS Reminder
2673-CXQEU,0.3259,Low Risk,56,110.5,6139.5,Champions,6139.5,Premium,No,Low,No Action Needed
6416-JNVRK,0.1926,Low Risk,46,55.65,2688.85,At Risk,1568.5,High Value,No,Low,No Action Needed
5590-ZSKRV,0.259,Low Risk,8,54.65,482.25,Inactive,200.94,Medium Value,No,Low,No Action Needed
0191-ZHSKZ,0.3371,Low Risk,30,74.75,2111.3,Loyal Customers,1583.48,High Value,No,Low,No Action Needed
3887-PBQAO,0.0556,Low Risk,45,25.9,1216.6,At Risk,608.3,Medium Value,No,Low,No Action Needed
5919-TMRGD,0.925,High Risk,1,79.35,79.35,At Risk,39.67,Low Value,Yes,High,Email Campaign
8108-UXRQN,0.4813,Medium Risk,11,50.55,565.35,At Risk,282.68,Medium Value,No,Medium,SMS Reminder
9191-MYQKX,0.7396,High Risk,7,75.15,496.9,At Risk,248.45,Medium Value,Yes,High,Discount Offer
9919-YLNNG,0.5892,Medium Risk,42,103.8,4327.5,Champions,3966.88,Premium,No,High,Loyalty Reward
0318-ZOPWS,0.0284,Low Risk,49,20.15,973.35,Inactive,405.56,Medium Value,No,Low,No Action Needed
4445-ZJNMU,0.9252,High Risk,9,99.3,918.75,Loyal Customers,612.5,Medium Value,No,High,Discount Offer
4808-YNLEU,0.0942,Low Risk,35,62.15,2215.45,At Risk,1292.35,High Value,No,Low,No Action Needed
1862-QRWPE,0.0365,Low Risk,48,20.65,1057.0,Inactive,440.42,Medium Value,No,Low,No Action Needed
2796-NNUFI,0.0235,Low Risk,46,19.95,927.1,Inactive,386.29,Medium Value,No,Low,No Action Needed
3016-KSVCP,0.4443,Medium Risk,29,33.75,1009.25,Inactive,336.42,Medium Value,No,Medium,SMS Reminder
4767-HZZHQ,0.4234,Medium Risk,30,82.05,2570.2,Loyal Customers,1713.47,High Value,No,High,Loyalty Reward
2424-WVHPL,0.7172,High Risk,1,74.7,74.7,At Risk,37.35,Low Value,No,High,Email Campaign
7233-PAHHL,0.0245,Low Risk,66,84.0,5714.25,Champions,5238.06,Premium,No,Low,No Action Needed
6067-NGCEU,0.2806,Low Risk,65,111.05,7107.0,Champions,7107.0,Premium,No,Low,No Action Needed
9848-JQJTX,0.1715,Low Risk,72,100.9,7459.05,Champions,7459.05,Premium,No,Low,No Action Needed
8637-XJIVR,0.7179,High Risk,12,78.95,927.35,At Risk,540.95,Medium Value,Yes,High,Discount Offer
9803-FTJCG,0.0306,Low Risk,71,66.85,4748.7,Loyal Customers,3561.52,Premium,No,Low,No Action Needed
0278-YXOOG,0.3547,Low Risk,5,21.05,113.85,Inactive,28.46,Low Value,Yes,Low,No Action Needed
3212-KXOCR,0.0576,Low Risk,52,21.0,1107.2,Inactive,461.33,Medium Value,No,Low,No Action Needed
4598-XLKNJ,0.8319,High Risk,25,98.5,2514.5,Loyal Customers,1885.88,High Value,Yes,Critical,Personal Relationship Manager
6380-ARCEH,0.5606,Medium Risk,1,20.2,20.2,Inactive,5.05,Low Value,No,Medium,SMS Reminder
3679-XASPY,0.6094,Medium Risk,1,19.45,19.45,Inactive,4.86,Low Value,No,Medium,SMS Reminder
7123-WQUHX,0.1424,Low Risk,38,95.0,3605.6,Champions,3004.67,High Value,No,Low,No Action Needed
5386-THSLQ,0.1479,Low Risk,66,45.55,3027.25,Loyal Customers,2018.17,High Value,No,Low,No Action Needed
3192-NQECA,0.5339,Medium Risk,68,110.0,7611.85,Champions,7611.85,Premium,Yes,High,Loyalty Reward
6180-YBIQI,0.6682,Medium Risk,5,24.3,100.2,Inactive,25.05,Low Value,No,Medium,SMS Reminder
6728-DKUCO,0.0724,Low Risk,72,104.15,7303.05,Champions,7303.05,Premium,No,Low,No Action Needed
9750-BOOHV,0.1609,Low Risk,32,30.15,927.65,Inactive,386.52,Medium Value,No,Low,No Action Needed
8597-CWYHH,0.3279,Low Risk,43,94.35,3921.3,Champions,3267.75,Premium,No,Low,No Action Needed
2848-YXSMW,0.0089,Low Risk,72,19.4,1363.25,At Risk,681.62,Medium Value,No,Low,No Action Needed
0486-HECZI,0.5807,Medium Risk,55,96.75,5238.9,Champions,4365.75,Premium,Yes,High,Loyalty Reward
4549-ZDQYY,0.1293,Low Risk,52,57.95,3042.25,Loyal Customers,2028.17,High Value,No,Low,No Action Needed
5712-AHQNN,0.562,Medium Risk,43,91.65,3954.1,Champions,3295.08,Premium,No,High,Loyalty Reward
4846-WHAFZ,0.7607,High Risk,37,76.5,2868.15,Loyal Customers,1912.1,High Value,Yes,Critical,Personal Relationship Manager
5256-SKJGO,0.06,Low Risk,64,54.6,3423.5,Loyal Customers,2567.62,High Value,No,Low,No Action Needed
3071-VBYPO,0.6294,Medium Risk,3,89.85,248.4,At Risk,144.9,Low Value,No,Medium,SMS Reminder
9560-BBZXK,0.1013,Low Risk,36,31.05,1126.35,Inactive,469.31,Medium Value,No,Low,No Action Needed
5299-RULOA,0.8915,High Risk,10,100.25,1064.65,Loyal Customers,798.49,Medium Value,Yes,High,Discount Offer
8402-OOOHJ,0.02,Low Risk,41,20.65,835.15,Inactive,347.98,Medium Value,No,Low,No Action Needed
9445-ZUEQE,0.4657,Medium Risk,27,85.2,2151.6,Loyal Customers,1434.4,High Value,No,High,Loyalty Reward
1091-SOZGA,0.3753,Low Risk,56,99.8,5515.45,Champions,5055.83,Premium,No,Low,No Action Needed
2928-HLDBA,0.2264,Low Risk,6,20.7,112.75,Inactive,28.19,Low Value,No,Low,No Action Needed
0404-SWRVG,0.8846,High Risk,3,74.4,229.55,At Risk,114.78,Low Value,Yes,High,Email Campaign
6497-TILVL,0.3944,Low Risk,7,50.7,350.35,Inactive,145.98,Low Value,No,Low,No Action Needed
7219-TLZHO,0.2658,Low Risk,4,20.85,62.9,Inactive,15.72,Low Value,No,Low,No Action Needed
4622-YNKIJ,0.1215,Low Risk,33,88.95,3027.65,Loyal Customers,2270.74,High Value,No,Low,No Action Needed
4412-YLTKF,0.7244,High Risk,27,78.05,2135.5,At Risk,1245.71,High Value,Yes,Critical,Personal Relationship Manager
6734-PSBAW,0.0098,Low Risk,72,23.55,1723.95,At Risk,1005.64,High Value,No,Low,No Action Needed
3930-ZGWVE,0.602,Medium Risk,1,19.75,19.75,Inactive,4.94,Low Value,No,Medium,SMS Reminder
2639-UGMAZ,0.1432,Low Risk,71,56.45,3985.35,Loyal Customers,2989.01,High Value,No,Low,No Action Needed
2876-GZYZC,0.8203,High Risk,13,85.95,1215.65,At Risk,709.13,Medium Value,No,High,Discount Offer
6207-WIOLX,0.4738,Medium Risk,25,58.6,1502.65,At Risk,876.55,High Value,Yes,High,Loyalty Reward
8587-XYZSF,0.0371,Low Risk,67,50.55,3260.1,Loyal Customers,2173.4,High Value,No,Low,No Action Needed
3091-FYHKI,0.8944,High Risk,1,35.45,35.45,Inactive,8.86,Low Value,Yes,High,Email Campaign
2372-HWUHI,0.7465,High Risk,2,44.35,81.25,Inactive,27.08,Low Value,Yes,High,Email Campaign
7799-LGRDP,0.0622,Low Risk,43,25.7,1188.2,At Risk,594.1,Medium Value,No,Low,No Action Needed
7850-VWJUU,0.4404,Medium Risk,23,75.0,1778.5,At Risk,1037.46,High Value,No,High,Loyalty Reward
3774-VBNXY,0.0115,Low Risk,64,20.2,1277.75,At Risk,638.88,Medium Value,No,Low,No Action Needed
6217-KDYWC,0.0678,Low Risk,57,19.6,1170.55,At Risk,585.28,Medium Value,No,Low,No Action Needed
0390-DCFDQ,0.9149,High Risk,1,70.45,70.45,Inactive,29.35,Low Value,Yes,High,Email Campaign
3146-MSEGF,0.0505,Low Risk,72,88.05,6425.65,Champions,5890.18,Premium,No,Low,No Action Needed
4080-OGPJL,0.5385,Medium Risk,8,71.15,563.65,At Risk,328.8,Medium Value,Yes,Medium,SMS Reminder
1095-WGNGG,0.1857,Low Risk,61,101.05,5971.25,Champions,5473.65,Premium,No,Low,No Action Needed
2636-SJDOU,0.1133,Low Risk,64,84.3,5289.05,Champions,4407.54,Premium,No,Low,No Action Needed
1131-QQZEB,0.0123,Low Risk,71,23.95,1756.2,At Risk,1024.45,High Value,No,Low,No Action Needed
5716-EZXZN,0.1705,Low Risk,65,99.05,6416.7,Champions,6416.7,Premium,No,Low,No Action Needed
6837-BJYDQ,0.076,Low Risk,3,19.6,61.35,Inactive,15.34,Low Value,No,Low,No Action Needed
2135-RXIHG,0.8331,High Risk,1,45.65,45.65,Inactive,15.22,Low Value,Yes,High,Email Campaign
6440-DKQGE,0.1231,Low Risk,30,64.5,1929.95,Loyal Customers,1286.63,High Value,No,Low,No Action Needed
3466-BYAVD,0.2469,Low Risk,15,69.5,1071.4,At Risk,624.98,Medium Value,No,Low,No Action Needed
3780-YVMFA,0.4834,Medium Risk,8,68.55,564.35,At Risk,282.18,Medium Value,No,Medium,SMS Reminder
3874-EQOEP,0.9181,High Risk,7,95.0,655.5,Loyal Customers,437.0,Medium Value,Yes,High,Discount Offer
1679-JRFBR,0.1439,Low Risk,70,108.15,7930.55,Champions,7930.55,Premium,No,Low,No Action Needed
9073-ZZIAY,0.0222,Low Risk,62,86.1,5215.25,Champions,4780.65,Premium,No,Low,No Action Needed
3077-RSNTJ,0.2708,Low Risk,6,19.7,113.5,Inactive,28.38,Low Value,No,Low,No Action Needed
6551-GNYDG,0.7655,High Risk,14,80.9,1152.8,At Risk,672.47,Medium Value,No,High,Discount Offer
9167-APMXZ,0.6505,Medium Risk,22,84.15,1821.95,At Risk,1062.8,High Value,No,High,Loyalty Reward
2749-CTKAJ,0.0475,Low Risk,22,20.15,419.9,Inactive,139.97,Low Value,No,Low,No Action Needed
6371-NZYEG,0.052,Low Risk,16,64.25,1024.0,At Risk,597.33,Medium Value,No,Low,No Action Needed
7554-NEWDD,0.0977,Low Risk,10,25.7,251.6,Inactive,104.83,Low Value,No,Low,No Action Needed
8992-VONJD,0.4305,Medium Risk,13,56.0,764.55,At Risk,382.28,Medium Value,No,Medium,SMS Reminder
0867-MKZVY,0.6212,Medium Risk,20,82.4,1592.35,At Risk,928.87,High Value,Yes,High,Loyalty Reward
4482-EWFMI,0.823,High Risk,2,69.7,135.2,Inactive,45.07,Low Value,No,High,Email Campaign
4648-YPBTM,0.028,Low Risk,53,73.9,3958.25,Champions,3298.54,Premium,No,Low,No Action Needed
2907-ILJBN,0.0529,Low Risk,11,20.6,233.9,Inactive,77.97,Low Value,No,Low,No Action Needed
6345-FZOQH,0.01,Low Risk,69,19.9,1363.45,At Risk,681.72,Medium Value,No,Low,No Action Needed
3376-BMGFE,0.8071,High Risk,4,70.9,273.0,Inactive,113.75,Low Value,Yes,High,Email Campaign
5997-OPVFA,0.0173,Low Risk,72,89.05,6254.45,Champions,5733.25,Premium,No,Low,No Action Needed
3445-HXXGF,0.6722,Medium Risk,58,45.3,2651.2,Loyal Customers,1767.47,High Value,Yes,High,Loyalty Reward
1159-WFSGR,0.2183,Low Risk,16,20.4,321.4,Inactive,107.13,Low Value,No,Low,No Action Needed
7654-YWJUF,0.0638,Low Risk,43,84.25,3539.25,Loyal Customers,2654.44,High Value,No,Low,No Action Needed
1875-QIVME,0.9391,High Risk,2,104.4,242.8,Loyal Customers,182.1,Medium Value,Yes,High,Discount Offer
6727-IOTLZ,0.0531,Low Risk,14,81.95,1181.75,Loyal Customers,886.31,High Value,No,Low,No Action Needed
0691-JVSYA,0.3805,Low Risk,53,94.85,5000.2,Champions,4166.83,Premium,Yes,Low,No Action Needed
5918-VUKWP,0.0601,Low Risk,32,20.55,654.55,Inactive,272.73,Medium Value,No,Low,No Action Needed
1744-JHKYS,0.2079,Low Risk,34,24.7,780.2,At Risk,390.1,Medium Value,No,Low,No Action Needed
2656-FMOKZ,0.8152,High Risk,15,74.45,1145.7,At Risk,668.32,Medium Value,Yes,High,Discount Offer
2070-FNEXE,0.6646,Medium Risk,7,76.45,503.6,At Risk,251.8,Medium Value,Yes,Medium,SMS Reminder
5947-SGKCL,0.8556,High Risk,15,105.35,1559.25,Champions,1299.38,High Value,No,Critical,Personal Relationship Manager
3712-PKXZA,0.0314,Low Risk,61,20.55,1252.0,At Risk,626.0,Medium Value,No,Low,No Action Needed
6317-YPKDH,0.7412,High Risk,1,29.95,29.95,Inactive,7.49,Low Value,Yes,High,Email Campaign
6582-OIVSP,0.7469,High Risk,1,45.3,45.3,Inactive,15.1,Low Value,No,High,Email Campaign
9367-WXLCH,0.8924,High Risk,8,84.5,662.65,At Risk,331.32,Medium Value,Yes,High,Discount Offer
5524-KHNJP,0.2602,Low Risk,33,74.75,2453.3,Loyal Customers,1839.98,High Value,No,Low,No Action Needed
1918-ZBFQJ,0.7782,High Risk,13,79.25,1111.65,At Risk,648.46,Medium Value,Yes,High,Discount Offer
1024-GUALD,0.8736,High Risk,1,24.8,24.8,Inactive,6.2,Low Value,Yes,High,Email Campaign
4827-USJHP,0.3224,Low Risk,20,51.8,1023.85,At Risk,511.92,Medium Value,No,Low,No Action Needed
8167-GJLRN,0.6575,Medium Risk,3,30.4,82.15,Inactive,20.54,Low Value,No,Medium,SMS Reminder
0956-SYCWG,0.0797,Low Risk,13,19.65,244.8,Inactive,81.6,Low Value,No,Low,No Action Needed
8017-UVSZU,0.2726,Low Risk,40,56.6,2379.1,At Risk,1387.81,High Value,No,Low,No Action Needed
7100-FQPRV,0.2151,Low Risk,43,71.9,3173.35,Loyal Customers,2380.01,High Value,No,Low,No Action Needed
2472-OVKUP,0.8405,High Risk,6,91.0,531.0,Loyal Customers,354.0,Medium Value,Yes,High,Discount Offer
2984-RGEYA,0.0257,Low Risk,69,19.75,1375.4,At Risk,687.7,Medium Value,No,Low,No Action Needed
9680-NIAUV,0.0119,Low Risk,72,109.7,8129.3,Champions,8129.3,Premium,No,Low,No Action Needed
2146-EGVDT,0.0312,Low Risk,59,19.3,1192.7,At Risk,596.35,Medium Value,No,Low,No Action Needed
2604-IJPDU,0.7356,High Risk,20,96.55,1901.65,Loyal Customers,1426.24,High Value,No,Critical,Personal Relationship Manager
9178-JHUVJ,0.0684,Low Risk,24,24.1,587.4,Inactive,244.75,Medium Value,No,Low,No Action Needed
6168-YBYNP,0.6601,Medium Risk,59,111.35,6519.75,Champions,6519.75,Premium,No,High,Loyalty Reward
7255-SSFBC,0.0586,Low Risk,72,112.25,8041.65,Champions,8041.65,Premium,No,Low,No Action Needed
3645-DEYGF,0.5445,Medium Risk,1,20.75,20.75,Inactive,5.19,Low Value,No,Medium,SMS Reminder
9323-HGFWY,0.4336,Medium Risk,27,101.9,2681.15,Loyal Customers,2010.86,High Value,No,High,Loyalty Reward
8544-GOQSH,0.6841,Medium Risk,14,80.05,1112.3,At Risk,648.84,Medium Value,No,Medium,SMS Reminder
3363-DTIVD,0.1509,Low Risk,71,105.55,7405.5,Champions,7405.5,Premium,No,Low,No Action Needed
7018-WBJNK,0.6834,Medium Risk,13,78.3,1033.95,At Risk,603.14,Medium Value,No,Medium,SMS Reminder
9142-KZXOP,0.4662,Medium Risk,44,68.85,2958.95,At Risk,1479.48,High Value,No,High,Loyalty Reward
7674-YTAFD,0.0917,Low Risk,33,79.95,2684.85,Loyal Customers,1789.9,High Value,No,Low,No Action Needed
6348-SNFUS,0.0105,Low Risk,72,55.45,4179.2,Loyal Customers,3134.4,Premium,No,Low,No Action Needed
1285-OKIPP,0.9137,High Risk,1,79.9,79.9,At Risk,39.95,Low Value,Yes,High,Email Campaign
7825-ECJRF,0.7817,High Risk,19,106.6,1934.45,Champions,1612.04,High Value,Yes,Critical,Personal Relationship Manager
1347-KTTTA,0.2523,Low Risk,64,102.45,6654.1,Champions,6654.1,Premium,No,Low,No Action Needed
7841-TZDMQ,0.7097,High Risk,2,46.0,84.5,Inactive,28.17,Low Value,Yes,High,Email Campaign
4195-NZGTA,0.8252,High Risk,1,25.25,25.25,Inactive,6.31,Low Value,No,High,Email Campaign
7157-SMCFK,0.0612,Low Risk,61,19.75,1124.2,At Risk,562.1,Medium Value,No,Low,No Action Needed
4709-LKHYG,0.0566,Low Risk,29,20.0,540.05,Inactive,180.02,Medium Value,No,Low,No Action Needed
2504-DSHIH,0.6212,Medium Risk,23,86.8,1975.85,At Risk,1152.58,High Value,No,High,Loyalty Reward
0699-NDKJM,0.2651,Low Risk,57,58.75,3437.45,Loyal Customers,2578.09,High Value,No,Low,No Action Needed
9286-BHDQG,0.0221,Low Risk,72,45.25,3139.8,Loyal Customers,2354.85,High Value,No,Low,No Action Needed
0230-WEQUW,0.0215,Low Risk,66,56.6,3789.2,Loyal Customers,2841.9,High Value,No,Low,No Action Needed
2040-LDIWQ,0.047,Low Risk,65,84.2,5324.5,Champions,4880.79,Premium,No,Low,No Action Needed
6496-JDSSB,0.7981,High Risk,8,80.0,624.6,At Risk,312.3,Medium Value,No,High,Discount Offer
9408-SSNVZ,0.8351,High Risk,4,70.15,268.35,Inactive,89.45,Low Value,Yes,High,Email Campaign
4443-EMBNA,0.0108,Low Risk,71,24.75,1836.9,At Risk,1071.53,High Value,No,Low,No Action Needed
6469-MRVET,0.1572,Low Risk,1,20.2,20.2,Inactive,5.05,Low Value,No,Low,No Action Needed
0742-MOABM,0.5183,Medium Risk,4,50.05,179.35,Inactive,74.73,Low Value,Yes,Medium,SMS Reminder
5961-VUSRV,0.1298,Low Risk,12,19.35,219.35,Inactive,73.12,Low Value,No,Low,No Action Needed
6778-JFCMK,0.214,Low Risk,24,50.6,1288.75,At Risk,644.38,Medium Value,No,Low,No Action Needed
6341-JVQGF,0.2314,Low Risk,31,81.15,2545.75,Champions,2121.46,High Value,No,Low,No Action Needed
2232-DMLXU,0.8058,High Risk,1,55.2,55.2,Inactive,23.0,Low Value,Yes,High,Email Campaign
4811-JBUVU,0.5344,Medium Risk,30,89.9,2723.15,Champions,2269.29,High Value,No,High,Loyalty Reward
0945-TSONX,0.0452,Low Risk,47,85.3,4107.25,Champions,3422.71,Premium,No,Low,No Action Needed
2651-ZCBXV,0.3088,Low Risk,54,108.0,5760.65,Champions,5280.6,Premium,No,Low,No Action Needed
3316-UWXUY,0.3114,Low Risk,50,93.5,4747.5,Champions,3956.25,Premium,No,Low,No Action Needed
8937-RDTHP,0.8767,High Risk,1,84.6,84.6,At Risk,42.3,Low Value,Yes,High,Email Campaign
7083-MIOPC,0.0055,Low Risk,72,20.25,1566.9,At Risk,783.45,Medium Value,No,Low,No Action Needed
1984-GPTEH,0.2736,Low Risk,29,25.15,702.0,Inactive,292.5,Medium Value,No,Low,No Action Needed
1251-KRREG,0.7573,High Risk,2,54.4,114.1,Inactive,47.54,Low Value,Yes,High,Email Campaign
0621-JFHOL,0.1012,Low Risk,10,29.6,299.05,Inactive,99.68,Low Value,No,Low,No Action Needed
9903-LYSAB,0.7777,High Risk,18,73.15,1305.95,At Risk,761.8,Medium Value,No,High,Discount Offer
0094-OIFMO,0.8792,High Risk,11,95.0,1120.3,Loyal Customers,840.22,High Value,Yes,Critical,Personal Relationship Manager
9227-UAQFT,0.0419,Low Risk,16,19.75,284.35,Inactive,94.78,Low Value,No,Low,No Action Needed
7301-ABVAD,0.0254,Low Risk,72,86.6,6350.5,Champions,5821.29,Premium,No,Low,No Action Needed
6614-FHDBO,0.1085,Low Risk,72,109.2,7878.3,Champions,7878.3,Premium,No,Low,No Action Needed
7576-ASEJU,0.3807,Low Risk,41,74.7,3187.65,Loyal Customers,2390.74,High Value,No,Low,No Action Needed
9058-HRZSV,0.2944,Low Risk,65,94.4,6126.15,Champions,5615.64,Premium,No,Low,No Action Needed
4522-AKYLR,0.5235,Medium Risk,13,54.8,731.3,At Risk,365.65,Medium Value,No,Medium,SMS Reminder
0221-WMXNQ,0.7395,High Risk,4,75.35,273.4,At Risk,136.7,Low Value,No,High,Email Campaign
0303-UNCIP,0.2198,Low Risk,41,65.0,2531.8,Loyal Customers,1687.87,High Value,No,Low,No Action Needed
9947-OTFQU,0.777,High Risk,15,74.4,1074.3,At Risk,626.68,Medium Value,Yes,High,Discount Offer
0322-YINQP,0.7162,High Risk,1,48.55,48.55,Inactive,20.23,Low Value,Yes,High,Email Campaign
0959-WHOKV,0.3981,Low Risk,42,99.0,4298.45,Champions,3940.25,Premium,No,Low,No Action Needed
4075-JFPGR,0.3075,Low Risk,51,93.5,4619.55,Champions,3849.63,Premium,No,Low,No Action Needed
4629-NRXKX,0.8005,High Risk,2,70.4,147.15,Inactive,61.31,Low Value,Yes,High,Email Campaign
9514-JDSKI,0.8989,High Risk,1,40.2,40.2,Inactive,16.75,Low Value,Yes,High,Email Campaign
3282-ZISZV,0.2915,Low Risk,32,83.7,2633.3,Champions,2194.42,High Value,No,Low,No Action Needed
3675-YDUPJ,0.3084,Low Risk,10,19.85,193.05,Inactive,64.35,Low Value,No,Low,No Action Needed
4111-BNXIF,0.09,Low Risk,67,59.55,4103.9,Loyal Customers,3077.92,Premium,No,Low,No Action Needed
7017-VFHAY,0.1039,Low Risk,61,115.1,7008.15,Champions,7008.15,Premium,No,Low,No Action Needed
6655-LHBYW,0.4274,Medium Risk,50,114.35,5791.1,Champions,5308.51,Premium,No,High,Loyalty Reward
4959-JOSRX,0.7124,High Risk,2,44.6,80.55,Inactive,26.85,Low Value,Yes,High,Email Campaign
5046-NUHWD,0.4943,Medium Risk,29,45.0,1228.65,At Risk,614.33,Medium Value,No,Medium,SMS Reminder
7273-TEFQD,0.8592,High Risk,3,41.15,132.2,Inactive,55.08,Low Value,Yes,High,Email Campaign
3606-TWKGI,0.8918,High Risk,13,106.9,1364.3,Champions,1136.92,High Value,Yes,Critical,Personal Relationship Manager
7529-ZDFXI,0.6599,Medium Risk,57,89.85,4925.35,Champions,4104.46,Premium,No,High,Loyalty Reward
7605-BDWDC,0.0331,Low Risk,31,49.85,1520.1,Loyal Customers,1013.4,High Value,No,Low,No Action Needed
1950-KSVVJ,0.208,Low Risk,45,113.3,5032.25,Champions,4612.9,Premium,No,Low,No Action Needed
0123-CRBRT,0.015,Low Risk,61,88.1,5526.75,Champions,5066.19,Premium,No,Low,No Action Needed
6292-TOSSS,0.0694,Low Risk,50,24.9,1195.25,At Risk,597.62,Medium Value,No,Low,No Action Needed
3197-ARFOY,0.6921,Medium Risk,19,105.0,2007.25,Champions,1672.71,High Value,No,High,Loyalty Reward
6323-AYBRX,0.1691,Low Risk,59,19.35,1099.6,At Risk,549.8,Medium Value,Yes,Low,No Action Needed
7014-ZZXAW,0.012,Low Risk,71,24.25,1732.95,At Risk,1010.89,High Value,No,Low,No Action Needed
4385-GZQXV,0.7549,High Risk,16,94.45,1511.2,Loyal Customers,1133.4,High Value,Yes,Critical,Personal Relationship Manager
7633-MVPUY,0.048,Low Risk,57,59.75,3450.15,Loyal Customers,2587.61,High Value,No,Low,No Action Needed
6366-ZGQGL,0.7818,High Risk,1,24.8,24.8,Inactive,6.2,Low Value,Yes,High,Email Campaign
4716-HHKQH,0.599,Medium Risk,20,107.05,2172.05,Champions,1810.04,High Value,No,High,Loyalty Reward
5940-AHUHD,0.8865,High Risk,1,70.6,70.6,Inactive,29.42,Low Value,Yes,High,Email Campaign
6432-TWQLB,0.8749,High Risk,5,85.4,401.1,At Risk,233.98,Medium Value,Yes,High,Discount Offer
4484-GLZOU,0.7777,High Risk,52,105.05,5624.85,Champions,5156.11,Premium,Yes,Critical,Personal Relationship Manager
3179-GBRWV,0.401,Medium Risk,21,64.95,1339.8,At Risk,781.55,Medium Value,No,Medium,SMS Reminder
8645-KWHJO,0.5874,Medium Risk,14,55.0,771.95,At Risk,450.3,Medium Value,No,Medium,SMS Reminder
4130-MZLCC,0.5044,Medium Risk,5,50.55,244.75,Inactive,101.98,Low Value,No,Medium,SMS Reminder
0314-TKOSI,0.3593,Low Risk,6,55.15,322.9,Inactive,134.54,Low Value,No,Low,No Action Needed
8229-MYEJZ,0.3849,Low Risk,10,51.2,498.25,At Risk,249.12,Medium Value,No,Low,No Action Needed
2080-SRCDE,0.5761,Medium Risk,1,25.4,25.4,Inactive,8.47,Low Value,No,Medium,SMS Reminder
9577-WJVCQ,0.102,Low Risk,68,54.45,3687.75,Loyal Customers,2458.5,High Value,No,Low,No Action Needed
9512-UIBFX,0.5746,Medium Risk,18,95.15,1779.95,Loyal Customers,1334.96,High Value,Yes,High,Loyalty Reward
6202-DYYFX,0.1861,Low Risk,22,76.0,1783.6,At Risk,1040.43,High Value,No,Low,No Action Needed
3808-HFKDE,0.5716,Medium Risk,20,44.35,927.15,Inactive,386.31,Medium Value,No,Medium,SMS Reminder
5583-SXDAG,0.9109,High Risk,1,70.0,70.0,Inactive,23.33,Low Value,Yes,High,Email Campaign
3488-PGMQJ,0.8073,High Risk,8,74.5,606.55,At Risk,303.27,Medium Value,Yes,High,Discount Offer
3580-REOAC,0.4052,Medium Risk,10,44.85,435.4,Inactive,181.42,Medium Value,Yes,Medium,SMS Reminder
7534-BFESC,0.7409,High Risk,24,76.1,1712.7,At Risk,999.08,High Value,Yes,Critical,Personal Relationship Manager
3727-OWVYD,0.0848,Low Risk,35,61.2,2021.2,Loyal Customers,1347.47,High Value,No,Low,No Action Needed
2294-SALNE,0.0996,Low Risk,23,86.8,1940.8,Loyal Customers,1293.87,High Value,No,Low,No Action Needed
4847-TAJYI,0.8999,High Risk,6,89.35,567.8,At Risk,283.9,Medium Value,No,High,Discount Offer
1563-IWQEX,0.2573,Low Risk,12,19.7,220.35,Inactive,73.45,Low Value,No,Low,No Action Needed
8203-XJZRC,0.5606,Medium Risk,1,20.25,20.25,Inactive,5.06,Low Value,No,Medium,SMS Reminder
6556-DBKZF,0.052,Low Risk,71,76.05,5436.45,Loyal Customers,4077.34,Premium,No,Low,No Action Needed
6851-WEFYX,0.7928,High Risk,35,100.8,3437.5,Champions,2864.58,High Value,No,Critical,Personal Relationship Manager
2985-JUUBZ,0.5193,Medium Risk,40,74.55,3015.75,Loyal Customers,2261.81,High Value,No,High,Loyalty Reward
6390-DSAZX,0.8296,High Risk,1,73.6,73.6,At Risk,36.8,Low Value,Yes,High,Email Campaign
0895-LMRSF,0.3189,Low Risk,23,64.9,1509.8,At Risk,754.9,Medium Value,No,Low,No Action Needed
8098-LLAZX,0.9475,High Risk,4,95.45,396.1,Loyal Customers,264.07,Medium Value,Yes,High,Discount Offer
8266-VBFQL,0.7885,High Risk,4,90.4,356.65,Loyal Customers,237.77,Medium Value,No,High,Discount Offer
8181-YHCMF,0.0338,Low Risk,68,60.3,4109.0,Loyal Customers,3081.75,Premium,No,Low,No Action Needed
2240-HSJQD,0.5177,Medium Risk,38,81.85,3141.7,Loyal Customers,2094.47,High Value,No,High,Loyalty Reward
1248-DYXUB,0.0238,Low Risk,52,24.8,1229.1,At Risk,614.55,Medium Value,No,Low,No Action Needed
0265-EDXBD,0.7572,High Risk,32,74.9,2303.35,Loyal Customers,1535.57,High Value,Yes,Critical,Personal Relationship Manager
4115-BNPJY,0.0343,Low Risk,29,75.55,2054.4,Loyal Customers,1369.6,High Value,No,Low,No Action Needed
3167-SNQPL,0.566,Medium Risk,38,101.15,3741.85,Champions,3118.21,Premium,No,High,Loyalty Reward
4091-TVOCN,0.2663,Low Risk,48,78.75,3682.45,Champions,3068.71,Premium,No,Low,No Action Needed
1098-TDVUQ,0.4649,Medium Risk,1,19.25,19.25,Inactive,4.81,Low Value,No,Medium,SMS Reminder
7277-OZCGZ,0.5951,Medium Risk,22,89.05,1886.25,Loyal Customers,1257.5,High Value,No,High,Loyalty Reward
1557-EMYVT,0.2991,Low Risk,43,115.05,4895.1,Champions,4487.18,Premium,No,Low,No Action Needed
2799-ARNLO,0.8248,High Risk,5,69.35,341.6,Inactive,113.87,Low Value,No,High,Email Campaign
7563-BIUPC,0.8339,High Risk,5,80.6,415.55,At Risk,207.78,Medium Value,Yes,High,Discount Offer
5027-YOCXN,0.2874,Low Risk,51,110.05,5686.4,Champions,5212.53,Premium,No,Low,No Action Needed
3973-SKMLN,0.0067,Low Risk,71,19.9,1355.1,At Risk,677.55,Medium Value,No,Low,No Action Needed
2321-OMBXY,0.3025,Low Risk,38,80.3,3058.65,Champions,2548.88,High Value,Yes,Low,No Action Needed
2840-XANRC,0.7569,High Risk,24,93.15,2231.05,Loyal Customers,1673.29,High Value,Yes,Critical,Personal Relationship Manager
6745-JEFZB,0.4765,Medium Risk,35,91.5,3236.35,Champions,2696.96,High Value,No,High,Loyalty Reward
5020-ZSTTY,0.3166,Low Risk,54,82.45,4350.1,Champions,3625.08,Premium,Yes,Low,No Action Needed
9880-TDQAC,0.0939,Low Risk,72,60.0,4264.0,Loyal Customers,3198.0,Premium,No,Low,No Action Needed
8705-WZCYL,0.8331,High Risk,1,44.8,44.8,Inactive,14.93,Low Value,No,High,Email Campaign
7102-JJVTX,0.1195,Low Risk,9,48.6,422.3,Inactive,175.96,Medium Value,No,Low,No Action Needed
8626-PTQGE,0.0214,Low Risk,69,60.05,4176.7,Loyal Customers,3132.52,Premium,No,Low,No Action Needed
4983-CLMLV,0.6156,Medium Risk,52,102.7,5138.1,Champions,4709.92,Premium,No,High,Loyalty Reward
5701-YVSVF,0.7913,High Risk,11,82.9,880.05,At Risk,513.36,Medium Value,No,High,Discount Offer
5804-LEPIM,0.8487,High Risk,2,70.35,139.05,Inactive,46.35,Low Value,Yes,High,Email Campaign
5697-GOMBF,0.517,Medium Risk,28,35.9,973.65,Inactive,405.69,Medium Value,No,Medium,SMS Reminder
2739-CACDQ,0.7071,High Risk,17,82.65,1470.05,At Risk,857.53,High Value,No,Critical,Personal Relationship Manager
9385-EHGDO,0.0323,Low Risk,35,19.85,739.35,Inactive,308.06,Medium Value,No,Low,No Action Needed
9498-FIMXL,0.0936,Low Risk,8,19.2,161.95,Inactive,40.49,Low Value,No,Low,No Action Needed
2379-GYFLQ,0.3135,Low Risk,46,94.9,4422.95,Champions,3685.79,Premium,No,Low,No Action Needed
0122-OAHPZ,0.8585,High Risk,7,73.85,511.25,At Risk,255.62,Medium Value,Yes,High,Discount Offer
2868-SNELZ,0.87,High Risk,2,80.6,155.8,At Risk,77.9,Low Value,Yes,High,Email Campaign
4322-RCYMT,0.2562,Low Risk,68,75.8,5293.95,Champions,4852.79,Premium,Yes,Low,No Action Needed
6680-NENYN,0.5092,Medium Risk,43,104.6,4759.85,Champions,4363.2,Premium,Yes,High,Loyalty Reward
2088-IEBAU,0.0904,Low Risk,68,88.15,6148.45,Champions,5636.08,Premium,No,Low,No Action Needed
7982-VCELR,0.4887,Medium Risk,36,94.8,3565.65,Champions,2971.38,High Value,No,High,Loyalty Reward
1343-EHPYB,0.6246,Medium Risk,63,103.4,6603.0,Champions,6603.0,Premium,Yes,High,Loyalty Reward
6035-BXTTY,0.2106,Low Risk,32,54.65,1830.1,At Risk,1067.56,High Value,No,Low,No Action Needed
6885-PKOAM,0.0355,Low Risk,71,85.75,6223.8,Champions,5705.15,Premium,No,Low,No Action Needed
7520-HQWJU,0.1746,Low Risk,66,67.45,4508.65,Loyal Customers,3381.49,Premium,No,Low,No Action Needed
9639-BUJXT,0.0287,Low Risk,63,20.5,1328.15,At Risk,664.08,Medium Value,No,Low,No Action Needed
5924-SNGKP,0.0389,Low Risk,41,20.25,865.0,Inactive,360.42,Medium Value,No,Low,No Action Needed
0021-IKXGC,0.9365,High Risk,1,72.1,72.1,At Risk,36.05,Low Value,No,High,Email Campaign
2034-GDRCN,0.901,High Risk,2,90.4,168.2,At Risk,98.12,Low Value,Yes,High,Email Campaign
8966-SNIZF,0.0175,Low Risk,70,19.45,1303.5,At Risk,651.75,Medium Value,No,Low,No Action Needed
6243-OZGFH,0.698,Medium Risk,23,44.95,996.85,At Risk,498.42,Medium Value,No,Medium,SMS Reminder
4654-DLAMQ,0.0965,Low Risk,64,97.0,6430.9,Champions,5894.99,Premium,No,Low,No Action Needed
0513-RBGPE,0.0474,Low Risk,37,62.8,2278.75,Loyal Customers,1519.17,High Value,No,Low,No Action Needed
5160-UXJED,0.1499,Low Risk,17,44.6,681.4,Inactive,283.92,Medium Value,No,Low,No Action Needed
4115-NZRKS,0.8917,High Risk,7,89.15,574.35,At Risk,287.18,Medium Value,No,High,Discount Offer
0219-YTZUE,0.894,High Risk,4,84.8,371.9,At Risk,216.94,Medium Value,Yes,High,Discount Offer
0623-IIHUG,0.7193,High Risk,21,41.9,840.1,At Risk,420.05,Medium Value,Yes,High,Discount Offer
4572-DVCGN,0.7721,High Risk,10,80.25,846.0,At Risk,493.5,Medium Value,Yes,High,Discount Offer
3351-NGXYI,0.5367,Medium Risk,16,54.1,889.0,At Risk,444.5,Medium Value,No,Medium,SMS Reminder
8984-EYLLL,0.214,Low Risk,64,105.25,6823.4,Champions,6823.4,Premium,No,Low,No Action Needed
9057-MSWCO,0.5548,Medium Risk,27,30.75,805.1,Inactive,268.37,Medium Value,Yes,Medium,SMS Reminder
9833-TGFHX,0.3425,Low Risk,42,97.1,4016.75,Champions,3347.29,Premium,No,Low,No Action Needed
9294-TDIPC,0.2727,Low Risk,5,20.2,83.75,Inactive,20.94,Low Value,No,Low,No Action Needed
5229-DTFYB,0.1471,Low Risk,41,98.8,3959.15,Champions,3299.29,Premium,No,Low,No Action Needed
0104-PPXDV,0.0876,Low Risk,58,50.3,2878.55,Loyal Customers,1919.03,High Value,No,Low,No Action Needed
5176-LMJXE,0.021,Low Risk,47,20.55,945.7,Inactive,394.04,Medium Value,No,Low,No Action Needed
3583-KRKMD,0.4092,Medium Risk,18,75.9,1373.05,At Risk,800.95,Medium Value,No,Medium,SMS Reminder
1010-DIAUQ,0.8792,High Risk,5,96.5,492.55,Loyal Customers,328.37,Medium Value,Yes,High,Discount Offer
9069-LGEUL,0.2901,Low Risk,23,59.95,1406.0,At Risk,703.0,Medium Value,No,Low,No Action Needed
7302-ZHMHP,0.3418,Low Risk,1,19.15,19.15,Inactive,4.79,Low Value,No,Low,No Action Needed
9571-EDEBV,0.3277,Low Risk,71,98.65,6962.85,Champions,6382.61,Premium,No,Low,No Action Needed
3520-FJGCV,0.0199,Low Risk,72,112.6,8126.65,Champions,8126.65,Premium,No,Low,No Action Needed
6563-VRERX,0.0413,Low Risk,33,20.6,690.25,Inactive,287.6,Medium Value,No,Low,No Action Needed
0259-GBZSH,0.9123,High Risk,2,85.65,181.5,At Risk,90.75,Low Value,Yes,High,Email Campaign
6122-EFVKN,0.0345,Low Risk,24,35.75,830.8,At Risk,415.4,Medium Value,No,Low,No Action Needed
2805-EDJPQ,0.2439,Low Risk,56,99.75,5608.4,Champions,5608.4,Premium,No,Low,No Action Needed
6862-CQUMB,0.5584,Medium Risk,37,96.1,3646.8,Champions,3039.0,Premium,No,High,Loyalty Reward
7156-MXBJE,0.226,Low Risk,43,85.1,3662.25,Champions,3051.88,Premium,No,Low,No Action Needed
6158-HDPXZ,0.7818,High Risk,1,25.35,25.35,Inactive,6.34,Low Value,No,High,Email Campaign
9601-BRXPO,0.7895,High Risk,25,104.95,2566.5,Champions,2138.75,High Value,Yes,Critical,Personal Relationship Manager
2863-IMQDR,0.0581,Low Risk,61,89.65,5308.7,Champions,4866.31,Premium,No,Low,No Action Needed
5686-CMAWK,0.2648,Low Risk,17,86.75,1410.25,Loyal Customers,940.17,High Value,No,Low,No Action Needed
5651-CRHKQ,0.0784,Low Risk,41,86.2,3339.05,Loyal Customers,2504.29,High Value,No,Low,No Action Needed
6905-NIQIN,0.7157,High Risk,1,50.65,50.65,Inactive,21.1,Low Value,Yes,High,Email Campaign
8204-YJCLA,0.0133,Low Risk,72,64.8,4732.35,Champions,3943.63,Premium,No,Low,No Action Needed
5167-ZFFMM,0.9363,High Risk,1,90.85,90.85,Loyal Customers,60.57,Low Value,Yes,High,Email Campaign
6583-SZVGP,0.4527,Medium Risk,48,108.1,5067.45,Champions,4645.16,Premium,No,High,Loyalty Reward
4895-TMWIR,0.2675,Low Risk,11,19.95,214.75,Inactive,71.58,Low Value,Yes,Low,No Action Needed
0533-BNWKF,0.7037,High Risk,55,85.45,4874.7,Loyal Customers,3656.02,Premium,Yes,Critical,Personal Relationship Manager
1708-PBBOA,0.1769,Low Risk,42,54.75,2348.45,Loyal Customers,1565.63,High Value,No,Low,No Action Needed
8782-LKFPK,0.4498,Medium Risk,44,90.4,4063.0,Champions,3385.83,Premium,No,High,Loyalty Reward
5522-JBWMO,0.7657,High Risk,1,44.0,44.0,Inactive,14.67,Low Value,No,High,Email Campaign
3597-MVHJT,0.7013,High Risk,27,95.6,2595.25,Loyal Customers,1946.44,High Value,No,Critical,Personal Relationship Manager
9774-NRNAU,0.3235,Low Risk,27,84.8,2309.55,Loyal Customers,1732.16,High Value,No,Low,No Action Needed
0224-RLWWD,0.7975,High Risk,2,44.3,89.3,Inactive,29.77,Low Value,No,High,Email Campaign
9967-ATRFS,0.1362,Low Risk,19,19.9,367.55,Inactive,122.52,Low Value,No,Low,No Action Needed
3951-NJCVI,0.758,High Risk,42,95.05,3944.5,Champions,3287.08,Premium,No,Critical,Personal Relationship Manager
2977-CEBSX,0.0509,Low Risk,66,90.05,5965.95,Champions,5965.95,Premium,No,Low,No Action Needed
0177-PXBAT,0.5833,Medium Risk,33,109.9,3694.7,Champions,3386.81,Premium,No,High,Loyalty Reward
6599-CEBNN,0.594,Medium Risk,34,73.95,2524.45,Loyal Customers,1682.97,High Value,Yes,High,Loyalty Reward
2519-ERQOJ,0.3344,Low Risk,33,54.6,1803.7,Loyal Customers,1202.47,High Value,No,Low,No Action Needed
5876-QMYLD,0.0469,Low Risk,23,20.05,415.1,Inactive,138.37,Low Value,No,Low,No Action Needed
2277-AXSDC,0.0727,Low Risk,32,19.75,624.15,Inactive,260.06,Medium Value,No,Low,No Action Needed
9442-JTWDL,0.0619,Low Risk,11,20.05,237.7,Inactive,79.23,Low Value,No,Low,No Action Needed
0979-PHULV,0.6741,Medium Risk,69,99.45,7007.6,Champions,6423.63,Premium,Yes,High,Loyalty Reward
3067-SVMTC,0.0338,Low Risk,68,55.9,3848.8,Loyal Customers,2565.87,High Value,No,Low,No Action Needed
5495-GPSRW,0.0375,Low Risk,20,19.7,419.4,Inactive,139.8,Low Value,No,Low,No Action Needed
7606-BPHHN,0.0058,Low Risk,72,19.8,1468.75,At Risk,734.38,Medium Value,No,Low,No Action Needed
4742-DRORA,0.1034,Low Risk,60,95.4,5812.0,Champions,5327.67,Premium,No,Low,No Action Needed
0111-KLBQG,0.6699,Medium Risk,32,93.95,2861.45,Champions,2384.54,High Value,No,High,Loyalty Reward
4800-VHZKI,0.6865,Medium Risk,1,19.9,19.9,Inactive,4.97,Low Value,Yes,Medium,SMS Reminder
7989-CHGTL,0.6784,Medium Risk,1,19.6,19.6,Inactive,4.9,Low Value,Yes,Medium,SMS Reminder
0334-GDDSO,0.8923,High Risk,3,81.35,233.7,At Risk,116.85,Low Value,Yes,High,Email Campaign
4163-NCJAK,0.1078,Low Risk,46,24.45,1066.15,At Risk,533.08,Medium Value,No,Low,No Action Needed
5233-AOZUF,0.7141,High Risk,29,74.95,2149.05,At Risk,1253.61,High Value,No,Critical,Personal Relationship Manager
5973-EJGDP,0.5811,Medium Risk,51,87.35,4473.0,Loyal Customers,3354.75,Premium,No,High,Loyalty Reward
1996-DBMUS,0.4906,Medium Risk,48,70.65,3545.05,At Risk,2067.95,High Value,No,High,Loyalty Reward
7916-VCCPB,0.5215,Medium Risk,16,73.25,1195.75,At Risk,697.52,Medium Value,No,Medium,SMS Reminder
4686-GEFRM,0.2048,Low Risk,70,98.7,6858.9,Champions,6858.9,Premium,No,Low,No Action Needed
5249-QYHEX,0.0399,Low Risk,40,24.8,1024.7,At Risk,512.35,Medium Value,No,Low,No Action Needed
0578-SKVMF,0.5995,Medium Risk,22,83.3,1845.9,At Risk,1076.78,High Value,Yes,High,Loyalty Reward
5564-NEMQO,0.9206,High Risk,1,75.3,75.3,At Risk,37.65,Low Value,Yes,High,Email Campaign
2233-FAGXV,0.4122,Medium Risk,5,24.3,132.25,Inactive,44.08,Low Value,No,Medium,SMS Reminder
5605-IYGFG,0.711,High Risk,7,69.85,515.45,Inactive,171.82,Medium Value,No,High,Discount Offer
7663-ZTEGJ,0.21,Low Risk,29,100.55,2830.45,Champions,2358.71,High Value,No,Low,No Action Needed
3935-TBRZZ,0.0813,Low Risk,44,25.7,1110.5,At Risk,555.25,Medium Value,No,Low,No Action Needed
8111-BKVDS,0.3973,Low Risk,10,40.7,449.3,At Risk,224.65,Medium Value,No,Low,No Action Needed
2055-SIFSS,0.2972,Low Risk,55,51.65,2838.55,At Risk,1655.82,High Value,No,Low,No Action Needed
2806-MLNTI,0.5922,Medium Risk,52,105.1,5376.4,Champions,4928.37,Premium,No,High,Loyalty Reward
8734-DKSTZ,0.7937,High Risk,10,85.95,858.6,At Risk,500.85,Medium Value,No,High,Discount Offer
4360-PNRQB,0.6253,Medium Risk,18,75.6,1395.05,At Risk,813.78,High Value,No,High,Loyalty Reward
6152-ONASV,0.0401,Low Risk,68,58.25,3975.7,Loyal Customers,2981.77,High Value,No,Low,No Action Needed
9063-ZGTUY,0.3702,Low Risk,61,19.4,1182.55,At Risk,591.28,Medium Value,Yes,Low,No Action Needed
7781-HVGMK,0.0167,Low Risk,72,65.2,4784.45,Champions,3987.04,Premium,No,Low,No Action Needed
2181-UAESM,0.6813,Medium Risk,2,53.45,119.5,Inactive,49.79,Low Value,No,Medium,SMS Reminder
2957-LOLHO,0.4046,Medium Risk,12,45.4,518.9,Inactive,216.21,Medium Value,Yes,Medium,SMS Reminder
6048-NJXHX,0.0635,Low Risk,41,19.75,899.45,Inactive,374.77,Medium Value,No,Low,No Action Needed
2320-SLKMB,0.4174,Medium Risk,26,44.45,1183.8,At Risk,591.9,Medium Value,No,Medium,SMS Reminder
4980-URKXC,0.0603,Low Risk,36,20.85,720.05,Inactive,300.02,Medium Value,No,Low,No Action Needed
4376-KFVRS,0.0199,Low Risk,72,114.05,8468.2,Champions,8468.2,Premium,No,Low,No Action Needed
5886-VLQVU,0.4367,Medium Risk,35,89.85,3161.2,Loyal Customers,2370.9,High Value,No,High,Loyalty Reward
3577-AMVUX,0.6787,Medium Risk,1,55.05,55.05,Inactive,22.94,Low Value,No,Medium,SMS Reminder
0771-WLCLA,0.6352,Medium Risk,16,112.95,1882.55,Champions,1568.79,High Value,No,High,Loyalty Reward
5628-RKIFK,0.6544,Medium Risk,49,101.55,5070.4,Champions,4225.33,Premium,No,High,Loyalty Reward
0206-TBWLC,0.3343,Low Risk,54,114.65,6049.5,Champions,5545.38,Premium,No,Low,No Action Needed
2937-FTHUR,0.4248,Medium Risk,18,64.8,1166.7,At Risk,680.58,Medium Value,No,Medium,SMS Reminder
1910-FMXJM,0.6116,Medium Risk,36,80.4,2937.65,Loyal Customers,1958.43,High Value,No,High,Loyalty Reward
7752-XUSCI,0.6874,Medium Risk,60,105.9,6396.45,Champions,6396.45,Premium,Yes,High,Loyalty Reward
4110-PFEUZ,0.896,High Risk,1,69.55,69.55,Inactive,23.18,Low Value,Yes,High,Email Campaign
0732-OCQOC,0.031,Low Risk,52,25.05,1270.25,At Risk,635.12,Medium Value,No,Low,No Action Needed
5168-MSWXT,0.8685,High Risk,8,94.75,759.55,Loyal Customers,506.37,Medium Value,No,High,Discount Offer
1090-ESELR,0.0423,Low Risk,72,105.5,7611.55,Champions,7611.55,Premium,No,Low,No Action Needed
8592-PLTMQ,0.0394,Low Risk,64,24.7,1642.75,At Risk,958.27,High Value,No,Low,No Action Needed
5760-WRAHC,0.2855,Low Risk,22,69.75,1545.4,At Risk,901.48,High Value,No,Low,No Action Needed
8847-GEOOQ,0.1191,Low Risk,60,60.2,3582.4,Loyal Customers,2686.8,High Value,No,Low,No Action Needed
0256-LTHVJ,0.6374,Medium Risk,28,81.05,2227.1,At Risk,1299.14,High Value,Yes,High,Loyalty Reward
4785-FCIFB,0.0217,Low Risk,61,24.4,1417.9,At Risk,827.11,High Value,No,Low,No Action Needed
8313-NDOIA,0.8708,High Risk,24,104.15,2494.65,Champions,2078.88,High Value,No,Critical,Personal Relationship Manager
5149-CUZUJ,0.0986,Low Risk,28,92.9,2768.35,Loyal Customers,2076.26,High Value,No,Low,No Action Needed
0942-KOWSM,0.0418,Low Risk,30,80.8,2369.3,Champions,1974.42,High Value,No,Low,No Action Needed
4237-CLSMM,0.266,Low Risk,2,20.0,38.0,Inactive,9.5,Low Value,No,Low,No Action Needed
1452-VOQCH,0.9453,High Risk,1,75.1,75.1,At Risk,37.55,Low Value,No,High,Email Campaign
4719-UMSIY,0.2682,Low Risk,6,19.65,100.9,Inactive,25.22,Low Value,No,Low,No Action Needed
6614-VBEGU,0.3257,Low Risk,24,69.45,1614.05,At Risk,941.53,High Value,No,Low,No Action Needed
0880-TKATG,0.899,High Risk,4,101.15,385.9,Loyal Customers,257.27,Medium Value,Yes,High,Discount Offer
3811-VBYBZ,0.9503,High Risk,7,99.8,673.25,Loyal Customers,448.83,Medium Value,Yes,High,Discount Offer
1480-BKXGA,0.0487,Low Risk,72,116.05,8404.9,Champions,8404.9,Premium,No,Low,No Action Needed
2996-XAUVF,0.0138,Low Risk,70,40.05,2799.75,Loyal Customers,1866.5,High Value,No,Low,No Action Needed
9076-AXYIK,0.1053,Low Risk,64,102.1,6538.45,Champions,6538.45,Premium,No,Low,No Action Needed
5968-XQIVE,0.2486,Low Risk,72,89.7,6588.95,Champions,5490.79,Premium,No,Low,No Action Needed
8896-RAZCR,0.0224,Low Risk,44,19.9,868.1,Inactive,361.71,Medium Value,No,Low,No Action Needed
4640-UHDOS,0.482,Medium Risk,13,55.95,734.35,At Risk,367.18,Medium Value,Yes,Medium,SMS Reminder
4933-IKULF,0.055,Low Risk,17,20.65,330.6,Inactive,110.2,Low Value,No,Low,No Action Needed
3583-EKAPL,0.8391,High Risk,1,55.0,55.0,Inactive,22.92,Low Value,Yes,High,Email Campaign
1304-BCCFO,0.4763,Medium Risk,9,70.05,564.4,At Risk,282.2,Medium Value,No,Medium,SMS Reminder
4104-PVRPS,0.1403,Low Risk,24,53.6,1315.35,At Risk,657.68,Medium Value,No,Low,No Action Needed
9399-APLBT,0.9184,High Risk,1,74.7,74.7,At Risk,37.35,Low Value,Yes,High,Email Campaign
2359-KMGLI,0.73,High Risk,24,80.25,1861.5,At Risk,1085.88,High Value,Yes,Critical,Personal Relationship Manager
3780-DDGSE,0.2762,Low Risk,35,76.05,2747.2,Loyal Customers,2060.4,High Value,No,Low,No Action Needed
4431-EDMIQ,0.4406,Medium Risk,7,75.7,554.05,Loyal Customers,369.37,Medium Value,No,Medium,SMS Reminder
0306-JAELE,0.8577,High Risk,5,96.1,453.4,Loyal Customers,302.27,Medium Value,Yes,High,Discount Offer
6227-HWPWX,0.6241,Medium Risk,15,69.0,994.8,Inactive,414.5,Medium Value,Yes,Medium,SMS Reminder
0486-LGCCH,0.0356,Low Risk,11,19.65,225.75,Inactive,75.25,Low Value,No,Low,No Action Needed
0447-BEMNG,0.4005,Medium Risk,48,45.3,2145.0,At Risk,1251.25,High Value,Yes,High,Loyalty Reward
4612-SSVHJ,0.7333,High Risk,20,81.45,1671.6,At Risk,975.1,High Value,No,Critical,Personal Relationship Manager
5168-MQQCA,0.2478,Low Risk,72,108.5,8003.8,Champions,8003.8,Premium,No,Low,No Action Needed
5949-XIKAE,0.8235,High Risk,8,83.55,680.05,At Risk,340.02,Medium Value,Yes,High,Discount Offer
7971-HLVXI,0.0351,Low Risk,72,84.5,6130.85,Loyal Customers,4598.14,Premium,No,Low,No Action Needed
9094-AZPHK,0.8691,High Risk,15,100.15,1415.0,Loyal Customers,1061.25,High Value,No,Critical,Personal Relationship Manager
3649-JPUGY,0.026,Low Risk,72,88.6,6201.95,Champions,5685.12,Premium,No,Low,No Action Needed
8372-JUXUI,0.9219,High Risk,1,74.35,74.35,At Risk,37.17,Low Value,Yes,High,Email Campaign
3552-CTCYF,0.1964,Low Risk,63,104.8,6597.25,Champions,6597.25,Premium,No,Low,No Action Needed
6778-YSNIH,0.7424,High Risk,2,59.0,114.15,Inactive,47.56,Low Value,No,High,Email Campaign
0388-EOPEX,0.7389,High Risk,2,74.4,139.4,At Risk,69.7,Low Value,Yes,High,Email Campaign
5756-OZRIO,0.085,Low Risk,61,64.05,3902.6,Loyal Customers,2926.95,High Value,No,Low,No Action Needed
6579-JPICP,0.5606,Medium Risk,1,20.4,20.4,Inactive,5.1,Low Value,No,Medium,SMS Reminder
8205-OTCHB,0.4685,Medium Risk,22,43.75,903.6,At Risk,451.8,Medium Value,Yes,Medium,SMS Reminder
4134-BSXLX,0.1433,Low Risk,28,60.9,1785.65,At Risk,1041.63,High Value,No,Low,No Action Needed
0505-SPOOW,0.0233,Low Risk,70,19.8,1397.65,At Risk,698.82,Medium Value,No,Low,No Action Needed
6235-VDHOM,0.76,High Risk,5,28.45,131.05,Inactive,32.76,Low Value,Yes,High,Email Campaign
7783-YKGDV,0.8521,High Risk,12,99.7,1238.45,Champions,1032.04,High Value,Yes,Critical,Personal Relationship Manager
4374-YMUSQ,0.3245,Low Risk,34,116.25,3899.05,Champions,3574.13,Premium,No,Low,No Action Needed
4513-CXYIX,0.0312,Low Risk,71,80.7,5676.0,Loyal Customers,4257.0,Premium,No,Low,No Action Needed
3957-HHLMR,0.1325,Low Risk,70,65.2,4543.15,Loyal Customers,3407.36,Premium,No,Low,No Action Needed
7803-XOCCZ,0.2167,Low Risk,52,84.05,4326.8,Loyal Customers,3245.1,Premium,No,Low,No Action Needed
5736-YEJAX,0.0662,Low Risk,69,79.45,5502.55,Champions,5044.0,Premium,No,Low,No Action Needed
5609-CEBID,0.8156,High Risk,20,94.1,1782.4,Loyal Customers,1336.8,High Value,Yes,Critical,Personal Relationship Manager
8981-FJGLA,0.7808,High Risk,11,78.0,851.8,At Risk,496.88,Medium Value,No,High,Discount Offer
7218-HKQFK,0.8416,High Risk,2,94.2,167.5,Loyal Customers,111.67,Low Value,Yes,High,Email Campaign
4636-QRJKY,0.839,High Risk,6,80.5,502.85,At Risk,251.42,Medium Value,Yes,High,Discount Offer
1135-LMECX,0.6052,Medium Risk,1,19.85,19.85,Inactive,4.96,Low Value,No,Medium,SMS Reminder
4332-MUOEZ,0.2754,Low Risk,20,94.3,1818.3,Loyal Customers,1363.72,High Value,No,Low,No Action Needed
8535-SFUTN,0.6548,Medium Risk,61,106.45,6300.15,Champions,6300.15,Premium,No,High,Loyalty Reward
5956-VKDTT,0.8888,High Risk,5,74.35,334.8,At Risk,167.4,Medium Value,Yes,High,Discount Offer
8677-HDZEE,0.5996,Medium Risk,56,105.45,5916.95,Champions,5916.95,Premium,No,High,Loyalty Reward
2475-MROZF,0.4037,Medium Risk,30,95.0,2852.4,Champions,2614.7,High Value,No,High,Loyalty Reward
9412-GHEEC,0.6847,Medium Risk,40,104.8,4131.95,Champions,3787.62,Premium,Yes,High,Loyalty Reward
3482-ABPKK,0.0928,Low Risk,28,54.3,1546.3,At Risk,773.15,Medium Value,No,Low,No Action Needed
6705-LXORM,0.8274,High Risk,5,70.05,302.6,Inactive,100.87,Low Value,No,High,Email Campaign
0257-ZESQC,0.4859,Medium Risk,27,75.2,1929.35,At Risk,1125.45,High Value,Yes,High,Loyalty Reward
7531-GQHME,0.2514,Low Risk,12,20.05,265.45,Inactive,88.48,Low Value,No,Low,No Action Needed
5174-ITUMV,0.6196,Medium Risk,67,105.4,6989.45,Champions,6989.45,Premium,No,High,Loyalty Reward
4109-CYRBD,0.4647,Medium Risk,29,51.6,1442.0,At Risk,721.0,Medium Value,No,Medium,SMS Reminder
0913-XWSCN,0.3994,Low Risk,55,85.5,4713.4,Loyal Customers,3142.27,Premium,No,Low,No Action Needed
6825-UYPFK,0.4773,Medium Risk,23,75.6,1758.6,At Risk,1025.85,High Value,Yes,High,Loyalty Reward
8397-MVTAZ,0.7825,High Risk,34,100.05,3480.0,Champions,2900.0,High Value,Yes,Critical,Personal Relationship Manager
0750-EBAIU,0.2647,Low Risk,52,91.25,4738.3,Champions,3948.58,Premium,No,Low,No Action Needed
8606-CIQUL,0.0299,Low Risk,72,115.75,8399.15,Champions,8399.15,Premium,No,Low,No Action Needed
3571-DPYUH,0.1876,Low Risk,58,94.7,5430.35,Champions,4977.82,Premium,No,Low,No Action Needed
7601-GNDYK,0.0275,Low Risk,35,19.6,686.95,Inactive,286.23,Medium Value,No,Low,No Action Needed
0356-OBMAC,0.1658,Low Risk,56,99.9,5706.3,Champions,5706.3,Premium,No,Low,No Action Needed
8067-NIOYM,0.038,Low Risk,24,21.1,490.65,Inactive,163.55,Medium Value,No,Low,No Action Needed
1403-GYAFU,0.0097,Low Risk,70,20.05,1360.25,At Risk,680.12,Medium Value,No,Low,No Action Needed
4234-XTNEA,0.8685,High Risk,2,79.95,174.45,At Risk,87.22,Low Value,No,High,Email Campaign
1297-VQDRP,0.5035,Medium Risk,68,107.15,7379.8,Champions,7379.8,Premium,No,High,Loyalty Reward
9282-IZGQK,0.9592,High Risk,1,85.0,85.0,At Risk,42.5,Low Value,Yes,High,Email Campaign
5348-CAGXB,0.8447,High Risk,12,89.55,1021.75,Loyal Customers,681.17,Medium Value,No,High,Discount Offer
0621-HJWXJ,0.3079,Low Risk,63,81.55,5029.05,Loyal Customers,3771.79,Premium,No,Low,No Action Needed
5844-QVTAT,0.0844,Low Risk,33,58.45,1955.4,Loyal Customers,1303.6,High Value,No,Low,No Action Needed
8905-IAZPF,0.2139,Low Risk,69,95.65,6744.2,Champions,6182.18,Premium,No,Low,No Action Needed
5394-MEITZ,0.0118,Low Risk,60,80.6,4946.7,Champions,4534.47,Premium,No,Low,No Action Needed
6859-QNXIQ,0.0234,Low Risk,72,113.1,8248.5,Champions,8248.5,Premium,No,Low,No Action Needed
2782-LFZVW,0.5039,Medium Risk,11,58.95,601.6,At Risk,300.8,Medium Value,No,Medium,SMS Reminder
2866-IKBTM,0.6052,Medium Risk,1,19.55,19.55,Inactive,4.89,Low Value,No,Medium,SMS Reminder
1342-JPNKI,0.885,High Risk,10,86.05,834.1,At Risk,486.56,Medium Value,Yes,High,Discount Offer
2817-NTQDO,0.4756,Medium Risk,13,45.55,597.0,At Risk,298.5,Medium Value,Yes,Medium,SMS Reminder
7129-AZJDE,0.2608,Low Risk,34,78.95,2647.2,Loyal Customers,1764.8,High Value,No,Low,No Action Needed
6986-IJDHX,0.6015,Medium Risk,39,86.3,3266.0,Loyal Customers,2177.33,High Value,Yes,High,Loyalty Reward
2560-PPCHE,0.3445,Low Risk,65,105.05,6744.25,Champions,6744.25,Premium,No,Low,No Action Needed
4676-MQUEA,0.2705,Low Risk,50,101.9,5265.5,Champions,4826.71,Premium,No,Low,No Action Needed
8138-EALND,0.2704,Low Risk,15,19.75,311.6,Inactive,103.87,Low Value,No,Low,No Action Needed
3580-HYCSP,0.023,Low Risk,72,110.3,7966.9,Champions,7966.9,Premium,No,Low,No Action Needed
1352-HNSAW,0.0286,Low Risk,72,115.6,8220.4,Champions,8220.4,Premium,No,Low,No Action Needed
2075-PUEPR,0.148,Low Risk,55,19.35,1153.25,Inactive,480.52,Medium Value,No,Low,No Action Needed
1982-FEBTD,0.0703,Low Risk,23,25.6,514.75,Inactive,214.48,Medium Value,No,Low,No Action Needed
5301-GAUUY,0.5635,Medium Risk,32,80.35,2596.15,Loyal Customers,1730.77,High Value,Yes,High,Loyalty Reward
5791-KAJFD,0.1127,Low Risk,56,68.75,3808.0,Loyal Customers,2856.0,High Value,No,Low,No Action Needed
2654-VBVPB,0.6109,Medium Risk,1,19.9,19.9,Inactive,4.97,Low Value,No,Medium,SMS Reminder
1154-HYWWO,0.1056,Low Risk,38,70.6,2708.2,Loyal Customers,2031.15,High Value,No,Low,No Action Needed
2501-XWWTZ,0.7417,High Risk,11,70.2,760.05,Inactive,316.69,Medium Value,No,High,Discount Offer
3716-UVSPD,0.7238,High Risk,1,49.3,49.3,Inactive,20.54,Low Value,No,High,Email Campaign
6815-ABQFQ,0.6307,Medium Risk,56,107.25,6033.3,Champions,6033.3,Premium,No,High,Loyalty Reward
7343-EOBEU,0.5132,Medium Risk,3,23.6,89.05,Inactive,29.68,Low Value,No,Medium,SMS Reminder
3701-SFMUH,0.3446,Low Risk,7,69.7,516.15,At Risk,258.08,Medium Value,No,Low,No Action Needed
6103-LIANB,0.2752,Low Risk,59,99.5,5861.75,Champions,5373.27,Premium,No,Low,No Action Needed
7319-VENRZ,0.2906,Low Risk,7,64.3,445.95,At Risk,222.98,Medium Value,No,Low,No Action Needed
5846-NEQVZ,0.0107,Low Risk,71,70.85,4973.4,Champions,4144.5,Premium,No,Low,No Action Needed
6967-QIQRV,0.3639,Low Risk,15,101.9,1667.25,Loyal Customers,1250.44,High Value,No,Low,No Action Needed
5781-RFZRP,0.0338,Low Risk,71,73.5,5357.75,Champions,4911.27,Premium,No,Low,No Action Needed
0939-YAPAF,0.775,High Risk,35,100.25,3527.6,Champions,2939.67,High Value,Yes,Critical,Personal Relationship Manager
0308-IVGOK,0.1574,Low Risk,11,40.4,422.6,At Risk,211.3,Medium Value,No,Low,No Action Needed
7293-LSCDV,0.0245,Low Risk,60,19.25,1103.25,At Risk,551.62,Medium Value,No,Low,No Action Needed
7025-WCBNE,0.045,Low Risk,47,59.6,2754.0,Loyal Customers,1836.0,High Value,No,Low,No Action Needed
5756-JYOJT,0.3005,Low Risk,11,64.9,697.25,At Risk,406.73,Medium Value,No,Low,No Action Needed
4710-FDUIZ,0.4084,Medium Risk,56,100.3,5614.45,Champions,5146.58,Premium,Yes,High,Loyalty Reward
6030-REHUX,0.6195,Medium Risk,28,110.85,3204.4,Champions,2670.33,High Value,No,High,Loyalty Reward
9548-LIGTA,0.0126,Low Risk,61,81.05,4747.65,Champions,4352.01,Premium,No,Low,No Action Needed
5150-LJNSR,0.1518,Low Risk,31,98.05,3082.1,Champions,2568.42,High Value,No,Low,No Action Needed
8270-RKSAP,0.7574,High Risk,9,70.5,597.9,Inactive,249.12,Medium Value,No,High,Discount Offer
6522-YRBXD,0.5446,Medium Risk,35,94.55,3365.4,Champions,2804.5,High Value,No,High,Loyalty Reward
2640-LYMOV,0.3009,Low Risk,2,19.65,38.8,Inactive,9.7,Low Value,No,Low,No Action Needed
1218-VKFPE,0.3449,Low Risk,12,19.0,233.55,Inactive,77.85,Low Value,Yes,Low,No Action Needed
3627-FHKBK,0.8209,High Risk,1,75.3,75.3,At Risk,37.65,Low Value,Yes,High,Email Campaign
2865-TCHJW,0.913,High Risk,4,89.2,346.2,At Risk,201.95,Medium Value,Yes,High,Discount Offer
1423-BMPBQ,0.4673,Medium Risk,1,19.0,19.0,Inactive,4.75,Low Value,No,Medium,SMS Reminder
2393-DIVAI,0.3419,Low Risk,3,20.0,61.7,Inactive,15.42,Low Value,No,Low,No Action Needed
5192-EBGOV,0.9607,High Risk,1,85.7,85.7,At Risk,42.85,Low Value,Yes,High,Email Campaign
4568-KNYWR,0.0648,Low Risk,52,63.25,3342.45,Loyal Customers,2228.3,High Value,No,Low,No Action Needed
8752-IMQOS,0.0645,Low Risk,5,20.1,85.1,Inactive,21.28,Low Value,No,Low,No Action Needed
0742-LAFQK,0.0402,Low Risk,72,99.15,7422.1,Champions,7422.1,Premium,No,Low,No Action Needed
0795-LAFGP,0.0479,Low Risk,71,90.4,6668.05,Champions,6668.05,Premium,No,Low,No Action Needed
0619-OLYUR,0.0418,Low Risk,72,111.9,8071.05,Champions,8071.05,Premium,No,Low,No Action Needed
5512-IDZEI,0.1091,Low Risk,46,24.9,1174.8,At Risk,587.4,Medium Value,No,Low,No Action Needed
0459-SPZHJ,0.0386,Low Risk,63,83.5,5435.0,Champions,4982.08,Premium,No,Low,No Action Needed
0215-BQKGS,0.5222,Medium Risk,30,84.3,2438.6,Loyal Customers,1828.95,High Value,No,High,Loyalty Reward
9244-ZVAPM,0.7444,High Risk,1,45.6,45.6,Inactive,15.2,Low Value,No,High,Email Campaign
0719-SYFRB,0.3153,Low Risk,12,61.65,713.75,At Risk,416.35,Medium Value,Yes,Low,No Action Needed
8208-EUMTE,0.0548,Low Risk,16,54.85,916.15,At Risk,534.42,Medium Value,No,Low,No Action Needed
5172-MIGPM,0.5808,Medium Risk,4,65.55,237.2,At Risk,118.6,Low Value,No,Medium,SMS Reminder
1710-RCXUS,0.2935,Low Risk,51,90.35,4614.55,Champions,3845.46,Premium,No,Low,No Action Needed
0374-FIUCA,0.016,Low Risk,65,20.4,1414.45,At Risk,707.22,Medium Value,No,Low,No Action Needed
5839-SUYVZ,0.5364,Medium Risk,16,74.55,1170.5,At Risk,682.79,Medium Value,No,Medium,SMS Reminder
5173-ZXXXL,0.0511,Low Risk,2,19.95,47.7,Inactive,11.92,Low Value,No,Low,No Action Needed
1096-ADRUX,0.1581,Low Risk,66,74.25,4859.25,Loyal Customers,3644.44,Premium,No,Low,No Action Needed
2001-MCUUW,0.3004,Low Risk,46,108.65,4903.2,Champions,4494.6,Premium,No,Low,No Action Needed
2731-GJRDG,0.472,Medium Risk,32,109.55,3608.0,Champions,3307.33,Premium,No,High,Loyalty Reward
4723-BEGSG,0.0248,Low Risk,72,86.65,6094.25,Champions,5586.4,Premium,No,Low,No Action Needed
6516-NKQBO,0.0408,Low Risk,38,81.0,3084.9,Champions,2570.75,High Value,No,Low,No Action Needed
8672-OAUPW,0.084,Low Risk,51,47.85,2356.75,At Risk,1374.77,High Value,No,Low,No Action Needed
8207-DMRVL,0.0314,Low Risk,72,114.55,8306.05,Champions,8306.05,Premium,No,Low,No Action Needed
3419-SNJJD,0.5177,Medium Risk,65,105.25,6786.4,Champions,6786.4,Premium,Yes,High,Loyalty Reward
6543-CPZMK,0.6058,Medium Risk,9,29.95,248.95,Inactive,62.24,Low Value,Yes,Medium,SMS Reminder
4765-OXPPD,0.3982,Low Risk,9,65.0,663.05,At Risk,331.52,Medium Value,Yes,Low,No Action Needed
2804-ETQDK,0.0113,Low Risk,66,20.55,1357.1,At Risk,678.55,Medium Value,No,Low,No Action Needed
6689-VRRTK,0.3835,Low Risk,44,109.8,4860.35,Champions,4455.32,Premium,No,Low,No Action Needed
7138-GIRSH,0.03,Low Risk,50,69.5,3418.2,Loyal Customers,2278.8,High Value,No,Low,No Action Needed
9396-ZSFLL,0.4664,Medium Risk,15,48.85,631.4,At Risk,315.7,Medium Value,No,Medium,SMS Reminder
6464-KEXXH,0.6127,Medium Risk,8,25.25,186.3,Inactive,46.58,Low Value,No,Medium,SMS Reminder
7134-MJPDY,0.4661,Medium Risk,66,102.85,6976.75,Champions,6976.75,Premium,No,High,Loyalty Reward
5240-CAOYT,0.2383,Low Risk,57,87.55,4884.85,Champions,4070.71,Premium,No,Low,No Action Needed
4059-IIEBK,0.8019,High Risk,7,78.55,522.95,At Risk,261.48,Medium Value,No,High,Discount Offer
4881-JVQOD,0.4365,Medium Risk,10,34.55,362.6,Inactive,120.87,Low Value,No,Medium,SMS Reminder
0516-UXRMT,0.191,Low Risk,62,92.05,5755.8,Champions,5276.15,Premium,No,Low,No Action Needed
4851-BQDNX,0.39,Low Risk,40,85.05,3355.65,Loyal Customers,2237.1,High Value,No,Low,No Action Needed
5148-HKFIR,0.0362,Low Risk,20,19.7,406.95,Inactive,135.65,Low Value,No,Low,No Action Needed
1009-IRMNA,0.3265,Low Risk,7,20.0,137.6,Inactive,34.4,Low Value,Yes,Low,No Action Needed
3003-CMDUU,0.7306,High Risk,25,95.15,2395.7,Loyal Customers,1796.78,High Value,No,Critical,Personal Relationship Manager
5016-IBERQ,0.6254,Medium Risk,23,84.25,1968.1,Loyal Customers,1312.07,High Value,No,High,Loyalty Reward
6797-UCJHZ,0.4038,Medium Risk,66,104.6,6819.45,Champions,6819.45,Premium,No,High,Loyalty Reward
2469-DTSGX,0.0907,Low Risk,72,111.65,7943.45,Champions,7943.45,Premium,No,Low,No Action Needed
4554-YGZIH,0.6037,Medium Risk,49,90.05,4547.25,Champions,3789.38,Premium,Yes,High,Loyalty Reward
5099-BAILX,0.8157,High Risk,43,110.75,4687.9,Champions,4297.24,Premium,Yes,Critical,Personal Relationship Manager
9931-KGHOA,0.237,Low Risk,46,55.0,2473.95,At Risk,1443.14,High Value,No,Low,No Action Needed
1775-KWJKQ,0.0268,Low Risk,72,89.85,6562.9,Champions,6015.99,Premium,No,Low,No Action Needed
7665-VIGUD,0.0719,Low Risk,10,20.35,176.3,Inactive,58.77,Low Value,No,Low,No Action Needed
9411-TPQQV,0.145,Low Risk,40,54.55,2236.2,Loyal Customers,1490.8,High Value,No,Low,No Action Needed
7207-RMRDB,0.7138,High Risk,65,105.5,6985.65,Champions,6985.65,Premium,Yes,Critical,Personal Relationship Manager
7954-MLBUN,0.1385,Low Risk,31,99.45,3109.9,Champions,2591.58,High Value,No,Low,No Action Needed
2077-DDHJK,0.076,Low Risk,68,70.9,4911.35,Champions,4502.07,Premium,No,Low,No Action Needed
4913-EHYUI,0.4648,Medium Risk,56,104.55,5794.65,Champions,5794.65,Premium,Yes,High,Loyalty Reward
0195-IESCP,0.8895,High Risk,10,85.25,855.3,At Risk,498.92,Medium Value,Yes,High,Discount Offer
9574-BOSMD,0.0204,Low Risk,68,25.4,1620.2,At Risk,945.12,High Value,No,Low,No Action Needed
4580-TMHJU,0.4404,Medium Risk,43,56.15,2499.3,At Risk,1457.93,High Value,Yes,High,Loyalty Reward
0970-ETWGE,0.9445,High Risk,1,89.55,89.55,At Risk,44.78,Low Value,Yes,High,Email Campaign
4908-XAXAY,0.237,Low Risk,49,89.85,4287.2,Loyal Customers,3215.4,Premium,No,Low,No Action Needed
8404-VLQFB,0.3486,Low Risk,15,25.25,394.85,Inactive,164.52,Medium Value,No,Low,No Action Needed
1626-ERCMM,0.8525,High Risk,20,94.55,1899.65,Loyal Customers,1424.74,High Value,Yes,Critical,Personal Relationship Manager
0887-HJGAR,0.7759,High Risk,1,45.7,45.7,Inactive,15.23,Low Value,Yes,High,Email Campaign
2391-IPLOP,0.2047,Low Risk,50,69.65,3442.15,Loyal Customers,2294.77,High Value,No,Low,No Action Needed
5644-PDMZC,0.8758,High Risk,2,89.5,161.5,At Risk,94.21,Low Value,Yes,High,Email Campaign
3509-GWQGF,0.5312,Medium Risk,24,70.0,1732.6,Inactive,721.92,Medium Value,No,Medium,SMS Reminder
9576-ANLXO,0.7526,High Risk,3,69.55,222.3,Inactive,74.1,Low Value,Yes,High,Email Campaign
2024-BASKD,0.9075,High Risk,1,74.6,74.6,At Risk,37.3,Low Value,Yes,High,Email Campaign
5845-BZZIB,0.0247,Low Risk,35,20.1,655.3,Inactive,273.04,Medium Value,No,Low,No Action Needed
1140-UKVZG,0.2879,Low Risk,17,24.8,475.25,Inactive,198.02,Medium Value,No,Low,No Action Needed
4160-AMJTL,0.3928,Low Risk,8,19.65,164.3,Inactive,41.08,Low Value,Yes,Low,No Action Needed
5183-SNMJQ,0.7955,High Risk,10,95.1,865.1,Loyal Customers,648.83,Medium Value,No,High,Discount Offer
8100-PNJMH,0.0481,Low Risk,68,88.85,6132.7,Champions,5621.64,Premium,No,Low,No Action Needed
7838-LAZFO,0.178,Low Risk,45,78.8,3597.5,Champions,2997.92,High Value,No,Low,No Action Needed
4464-JCOLN,0.0547,Low Risk,2,19.85,35.9,Inactive,8.98,Low Value,Yes,Low,No Action Needed
2085-JVGAD,0.1594,Low Risk,37,20.35,697.65,Inactive,290.69,Medium Value,No,Low,No Action Needed
5650-VDUDS,0.7044,High Risk,4,24.25,96.05,Inactive,24.01,Low Value,Yes,High,Email Campaign
8095-WANWK,0.3859,Low Risk,10,45.25,428.7,Inactive,178.62,Medium Value,No,Low,No Action Needed
3030-ZKIWL,0.6078,Medium Risk,1,20.05,20.05,Inactive,5.01,Low Value,No,Medium,SMS Reminder
9565-FLVCG,0.0241,Low Risk,65,69.55,4459.15,Loyal Customers,3344.36,Premium,No,Low,No Action Needed
8755-OGKNA,0.0714,Low Risk,57,19.5,1167.6,At Risk,583.8,Medium Value,No,Low,No Action Needed
2800-VEQXM,0.763,High Risk,3,74.75,238.1,At Risk,119.05,Low Value,No,High,Email Campaign
7538-GWHML,0.8006,High Risk,2,69.65,145.15,Inactive,48.38,Low Value,Yes,High,Email Campaign
5533-RJFTJ,0.3662,Low Risk,49,30.2,1453.1,Inactive,605.46,Medium Value,No,Low,No Action Needed
3859-CVCET,0.6144,Medium Risk,4,45.65,191.05,Inactive,63.68,Low Value,Yes,Medium,SMS Reminder
0214-JHPFW,0.0229,Low Risk,70,57.8,4039.3,Loyal Customers,3029.48,Premium,No,Low,No Action Needed
5642-MHDQT,0.1184,Low Risk,53,19.85,1039.45,Inactive,433.1,Medium Value,No,Low,No Action Needed
3088-FVYWK,0.0604,Low Risk,53,25.55,1336.1,At Risk,668.05,Medium Value,No,Low,No Action Needed
3276-HDUEG,0.9268,High Risk,1,75.05,75.05,At Risk,37.52,Low Value,Yes,High,Email Campaign
9092-GDZKO,0.3147,Low Risk,22,24.85,493.4,Inactive,205.58,Medium Value,No,Low,No Action Needed
0823-HSCDJ,0.6946,Medium Risk,52,49.15,2550.9,At Risk,1488.02,High Value,Yes,High,Loyalty Reward
3729-OWRVL,0.238,Low Risk,65,110.35,7246.15,Champions,7246.15,Premium,No,Low,No Action Needed
2324-AALNO,0.1001,Low Risk,48,24.55,1203.95,At Risk,601.98,Medium Value,No,Low,No Action Needed
0822-GAVAP,0.8371,High Risk,2,34.7,62.25,Inactive,15.56,Low Value,Yes,High,Email Campaign
5760-IFJOZ,0.6783,Medium Risk,3,107.95,313.6,Loyal Customers,235.2,Medium Value,No,Medium,SMS Reminder
2826-UWHIS,0.3493,Low Risk,45,81.4,3775.85,Loyal Customers,2517.23,High Value,No,Low,No Action Needed
1448-PWKYE,0.9065,High Risk,1,80.0,80.0,At Risk,40.0,Low Value,Yes,High,Email Campaign
7501-IWUNG,0.0131,Low Risk,61,73.8,4616.05,Champions,3846.71,Premium,No,Low,No Action Needed
4957-TREIR,0.5346,Medium Risk,3,64.4,195.65,At Risk,97.82,Low Value,No,Medium,SMS Reminder
7251-LJBQN,0.5292,Medium Risk,40,103.75,4188.4,Champions,3839.37,Premium,No,High,Loyalty Reward
8040-MNRTF,0.8878,High Risk,1,71.1,71.1,Inactive,29.62,Low Value,No,High,Email Campaign
1536-HBSWP,0.6363,Medium Risk,1,49.9,49.9,Inactive,20.79,Low Value,No,Medium,SMS Reminder
5313-FPXWG,0.0692,Low Risk,51,24.6,1266.4,At Risk,633.2,Medium Value,No,Low,No Action Needed
0067-DKWBL,0.7353,High Risk,2,49.25,91.1,Inactive,37.96,Low Value,Yes,High,Email Campaign
0946-FKYTX,0.1396,Low Risk,52,30.1,1623.4,Inactive,676.42,Medium Value,No,Low,No Action Needed
5076-YVXCM,0.5113,Medium Risk,51,83.4,4149.45,Loyal Customers,2766.3,High Value,No,High,Loyalty Reward
8262-COGGB,0.6401,Medium Risk,1,20.45,20.45,Inactive,5.11,Low Value,No,Medium,SMS Reminder
6663-JOCQO,0.1567,Low Risk,31,75.25,2344.5,Champions,1953.75,High Value,No,Low,No Action Needed
9620-QJREV,0.0307,Low Risk,47,20.55,1013.05,Inactive,422.1,Medium Value,No,Low,No Action Needed
2276-YDAVZ,0.8543,High Risk,3,75.1,270.7,At Risk,135.35,Low Value,Yes,High,Email Campaign
2682-KEVRP,0.0515,Low Risk,22,20.05,417.0,Inactive,139.0,Low Value,No,Low,No Action Needed
2480-JZOSN,0.6553,Medium Risk,1,20.65,20.65,Inactive,5.16,Low Value,No,Medium,SMS Reminder
0078-XZMHT,0.026,Low Risk,72,85.15,6316.2,Champions,5789.85,Premium,No,Low,No Action Needed
5896-NPFWW,0.7591,High Risk,3,50.15,168.15,Inactive,70.06,Low Value,Yes,High,Email Campaign
9978-HYCIN,0.0911,Low Risk,47,84.95,4018.05,Loyal Customers,2678.7,High Value,No,Low,No Action Needed
8338-QIUNR,0.0214,Low Risk,72,66.5,4811.6,Loyal Customers,3608.7,Premium,No,Low,No Action Needed
1525-LNLOJ,0.0681,Low Risk,66,63.3,4189.7,Loyal Customers,3142.27,Premium,No,Low,No Action Needed
9450-TRJUU,0.6925,Medium Risk,35,83.15,2848.45,Loyal Customers,1898.97,High Value,No,High,Loyalty Reward
1766-GKNMI,0.7959,High Risk,29,84.9,2516.2,At Risk,1467.78,High Value,No,Critical,Personal Relationship Manager
6942-LBFDP,0.3461,Low Risk,2,20.55,33.6,Inactive,8.4,Low Value,No,Low,No Action Needed
1456-TWCGB,0.5169,Medium Risk,4,49.25,208.45,Inactive,86.85,Low Value,No,Medium,SMS Reminder
7133-VBDCG,0.4483,Medium Risk,25,79.85,2015.35,At Risk,1175.62,High Value,Yes,High,Loyalty Reward
7596-ZYWBB,0.0269,Low Risk,65,59.6,3739.8,Loyal Customers,2804.85,High Value,No,Low,No Action Needed
8329-UTMVM,0.54,Medium Risk,27,104.65,2964.0,Champions,2470.0,High Value,No,High,Loyalty Reward
3014-WJKSM,0.5675,Medium Risk,29,75.3,2263.4,At Risk,1320.32,High Value,No,High,Loyalty Reward
3347-YJZZE,0.2236,Low Risk,29,80.1,2211.8,Loyal Customers,1658.85,High Value,No,Low,No Action Needed
1029-QFBEN,0.602,Medium Risk,1,19.55,19.55,Inactive,4.89,Low Value,Yes,Medium,SMS Reminder
7929-DMBCV,0.4881,Medium Risk,20,81.0,1683.7,At Risk,982.16,High Value,No,High,Loyalty Reward
9661-JALZV,0.0481,Low Risk,58,24.7,1519.0,At Risk,886.08,High Value,No,Low,No Action Needed
5433-KYGHE,0.6445,Medium Risk,14,86.0,1164.05,Loyal Customers,776.03,Medium Value,No,Medium,SMS Reminder
4312-KFRXN,0.0076,Low Risk,72,25.4,1710.9,At Risk,998.03,High Value,No,Low,No Action Needed
5575-TPIZQ,0.5065,Medium Risk,46,89.15,4245.55,Loyal Customers,3184.16,Premium,No,High,Loyalty Reward
0114-IGABW,0.0236,Low Risk,71,58.25,4145.9,Loyal Customers,3109.42,Premium,No,Low,No Action Needed
9944-AEXBM,0.6308,Medium Risk,32,85.65,2664.3,Loyal Customers,1776.2,High Value,No,High,Loyalty Reward
1853-ARAAQ,0.3267,Low Risk,26,50.35,1277.5,At Risk,638.75,Medium Value,No,Low,No Action Needed
6952-OMNWB,0.5188,Medium Risk,68,80.35,5589.3,Loyal Customers,4191.98,Premium,No,High,Loyalty Reward
4697-LUPSU,0.0748,Low Risk,2,20.2,34.75,Inactive,8.69,Low Value,No,Low,No Action Needed
8434-VGEQQ,0.0171,Low Risk,61,20.55,1305.95,At Risk,652.98,Medium Value,No,Low,No Action Needed
4952-YSOGZ,0.9059,High Risk,4,85.95,381.3,At Risk,190.65,Medium Value,Yes,High,Discount Offer
1589-AGTLK,0.7733,High Risk,3,45.35,141.5,Inactive,47.17,Low Value,Yes,High,Email Campaign
5244-IRFIH,0.7971,High Risk,33,94.5,3105.55,Champions,2587.96,High Value,Yes,Critical,Personal Relationship Manager
6549-YMFAW,0.3254,Low Risk,9,21.25,204.55,Inactive,51.14,Low Value,No,Low,No Action Needed
4950-HKQTE,0.0834,Low Risk,22,26.25,605.9,Inactive,252.46,Medium Value,No,Low,No Action Needed
6786-OBWQR,0.787,High Risk,5,80.85,356.1,At Risk,178.05,Medium Value,No,High,Discount Offer
2684-EIWEO,0.575,Medium Risk,30,91.7,2758.15,Champions,2298.46,High Value,Yes,High,Loyalty Reward
2753-JMMCV,0.0379,Low Risk,65,74.2,4805.65,Champions,4405.18,Premium,No,Low,No Action Needed
6439-GTPCA,0.6113,Medium Risk,45,87.25,3941.7,Loyal Customers,2956.27,High Value,Yes,High,Loyalty Reward
6621-YOBKI,0.2858,Low Risk,5,20.35,92.75,Inactive,23.19,Low Value,No,Low,No Action Needed
1216-JWVUX,0.6317,Medium Risk,25,75.5,1901.05,At Risk,1108.95,High Value,No,High,Loyalty Reward
7564-GHCVB,0.0184,Low Risk,72,79.05,5730.7,Loyal Customers,4298.02,Premium,No,Low,No Action Needed
1173-NOEYG,0.5357,Medium Risk,27,90.15,2423.4,Loyal Customers,1817.55,High Value,No,High,Loyalty Reward
7595-EHCDL,0.3418,Low Risk,32,50.6,1653.45,At Risk,964.51,High Value,No,Low,No Action Needed
6647-ZEDXT,0.3235,Low Risk,30,110.45,3327.05,Champions,3049.8,Premium,No,Low,No Action Needed
2521-NPUZR,0.0956,Low Risk,70,101.0,7085.5,Champions,7085.5,Premium,No,Low,No Action Needed
1307-TVUFB,0.5863,Medium Risk,42,79.35,3344.1,Loyal Customers,2229.4,High Value,No,High,Loyalty Reward
7503-MIOGA,0.0226,Low Risk,72,89.85,6697.35,Champions,6139.24,Premium,No,Low,No Action Needed
4381-MHQDC,0.0528,Low Risk,47,65.0,2879.9,Loyal Customers,1919.93,High Value,No,Low,No Action Needed
6923-JHPMP,0.7534,High Risk,2,80.45,137.1,At Risk,68.55,Low Value,No,High,Email Campaign
5138-WVKYJ,0.8273,High Risk,10,98.55,1008.55,Loyal Customers,756.41,Medium Value,Yes,High,Discount Offer
4018-PPNDW,0.0215,Low Risk,61,24.1,1551.6,At Risk,905.1,High Value,No,Low,No Action Needed
1635-FJFCC,0.6077,Medium Risk,5,44.05,202.15,Inactive,67.38,Low Value,No,Medium,SMS Reminder
2499-AJYUA,0.0502,Low Risk,72,110.8,7882.25,Champions,7882.25,Premium,No,Low,No Action Needed
6919-ELBGL,0.0333,Low Risk,72,114.95,8196.4,Champions,8196.4,Premium,No,Low,No Action Needed
3966-HRMZA,0.79,High Risk,3,75.05,202.9,At Risk,101.45,Low Value,No,High,Email Campaign
6425-JWTDV,0.0117,Low Risk,48,19.25,855.1,Inactive,356.29,Medium Value,No,Low,No Action Needed
8405-IGQFX,0.0938,Low Risk,63,90.05,5817.0,Champions,5332.25,Premium,No,Low,No Action Needed
8224-IVVPA,0.2389,Low Risk,27,56.7,1652.95,At Risk,826.48,High Value,No,Low,No Action Needed
9477-LGWQI,0.0347,Low Risk,70,80.15,5600.15,Champions,5133.47,Premium,No,Low,No Action Needed
1410-RSCMR,0.2756,Low Risk,7,71.35,515.75,At Risk,300.85,Medium Value,No,Low,No Action Needed
0139-IVFJG,0.7474,High Risk,2,90.35,190.5,Loyal Customers,127.0,Low Value,No,High,Email Campaign
6683-VLCTZ,0.8874,High Risk,20,98.55,1842.8,Loyal Customers,1382.1,High Value,Yes,Critical,Personal Relationship Manager
5730-DBDSI,0.0187,Low Risk,66,19.7,1253.8,At Risk,626.9,Medium Value,No,Low,No Action Needed
0030-FNXPP,0.3964,Low Risk,3,19.85,57.2,Inactive,14.3,Low Value,No,Low,No Action Needed
2189-WWOEW,0.7348,High Risk,15,85.9,1269.55,At Risk,740.57,Medium Value,Yes,High,Discount Offer
5684-FJVYR,0.0172,Low Risk,72,90.35,6563.4,Champions,6016.45,Premium,No,Low,No Action Needed
4013-GUXND,0.5698,Medium Risk,1,20.8,20.8,Inactive,5.2,Low Value,No,Medium,SMS Reminder
1894-IGFSG,0.6605,Medium Risk,22,89.25,1907.85,At Risk,1112.91,High Value,Yes,High,Loyalty Reward
7379-POKDZ,0.8183,High Risk,3,70.3,208.85,Inactive,69.62,Low Value,Yes,High,Email Campaign
1266-NZYUI,0.0179,Low Risk,72,66.85,4758.8,Loyal Customers,3569.1,Premium,No,Low,No Action Needed
7969-FFOWG,0.0106,Low Risk,65,19.9,1292.6,At Risk,646.3,Medium Value,No,Low,No Action Needed
4718-DHSMV,0.5784,Medium Risk,11,35.8,363.15,Inactive,151.31,Low Value,No,Medium,SMS Reminder
5175-WLYXL,0.6028,Medium Risk,22,78.85,1600.25,At Risk,933.48,High Value,No,High,Loyalty Reward
7817-OMJNA,0.0877,Low Risk,14,20.4,275.7,Inactive,91.9,Low Value,No,Low,No Action Needed
8728-SKJLR,0.5345,Medium Risk,41,74.25,3089.1,Loyal Customers,2059.4,High Value,No,High,Loyalty Reward
3137-NYQQI,0.2249,Low Risk,17,64.8,1175.6,At Risk,685.77,Medium Value,No,Low,No Action Needed
7706-DZNKK,0.1989,Low Risk,11,20.45,237.3,Inactive,79.1,Low Value,No,Low,No Action Needed
0236-HFWSV,0.8727,High Risk,15,93.35,1444.65,Loyal Customers,1083.49,High Value,Yes,Critical,Personal Relationship Manager
3900-AQPHZ,0.6109,Medium Risk,1,19.9,19.9,Inactive,4.97,Low Value,Yes,Medium,SMS Reminder
5842-POCOP,0.7726,High Risk,5,88.9,454.15,At Risk,264.92,Medium Value,Yes,High,Discount Offer
2037-XJFUP,0.5451,Medium Risk,33,95.8,3036.75,Champions,2530.62,High Value,Yes,High,Loyalty Reward
8823-RLPWL,0.0179,Low Risk,72,110.65,8065.65,Champions,8065.65,Premium,No,Low,No Action Needed
9505-SQFSW,0.5678,Medium Risk,3,40.3,92.5,Inactive,38.54,Low Value,No,Medium,SMS Reminder
7314-OXENN,0.8881,High Risk,2,82.0,184.65,At Risk,92.32,Low Value,Yes,High,Email Campaign
3758-CKOQL,0.3438,Low Risk,59,107.0,6152.3,Champions,6152.3,Premium,No,Low,No Action Needed
0322-CHQRU,0.7465,High Risk,2,45.35,89.5,Inactive,29.83,Low Value,Yes,High,Email Campaign
5676-CFLYY,0.0158,Low Risk,71,73.35,5154.5,Champions,4295.42,Premium,No,Low,No Action Needed
7521-AFHAB,0.5394,Medium Risk,5,44.8,220.45,Inactive,73.48,Low Value,No,Medium,SMS Reminder
0285-INHLN,0.2264,Low Risk,27,54.75,1510.3,At Risk,755.15,Medium Value,No,Low,No Action Needed
4678-DVQEO,0.7569,High Risk,1,52.2,52.2,Inactive,21.75,Low Value,Yes,High,Email Campaign
5125-CNDSP,0.022,Low Risk,63,40.6,2588.95,Loyal Customers,1725.97,High Value,No,Low,No Action Needed
0691-IFBQW,0.565,Medium Risk,46,110.0,4874.8,Champions,4468.57,Premium,Yes,High,Loyalty Reward
4992-LTJNE,0.0145,Low Risk,72,55.3,3983.6,Loyal Customers,2655.73,High Value,No,Low,No Action Needed
2202-OUTMO,0.1424,Low Risk,34,60.85,2003.6,Loyal Customers,1335.73,High Value,No,Low,No Action Needed
0810-BDHAW,0.2207,Low Risk,24,78.4,1832.4,Loyal Customers,1374.3,High Value,No,Low,No Action Needed
0229-LFJAF,0.0123,Low Risk,72,69.65,4908.25,Champions,4090.21,Premium,No,Low,No Action Needed
7131-ZQZNK,0.0244,Low Risk,60,59.85,3590.2,Loyal Customers,2692.65,High Value,No,Low,No Action Needed
3442-ZHHCC,0.2684,Low Risk,68,76.9,5023.0,Champions,4604.42,Premium,No,Low,No Action Needed
5726-CVNYA,0.042,Low Risk,8,19.85,146.6,Inactive,36.65,Low Value,No,Low,No Action Needed
9871-ELEYA,0.0619,Low Risk,34,67.65,2339.3,Loyal Customers,1559.53,High Value,No,Low,No Action Needed
4257-GAESD,0.6394,Medium Risk,6,45.0,298.7,Inactive,124.46,Low Value,No,Medium,SMS Reminder
5173-WXOQV,0.5404,Medium Risk,2,64.2,143.65,At Risk,71.82,Low Value,No,Medium,SMS Reminder
2040-OBMLJ,0.1275,Low Risk,31,81.7,2548.65,Loyal Customers,1699.1,High Value,No,Low,No Action Needed
6286-ZHAOK,0.289,Low Risk,20,25.55,507.4,Inactive,211.42,Medium Value,No,Low,No Action Needed
3807-XHCJH,0.6151,Medium Risk,1,20.0,20.0,Inactive,5.0,Low Value,No,Medium,SMS Reminder
3009-JWMPU,0.6038,Medium Risk,62,96.75,6125.4,Champions,5614.95,Premium,Yes,High,Loyalty Reward
5671-RQRLP,0.1008,Low Risk,70,75.65,5411.4,Loyal Customers,4058.55,Premium,No,Low,No Action Needed
1450-GALXR,0.9412,High Risk,10,98.5,1058.25,Loyal Customers,793.69,Medium Value,Yes,High,Discount Offer
8859-AXJZP,0.034,Low Risk,39,23.8,903.8,At Risk,451.9,Medium Value,No,Low,No Action Needed
3174-AKMAS,0.0661,Low Risk,46,64.2,3009.5,Loyal Customers,2006.33,High Value,No,Low,No Action Needed
3138-BKYAV,0.8666,High Risk,6,85.35,489.45,At Risk,244.72,Medium Value,Yes,High,Discount Offer
9926-PJHDQ,0.0491,Low Risk,72,76.8,5468.45,Champions,4557.04,Premium,No,Low,No Action Needed
7382-DFJTU,0.3008,Low Risk,18,55.2,1058.1,At Risk,529.05,Medium Value,No,Low,No Action Needed
2798-NYLMZ,0.3325,Low Risk,71,108.55,7616.0,Champions,7616.0,Premium,No,Low,No Action Needed
4289-DTDKW,0.8028,High Risk,40,101.3,4113.1,Champions,3427.58,Premium,Yes,Critical,Personal Relationship Manager
1820-TQVEV,0.9358,High Risk,1,69.55,69.55,Inactive,23.18,Low Value,Yes,High,Email Campaign
2239-JALAW,0.5848,Medium Risk,58,103.25,6017.65,Champions,6017.65,Premium,Yes,High,Loyalty Reward
4853-RULSV,0.3702,Low Risk,70,104.0,7250.15,Champions,7250.15,Premium,Yes,Low,No Action Needed
8098-TDCBU,0.0869,Low Risk,42,25.25,1108.2,At Risk,554.1,Medium Value,No,Low,No Action Needed
3551-GAEGL,0.1076,Low Risk,34,30.4,938.65,Inactive,391.1,Medium Value,No,Low,No Action Needed
4785-NKHCX,0.4196,Medium Risk,5,20.05,94.15,Inactive,23.54,Low Value,No,Medium,SMS Reminder
3196-NVXLZ,0.6324,Medium Risk,25,84.6,2088.05,At Risk,1218.03,High Value,No,High,Loyalty Reward
6275-YDUVO,0.861,High Risk,2,86.2,178.7,At Risk,89.35,Low Value,Yes,High,Email Campaign
0036-IHMOT,0.1754,Low Risk,55,103.7,5656.75,Champions,5185.35,Premium,No,Low,No Action Needed
0115-TFERT,0.7803,High Risk,21,111.2,2317.1,Champions,1930.92,High Value,Yes,Critical,Personal Relationship Manager
4178-EGMON,0.0555,Low Risk,70,88.0,5986.45,Champions,4988.71,Premium,No,Low,No Action Needed
4220-TINQT,0.6106,Medium Risk,61,106.35,6751.35,Champions,6751.35,Premium,No,High,Loyalty Reward
5318-YKDPV,0.0283,Low Risk,43,79.15,3566.6,Champions,2972.17,High Value,No,Low,No Action Needed
7975-TZMLR,0.6462,Medium Risk,47,103.1,4889.3,Champions,4481.86,Premium,No,High,Loyalty Reward
0295-QVKPB,0.5264,Medium Risk,5,63.95,318.1,At Risk,159.05,Low Value,No,Medium,SMS Reminder
4335-BSMJS,0.0305,Low Risk,62,25.8,1563.95,At Risk,912.3,High Value,No,Low,No Action Needed
2311-QYMUQ,0.7315,High Risk,16,89.45,1430.25,Loyal Customers,953.5,High Value,Yes,Critical,Personal Relationship Manager
3643-AHCFP,0.9477,High Risk,7,95.6,644.35,Loyal Customers,429.57,Medium Value,Yes,High,Discount Offer
9146-JRIOX,0.2879,Low Risk,14,25.55,372.45,Inactive,155.19,Low Value,No,Low,No Action Needed
3104-OWCGK,0.2115,Low Risk,60,90.95,5453.4,Champions,4998.95,Premium,Yes,Low,No Action Needed
5337-IIWKZ,0.2939,Low Risk,34,44.85,1442.6,At Risk,841.52,High Value,No,Low,No Action Needed
9101-BWFSS,0.5322,Medium Risk,50,108.55,5610.7,Champions,5143.14,Premium,Yes,High,Loyalty Reward
9650-VBUOG,0.0378,Low Risk,38,25.05,963.95,At Risk,481.98,Medium Value,No,Low,No Action Needed
3487-EARAT,0.1564,Low Risk,70,74.1,5222.3,Champions,4787.11,Premium,No,Low,No Action Needed
2672-TGEFF,0.6604,Medium Risk,37,88.8,3340.55,Loyal Customers,2505.41,High Value,No,High,Loyalty Reward
9231-ZJYAM,0.8652,High Risk,4,78.85,292.8,At Risk,146.4,Low Value,Yes,High,Email Campaign
4250-WAROZ,0.3271,Low Risk,60,93.25,5774.55,Champions,5293.34,Premium,No,Low,No Action Needed
8184-WMOFI,0.0948,Low Risk,62,71.4,4487.3,Champions,3739.42,Premium,No,Low,No Action Needed
6982-SSHFK,0.7444,High Risk,1,44.4,44.4,Inactive,14.8,Low Value,Yes,High,Email Campaign
6092-QZVPP,0.2073,Low Risk,36,79.2,2854.95,Champions,2379.12,High Value,No,Low,No Action Needed
4625-LAMOB,0.0207,Low Risk,44,20.4,905.55,Inactive,377.31,Medium Value,No,Low,No Action Needed
0727-BMPLR,0.6198,Medium Risk,55,100.0,5509.3,Champions,4591.08,Premium,Yes,High,Loyalty Reward
0392-BZIUW,0.0923,Low Risk,72,105.0,7589.8,Champions,7589.8,Premium,No,Low,No Action Needed
1038-ZAGBI,0.119,Low Risk,12,19.8,229.6,Inactive,76.53,Low Value,Yes,Low,No Action Needed
6549-NNDYT,0.4472,Medium Risk,13,30.85,394.1,Inactive,131.37,Low Value,No,Medium,SMS Reminder
3027-ZTDHO,0.9468,High Risk,1,89.9,89.9,At Risk,52.44,Low Value,Yes,High,Email Campaign
0422-OHQHQ,0.0532,Low Risk,15,20.55,295.95,Inactive,98.65,Low Value,No,Low,No Action Needed
6916-HIJSE,0.0265,Low Risk,65,84.85,5459.2,Champions,5004.27,Premium,No,Low,No Action Needed
2316-ESMLS,0.1162,Low Risk,12,33.15,444.75,Inactive,185.31,Medium Value,No,Low,No Action Needed
9778-OGKQZ,0.039,Low Risk,72,92.0,6782.15,Champions,6782.15,Premium,No,Low,No Action Needed
7408-OFWXJ,0.0337,Low Risk,72,89.8,6510.45,Champions,5967.91,Premium,No,Low,No Action Needed
6007-TCTST,0.0286,Low Risk,72,115.8,8476.5,Champions,8476.5,Premium,No,Low,No Action Needed
2252-NKNSI,0.032,Low Risk,52,85.15,4461.85,Champions,3718.21,Premium,No,Low,No Action Needed
8713-IGZSO,0.4487,Medium Risk,2,24.85,62.0,Inactive,20.67,Low Value,No,Medium,SMS Reminder
7905-TVXTA,0.6041,Medium Risk,5,64.35,352.65,At Risk,176.32,Medium Value,No,Medium,SMS Reminder
7695-PKLCZ,0.0115,Low Risk,68,20.5,1424.9,At Risk,712.45,Medium Value,No,Low,No Action Needed
2382-BCKQJ,0.5234,Medium Risk,62,100.15,6413.65,Champions,5879.18,Premium,Yes,High,Loyalty Reward
8374-UULRV,0.025,Low Risk,72,86.05,6309.65,Champions,5783.85,Premium,No,Low,No Action Needed
2207-NHRJK,0.7443,High Risk,1,50.8,50.8,Inactive,21.17,Low Value,Yes,High,Email Campaign
3224-DFQNQ,0.2136,Low Risk,66,89.0,5898.6,Champions,4915.5,Premium,No,Low,No Action Needed
5275-PMFUT,0.0131,Low Risk,72,64.8,4719.75,Champions,3933.12,Premium,No,Low,No Action Needed
4795-UXVCJ,0.0388,Low Risk,26,19.8,457.3,Inactive,152.43,Low Value,No,Low,No Action Needed
9777-IQHWP,0.0726,Low Risk,64,93.4,5822.3,Champions,5337.11,Premium,No,Low,No Action Needed
0947-MUGVO,0.7453,High Risk,20,73.65,1463.5,At Risk,853.71,High Value,Yes,Critical,Personal Relationship Manager
9944-HKVVB,0.9007,High Risk,3,95.1,307.4,Loyal Customers,204.93,Medium Value,Yes,High,Discount Offer
4124-MMETB,0.7614,High Risk,22,94.65,2104.55,Loyal Customers,1578.41,High Value,Yes,Critical,Personal Relationship Manager
3671-SHRSP,0.7527,High Risk,4,80.6,319.15,At Risk,159.57,Low Value,Yes,High,Email Campaign
0979-MOZQI,0.0255,Low Risk,62,39.0,2337.45,Loyal Customers,1558.3,High Value,No,Low,No Action Needed
2732-ISEZX,0.2673,Low Risk,5,20.5,104.3,Inactive,26.08,Low Value,No,Low,No Action Needed
3313-QKNKB,0.3014,Low Risk,59,85.55,5084.65,Loyal Customers,3813.49,Premium,Yes,Low,No Action Needed
0323-XWWTN,0.0674,Low Risk,3,26.4,121.25,Inactive,40.42,Low Value,No,Low,No Action Needed
1937-OTUKY,0.0378,Low Risk,72,98.2,7015.9,Champions,7015.9,Premium,No,Low,No Action Needed
1573-LGXBA,0.1745,Low Risk,57,97.55,5598.0,Champions,5131.5,Premium,No,Low,No Action Needed
1764-VUUMT,0.0089,Low Risk,66,19.95,1269.1,At Risk,634.55,Medium Value,No,Low,No Action Needed
5073-WXOYN,0.58,Medium Risk,60,50.8,3027.4,Loyal Customers,2018.27,High Value,Yes,High,Loyalty Reward
4713-ZBURT,0.1803,Low Risk,45,99.7,4634.35,Champions,3861.96,Premium,No,Low,No Action Needed
3050-GBUSH,0.7967,High Risk,3,34.8,113.95,Inactive,28.49,Low Value,No,High,Email Campaign
0207-MDKNV,0.7597,High Risk,15,105.1,1582.75,Champions,1318.96,High Value,Yes,Critical,Personal Relationship Manager
7876-AEHIG,0.1403,Low Risk,51,60.15,3077.0,Loyal Customers,2051.33,High Value,No,Low,No Action Needed
7945-HLKEA,0.0868,Low Risk,60,64.75,4039.5,Loyal Customers,3029.62,Premium,No,Low,No Action Needed
9342-VNIMQ,0.2417,Low Risk,33,54.65,1665.2,At Risk,971.37,High Value,No,Low,No Action Needed
9851-KIELU,0.5767,Medium Risk,10,110.1,1043.3,Champions,869.42,High Value,Yes,High,Loyalty Reward
3523-BRGUW,0.0269,Low Risk,26,19.3,504.2,Inactive,168.07,Medium Value,No,Low,No Action Needed
3908-BLSYF,0.829,High Risk,6,83.9,497.55,At Risk,248.78,Medium Value,Yes,High,Discount Offer
3199-NPKCN,0.4183,Medium Risk,67,111.25,7511.65,Champions,7511.65,Premium,No,High,Loyalty Reward
5170-PTRKA,0.0898,Low Risk,49,35.8,1782.0,At Risk,1039.5,High Value,No,Low,No Action Needed
4661-NJEUX,0.6836,Medium Risk,1,20.05,20.05,Inactive,5.01,Low Value,No,Medium,SMS Reminder
2123-AGEEN,0.8765,High Risk,7,84.35,609.65,At Risk,304.82,Medium Value,No,High,Discount Offer
1258-YMZNM,0.4089,Medium Risk,27,110.5,2857.6,Champions,2381.33,High Value,No,High,Loyalty Reward
0048-LUMLS,0.4012,Medium Risk,37,91.2,3247.55,Loyal Customers,2435.66,High Value,No,High,Loyalty Reward
7549-MYGPK,0.4633,Medium Risk,63,100.55,6215.35,Champions,6215.35,Premium,Yes,High,Loyalty Reward
5898-IGSLP,0.4607,Medium Risk,31,89.3,2823.0,Loyal Customers,2117.25,High Value,No,High,Loyalty Reward
3804-RVTGV,0.7351,High Risk,50,103.85,5017.9,Champions,4599.74,Premium,Yes,Critical,Personal Relationship Manager
6259-WJQLC,0.6863,Medium Risk,32,81.1,2619.25,Loyal Customers,1746.17,High Value,No,High,Loyalty Reward
9227-LUNBG,0.8252,High Risk,1,24.6,24.6,Inactive,6.15,Low Value,Yes,High,Email Campaign
7997-EASSD,0.0997,Low Risk,63,81.2,4965.1,Loyal Customers,3723.82,Premium,No,Low,No Action Needed
0730-KOAVE,0.5365,Medium Risk,30,94.3,2679.7,Champions,2233.08,High Value,No,High,Loyalty Reward
8975-SKGRX,0.1022,Low Risk,71,116.1,8310.55,Champions,8310.55,Premium,No,Low,No Action Needed
0678-RLHVP,0.3737,Low Risk,53,105.55,5682.25,Champions,5208.73,Premium,No,Low,No Action Needed
4315-MURBD,0.8945,High Risk,12,98.9,1120.95,Loyal Customers,840.71,High Value,Yes,Critical,Personal Relationship Manager
2267-FPIMA,0.5088,Medium Risk,50,94.4,4914.9,Champions,4095.75,Premium,No,High,Loyalty Reward
1051-GEJLJ,0.3614,Low Risk,2,19.5,27.55,Inactive,6.89,Low Value,No,Low,No Action Needed
9734-YWGEX,0.8992,High Risk,9,98.3,923.5,Loyal Customers,615.67,Medium Value,Yes,High,Discount Offer
2719-BDAQO,0.6549,Medium Risk,17,93.85,1625.65,Loyal Customers,1219.24,High Value,Yes,High,Loyalty Reward
5285-MVEHD,0.5689,Medium Risk,56,105.6,6068.65,Champions,6068.65,Premium,No,High,Loyalty Reward
0379-DJQHR,0.0394,Low Risk,67,81.35,5398.6,Champions,4948.72,Premium,No,Low,No Action Needed
0781-LKXBR,0.9082,High Risk,9,100.5,918.6,Loyal Customers,612.4,Medium Value,Yes,High,Discount Offer
5543-QDCRY,0.6972,Medium Risk,4,56.4,234.85,Inactive,97.85,Low Value,No,Medium,SMS Reminder
0297-RBCSG,0.2067,Low Risk,19,65.35,1231.85,At Risk,718.58,Medium Value,No,Low,No Action Needed
4694-PHWFW,0.2496,Low Risk,8,19.95,170.9,Inactive,42.72,Low Value,No,Low,No Action Needed
0835-JKADZ,0.1404,Low Risk,71,111.25,7984.15,Champions,7984.15,Premium,No,Low,No Action Needed
1907-UBQFC,0.7977,High Risk,10,72.85,688.65,At Risk,401.71,Medium Value,Yes,High,Discount Offer
7508-SMHXL,0.7632,High Risk,15,89.0,1288.3,Loyal Customers,858.87,High Value,No,Critical,Personal Relationship Manager
3865-YIOTT,0.1637,Low Risk,72,106.1,7848.5,Champions,7848.5,Premium,No,Low,No Action Needed
5993-BQHEA,0.0708,Low Risk,12,20.05,267.0,Inactive,89.0,Low Value,No,Low,No Action Needed
6024-RUGGH,0.0092,Low Risk,72,25.2,1798.9,At Risk,1049.36,High Value,No,Low,No Action Needed
6513-EECDB,0.9365,High Risk,1,73.55,73.55,At Risk,36.78,Low Value,Yes,High,Email Campaign
3956-CJUST,0.4899,Medium Risk,23,75.4,1643.55,At Risk,958.74,High Value,No,High,Loyalty Reward
4079-WWQQQ,0.0109,Low Risk,72,65.55,4807.45,Champions,4006.21,Premium,No,Low,No Action Needed
6103-BOCOU,0.7097,High Risk,26,80.7,2193.0,At Risk,1279.25,High Value,No,Critical,Personal Relationship Manager
5149-TGWDZ,0.5037,Medium Risk,21,104.55,2239.4,Champions,1866.17,High Value,No,High,Loyalty Reward
7471-WNSUF,0.0389,Low Risk,60,24.15,1505.9,At Risk,878.44,High Value,No,Low,No Action Needed
8942-DBMHZ,0.1931,Low Risk,12,20.45,255.35,Inactive,85.12,Low Value,No,Low,No Action Needed
4301-VVZKA,0.7892,High Risk,16,75.4,1189.4,At Risk,693.82,Medium Value,No,High,Discount Offer
9199-PWQVC,0.1931,Low Risk,63,79.7,4786.15,Champions,4387.3,Premium,No,Low,No Action Needed
4824-GUCBY,0.5796,Medium Risk,22,81.7,1820.9,At Risk,1062.19,High Value,No,High,Loyalty Reward
5393-HJZSM,0.1867,Low Risk,32,76.3,2404.15,Champions,2003.46,High Value,No,Low,No Action Needed
7074-IEVOJ,0.896,High Risk,3,79.4,205.05,At Risk,102.52,Low Value,Yes,High,Email Campaign
9625-QSTYE,0.7443,High Risk,13,81.15,952.3,At Risk,555.51,Medium Value,Yes,High,Discount Offer
0862-PRCBS,0.1594,Low Risk,68,103.75,7039.45,Champions,7039.45,Premium,No,Low,No Action Needed
8812-ZRHFP,0.2633,Low Risk,30,86.45,2538.05,Loyal Customers,1692.03,High Value,No,Low,No Action Needed
5146-CBVOE,0.5377,Medium Risk,16,75.1,1212.85,At Risk,707.5,Medium Value,No,Medium,SMS Reminder
0454-OKRCT,0.0325,Low Risk,33,80.6,2651.1,Loyal Customers,1767.4,High Value,No,Low,No Action Needed
5787-KXGIY,0.0029,Low Risk,72,19.3,1304.8,At Risk,652.4,Medium Value,No,Low,No Action Needed
4750-ZRXIU,0.9236,High Risk,4,84.6,360.1,At Risk,180.05,Medium Value,Yes,High,Discount Offer
4198-VFOEA,0.1389,Low Risk,12,33.6,435.45,Inactive,181.44,Medium Value,No,Low,No Action Needed
6630-UJZMY,0.9053,High Risk,4,83.25,308.05,At Risk,154.02,Low Value,No,High,Email Campaign
6400-BWQKW,0.7188,High Risk,6,79.05,434.5,At Risk,217.25,Medium Value,Yes,High,Discount Offer
2692-AQCPF,0.2851,Low Risk,65,108.05,7118.9,Champions,7118.9,Premium,No,Low,No Action Needed
0347-UBKUZ,0.2129,Low Risk,15,19.9,320.45,Inactive,106.82,Low Value,No,Low,No Action Needed
0835-DUUIQ,0.0856,Low Risk,24,21.05,531.55,Inactive,177.18,Medium Value,No,Low,No Action Needed
0811-GSDTP,0.3891,Low Risk,13,30.15,382.2,Inactive,127.4,Low Value,No,Low,No Action Needed
7567-ECMCM,0.5668,Medium Risk,24,79.85,2001.0,At Risk,1167.25,High Value,No,High,Loyalty Reward
6115-ZTBFQ,0.0178,Low Risk,72,65.5,4919.7,Champions,4099.75,Premium,No,Low,No Action Needed
6353-BRMMA,0.5321,Medium Risk,54,104.1,5645.8,Champions,5175.32,Premium,No,High,Loyalty Reward
6680-WKXRZ,0.8408,High Risk,3,74.4,215.8,At Risk,107.9,Low Value,Yes,High,Email Campaign
6231-WFGFH,0.2522,Low Risk,4,20.5,77.6,Inactive,19.4,Low Value,No,Low,No Action Needed
9904-EHEVJ,0.6339,Medium Risk,32,91.35,2896.55,Champions,2413.79,High Value,No,High,Loyalty Reward
7028-DVOIQ,0.8161,High Risk,35,99.05,3395.8,Champions,2829.83,High Value,Yes,Critical,Personal Relationship Manager
6169-PPETC,0.0265,Low Risk,35,20.5,759.35,Inactive,316.4,Medium Value,No,Low,No Action Needed
4208-UFFGW,0.7357,High Risk,2,44.95,85.15,Inactive,28.38,Low Value,Yes,High,Email Campaign
8584-KMVXD,0.7257,High Risk,8,75.6,535.55,At Risk,267.77,Medium Value,No,High,Discount Offer
8467-WYNSR,0.1873,Low Risk,22,55.1,1253.15,At Risk,626.58,Medium Value,No,Low,No Action Needed
0851-DFJKB,0.463,Medium Risk,15,58.95,955.15,At Risk,557.17,Medium Value,No,Medium,SMS Reminder
5382-SOYZL,0.8412,High Risk,22,95.1,2162.6,Loyal Customers,1621.95,High Value,No,Critical,Personal Relationship Manager
9448-REEVD,0.7385,High Risk,1,44.7,44.7,Inactive,14.9,Low Value,Yes,High,Email Campaign
3261-CQXOL,0.0106,Low Risk,71,25.45,1813.35,At Risk,1057.79,High Value,No,Low,No Action Needed
8388-FYNPZ,0.566,Medium Risk,4,56.75,245.15,Inactive,102.15,Low Value,No,Medium,SMS Reminder
4002-BQWPQ,0.147,Low Risk,25,81.75,2028.8,Loyal Customers,1521.6,High Value,No,Low,No Action Needed
5651-YLPRD,0.6926,Medium Risk,32,86.1,2723.75,Loyal Customers,1815.83,High Value,No,High,Loyalty Reward
2826-DXLQO,0.6086,Medium Risk,7,29.8,220.45,Inactive,55.11,Low Value,No,Medium,SMS Reminder
4378-BZYFP,0.0464,Low Risk,17,20.5,365.8,Inactive,121.93,Low Value,No,Low,No Action Needed
9489-UTFKA,0.407,Medium Risk,8,60.9,551.95,Inactive,229.98,Medium Value,No,Medium,SMS Reminder
4849-PYRLQ,0.0408,Low Risk,56,73.25,4054.2,Champions,3716.35,Premium,No,Low,No Action Needed
9117-SHLZX,0.7759,High Risk,1,45.7,45.7,Inactive,15.23,Low Value,Yes,High,Email Campaign
9889-TMAHG,0.7628,High Risk,8,100.3,832.35,Loyal Customers,554.9,Medium Value,Yes,High,Discount Offer
4541-RMRLG,0.4873,Medium Risk,7,19.25,112.3,Inactive,28.08,Low Value,Yes,Medium,SMS Reminder
7764-BDPEE,0.3064,Low Risk,3,20.85,60.65,Inactive,15.16,Low Value,No,Low,No Action Needed
3429-IFLEM,0.0346,Low Risk,71,77.35,5550.1,Champions,5087.59,Premium,No,Low,No Action Needed
3158-MOERK,0.9465,High Risk,2,96.0,174.8,Loyal Customers,116.53,Low Value,Yes,High,Email Campaign
7294-TMAOP,0.9324,High Risk,1,90.55,90.55,At Risk,52.82,Low Value,Yes,High,Email Campaign
5002-GCQFH,0.4876,Medium Risk,49,93.85,4733.1,Champions,3944.25,Premium,No,High,Loyalty Reward
0556-FJEGU,0.0307,Low Risk,58,70.1,4048.95,Loyal Customers,3036.71,Premium,No,Low,No Action Needed
8919-FYFQZ,0.6031,Medium Risk,44,30.35,1359.7,Inactive,566.54,Medium Value,Yes,Medium,SMS Reminder
0604-THJFP,0.0243,Low Risk,59,75.95,4542.35,Champions,3785.29,Premium,No,Low,No Action Needed
2834-JRTUA,0.358,Low Risk,71,108.05,7532.15,Champions,7532.15,Premium,Yes,Low,No Action Needed
5875-YPQFJ,0.9358,High Risk,1,69.9,69.9,Inactive,23.3,Low Value,Yes,High,Email Campaign
5879-SESNB,0.7977,High Risk,11,75.25,888.65,At Risk,518.38,Medium Value,No,High,Discount Offer
6646-QVXLR,0.5367,Medium Risk,62,103.75,6383.35,Champions,6383.35,Premium,Yes,High,Loyalty Reward
6461-PPAXN,0.051,Low Risk,35,54.95,1916.0,At Risk,1117.67,High Value,No,Low,No Action Needed
3318-ISQFQ,0.2167,Low Risk,20,19.5,413.0,Inactive,137.67,Low Value,No,Low,No Action Needed
1106-HRLKZ,0.0261,Low Risk,40,19.6,808.95,Inactive,337.06,Medium Value,No,Low,No Action Needed
2483-XSSMZ,0.1409,Low Risk,39,47.85,1886.4,At Risk,1100.4,High Value,No,Low,No Action Needed
8603-IJWDN,0.9515,High Risk,1,86.6,86.6,At Risk,43.3,Low Value,Yes,High,Email Campaign
8165-ZJRNM,0.0097,Low Risk,72,23.75,1679.25,At Risk,979.56,High Value,No,Low,No Action Needed
9369-XFEHK,0.6246,Medium Risk,33,80.6,2656.5,Loyal Customers,1771.0,High Value,Yes,High,Loyalty Reward
2604-XVDAM,0.3948,Low Risk,12,43.8,540.95,Inactive,225.4,Medium Value,No,Low,No Action Needed
3717-OFRTN,0.602,Medium Risk,1,19.75,19.75,Inactive,4.94,Low Value,No,Medium,SMS Reminder
9046-JBFWA,0.1075,Low Risk,27,19.15,537.35,Inactive,179.12,Medium Value,No,Low,No Action Needed
3280-NMUVX,0.034,Low Risk,34,19.6,678.8,Inactive,282.83,Medium Value,No,Low,No Action Needed
1206-EHBDD,0.0493,Low Risk,56,80.3,4513.65,Loyal Customers,3385.24,Premium,No,Low,No Action Needed
8361-LBRDI,0.0418,Low Risk,58,24.35,1423.85,At Risk,830.58,High Value,No,Low,No Action Needed
4883-KCPZJ,0.076,Low Risk,22,25.25,555.4,Inactive,231.42,Medium Value,No,Low,No Action Needed
9108-EQPNQ,0.0743,Low Risk,10,26.1,225.55,Inactive,93.98,Low Value,No,Low,No Action Needed
7277-KAMWT,0.033,Low Risk,13,20.0,268.45,Inactive,89.48,Low Value,No,Low,No Action Needed
3842-IYKUE,0.5098,Medium Risk,35,85.3,2917.5,Loyal Customers,2188.12,High Value,Yes,High,Loyalty Reward
6641-XRPSU,0.571,Medium Risk,34,70.0,2416.1,At Risk,1208.05,High Value,Yes,High,Loyalty Reward
1374-DMZUI,0.945,High Risk,4,94.3,424.45,Loyal Customers,282.97,Medium Value,Yes,High,Discount Offer
2545-LXYVJ,0.0079,Low Risk,72,20.7,1492.1,At Risk,746.05,Medium Value,No,Low,No Action Needed
3234-VKACU,0.6785,Medium Risk,2,70.3,132.4,At Risk,66.2,Low Value,No,Medium,SMS Reminder
8357-EQXFO,0.9074,High Risk,7,95.35,660.9,Loyal Customers,440.6,Medium Value,Yes,High,Discount Offer
1989-PRJHP,0.6849,Medium Risk,27,75.5,1893.95,At Risk,1104.8,High Value,Yes,High,Loyalty Reward
8120-JDCAM,0.7593,High Risk,4,69.55,284.9,Inactive,94.97,Low Value,No,High,Email Campaign
8917-FAEMR,0.03,Low Risk,37,19.85,784.25,Inactive,326.77,Medium Value,No,Low,No Action Needed
7047-YXDMZ,0.1346,Low Risk,21,20.0,417.7,Inactive,139.23,Low Value,No,Low,No Action Needed
2858-EIMXH,0.5631,Medium Risk,53,95.85,5016.25,Champions,4180.21,Premium,No,High,Loyalty Reward
9524-EGPJC,0.7827,High Risk,18,90.1,1612.75,Loyal Customers,1209.56,High Value,Yes,Critical,Personal Relationship Manager
6993-OHLXR,0.8006,High Risk,2,68.95,119.75,Inactive,39.92,Low Value,Yes,High,Email Campaign
8818-XYFCQ,0.6419,Medium Risk,32,99.55,3204.65,Champions,2670.54,High Value,Yes,High,Loyalty Reward
6419-ZTTLE,0.0727,Low Risk,23,20.75,485.2,Inactive,161.73,Low Value,No,Low,No Action Needed
0929-HYQEW,0.6258,Medium Risk,3,50.15,160.85,Inactive,67.02,Low Value,No,Medium,SMS Reminder
6614-YOLAC,0.0137,Low Risk,71,58.65,4145.25,Loyal Customers,3108.94,Premium,No,Low,No Action Needed
7426-RHZGU,0.7696,High Risk,9,95.9,827.45,Loyal Customers,551.63,Medium Value,No,High,Discount Offer
4065-JJAVA,0.7317,High Risk,1,49.5,49.5,Inactive,20.62,Low Value,No,High,Email Campaign
4695-VADHF,0.4331,Medium Risk,18,57.45,990.85,At Risk,495.42,Medium Value,Yes,Medium,SMS Reminder
3863-IUBJR,0.3064,Low Risk,12,53.65,696.35,At Risk,348.18,Medium Value,Yes,Low,No Action Needed
7649-SIJJF,0.0074,Low Risk,71,80.1,5585.4,Champions,5119.95,Premium,No,Low,No Action Needed
9361-YNQWJ,0.0367,Low Risk,64,24.4,1601.2,At Risk,934.03,High Value,No,Low,No Action Needed
3748-FVMZZ,0.6956,Medium Risk,4,40.05,162.45,Inactive,67.69,Low Value,No,Medium,SMS Reminder
9391-TTOYH,0.1774,Low Risk,23,19.5,470.2,Inactive,156.73,Low Value,No,Low,No Action Needed
1452-XRSJV,0.2188,Low Risk,39,51.05,2066.0,At Risk,1205.17,High Value,No,Low,No Action Needed
3422-WJOYD,0.0821,Low Risk,28,54.35,1426.45,At Risk,713.22,Medium Value,No,Low,No Action Needed
8242-SOQUO,0.8656,High Risk,5,84.7,392.5,At Risk,196.25,Medium Value,No,High,Discount Offer
7460-ITWWP,0.6072,Medium Risk,45,86.1,3861.45,Loyal Customers,2574.3,High Value,No,High,Loyalty Reward
7147-AYBAA,0.5292,Medium Risk,37,70.35,2552.9,At Risk,1276.45,High Value,No,High,Loyalty Reward
7868-TMWMZ,0.1824,Low Risk,60,110.0,6668.35,Champions,6668.35,Premium,No,Low,No Action Needed
4822-RVYBB,0.9348,High Risk,8,100.6,819.4,Loyal Customers,546.27,Medium Value,Yes,High,Discount Offer
6732-FZUGP,0.2096,Low Risk,47,94.9,4615.25,Champions,3846.04,Premium,No,Low,No Action Needed
8436-BJUMM,0.7238,High Risk,26,83.75,2070.6,At Risk,1207.85,High Value,Yes,Critical,Personal Relationship Manager
4184-TJFAN,0.7695,High Risk,3,88.3,273.75,At Risk,159.69,Low Value,Yes,High,Email Campaign
8329-GWVPJ,0.378,Low Risk,50,69.75,3557.7,At Risk,1778.85,High Value,No,Low,No Action Needed
1352-VHKAJ,0.1264,Low Risk,27,71.6,1957.1,Loyal Customers,1304.73,High Value,No,Low,No Action Needed
4145-UQXUQ,0.8889,High Risk,8,92.1,729.95,Loyal Customers,486.63,Medium Value,Yes,High,Discount Offer
2632-TACXW,0.0193,Low Risk,62,23.65,1416.75,At Risk,826.44,High Value,No,Low,No Action Needed
8146-QQKZH,0.0169,Low Risk,71,81.85,5924.4,Champions,5430.7,Premium,No,Low,No Action Needed
1767-CJKBA,0.0159,Low Risk,66,25.1,1697.7,At Risk,990.32,High Value,No,Low,No Action Needed
6445-TNRXS,0.2343,Low Risk,68,114.7,7849.85,Champions,7849.85,Premium,No,Low,No Action Needed
4581-LNWUM,0.6395,Medium Risk,13,49.15,649.4,At Risk,324.7,Medium Value,No,Medium,SMS Reminder
4869-EPIUS,0.2753,Low Risk,56,80.9,4557.5,Loyal Customers,3418.12,Premium,No,Low,No Action Needed
9948-YPTDG,0.5916,Medium Risk,38,79.45,3013.05,Loyal Customers,2008.7,High Value,Yes,High,Loyalty Reward
1236-WFCDV,0.7221,High Risk,14,90.45,1266.1,Loyal Customers,844.07,High Value,Yes,Critical,Personal Relationship Manager
1915-OAKWD,0.062,Low Risk,16,19.3,360.35,Inactive,120.12,Low Value,No,Low,No Action Needed
7296-PIXQY,0.7355,High Risk,14,70.2,1046.5,Inactive,436.04,Medium Value,No,High,Discount Offer
4883-QICIH,0.5299,Medium Risk,32,69.75,2347.9,At Risk,1173.95,High Value,Yes,High,Loyalty Reward
3354-OADJP,0.1009,Low Risk,8,54.25,447.75,Inactive,186.56,Medium Value,No,Low,No Action Needed
3524-WQDSG,0.6667,Medium Risk,43,99.3,4209.95,Champions,3508.29,Premium,No,High,Loyalty Reward
0810-DHDBD,0.1334,Low Risk,52,74.0,3877.65,Champions,3231.38,Premium,No,Low,No Action Needed
4026-SKKHW,0.6086,Medium Risk,3,50.25,152.3,Inactive,63.46,Low Value,No,Medium,SMS Reminder
2829-HYVZP,0.0517,Low Risk,29,19.8,572.2,Inactive,190.73,Medium Value,No,Low,No Action Needed
8329-IBCTI,0.6052,Medium Risk,1,19.65,19.65,Inactive,4.91,Low Value,Yes,Medium,SMS Reminder
1271-SJBGZ,0.5741,Medium Risk,12,43.65,526.95,At Risk,263.48,Medium Value,Yes,Medium,SMS Reminder
3845-JHAMY,0.407,Medium Risk,16,35.5,552.7,Inactive,184.23,Medium Value,No,Medium,SMS Reminder
7013-PSXHK,0.3261,Low Risk,40,80.75,3208.65,Champions,2673.88,High Value,No,Low,No Action Needed
5669-SRAIP,0.78,High Risk,5,39.5,210.75,Inactive,87.81,Low Value,Yes,High,Email Campaign
5981-ITEMU,0.6897,Medium Risk,40,97.1,3706.95,Champions,3089.12,Premium,Yes,High,Loyalty Reward
3486-NPGST,0.0363,Low Risk,36,19.55,620.75,Inactive,258.65,Medium Value,No,Low,No Action Needed
6941-PMGEP,0.8138,High Risk,5,80.0,412.5,At Risk,206.25,Medium Value,Yes,High,Discount Offer
1624-WOIWJ,0.78,High Risk,10,84.7,832.05,At Risk,485.36,Medium Value,Yes,High,Discount Offer
2074-GKOWZ,0.8742,High Risk,2,89.55,185.55,At Risk,92.78,Low Value,Yes,High,Email Campaign
0376-YMCJC,0.7066,High Risk,23,90.6,1943.2,Loyal Customers,1457.4,High Value,Yes,Critical,Personal Relationship Manager
6100-FJZDG,0.0517,Low Risk,26,20.05,505.9,Inactive,168.63,Medium Value,No,Low,No Action Needed
4829-ZLJTK,0.027,Low Risk,72,112.4,8046.85,Champions,8046.85,Premium,No,Low,No Action Needed
1730-VFMWO,0.1617,Low Risk,34,50.2,1815.3,At Risk,1058.92,High Value,No,Low,No Action Needed
7143-BQIBA,0.2489,Low Risk,10,62.25,612.95,At Risk,357.55,Medium Value,No,Low,No Action Needed
3800-LYTRK,0.1357,Low Risk,14,55.7,795.15,At Risk,397.58,Medium Value,No,Low,No Action Needed
0634-SZPQA,0.6036,Medium Risk,23,90.05,2169.8,Loyal Customers,1627.35,High Value,Yes,High,Loyalty Reward
9646-NMHXE,0.0267,Low Risk,47,19.65,973.1,Inactive,405.46,Medium Value,No,Low,No Action Needed
7030-NJVDP,0.4347,Medium Risk,24,89.25,2210.2,Loyal Customers,1473.47,High Value,No,High,Loyalty Reward
5536-RTPWK,0.6661,Medium Risk,49,99.05,4853.75,Champions,4044.79,Premium,Yes,High,Loyalty Reward
8883-GRDWQ,0.1812,Low Risk,20,54.0,1055.9,At Risk,527.95,Medium Value,No,Low,No Action Needed
6166-ILMNY,0.7557,High Risk,2,69.75,144.55,Inactive,48.18,Low Value,Yes,High,Email Campaign
3097-NNSPB,0.7124,High Risk,2,49.05,91.1,Inactive,37.96,Low Value,Yes,High,Email Campaign
7771-ZONAT,0.0243,Low Risk,22,56.75,1304.85,At Risk,761.16,Medium Value,No,Low,No Action Needed
0655-RBDUG,0.9465,High Risk,7,98.05,713.0,Loyal Customers,475.33,Medium Value,Yes,High,Discount Offer
2111-DWYHN,0.5924,Medium Risk,1,21.1,21.1,Inactive,5.28,Low Value,No,Medium,SMS Reminder
4194-WHFCB,0.3994,Low Risk,59,96.65,5580.8,Champions,5115.73,Premium,No,Low,No Action Needed
4121-AGSIN,0.0586,Low Risk,58,24.5,1497.9,At Risk,873.78,High Value,No,Low,No Action Needed
4361-BKAXE,0.7171,High Risk,41,114.5,4527.45,Champions,4150.16,Premium,Yes,Critical,Personal Relationship Manager
9845-PEEKO,0.0705,Low Risk,59,79.2,4590.35,Loyal Customers,3442.76,Premium,No,Low,No Action Needed
0455-XFASS,0.7935,High Risk,3,69.55,200.2,Inactive,66.73,Low Value,No,High,Email Campaign
0301-KOBTQ,0.0297,Low Risk,32,20.05,614.45,Inactive,256.02,Medium Value,No,Low,No Action Needed
1751-NCDLI,0.8185,High Risk,46,98.85,4564.9,Champions,3804.08,Premium,No,Critical,Personal Relationship Manager
9878-TNQGW,0.8527,High Risk,2,80.95,171.15,At Risk,85.58,Low Value,Yes,High,Email Campaign
9170-ARBTB,0.029,Low Risk,52,19.6,1012.4,Inactive,421.83,Medium Value,No,Low,No Action Needed
4441-NIHPT,0.7939,High Risk,13,74.3,940.35,At Risk,548.54,Medium Value,Yes,High,Discount Offer
8999-BOHSE,0.8807,High Risk,11,89.7,1047.7,At Risk,611.16,Medium Value,Yes,High,Discount Offer
7241-AJHFS,0.298,Low Risk,32,87.65,2766.4,Loyal Customers,2074.8,High Value,No,Low,No Action Needed
7029-RPUAV,0.7814,High Risk,17,100.45,1622.45,Loyal Customers,1216.84,High Value,Yes,Critical,Personal Relationship Manager
4546-FOKWR,0.7727,High Risk,16,74.75,1129.35,At Risk,658.79,Medium Value,No,High,Discount Offer
9036-CSKBW,0.3146,Low Risk,51,107.45,5680.9,Champions,5207.49,Premium,No,Low,No Action Needed
5832-TRLPB,0.2081,Low Risk,29,75.35,2243.9,Loyal Customers,1495.93,High Value,No,Low,No Action Needed
8590-YFFQO,0.0458,Low Risk,70,64.95,4523.25,Loyal Customers,3392.44,Premium,No,Low,No Action Needed
8659-IOOPU,0.0638,Low Risk,71,100.45,7159.7,Champions,7159.7,Premium,No,Low,No Action Needed
1338-CECEE,0.0941,Low Risk,41,68.5,2839.95,Loyal Customers,1893.3,High Value,No,Low,No Action Needed
7439-DKZTW,0.9383,High Risk,1,80.55,80.55,At Risk,40.28,Low Value,No,High,Email Campaign
4646-QZXTF,0.4991,Medium Risk,7,81.25,580.1,Loyal Customers,386.73,Medium Value,No,Medium,SMS Reminder
4607-CHPCA,0.4589,Medium Risk,25,90.4,2178.6,Loyal Customers,1452.4,High Value,Yes,High,Loyalty Reward
9742-XOKTS,0.2685,Low Risk,67,89.55,6038.55,Champions,5032.12,Premium,No,Low,No Action Needed
6921-OZMFH,0.582,Medium Risk,5,55.7,259.4,Inactive,108.08,Low Value,No,Medium,SMS Reminder
9578-FOMUK,0.4034,Medium Risk,15,24.8,324.15,Inactive,135.06,Low Value,No,Medium,SMS Reminder
4712-UYOOI,0.2134,Low Risk,20,20.0,417.65,Inactive,139.22,Low Value,No,Low,No Action Needed
8824-RWFXJ,0.6646,Medium Risk,3,56.15,168.15,Inactive,70.06,Low Value,Yes,Medium,SMS Reminder
7722-CVFXN,0.4027,Medium Risk,54,105.2,5637.85,Champions,5168.03,Premium,No,High,Loyalty Reward
8717-VCTXJ,0.042,Low Risk,42,19.55,839.4,Inactive,349.75,Medium Value,No,Low,No Action Needed
7363-QTBIW,0.7917,High Risk,9,79.75,769.1,At Risk,384.55,Medium Value,No,High,Discount Offer
4159-NAAIX,0.108,Low Risk,63,97.45,6253.0,Champions,5731.92,Premium,No,Low,No Action Needed
0971-QIFJK,0.0198,Low Risk,69,24.25,1641.8,At Risk,957.72,High Value,No,Low,No Action Needed
9397-TZSHA,0.0198,Low Risk,69,24.6,1678.05,At Risk,978.86,High Value,No,Low,No Action Needed
3391-JSQEW,0.274,Low Risk,40,50.15,2058.5,At Risk,1200.79,High Value,No,Low,No Action Needed
0343-QLUZP,0.0351,Low Risk,60,39.6,2424.5,Loyal Customers,1616.33,High Value,No,Low,No Action Needed
9763-PDTKK,0.8492,High Risk,4,94.4,387.2,Loyal Customers,258.13,Medium Value,Yes,High,Discount Offer
2176-LVPNX,0.0246,Low Risk,71,89.85,6293.45,Champions,5769.0,Premium,No,Low,No Action Needed
7627-JKIAZ,0.6163,Medium Risk,37,78.95,2839.65,Loyal Customers,1893.1,High Value,Yes,High,Loyalty Reward
3312-UUMZW,0.6802,Medium Risk,32,98.85,3145.9,Champions,2621.58,High Value,No,High,Loyalty Reward
1271-UODNO,0.0491,Low Risk,39,53.85,2200.7,At Risk,1283.74,High Value,No,Low,No Action Needed
8461-EFQYM,0.0986,Low Risk,38,24.25,914.4,At Risk,457.2,Medium Value,No,Low,No Action Needed
6900-RBKER,0.0878,Low Risk,52,89.45,4577.75,Loyal Customers,3433.31,Premium,No,Low,No Action Needed
6891-JPYFF,0.5538,Medium Risk,48,105.25,4997.5,Champions,4581.04,Premium,No,High,Loyalty Reward
1459-QNFQT,0.0161,Low Risk,70,59.5,4144.8,Loyal Customers,3108.6,Premium,No,Low,No Action Needed
1047-NNCBF,0.4998,Medium Risk,20,70.55,1493.55,At Risk,746.78,Medium Value,No,Medium,SMS Reminder
3696-XRIEN,0.2525,Low Risk,50,82.5,4179.1,Champions,3482.58,Premium,No,Low,No Action Needed
4081-DYXAV,0.5217,Medium Risk,19,44.85,893.55,At Risk,446.78,Medium Value,Yes,Medium,SMS Reminder
0074-HDKDG,0.1018,Low Risk,25,61.6,1611.0,At Risk,939.75,High Value,No,Low,No Action Needed
8791-GFXLZ,0.3991,Low Risk,12,49.05,593.05,At Risk,296.52,Medium Value,No,Low,No Action Needed
8111-SLLHI,0.8429,High Risk,39,105.65,4284.8,Champions,3927.73,Premium,Yes,Critical,Personal Relationship Manager
0927-LCSMG,0.7035,High Risk,7,74.65,544.55,At Risk,272.27,Medium Value,Yes,High,Discount Offer
9330-DHBFL,0.0938,Low Risk,23,66.25,1533.8,At Risk,894.72,High Value,No,Low,No Action Needed
0098-BOWSO,0.261,Low Risk,27,19.4,529.8,Inactive,176.6,Medium Value,No,Low,No Action Needed
3452-ABWRL,0.6532,Medium Risk,47,86.05,3865.6,Loyal Customers,2577.07,High Value,No,High,Loyalty Reward
5859-HZYLF,0.0186,Low Risk,26,19.15,515.75,Inactive,171.92,Medium Value,No,Low,No Action Needed
8257-RZAHR,0.4213,Medium Risk,14,64.7,941.0,At Risk,548.92,Medium Value,Yes,Medium,SMS Reminder
5293-WXJAK,0.9474,High Risk,11,104.05,1133.65,Champions,944.71,High Value,Yes,Critical,Personal Relationship Manager
3156-QLHBO,0.1903,Low Risk,2,19.25,48.35,Inactive,12.09,Low Value,No,Low,No Action Needed
2208-NQBCT,0.449,Medium Risk,26,81.95,2070.05,At Risk,1207.53,High Value,No,High,Loyalty Reward
1779-PWPMG,0.0314,Low Risk,72,114.65,8333.95,Champions,8333.95,Premium,No,Low,No Action Needed
6621-NRZAK,0.0162,Low Risk,63,20.0,1209.25,At Risk,604.62,Medium Value,No,Low,No Action Needed
0831-JNISG,0.0088,Low Risk,71,19.8,1396.25,At Risk,698.12,Medium Value,No,Low,No Action Needed
0774-IFUVM,0.3776,Low Risk,11,65.15,723.35,At Risk,421.95,Medium Value,No,Low,No Action Needed
3082-WQRVY,0.0785,Low Risk,14,19.65,228.65,Inactive,76.22,Low Value,No,Low,No Action Needed
9553-DLCLU,0.0639,Low Risk,13,88.95,1161.75,Loyal Customers,871.31,High Value,No,Low,No Action Needed
1641-BYBTK,0.2441,Low Risk,6,20.2,98.35,Inactive,24.59,Low Value,No,Low,No Action Needed
2460-NGXBJ,0.8081,High Risk,11,75.2,775.3,At Risk,452.26,Medium Value,No,High,Discount Offer
2446-ZKVAF,0.3293,Low Risk,18,56.8,1074.65,At Risk,537.33,Medium Value,No,Low,No Action Needed
0841-NULXI,0.8944,High Risk,1,35.55,35.55,Inactive,8.89,Low Value,Yes,High,Email Campaign
3522-CDKHF,0.4523,Medium Risk,32,75.5,2324.7,Loyal Customers,1549.8,High Value,No,High,Loyalty Reward
1430-SFQSA,0.1182,Low Risk,29,35.6,1072.6,At Risk,536.3,Medium Value,No,Low,No Action Needed
0411-EZJZE,0.834,High Risk,3,60.25,170.5,Inactive,71.04,Low Value,No,High,Email Campaign
7851-WZEKY,0.9388,High Risk,2,95.15,196.9,Loyal Customers,131.27,Low Value,Yes,High,Email Campaign
8844-TONUD,0.866,High Risk,13,96.65,1162.85,Loyal Customers,872.14,High Value,Yes,Critical,Personal Relationship Manager
8807-ARQET,0.6056,Medium Risk,41,40.35,1677.85,At Risk,978.75,High Value,No,High,Loyalty Reward
8992-CEUEN,0.2276,Low Risk,1,18.85,18.85,Inactive,4.71,Low Value,No,Low,No Action Needed
4320-QMLLA,0.3994,Low Risk,7,54.85,370.4,Inactive,154.33,Low Value,No,Low,No Action Needed
8777-PVYGU,0.0888,Low Risk,52,64.3,3410.6,Loyal Customers,2273.73,High Value,No,Low,No Action Needed
8292-ITGYJ,0.0568,Low Risk,45,24.65,1138.8,At Risk,569.4,Medium Value,No,Low,No Action Needed
6870-ZWMNX,0.0689,Low Risk,70,76.1,5264.25,Champions,4825.56,Premium,No,Low,No Action Needed
0621-CXBKL,0.0067,Low Risk,53,18.7,1005.7,Inactive,419.04,Medium Value,No,Low,No Action Needed
5268-DSMNQ,0.1864,Low Risk,62,97.95,5936.55,Champions,5441.84,Premium,No,Low,No Action Needed
5334-JLAXU,0.3402,Low Risk,60,94.1,5475.9,Champions,5019.58,Premium,No,Low,No Action Needed
4086-YQSNZ,0.8608,High Risk,3,80.4,224.05,At Risk,112.02,Low Value,Yes,High,Email Campaign
6242-MBHPK,0.7278,High Risk,23,95.1,2326.05,Loyal Customers,1744.54,High Value,No,Critical,Personal Relationship Manager
5868-CZJDR,0.7714,High Risk,1,31.35,31.35,Inactive,7.84,Low Value,Yes,High,Email Campaign
9359-UGBTK,0.1001,Low Risk,67,72.35,4991.5,Champions,4159.58,Premium,No,Low,No Action Needed
0135-NMXAP,0.9049,High Risk,12,89.75,1052.4,Loyal Customers,701.6,Medium Value,Yes,High,Discount Offer
4782-OSFXZ,0.0159,Low Risk,71,82.7,5831.2,Champions,5345.27,Premium,No,Low,No Action Needed
6479-OAUSD,0.0462,Low Risk,25,19.9,510.8,Inactive,170.27,Medium Value,No,Low,No Action Needed
7129-ACFOG,0.6167,Medium Risk,5,53.8,283.95,Inactive,118.31,Low Value,No,Medium,SMS Reminder
4189-NAKJS,0.1102,Low Risk,26,51.55,1295.4,At Risk,647.7,Medium Value,No,Low,No Action Needed
5562-BETPV,0.1249,Low Risk,1,19.65,19.65,Inactive,4.91,Low Value,No,Low,No Action Needed
1282-IHQAC,0.1421,Low Risk,70,44.05,3011.65,Loyal Customers,2007.77,High Value,No,Low,No Action Needed
9127-FHJBZ,0.0247,Low Risk,72,114.0,8093.15,Champions,8093.15,Premium,No,Low,No Action Needed
6270-OMFIW,0.369,Low Risk,60,94.4,5610.25,Champions,5142.73,Premium,Yes,Low,No Action Needed
1641-RQDAY,0.7174,High Risk,32,100.4,3217.65,Champions,2681.38,High Value,No,Critical,Personal Relationship Manager
0107-WESLM,0.7157,High Risk,1,19.85,19.85,Inactive,4.96,Low Value,Yes,High,Email Campaign
6994-ORCWG,0.232,Low Risk,14,54.25,773.2,At Risk,386.6,Medium Value,No,Low,No Action Needed
1346-UFHAX,0.5831,Medium Risk,13,80.0,1029.35,At Risk,600.45,Medium Value,No,Medium,SMS Reminder
3992-YWPKO,0.8596,High Risk,6,109.9,669.45,Loyal Customers,502.09,Medium Value,Yes,High,Discount Offer
2933-XEUJM,0.0421,Low Risk,46,79.2,3593.8,Champions,2994.83,High Value,No,Low,No Action Needed
0125-LZQXK,0.7345,High Risk,15,101.35,1553.95,Loyal Customers,1165.46,High Value,Yes,Critical,Personal Relationship Manager
5461-QKNTN,0.5693,Medium Risk,43,94.3,3953.15,Champions,3294.29,Premium,No,High,Loyalty Reward
4835-YSJMR,0.0326,Low Risk,39,49.8,1971.15,At Risk,1149.84,High Value,No,Low,No Action Needed
8399-YNDCH,0.4448,Medium Risk,21,60.05,1236.15,At Risk,618.08,Medium Value,Yes,Medium,SMS Reminder
3164-YAXFY,0.6404,Medium Risk,57,53.75,3196.0,Loyal Customers,2397.0,High Value,No,High,Loyalty Reward
0887-WBJVH,0.277,Low Risk,53,93.45,4872.2,Champions,4060.17,Premium,No,Low,No Action Needed
4660-IRIBM,0.5921,Medium Risk,18,87.9,1500.5,Loyal Customers,1000.33,High Value,No,High,Loyalty Reward
5673-FSSMF,0.8629,High Risk,1,60.15,60.15,Inactive,25.06,Low Value,Yes,High,Email Campaign
7670-ZBPOQ,0.0516,Low Risk,58,61.05,3478.75,Loyal Customers,2609.06,High Value,No,Low,No Action Needed
8089-UZWLX,0.1603,Low Risk,71,104.05,7413.55,Champions,6795.75,Premium,No,Low,No Action Needed
0080-OROZO,0.4117,Medium Risk,35,99.25,3532.0,Champions,2943.33,High Value,No,High,Loyalty Reward
3916-NRPAP,0.8136,High Risk,3,85.7,256.75,At Risk,128.38,Low Value,No,High,Email Campaign
6807-SIWJI,0.4324,Medium Risk,38,104.85,3887.25,Champions,3563.31,Premium,No,High,Loyalty Reward
8221-HVAYI,0.0421,Low Risk,35,69.15,2490.15,Loyal Customers,1867.61,High Value,No,Low,No Action Needed
1579-KLYDT,0.9198,High Risk,7,90.45,593.45,Loyal Customers,395.63,Medium Value,Yes,High,Discount Offer
5232-NXPAY,0.0477,Low Risk,47,74.45,3510.3,Loyal Customers,2632.73,High Value,No,Low,No Action Needed
8967-SZQAS,0.4262,Medium Risk,14,50.45,765.45,At Risk,382.72,Medium Value,No,Medium,SMS Reminder
4468-KAZHE,0.5438,Medium Risk,20,60.0,1259.35,At Risk,629.67,Medium Value,No,Medium,SMS Reminder
0455-ENTCR,0.087,Low Risk,66,85.25,5538.35,Champions,5076.82,Premium,No,Low,No Action Needed
8944-AILEF,0.2296,Low Risk,15,19.45,340.85,Inactive,113.62,Low Value,No,Low,No Action Needed
5542-NKVRU,0.027,Low Risk,42,20.75,844.45,Inactive,351.85,Medium Value,No,Low,No Action Needed
7126-RBHSD,0.6416,Medium Risk,17,78.9,1348.95,At Risk,786.89,Medium Value,No,Medium,SMS Reminder
5370-IIVVL,0.4863,Medium Risk,37,104.5,3778.0,Champions,3463.17,Premium,No,High,Loyalty Reward
6789-HJBWG,0.5145,Medium Risk,12,49.4,611.65,At Risk,305.82,Medium Value,No,Medium,SMS Reminder
3927-NLNRY,0.4047,Medium Risk,53,94.25,4867.95,Champions,4056.62,Premium,Yes,High,Loyalty Reward
9087-EYCPR,0.0259,Low Risk,60,25.0,1505.05,At Risk,877.95,High Value,No,Low,No Action Needed
6791-YBNAK,0.2761,Low Risk,18,25.55,467.85,Inactive,155.95,Low Value,No,Low,No Action Needed
6358-LYNGM,0.9453,High Risk,1,74.9,74.9,At Risk,37.45,Low Value,Yes,High,Email Campaign
6077-BDPXA,0.8428,High Risk,3,70.15,194.2,Inactive,64.73,Low Value,No,High,Email Campaign
0013-MHZWF,0.3751,Low Risk,9,69.4,571.45,At Risk,285.73,Medium Value,No,Low,No Action Needed
5494-HECPR,0.9391,High Risk,1,80.25,80.25,At Risk,40.12,Low Value,Yes,High,Email Campaign
8268-YDIXR,0.2654,Low Risk,56,93.15,5253.95,Champions,4816.12,Premium,No,Low,No Action Needed
9824-BEMCV,0.75,High Risk,17,69.0,1149.65,Inactive,479.02,Medium Value,Yes,High,Discount Offer
1373-ORVIZ,0.5761,Medium Risk,11,66.35,740.8,At Risk,432.13,Medium Value,Yes,Medium,SMS Reminder
4291-SHSBH,0.7791,High Risk,7,69.55,521.35,Inactive,173.78,Medium Value,No,High,Discount Offer
6980-IMXXE,0.0148,Low Risk,69,20.2,1412.65,At Risk,706.32,Medium Value,No,Low,No Action Needed
9866-QEVEE,0.6742,Medium Risk,19,86.0,1532.45,At Risk,893.93,High Value,Yes,High,Loyalty Reward
9897-KXHCM,0.8142,High Risk,3,80.3,250.05,At Risk,125.02,Low Value,Yes,High,Email Campaign
0040-HALCW,0.0633,Low Risk,54,20.4,1090.6,Inactive,454.42,Medium Value,No,Low,No Action Needed
0784-GTUUK,0.0384,Low Risk,62,23.75,1446.8,At Risk,843.97,High Value,No,Low,No Action Needed
7979-CORPM,0.7172,High Risk,24,90.55,2282.55,Loyal Customers,1711.91,High Value,Yes,Critical,Personal Relationship Manager
2294-DMMUS,0.2568,Low Risk,62,70.45,4300.45,Champions,3583.71,Premium,No,Low,No Action Needed
0872-JCPIB,0.321,Low Risk,17,65.75,1111.2,At Risk,648.2,Medium Value,No,Low,No Action Needed
3055-MJDSB,0.6314,Medium Risk,9,24.6,190.1,Inactive,47.52,Low Value,No,Medium,SMS Reminder
9091-WTUUY,0.0223,Low Risk,64,69.25,4447.75,Loyal Customers,3335.81,Premium,No,Low,No Action Needed
1618-CFHME,0.8881,High Risk,2,75.9,143.35,At Risk,71.68,Low Value,Yes,High,Email Campaign
3165-HDOEW,0.7673,High Risk,1,45.85,45.85,Inactive,15.28,Low Value,Yes,High,Email Campaign
6581-NQCBA,0.6639,Medium Risk,16,49.95,810.2,At Risk,405.1,Medium Value,Yes,Medium,SMS Reminder
7115-IRDHS,0.0096,Low Risk,72,24.65,1830.05,At Risk,1067.53,High Value,No,Low,No Action Needed
8496-DMZUK,0.0906,Low Risk,30,90.4,2820.65,Champions,2350.54,High Value,No,Low,No Action Needed
2040-VZIKE,0.5003,Medium Risk,49,100.85,4847.35,Champions,4039.46,Premium,No,High,Loyalty Reward
9068-VPWQQ,0.0363,Low Risk,61,75.35,4729.3,Champions,4335.19,Premium,No,Low,No Action Needed
0178-SZBHO,0.5062,Medium Risk,47,87.2,4017.45,Loyal Customers,3013.09,Premium,No,High,Loyalty Reward
0384-RVBPI,0.2598,Low Risk,20,64.4,1398.6,At Risk,815.85,High Value,No,Low,No Action Needed
1689-MRZQR,0.6542,Medium Risk,34,78.3,2564.3,Loyal Customers,1709.53,High Value,Yes,High,Loyalty Reward
1299-AURJA,0.0197,Low Risk,70,24.7,1685.9,At Risk,983.44,High Value,No,Low,No Action Needed
4525-VZCZG,0.2366,Low Risk,54,105.85,5826.65,Champions,5341.1,Premium,No,Low,No Action Needed
1543-LLLFT,0.1229,Low Risk,61,98.3,6066.55,Champions,6066.55,Premium,No,Low,No Action Needed
5835-BEQEU,0.8881,High Risk,3,76.95,228.4,At Risk,114.2,Low Value,Yes,High,Email Campaign
2788-CJQAQ,0.0694,Low Risk,13,19.45,270.2,Inactive,90.07,Low Value,No,Low,No Action Needed
5565-FILXA,0.8821,High Risk,16,96.15,1529.2,Loyal Customers,1146.9,High Value,Yes,Critical,Personal Relationship Manager
0319-QZTCO,0.6606,Medium Risk,3,58.7,168.6,Inactive,70.25,Low Value,No,Medium,SMS Reminder
2120-SMPEX,0.1523,Low Risk,25,20.15,536.35,Inactive,178.78,Medium Value,No,Low,No Action Needed
0096-FCPUF,0.2486,Low Risk,30,64.5,1888.45,Loyal Customers,1258.97,High Value,No,Low,No Action Needed
0668-OGMHD,0.515,Medium Risk,21,28.5,629.35,Inactive,209.78,Medium Value,No,Medium,SMS Reminder
5552-ZNFSJ,0.7922,High Risk,1,45.3,45.3,Inactive,15.1,Low Value,Yes,High,Email Campaign
2223-KAGMX,0.3816,Low Risk,15,19.4,289.3,Inactive,96.43,Low Value,Yes,Low,No Action Needed
6507-ZJSUR,0.769,High Risk,23,90.45,2117.25,Loyal Customers,1411.5,High Value,No,Critical,Personal Relationship Manager
9408-HRXRK,0.5773,Medium Risk,45,105.15,4730.9,Champions,4336.66,Premium,No,High,Loyalty Reward
5593-SUAOO,0.1203,Low Risk,24,83.15,2033.05,Loyal Customers,1355.37,High Value,No,Low,No Action Needed
7321-PKUYW,0.8131,High Risk,11,90.15,987.95,Loyal Customers,740.96,Medium Value,Yes,High,Discount Offer
2833-SLKDQ,0.7444,High Risk,1,45.05,45.05,Inactive,15.02,Low Value,Yes,High,Email Campaign
6766-HFKLA,0.2316,Low Risk,56,103.2,5744.35,Champions,5744.35,Premium,No,Low,No Action Needed
7595-EUIVN,0.891,High Risk,1,75.8,75.8,At Risk,37.9,Low Value,Yes,High,Email Campaign
7617-EYGLW,0.6212,Medium Risk,1,19.45,19.45,Inactive,4.86,Low Value,No,Medium,SMS Reminder
2026-TGDHM,0.8107,High Risk,7,79.3,523.15,At Risk,261.58,Medium Value,Yes,High,Discount Offer
9220-ZNKJI,0.0461,Low Risk,55,88.8,4805.3,Loyal Customers,3603.98,Premium,No,Low,No Action Needed
4030-VPZBD,0.7616,High Risk,2,30.9,59.05,Inactive,14.76,Low Value,Yes,High,Email Campaign
2226-ICFDO,0.0303,Low Risk,72,85.9,6110.75,Champions,5601.52,Premium,No,Low,No Action Needed
0723-VSOBE,0.3612,Low Risk,45,34.2,1596.6,Inactive,665.25,Medium Value,No,Low,No Action Needed
5529-GIBVH,0.0296,Low Risk,47,20.15,1046.2,Inactive,435.92,Medium Value,No,Low,No Action Needed
4187-CINZD,0.4272,Medium Risk,46,95.25,4424.2,Champions,3686.83,Premium,Yes,High,Loyalty Reward
9992-UJOEL,0.691,Medium Risk,2,50.3,92.75,Inactive,38.65,Low Value,No,Medium,SMS Reminder
4741-WWJQZ,0.7365,High Risk,2,80.15,194.55,At Risk,97.28,Low Value,No,High,Email Campaign
6625-UTXEW,0.4977,Medium Risk,12,51.25,612.1,At Risk,306.05,Medium Value,No,Medium,SMS Reminder
6818-WOBHJ,0.6186,Medium Risk,68,89.6,6127.6,Champions,5106.33,Premium,Yes,High,Loyalty Reward
6244-BESBM,0.0657,Low Risk,69,95.2,6671.7,Champions,6115.72,Premium,No,Low,No Action Needed
1004-NOZNR,0.2274,Low Risk,56,94.8,5264.3,Champions,4825.61,Premium,No,Low,No Action Needed
1251-STYSZ,0.7266,High Risk,4,80.25,303.7,At Risk,151.85,Low Value,No,High,Email Campaign
2612-PHGOX,0.0294,Low Risk,64,76.1,4818.8,Champions,4417.23,Premium,No,Low,No Action Needed
2408-TZMJL,0.5934,Medium Risk,59,110.15,6448.05,Champions,6448.05,Premium,Yes,High,Loyalty Reward
8480-PPONV,0.0784,Low Risk,62,115.55,7159.05,Champions,7159.05,Premium,No,Low,No Action Needed
8780-IHCRN,0.0211,Low Risk,63,24.65,1574.5,At Risk,918.46,High Value,No,Low,No Action Needed
4598-ZADCK,0.1522,Low Risk,53,53.6,2879.2,Loyal Customers,1919.47,High Value,No,Low,No Action Needed
1257-SXUXQ,0.2953,Low Risk,5,19.45,86.05,Inactive,21.51,Low Value,No,Low,No Action Needed
9681-KYGYB,0.5894,Medium Risk,49,88.2,4159.45,Loyal Customers,3119.59,Premium,No,High,Loyalty Reward
7182-OVLBJ,0.1142,Low Risk,62,101.15,6638.35,Champions,6085.15,Premium,No,Low,No Action Needed
5095-ETBRJ,0.0453,Low Risk,55,56.8,3112.05,Loyal Customers,2074.7,High Value,No,Low,No Action Needed
7005-CYUIL,0.0599,Low Risk,71,99.4,7168.25,Champions,7168.25,Premium,No,Low,No Action Needed
4821-WQOYN,0.0056,Low Risk,72,20.1,1326.25,At Risk,663.12,Medium Value,No,Low,No Action Needed
4730-AWNAU,0.1969,Low Risk,36,60.7,2234.55,Loyal Customers,1489.7,High Value,No,Low,No Action Needed
3452-FLHYD,0.0747,Low Risk,25,20.95,495.15,Inactive,165.05,Medium Value,No,Low,No Action Needed
2388-LAESQ,0.0314,Low Risk,72,114.85,8317.95,Champions,8317.95,Premium,No,Low,No Action Needed
9531-NSBMR,0.0343,Low Risk,36,19.25,679.8,Inactive,283.25,Medium Value,No,Low,No Action Needed
6260-ONULR,0.7812,High Risk,1,62.8,62.8,Inactive,26.17,Low Value,No,High,Email Campaign
4389-UEFCZ,0.0699,Low Risk,72,105.5,7544.0,Champions,7544.0,Premium,No,Low,No Action Needed
8711-LOBKY,0.0536,Low Risk,59,19.85,1188.25,At Risk,594.12,Medium Value,No,Low,No Action Needed
9134-CEQMF,0.8919,High Risk,7,89.5,676.7,At Risk,338.35,Medium Value,Yes,High,Discount Offer
8985-OOPOS,0.3879,Low Risk,1,74.1,74.1,At Risk,43.22,Low Value,No,Low,No Action Needed
8800-ZKRFW,0.4569,Medium Risk,30,107.5,3242.5,Champions,2972.29,High Value,No,High,Loyalty Reward
2616-FLVQC,0.0186,Low Risk,64,19.55,1240.15,At Risk,620.08,Medium Value,No,Low,No Action Needed
9968-FFVVH,0.028,Low Risk,63,68.8,4111.35,Champions,3426.13,Premium,No,Low,No Action Needed
3108-PCCGG,0.0782,Low Risk,72,84.45,5899.85,Champions,5408.2,Premium,No,Low,No Action Needed
7993-PYKOF,0.6923,Medium Risk,8,75.0,632.95,At Risk,316.48,Medium Value,Yes,Medium,SMS Reminder
8390-FESFV,0.0218,Low Risk,62,84.5,5193.2,Champions,4760.43,Premium,No,Low,No Action Needed
3022-BEXHZ,0.4165,Medium Risk,67,111.2,7530.8,Champions,7530.8,Premium,No,High,Loyalty Reward
5027-XWQHA,0.6151,Medium Risk,6,44.75,270.95,Inactive,90.32,Low Value,Yes,Medium,SMS Reminder
6248-TKCQV,0.04,Low Risk,70,80.6,5460.2,Champions,5005.18,Premium,No,Low,No Action Needed
6729-GDNGC,0.5681,Medium Risk,20,80.7,1614.2,At Risk,941.62,High Value,No,High,Loyalty Reward
6198-ZFIOJ,0.8318,High Risk,5,75.6,402.5,At Risk,201.25,Medium Value,No,High,Discount Offer
5989-OMNJE,0.3216,Low Risk,24,57.6,1367.75,At Risk,797.85,Medium Value,No,Low,No Action Needed
4566-QVRRW,0.551,Medium Risk,11,44.05,483.7,Inactive,201.54,Medium Value,Yes,Medium,SMS Reminder
1291-CUOCY,0.0643,Low Risk,72,110.6,7962.2,Champions,7962.2,Premium,No,Low,No Action Needed
9795-SHUHB,0.0345,Low Risk,66,58.2,3810.8,Loyal Customers,2858.1,High Value,No,Low,No Action Needed
3230-IUALN,0.0367,Low Risk,45,81.0,3533.6,Champions,2944.67,High Value,No,Low,No Action Needed
0042-RLHYP,0.0231,Low Risk,69,19.7,1396.9,At Risk,698.45,Medium Value,No,Low,No Action Needed
8519-IMDHU,0.8534,High Risk,15,85.6,1345.55,At Risk,784.9,Medium Value,Yes,High,Discount Offer
4945-RVMTE,0.2692,Low Risk,28,59.55,1646.45,At Risk,823.22,High Value,No,Low,No Action Needed
0201-OAMXR,0.6166,Medium Risk,70,115.55,8127.6,Champions,8127.6,Premium,Yes,High,Loyalty Reward
1866-NXPSP,0.183,Low Risk,36,75.55,2680.15,Champions,2233.46,High Value,No,Low,No Action Needed
3372-KWFBM,0.8093,High Risk,16,86.6,1281.0,At Risk,747.25,Medium Value,Yes,High,Discount Offer
7831-QGOXH,0.8213,High Risk,18,85.2,1553.9,At Risk,906.44,High Value,Yes,Critical,Personal Relationship Manager
6393-WRYZE,0.7869,High Risk,34,97.65,3207.55,Champions,2672.96,High Value,Yes,Critical,Personal Relationship Manager
3941-XTSKM,0.2109,Low Risk,42,45.1,2049.05,At Risk,1195.28,High Value,No,Low,No Action Needed
1661-CZBAU,0.1294,Low Risk,48,70.95,3629.2,Loyal Customers,2721.9,High Value,No,Low,No Action Needed
6599-RCLCJ,0.7335,High Risk,47,109.55,5124.55,Champions,4697.5,Premium,Yes,Critical,Personal Relationship Manager
9831-BPFRI,0.2609,Low Risk,39,89.55,3474.45,Loyal Customers,2605.84,High Value,Yes,Low,No Action Needed
5158-RIVOP,0.0305,Low Risk,11,20.9,202.3,Inactive,67.43,Low Value,No,Low,No Action Needed
9788-YTFGE,0.2563,Low Risk,7,19.95,147.5,Inactive,36.88,Low Value,No,Low,No Action Needed
9277-JOOMO,0.5071,Medium Risk,3,24.6,86.35,Inactive,28.78,Low Value,No,Medium,SMS Reminder
1907-YLNYW,0.4785,Medium Risk,8,66.7,579.0,At Risk,289.5,Medium Value,No,Medium,SMS Reminder
1725-MIMXW,0.664,Medium Risk,1,19.45,19.45,Inactive,4.86,Low Value,Yes,Medium,SMS Reminder
8947-YRTDV,0.2687,Low Risk,32,94.8,3131.55,Champions,2609.63,High Value,No,Low,No Action Needed
3161-ONRWK,0.0184,Low Risk,60,65.85,3928.3,Loyal Customers,2946.23,High Value,No,Low,No Action Needed
0114-RSRRW,0.3054,Low Risk,10,19.95,187.75,Inactive,62.58,Low Value,No,Low,No Action Needed
4565-NLZBV,0.0107,Low Risk,71,24.65,1710.15,At Risk,997.59,High Value,No,Low,No Action Needed
0031-PVLZI,0.2754,Low Risk,4,20.35,76.35,Inactive,19.09,Low Value,Yes,Low,No Action Needed
7206-GZCDC,0.9421,High Risk,1,69.25,69.25,Inactive,23.08,Low Value,Yes,High,Email Campaign
6682-VCIXC,0.0685,Low Risk,43,51.25,2151.6,Loyal Customers,1434.4,High Value,No,Low,No Action Needed
4791-QRGMF,0.5356,Medium Risk,59,99.5,5961.1,Champions,5464.34,Premium,Yes,High,Loyalty Reward
6475-VHUIZ,0.3779,Low Risk,23,54.25,1221.55,At Risk,610.78,Medium Value,No,Low,No Action Needed
3910-MRQOY,0.0169,Low Risk,72,19.4,1496.45,At Risk,748.22,Medium Value,No,Low,No Action Needed
0661-WCQNQ,0.1216,Low Risk,22,56.25,1292.2,At Risk,646.1,Medium Value,No,Low,No Action Needed
7537-RBWEA,0.8214,High Risk,1,25.15,25.15,Inactive,6.29,Low Value,No,High,Email Campaign
4656-CAURT,0.0197,Low Risk,69,23.95,1713.1,At Risk,999.31,High Value,No,Low,No Action Needed
0121-SNYRK,0.0744,Low Risk,50,35.4,1748.9,At Risk,874.45,High Value,No,Low,No Action Needed
1768-ZAIFU,0.9201,High Risk,1,25.2,25.2,Inactive,6.3,Low Value,Yes,High,Email Campaign
4671-LXRDQ,0.7014,High Risk,2,45.0,96.45,Inactive,32.15,Low Value,Yes,High,Email Campaign
3733-LSYCE,0.605,Medium Risk,15,75.35,1114.55,At Risk,650.15,Medium Value,No,Medium,SMS Reminder
6265-FRMTQ,0.0274,Low Risk,31,20.4,609.1,Inactive,253.79,Medium Value,No,Low,No Action Needed
1934-SJVJK,0.6469,Medium Risk,1,20.15,20.15,Inactive,5.04,Low Value,Yes,Medium,SMS Reminder
3838-OZURD,0.7476,High Risk,66,105.0,7133.25,Champions,7133.25,Premium,Yes,Critical,Personal Relationship Manager
9269-CQOOL,0.71,High Risk,3,54.7,169.45,Inactive,70.6,Low Value,Yes,High,Email Campaign
2017-CCBLH,0.0336,Low Risk,8,20.0,141.6,Inactive,35.4,Low Value,No,Low,No Action Needed
7690-KPNCU,0.1452,Low Risk,64,73.05,4688.65,Champions,3907.21,Premium,No,Low,No Action Needed
0536-BGFMZ,0.1078,Low Risk,28,20.5,563.05,Inactive,187.68,Medium Value,No,Low,No Action Needed
2293-IJWPS,0.4891,Medium Risk,57,100.75,5985.0,Champions,5486.25,Premium,No,High,Loyalty Reward
2845-HSJCY,0.8111,High Risk,14,87.25,1258.6,Loyal Customers,839.07,High Value,Yes,Critical,Personal Relationship Manager
5469-NUJUR,0.0303,Low Risk,19,19.95,373.5,Inactive,124.5,Low Value,No,Low,No Action Needed
1184-PJVDB,0.8227,High Risk,10,79.95,857.2,At Risk,500.03,Medium Value,Yes,High,Discount Offer
2625-TRCZQ,0.6733,Medium Risk,51,49.65,2553.35,At Risk,1489.45,High Value,No,High,Loyalty Reward
4102-HLENU,0.0285,Low Risk,67,65.65,4322.85,Loyal Customers,3242.14,Premium,No,Low,No Action Needed
7266-GSSJX,0.2112,Low Risk,11,20.45,250.8,Inactive,83.6,Low Value,No,Low,No Action Needed
7722-VJRQD,0.0093,Low Risk,72,60.95,4549.05,Loyal Customers,3411.79,Premium,No,Low,No Action Needed
7073-QETQY,0.029,Low Risk,66,20.35,1359.5,At Risk,679.75,Medium Value,No,Low,No Action Needed
9415-DPEWS,0.7904,High Risk,18,88.35,1639.3,Loyal Customers,1092.87,High Value,Yes,Critical,Personal Relationship Manager
5624-RYAMH,0.3601,Low Risk,9,19.5,178.85,Inactive,44.71,Low Value,No,Low,No Action Needed
0196-JTUQI,0.7756,High Risk,9,75.2,633.85,At Risk,316.92,Medium Value,No,High,Discount Offer
7130-YXBRO,0.5829,Medium Risk,48,111.45,5315.1,Champions,4872.18,Premium,No,High,Loyalty Reward
9272-LSVYH,0.678,Medium Risk,10,70.15,735.5,Inactive,306.46,Medium Value,No,Medium,SMS Reminder
7943-RQCHR,0.9177,High Risk,9,94.75,889.9,Loyal Customers,593.27,Medium Value,Yes,High,Discount Offer
3793-MMFUH,0.8384,High Risk,13,95.05,1290.0,Loyal Customers,967.5,High Value,Yes,Critical,Personal Relationship Manager
3249-ZPQRG,0.8587,High Risk,4,78.45,330.05,At Risk,165.02,Medium Value,Yes,High,Discount Offer
2568-BRGYX,0.8102,High Risk,4,70.2,237.95,Inactive,79.32,Low Value,Yes,High,Email Campaign
3084-DOWLE,0.0464,Low Risk,72,92.0,6474.4,Champions,6474.4,Premium,No,Low,No Action Needed
1084-MNSMJ,0.0351,Low Risk,51,85.5,4421.95,Champions,3684.96,Premium,No,Low,No Action Needed
7721-JXEAW,0.5007,Medium Risk,59,41.05,2452.7,Loyal Customers,1635.13,High Value,Yes,High,Loyalty Reward
7249-WBIYX,0.8832,High Risk,10,85.6,813.85,At Risk,474.75,Medium Value,Yes,High,Discount Offer
4238-HFHSN,0.4831,Medium Risk,61,82.15,4904.85,Loyal Customers,3678.64,Premium,No,High,Loyalty Reward
6250-CGGUN,0.2185,Low Risk,54,84.4,4484.05,Loyal Customers,3363.04,Premium,No,Low,No Action Needed
5478-JJVZK,0.1893,Low Risk,33,60.9,2033.85,Loyal Customers,1355.9,High Value,No,Low,No Action Needed
7596-IIWYC,0.03,Low Risk,27,20.25,538.2,Inactive,179.4,Medium Value,No,Low,No Action Needed
6567-HOOPW,0.9436,High Risk,1,79.2,79.2,At Risk,39.6,Low Value,Yes,High,Email Campaign
9793-WECQC,0.547,Medium Risk,23,95.3,2192.9,Loyal Customers,1644.68,High Value,No,High,Loyalty Reward
4291-HPAXL,0.5863,Medium Risk,1,19.85,19.85,Inactive,4.96,Low Value,No,Medium,SMS Reminder
8999-YPYBV,0.0234,Low Risk,45,84.35,3858.05,Champions,3215.04,Premium,No,Low,No Action Needed
1839-FBNFR,0.0385,Low Risk,39,19.85,854.8,Inactive,356.17,Medium Value,No,Low,No Action Needed
3164-AALRN,0.5333,Medium Risk,5,70.0,347.4,At Risk,173.7,Medium Value,Yes,Medium,SMS Reminder
3071-MVJCD,0.0238,Low Risk,72,82.3,5815.15,Champions,5330.55,Premium,No,Low,No Action Needed
1697-BCSHV,0.1376,Low Risk,58,66.8,3970.4,Loyal Customers,2977.8,High Value,No,Low,No Action Needed
0562-KBDVM,0.0225,Low Risk,70,44.6,3058.15,Loyal Customers,2293.61,High Value,No,Low,No Action Needed
1131-SUEKT,0.1837,Low Risk,61,98.45,6145.2,Champions,5633.1,Premium,No,Low,No Action Needed
3717-OEAUQ,0.7627,High Risk,2,70.7,129.2,Inactive,53.83,Low Value,No,High,Email Campaign
4538-WNTMJ,0.0627,Low Risk,46,24.95,1165.9,At Risk,582.95,Medium Value,No,Low,No Action Needed
3334-CTHOL,0.7281,High Risk,1,49.95,49.95,Inactive,20.81,Low Value,Yes,High,Email Campaign
4704-ERYFC,0.7208,High Risk,22,69.25,1554.0,Inactive,647.5,Medium Value,Yes,High,Discount Offer
9432-RUVSL,0.2366,Low Risk,48,102.5,4904.25,Champions,4495.56,Premium,No,Low,No Action Needed
8060-HIWJJ,0.04,Low Risk,64,86.55,5632.55,Champions,5163.17,Premium,No,Low,No Action Needed
7684-XSZIY,0.0091,Low Risk,72,24.3,1643.25,At Risk,958.56,High Value,No,Low,No Action Needed
9089-UOWJG,0.4193,Medium Risk,12,58.35,740.55,At Risk,370.28,Medium Value,No,Medium,SMS Reminder
8621-MNIHH,0.7302,High Risk,34,94.25,3217.55,Champions,2681.29,High Value,Yes,Critical,Personal Relationship Manager
8039-ACLPL,0.0118,Low Risk,72,68.75,4888.2,Loyal Customers,3666.15,Premium,No,Low,No Action Needed
9885-AIBVB,0.7459,High Risk,29,85.8,2440.25,Loyal Customers,1626.83,High Value,No,Critical,Personal Relationship Manager
1934-MKPXS,0.0395,Low Risk,33,20.1,620.55,Inactive,258.56,Medium Value,No,Low,No Action Needed
2592-YKDIF,0.5638,Medium Risk,1,20.35,20.35,Inactive,5.09,Low Value,No,Medium,SMS Reminder
2272-JKMSI,0.2052,Low Risk,62,110.8,6840.95,Champions,6840.95,Premium,No,Low,No Action Needed
0471-LVHGK,0.4813,Medium Risk,41,73.0,3001.2,Loyal Customers,2250.9,High Value,Yes,High,Loyalty Reward
9518-RWHZL,0.5311,Medium Risk,64,100.05,6254.2,Champions,5733.02,Premium,Yes,High,Loyalty Reward
8714-CTZJW,0.8333,High Risk,4,82.85,319.6,At Risk,159.8,Low Value,No,High,Email Campaign
3569-EDBPQ,0.592,Medium Risk,24,84.35,1938.05,Loyal Customers,1292.03,High Value,No,High,Loyalty Reward
3131-NWVFJ,0.0677,Low Risk,14,19.55,294.5,Inactive,98.17,Low Value,No,Low,No Action Needed
7521-YXVZY,0.3168,Low Risk,3,19.95,58.3,Inactive,14.58,Low Value,No,Low,No Action Needed
5419-CONWX,0.9164,High Risk,4,99.8,442.85,Loyal Customers,295.23,Medium Value,Yes,High,Discount Offer
6240-EURKS,0.5496,Medium Risk,18,35.0,553.0,Inactive,184.33,Medium Value,Yes,Medium,SMS Reminder
2373-NTKOD,0.598,Medium Risk,8,66.25,546.45,Inactive,227.69,Medium Value,No,Medium,SMS Reminder
1970-KKFWL,0.0458,Low Risk,35,23.3,797.1,At Risk,398.55,Medium Value,No,Low,No Action Needed
6960-HVYXR,0.9325,High Risk,1,76.0,76.0,At Risk,38.0,Low Value,Yes,High,Email Campaign
9337-SRRNI,0.0221,Low Risk,66,25.3,1673.8,At Risk,976.38,High Value,No,Low,No Action Needed
0895-UADGO,0.0364,Low Risk,8,44.55,343.45,Inactive,143.1,Low Value,No,Low,No Action Needed
5678-VFNEQ,0.1406,Low Risk,71,104.1,7412.25,Champions,7412.25,Premium,No,Low,No Action Needed
5977-CKHON,0.5553,Medium Risk,43,92.55,4039.0,Champions,3365.83,Premium,No,High,Loyalty Reward
7024-OHCCK,0.9434,High Risk,2,93.85,170.85,Loyal Customers,113.9,Low Value,Yes,High,Email Campaign
2692-BUCFV,0.6764,Medium Risk,29,101.45,2948.6,Loyal Customers,2211.45,High Value,No,High,Loyalty Reward
7861-UVUFT,0.7726,High Risk,15,84.3,1308.4,At Risk,763.23,Medium Value,Yes,High,Discount Offer
1830-GGFNM,0.1299,Low Risk,65,94.55,6078.75,Champions,6078.75,Premium,No,Low,No Action Needed
5302-BDJNT,0.483,Medium Risk,35,95.5,3418.2,Champions,2848.5,High Value,No,High,Loyalty Reward
5223-UZAVK,0.2824,Low Risk,64,100.3,6603.8,Champions,6053.48,Premium,No,Low,No Action Needed
4859-ZSRDZ,0.0603,Low Risk,58,55.5,3166.9,Loyal Customers,2375.18,High Value,No,Low,No Action Needed
5651-WYIPH,0.4387,Medium Risk,18,49.85,865.75,At Risk,432.88,Medium Value,No,Medium,SMS Reminder
9350-VLHMB,0.6109,Medium Risk,67,89.55,6373.1,Champions,5310.92,Premium,No,High,Loyalty Reward
3498-LZGQZ,0.0202,Low Risk,63,19.15,1177.05,At Risk,588.52,Medium Value,No,Low,No Action Needed
8785-CJSHH,0.5885,Medium Risk,60,99.8,5985.75,Champions,5486.94,Premium,No,High,Loyalty Reward
5357-TZHPP,0.8904,High Risk,9,84.4,732.5,At Risk,366.25,Medium Value,Yes,High,Discount Offer
3870-SPZSI,0.1134,Low Risk,70,113.05,7869.05,Champions,7869.05,Premium,No,Low,No Action Needed
0680-DFNNY,0.8799,High Risk,15,101.1,1504.05,Loyal Customers,1128.04,High Value,Yes,Critical,Personal Relationship Manager
7560-QRBXH,0.0359,Low Risk,48,19.95,936.7,Inactive,390.29,Medium Value,No,Low,No Action Needed
7077-XJMET,0.4563,Medium Risk,12,74.15,741.4,Loyal Customers,494.27,Medium Value,No,Medium,SMS Reminder
8752-GHJFU,0.0944,Low Risk,71,92.0,6585.2,Champions,6585.2,Premium,No,Low,No Action Needed
6896-SRVYQ,0.7272,High Risk,44,73.85,3122.4,Loyal Customers,2081.6,High Value,No,Critical,Personal Relationship Manager
7767-UXAGJ,0.8501,High Risk,1,50.45,50.45,Inactive,21.02,Low Value,Yes,High,Email Campaign
4652-ODEVH,0.0538,Low Risk,45,24.45,1088.25,At Risk,544.12,Medium Value,No,Low,No Action Needed
6510-UPNKS,0.1284,Low Risk,23,24.8,615.35,Inactive,256.4,Medium Value,No,Low,No Action Needed
6718-BDGHG,0.1154,Low Risk,43,64.85,2908.2,Loyal Customers,1938.8,High Value,No,Low,No Action Needed
9046-DQMTP,0.1394,Low Risk,35,20.75,739.9,Inactive,308.29,Medium Value,No,Low,No Action Needed
6439-LAJXL,0.3077,Low Risk,9,68.95,593.85,At Risk,296.92,Medium Value,No,Low,No Action Needed
1571-SAVHK,0.9267,High Risk,12,99.95,1132.75,Loyal Customers,849.56,High Value,Yes,Critical,Personal Relationship Manager
9052-VKDUW,0.3106,Low Risk,65,109.4,7227.45,Champions,7227.45,Premium,No,Low,No Action Needed
9546-CQJSU,0.9184,High Risk,2,91.4,193.6,Loyal Customers,129.07,Low Value,Yes,High,Email Campaign
1666-JZPZT,0.2053,Low Risk,27,49.0,1291.35,At Risk,645.67,Medium Value,No,Low,No Action Needed
5777-KJIRB,0.1046,Low Risk,40,50.25,2023.55,At Risk,1180.4,High Value,No,Low,No Action Needed
0506-LVNGN,0.8338,High Risk,5,75.55,349.65,At Risk,174.82,Medium Value,Yes,High,Discount Offer
7677-SJJJK,0.067,Low Risk,8,19.9,153.95,Inactive,38.49,Low Value,No,Low,No Action Needed
2480-EJWYP,0.4171,Medium Risk,58,97.8,5458.8,Champions,5003.9,Premium,No,High,Loyalty Reward
3253-HKOKL,0.1908,Low Risk,52,100.3,5244.45,Champions,4370.38,Premium,No,Low,No Action Needed
7055-HNEOJ,0.595,Medium Risk,3,55.8,154.55,Inactive,64.4,Low Value,No,Medium,SMS Reminder
5514-YQENT,0.0912,Low Risk,41,111.15,4507.15,Champions,4131.55,Premium,No,Low,No Action Needed
3211-AAPKX,0.7229,High Risk,20,98.55,2031.95,Loyal Customers,1523.96,High Value,No,Critical,Personal Relationship Manager
8445-DNBAE,0.6763,Medium Risk,1,50.05,50.05,Inactive,20.85,Low Value,No,Medium,SMS Reminder
2951-QOQTK,0.8365,High Risk,4,80.8,332.45,At Risk,166.22,Medium Value,Yes,High,Discount Offer
2958-NHPPS,0.1749,Low Risk,23,20.85,473.9,Inactive,157.97,Low Value,No,Low,No Action Needed
6806-YDEUL,0.3955,Low Risk,6,19.5,106.8,Inactive,26.7,Low Value,No,Low,No Action Needed
1735-XMJVH,0.3724,Low Risk,8,19.35,152.6,Inactive,38.15,Low Value,No,Low,No Action Needed
6890-PFRQX,0.248,Low Risk,18,69.5,1199.4,At Risk,699.65,Medium Value,No,Low,No Action Needed
0222-CNVPT,0.5102,Medium Risk,52,48.8,2555.05,At Risk,1490.45,High Value,No,High,Loyalty Reward
5899-OUVKV,0.7293,High Risk,31,94.5,2979.2,Champions,2482.67,High Value,No,Critical,Personal Relationship Manager
8681-ICONS,0.1521,Low Risk,29,20.65,654.85,Inactive,218.28,Medium Value,No,Low,No Action Needed
1621-YNCJH,0.1217,Low Risk,36,106.05,3834.4,Champions,3514.87,Premium,No,Low,No Action Needed
3473-XIIIT,0.8839,High Risk,16,100.0,1534.75,Loyal Customers,1151.06,High Value,Yes,Critical,Personal Relationship Manager
6362-QHAFM,0.7829,High Risk,42,108.3,4586.15,Champions,4203.97,Premium,No,Critical,Personal Relationship Manager
7893-IXHRQ,0.5481,Medium Risk,1,20.55,20.55,Inactive,5.14,Low Value,Yes,Medium,SMS Reminder
3070-BDOQC,0.2231,Low Risk,60,99.65,5941.05,Champions,5445.96,Premium,No,Low,No Action Needed
2952-QAYZF,0.906,High Risk,5,85.3,424.15,At Risk,247.42,Medium Value,Yes,High,Discount Offer
6234-PFPXL,0.4222,Medium Risk,22,95.9,2234.95,Loyal Customers,1676.21,High Value,No,High,Loyalty Reward
9824-QCJPK,0.0384,Low Risk,36,20.0,666.75,Inactive,277.81,Medium Value,No,Low,No Action Needed
4763-PGDPO,0.8139,High Risk,4,70.4,281.0,Inactive,117.08,Low Value,Yes,High,Email Campaign
4283-IVYCI,0.296,Low Risk,9,64.95,547.8,At Risk,273.9,Medium Value,No,Low,No Action Needed
1866-OBPNR,0.8218,High Risk,1,74.6,74.6,At Risk,37.3,Low Value,No,High,Email Campaign
8205-MQUGY,0.4301,Medium Risk,12,49.2,571.15,At Risk,285.58,Medium Value,No,Medium,SMS Reminder
8970-ANWXO,0.3309,Low Risk,23,73.75,1756.6,Loyal Customers,1171.07,High Value,No,Low,No Action Needed
9480-BQJEI,0.1222,Low Risk,62,92.3,5731.45,Champions,5253.83,Premium,No,Low,No Action Needed
5394-SVGJV,0.5007,Medium Risk,37,98.8,3475.55,Champions,2896.29,High Value,Yes,High,Loyalty Reward
6979-TNDEU,0.2659,Low Risk,8,19.2,156.85,Inactive,39.21,Low Value,No,Low,No Action Needed
9777-WJJPR,0.5654,Medium Risk,31,88.65,2683.2,Loyal Customers,2012.4,High Value,No,High,Loyalty Reward
9283-LZQOH,0.7877,High Risk,13,74.4,896.75,At Risk,523.1,Medium Value,Yes,High,Discount Offer
7079-QRCBC,0.8862,High Risk,24,98.75,2407.3,Loyal Customers,1805.48,High Value,Yes,Critical,Personal Relationship Manager
9495-SKLKD,0.4545,Medium Risk,45,95.95,4456.65,Champions,3713.88,Premium,No,High,Loyalty Reward
6048-UWKAL,0.3072,Low Risk,69,105.4,6998.95,Champions,6998.95,Premium,No,Low,No Action Needed
5067-DGXLL,0.266,Low Risk,2,20.25,36.8,Inactive,9.2,Low Value,No,Low,No Action Needed
5469-CTCWN,0.215,Low Risk,61,106.0,6547.7,Champions,6547.7,Premium,Yes,Low,No Action Needed
9851-QXEEQ,0.848,High Risk,41,104.7,4346.4,Champions,3984.2,Premium,Yes,Critical,Personal Relationship Manager
6281-FKEWS,0.4829,Medium Risk,44,49.05,2265.0,At Risk,1321.25,High Value,No,High,Loyalty Reward
8898-KASCD,0.0777,Low Risk,39,35.55,1309.15,At Risk,654.58,Medium Value,No,Low,No Action Needed
9242-TKFSV,0.0131,Low Risk,72,65.1,4754.3,Champions,3961.92,Premium,No,Low,No Action Needed
9290-SHCMB,0.8318,High Risk,13,96.85,1235.55,Loyal Customers,926.66,High Value,No,Critical,Personal Relationship Manager
0743-HNPFG,0.0938,Low Risk,51,69.75,3562.5,Loyal Customers,2375.0,High Value,No,Low,No Action Needed
2277-BKJKN,0.0914,Low Risk,71,99.2,7213.75,Champions,6612.6,Premium,No,Low,No Action Needed
9809-IMGCQ,0.8672,High Risk,22,96.7,2082.95,Loyal Customers,1562.21,High Value,Yes,Critical,Personal Relationship Manager
5208-HFSBT,0.7185,High Risk,2,55.05,102.75,Inactive,42.81,Low Value,Yes,High,Email Campaign
5035-PGZXH,0.6307,Medium Risk,56,106.8,5914.4,Champions,5914.4,Premium,No,High,Loyalty Reward
8695-WDYEA,0.692,Medium Risk,1,51.25,51.25,Inactive,21.35,Low Value,No,Medium,SMS Reminder
6543-JXSOO,0.0936,Low Risk,23,57.75,1282.85,At Risk,748.33,Medium Value,No,Low,No Action Needed
8016-ZMGMO,0.1352,Low Risk,66,70.85,4738.85,Champions,3949.04,Premium,No,Low,No Action Needed
8605-ITULD,0.6052,Medium Risk,1,19.55,19.55,Inactive,4.89,Low Value,No,Medium,SMS Reminder
3254-YRILK,0.8112,High Risk,19,88.2,1775.8,Loyal Customers,1183.87,High Value,Yes,Critical,Personal Relationship Manager
6416-YJTTB,0.6679,Medium Risk,11,79.5,795.65,At Risk,464.13,Medium Value,No,Medium,SMS Reminder
2667-WYLWJ,0.0839,Low Risk,8,19.75,145.0,Inactive,36.25,Low Value,Yes,Low,No Action Needed
4472-VESGY,0.3558,Low Risk,52,98.15,4993.4,Champions,4577.28,Premium,No,Low,No Action Needed
3195-TQDZX,0.3427,Low Risk,3,20.25,61.45,Inactive,15.36,Low Value,No,Low,No Action Needed
3128-YOVTD,0.257,Low Risk,51,79.15,4018.55,Loyal Customers,2679.03,High Value,No,Low,No Action Needed
0529-ONKER,0.8191,High Risk,15,75.65,1146.65,At Risk,668.88,Medium Value,Yes,High,Discount Offer
1728-CXQBE,0.4978,Medium Risk,64,94.25,6081.4,Champions,5574.62,Premium,No,High,Loyalty Reward
7041-TXQJH,0.4726,Medium Risk,37,40.2,1478.85,At Risk,862.66,High Value,No,High,Loyalty Reward
5014-GSOUQ,0.0262,Low Risk,13,19.95,243.65,Inactive,81.22,Low Value,No,Low,No Action Needed
5724-BIDBU,0.167,Low Risk,49,55.35,2633.95,At Risk,1536.47,High Value,No,Low,No Action Needed
0481-SUMCB,0.4009,Medium Risk,45,102.15,4735.35,Champions,3946.13,Premium,No,High,Loyalty Reward
1769-GRUIK,0.7105,High Risk,18,71.1,1247.75,At Risk,623.88,Medium Value,No,High,Discount Offer
5240-IJOQT,0.9501,High Risk,1,74.7,74.7,At Risk,37.35,Low Value,Yes,High,Email Campaign
8819-WFGGJ,0.0592,Low Risk,68,54.1,3794.5,Loyal Customers,2845.88,High Value,No,Low,No Action Needed
7427-AUFPY,0.0413,Low Risk,54,19.65,1008.7,Inactive,420.29,Medium Value,No,Low,No Action Needed
2811-POVEX,0.6127,Medium Risk,23,88.45,2130.55,Loyal Customers,1420.37,High Value,No,High,Loyalty Reward
1092-GANHU,0.7114,High Risk,17,76.65,1313.55,At Risk,766.24,Medium Value,Yes,High,Discount Offer
7898-PDWQE,0.0217,Low Risk,71,80.4,5727.15,Champions,5249.89,Premium,No,Low,No Action Needed
9972-EWRJS,0.0143,Low Risk,67,19.25,1372.9,At Risk,686.45,Medium Value,No,Low,No Action Needed
9314-IJWSQ,0.8431,High Risk,14,84.8,1203.9,At Risk,702.28,Medium Value,No,High,Discount Offer
0661-XEYAN,0.8917,High Risk,1,25.8,25.8,Inactive,6.45,Low Value,Yes,High,Email Campaign
5799-JRCZO,0.0192,Low Risk,63,19.5,1215.1,At Risk,607.55,Medium Value,No,Low,No Action Needed
1921-KYSAY,0.2541,Low Risk,41,68.6,2877.05,Loyal Customers,1918.03,High Value,No,Low,No Action Needed
6198-RTPMF,0.7529,High Risk,17,92.6,1579.7,Loyal Customers,1184.78,High Value,No,Critical,Personal Relationship Manager
2924-KHUVI,0.5105,Medium Risk,56,100.55,5514.95,Champions,5055.37,Premium,No,High,Loyalty Reward
1925-GMVBW,0.2682,Low Risk,5,20.55,96.1,Inactive,24.02,Low Value,No,Low,No Action Needed
7881-EVUAD,0.7645,High Risk,2,42.6,72.4,Inactive,30.17,Low Value,Yes,High,Email Campaign
6184-DYUOB,0.3673,Low Risk,3,19.6,55.25,Inactive,13.81,Low Value,No,Low,No Action Needed
9207-ZPANB,0.1228,Low Risk,37,67.45,2443.3,Loyal Customers,1832.48,High Value,No,Low,No Action Needed
5766-XQXMQ,0.2226,Low Risk,29,68.85,1970.5,At Risk,1149.46,High Value,Yes,Low,No Action Needed
9327-QSDED,0.5073,Medium Risk,8,43.55,335.4,Inactive,111.8,Low Value,No,Medium,SMS Reminder
1656-DRSMG,0.5808,Medium Risk,63,109.85,7002.95,Champions,7002.95,Premium,No,High,Loyalty Reward
3012-VFFMN,0.2152,Low Risk,7,20.65,158.95,Inactive,39.74,Low Value,No,Low,No Action Needed
2984-AFWNC,0.8461,High Risk,3,95.4,293.15,Loyal Customers,195.43,Medium Value,No,High,Discount Offer
0640-YJTPY,0.008,Low Risk,72,21.0,1493.75,At Risk,746.88,Medium Value,No,Low,No Action Needed
8096-LOIST,0.5711,Medium Risk,19,56.2,1093.4,At Risk,546.7,Medium Value,No,Medium,SMS Reminder
9764-REAFF,0.0086,Low Risk,59,18.4,1057.85,At Risk,528.92,Medium Value,No,Low,No Action Needed
3703-VAVCL,0.7633,High Risk,2,90.0,190.05,Loyal Customers,126.7,Low Value,Yes,High,Email Campaign
7107-UBYKY,0.201,Low Risk,35,25.75,882.55,At Risk,441.28,Medium Value,No,Low,No Action Needed
4881-GQJTW,0.2006,Low Risk,14,19.6,300.4,Inactive,100.13,Low Value,No,Low,No Action Needed
8519-QJGJD,0.7103,High Risk,14,75.35,1025.95,At Risk,598.47,Medium Value,Yes,High,Discount Offer
7876-DNYAP,0.0099,Low Risk,69,19.8,1436.95,At Risk,718.48,Medium Value,No,Low,No Action Needed
7905-NJMXS,0.2671,Low Risk,7,64.2,475.0,At Risk,237.5,Medium Value,No,Low,No Action Needed
2882-WDTBA,0.0296,Low Risk,69,75.75,5388.15,Champions,4939.14,Premium,No,Low,No Action Needed
2091-GPPIQ,0.101,Low Risk,72,78.95,5730.15,Champions,5252.64,Premium,No,Low,No Action Needed
6326-MTTXK,0.8747,High Risk,8,100.85,819.55,Loyal Customers,546.37,Medium Value,Yes,High,Discount Offer
5071-FBJFS,0.5647,Medium Risk,4,50.3,217.1,Inactive,90.46,Low Value,No,Medium,SMS Reminder
2796-UUZZO,0.2354,Low Risk,63,80.3,4896.35,Loyal Customers,3672.26,Premium,No,Low,No Action Needed
2429-AYKKO,0.0118,Low Risk,72,19.85,1434.1,At Risk,717.05,Medium Value,No,Low,No Action Needed
9798-OPFEM,0.052,Low Risk,46,21.1,937.1,Inactive,390.46,Medium Value,No,Low,No Action Needed
0330-IVZHA,0.8119,High Risk,5,69.95,330.15,Inactive,110.05,Low Value,Yes,High,Email Campaign
3794-NFNCH,0.2677,Low Risk,30,50.0,1474.9,At Risk,860.36,High Value,No,Low,No Action Needed
5193-QLVZB,0.2396,Low Risk,63,104.75,6536.5,Champions,6536.5,Premium,No,Low,No Action Needed
7114-AEOZE,0.052,Low Risk,60,19.85,1128.1,At Risk,564.05,Medium Value,No,Low,No Action Needed
2886-KEFUM,0.5406,Medium Risk,63,107.5,6873.75,Champions,6873.75,Premium,Yes,High,Loyalty Reward
5522-NYKPB,0.5048,Medium Risk,25,85.9,2199.05,At Risk,1282.78,High Value,No,High,Loyalty Reward
4237-RLAQD,0.7759,High Risk,1,45.85,45.85,Inactive,15.28,Low Value,Yes,High,Email Campaign
9957-YODKZ,0.8686,High Risk,6,80.8,457.1,At Risk,228.55,Medium Value,No,High,Discount Offer
6518-KZXCB,0.0831,Low Risk,22,25.25,566.5,Inactive,236.04,Medium Value,No,Low,No Action Needed
2245-ADZFJ,0.0496,Low Risk,31,80.55,2471.6,Champions,2059.67,High Value,No,Low,No Action Needed
7776-QGYJC,0.3954,Low Risk,39,81.5,3107.3,Loyal Customers,2071.53,High Value,No,Low,No Action Needed
9313-QOLTZ,0.1271,Low Risk,26,20.9,518.3,Inactive,172.77,Medium Value,No,Low,No Action Needed
9651-GTSAQ,0.5714,Medium Risk,53,106.1,5769.75,Champions,5288.94,Premium,Yes,High,Loyalty Reward
3186-BAXNB,0.7945,High Risk,1,91.7,91.7,Loyal Customers,61.13,Low Value,Yes,High,Email Campaign
4672-FOTSD,0.3013,Low Risk,12,67.25,832.3,At Risk,485.51,Medium Value,No,Low,No Action Needed
0637-YLETY,0.7835,High Risk,16,95.6,1555.65,Loyal Customers,1166.74,High Value,Yes,Critical,Personal Relationship Manager
9818-XQCUV,0.2686,Low Risk,2,20.35,45.3,Inactive,11.32,Low Value,No,Low,No Action Needed
7338-ERIVA,0.0721,Low Risk,39,45.05,1790.6,At Risk,1044.52,High Value,No,Low,No Action Needed
1157-BQCUW,0.9453,High Risk,1,74.95,74.95,At Risk,37.48,Low Value,Yes,High,Email Campaign
8259-NFJTV,0.3957,Low Risk,7,34.65,246.6,Inactive,82.2,Low Value,No,Low,No Action Needed
3223-DWFIO,0.812,High Risk,4,69.35,261.65,Inactive,87.22,Low Value,No,High,Email Campaign
2660-EMUBI,0.9179,High Risk,10,95.35,898.35,Loyal Customers,673.76,Medium Value,Yes,High,Discount Offer
6968-GMKPR,0.5596,Medium Risk,55,81.55,4509.5,Loyal Customers,3006.33,Premium,No,High,Loyalty Reward
4751-ERMAN,0.0232,Low Risk,72,75.4,5480.25,Champions,4566.88,Premium,No,Low,No Action Needed
1436-ZMJAN,0.4507,Medium Risk,10,67.8,653.15,At Risk,381.0,Medium Value,No,Medium,SMS Reminder
3292-PBZEJ,0.7778,High Risk,11,111.4,1183.05,Champions,985.88,High Value,No,Critical,Personal Relationship Manager
0799-DDIHE,0.4527,Medium Risk,15,46.3,639.45,Inactive,266.44,Medium Value,No,Medium,SMS Reminder
3070-FNFZQ,0.0345,Low Risk,23,20.4,478.75,Inactive,159.58,Low Value,No,Low,No Action Needed
2812-SFXMJ,0.5921,Medium Risk,1,20.05,20.05,Inactive,5.01,Low Value,No,Medium,SMS Reminder
7675-OZCZG,0.7891,High Risk,3,45.0,127.1,Inactive,42.37,Low Value,Yes,High,Email Campaign
5014-WUQMG,0.2202,Low Risk,47,96.1,4391.45,Champions,3659.54,Premium,No,Low,No Action Needed
5312-TSZVC,0.071,Low Risk,15,19.65,270.6,Inactive,90.2,Low Value,No,Low,No Action Needed
2003-CKLOR,0.5279,Medium Risk,66,99.5,6710.5,Champions,6151.29,Premium,Yes,High,Loyalty Reward
0993-OSGPT,0.049,Low Risk,68,60.65,3975.9,Loyal Customers,2981.92,High Value,No,Low,No Action Needed
9254-RBFON,0.3879,Low Risk,17,98.6,1704.95,Loyal Customers,1278.71,High Value,Yes,Low,No Action Needed
1205-WNWPJ,0.4397,Medium Risk,7,59.5,415.95,Inactive,173.31,Medium Value,Yes,Medium,SMS Reminder
9391-EOYLI,0.8038,High Risk,12,80.45,950.2,At Risk,554.28,Medium Value,Yes,High,Discount Offer
7108-DGVUU,0.2034,Low Risk,21,71.7,1497.05,Loyal Customers,998.03,High Value,No,Low,No Action Needed
2782-JEEBU,0.305,Low Risk,21,36.0,780.15,At Risk,390.08,Medium Value,No,Low,No Action Needed
5127-BZENZ,0.0802,Low Risk,56,65.2,3512.15,Loyal Customers,2634.11,High Value,No,Low,No Action Needed
2720-FVBQP,0.5886,Medium Risk,6,48.95,273.25,Inactive,113.85,Low Value,No,Medium,SMS Reminder
9906-NHHVC,0.0591,Low Risk,65,53.5,3517.9,Loyal Customers,2638.42,High Value,No,Low,No Action Needed
4522-XRWWI,0.2761,Low Risk,42,80.45,3375.9,Champions,2813.25,High Value,No,Low,No Action Needed
3766-EJLFL,0.1565,Low Risk,68,109.05,7508.55,Champions,7508.55,Premium,No,Low,No Action Needed
5939-SXWHM,0.0358,Low Risk,48,26.3,1245.05,At Risk,622.52,Medium Value,No,Low,No Action Needed
8152-UOBNY,0.5951,Medium Risk,50,106.8,5347.95,Champions,4902.29,Premium,No,High,Loyalty Reward
7351-KYHQH,0.5645,Medium Risk,7,64.95,493.65,At Risk,246.82,Medium Value,No,Medium,SMS Reminder
7643-RCHXS,0.064,Low Risk,63,19.35,1263.85,At Risk,631.92,Medium Value,No,Low,No Action Needed
8246-SHFGA,0.224,Low Risk,17,21.1,385.55,Inactive,128.52,Low Value,No,Low,No Action Needed
8387-MOJJT,0.4982,Medium Risk,42,77.95,3384.0,Loyal Customers,2256.0,High Value,Yes,High,Loyalty Reward
0620-XEFWH,0.0885,Low Risk,4,18.85,84.2,Inactive,21.05,Low Value,No,Low,No Action Needed
6485-QXWWE,0.0177,Low Risk,62,26.0,1638.7,At Risk,955.91,High Value,No,Low,No Action Needed
2761-OCIAX,0.8559,High Risk,2,74.7,165.4,At Risk,82.7,Low Value,Yes,High,Email Campaign
7321-VGNKU,0.8359,High Risk,2,70.35,120.25,Inactive,40.08,Low Value,No,High,Email Campaign
5327-CNLUQ,0.1535,Low Risk,48,96.9,4473.45,Champions,4100.66,Premium,No,Low,No Action Needed
7552-KEYGT,0.036,Low Risk,27,19.55,520.55,Inactive,173.52,Medium Value,No,Low,No Action Needed
5816-JMLGY,0.024,Low Risk,70,80.4,5717.85,Champions,5241.36,Premium,No,Low,No Action Needed
3068-OMWZA,0.9623,High Risk,1,88.8,88.8,At Risk,51.8,Low Value,Yes,High,Email Campaign
2927-QRRQV,0.5481,Medium Risk,46,94.65,4312.5,Champions,3593.75,Premium,No,High,Loyalty Reward
6032-KRXXO,0.7319,High Risk,30,90.25,2755.35,Loyal Customers,2066.51,High Value,Yes,Critical,Personal Relationship Manager
7459-RRWQZ,0.4022,Medium Risk,15,64.65,994.55,At Risk,580.15,Medium Value,Yes,Medium,SMS Reminder
6265-SXWBU,0.1929,Low Risk,69,95.75,6511.25,Champions,5968.65,Premium,No,Low,No Action Needed
7941-RCJOW,0.0105,Low Risk,65,19.55,1218.65,At Risk,609.33,Medium Value,No,Low,No Action Needed
6374-NTQLP,0.0443,Low Risk,72,104.1,7447.7,Champions,7447.7,Premium,No,Low,No Action Needed
4154-AQUGT,0.6379,Medium Risk,13,89.05,1169.35,Loyal Customers,779.57,Medium Value,Yes,Medium,SMS Reminder
2387-KDZQY,0.0581,Low Risk,17,20.1,279.5,Inactive,93.17,Low Value,No,Low,No Action Needed
3584-WKTTW,0.6527,Medium Risk,51,111.55,5720.35,Champions,5243.65,Premium,No,High,Loyalty Reward
3399-BMLVW,0.0831,Low Risk,51,60.5,3121.45,Loyal Customers,2080.97,High Value,No,Low,No Action Needed
1971-DTCZB,0.0178,Low Risk,72,90.95,6468.6,Champions,6468.6,Premium,No,Low,No Action Needed
3092-IGHWF,0.3614,Low Risk,67,87.4,5918.8,Champions,4932.33,Premium,Yes,Low,No Action Needed
3374-PZLXD,0.1529,Low Risk,34,19.7,675.6,Inactive,281.5,Medium Value,No,Low,No Action Needed
3813-DHBBB,0.0217,Low Risk,67,50.95,3521.7,Loyal Customers,2641.27,High Value,No,Low,No Action Needed
2812-REYAT,0.0481,Low Risk,49,20.05,923.1,Inactive,384.62,Medium Value,No,Low,No Action Needed
6518-PPLMZ,0.1043,Low Risk,53,19.4,1110.35,Inactive,462.65,Medium Value,No,Low,No Action Needed
4939-KYYPY,0.2508,Low Risk,27,59.45,1611.65,At Risk,940.13,High Value,No,Low,No Action Needed
8017-LXHFA,0.7847,High Risk,23,94.75,2293.6,Loyal Customers,1720.2,High Value,Yes,Critical,Personal Relationship Manager
5930-GBIWP,0.041,Low Risk,69,81.5,5553.25,Champions,5090.48,Premium,No,Low,No Action Needed
6022-KOUQO,0.5739,Medium Risk,2,29.05,44.75,Inactive,11.19,Low Value,No,Medium,SMS Reminder
6352-TWCAU,0.7897,High Risk,35,86.45,3029.1,Loyal Customers,2019.4,High Value,Yes,Critical,Personal Relationship Manager
2361-UPSND,0.2455,Low Risk,46,70.6,3231.05,Loyal Customers,2423.29,High Value,No,Low,No Action Needed
6035-RIIOM,0.2733,Low Risk,54,97.2,5129.45,Champions,4274.54,Premium,No,Low,No Action Needed
2929-QNSRW,0.5194,Medium Risk,56,98.25,5508.35,Champions,5049.32,Premium,Yes,High,Loyalty Reward
1262-OPMFY,0.7384,High Risk,9,75.75,655.9,At Risk,327.95,Medium Value,Yes,High,Discount Offer
9504-DSHWM,0.2022,Low Risk,20,59.2,1191.2,At Risk,694.87,Medium Value,No,Low,No Action Needed
5035-BVCXS,0.7052,High Risk,11,75.9,866.4,At Risk,505.4,Medium Value,No,High,Discount Offer
6267-DCFFZ,0.7704,High Risk,30,90.05,2627.2,Champions,2189.33,High Value,No,Critical,Personal Relationship Manager
3533-UVMOM,0.0388,Low Risk,68,70.95,4741.45,Champions,3951.21,Premium,No,Low,No Action Needed
2439-LYPMQ,0.7168,High Risk,38,102.6,4009.2,Champions,3675.1,Premium,No,Critical,Personal Relationship Manager
4248-QPAVC,0.6197,Medium Risk,17,85.35,1463.45,Loyal Customers,975.63,High Value,Yes,High,Loyalty Reward
1899-VXWXM,0.6277,Medium Risk,48,106.1,5082.8,Champions,4659.23,Premium,Yes,High,Loyalty Reward
1478-VPOAD,0.7944,High Risk,1,43.8,43.8,Inactive,14.6,Low Value,No,High,Email Campaign
9995-HOTOH,0.0618,Low Risk,63,59.0,3707.6,Loyal Customers,2780.7,High Value,No,Low,No Action Needed
2988-PLAHS,0.504,Medium Risk,3,69.95,220.45,At Risk,110.22,Low Value,No,Medium,SMS Reminder
1371-OJCEK,0.1039,Low Risk,48,24.35,1133.7,At Risk,566.85,Medium Value,No,Low,No Action Needed
4999-IEZLT,0.0766,Low Risk,66,29.45,1983.15,At Risk,991.58,High Value,No,Low,No Action Needed
8883-ANODQ,0.0809,Low Risk,68,84.4,5746.75,Champions,4788.96,Premium,No,Low,No Action Needed
4690-LLKUA,0.6008,Medium Risk,17,45.05,770.6,Inactive,321.08,Medium Value,Yes,Medium,SMS Reminder
2351-RRBUE,0.0602,Low Risk,7,20.65,134.05,Inactive,33.51,Low Value,No,Low,No Action Needed
5980-BDHPY,0.0173,Low Risk,72,87.1,6230.1,Champions,5710.92,Premium,No,Low,No Action Needed
1498-DQNRX,0.1619,Low Risk,29,19.85,573.05,Inactive,191.02,Medium Value,No,Low,No Action Needed
9469-WEJBT,0.419,Medium Risk,37,90.35,3419.3,Champions,2849.42,High Value,No,High,Loyalty Reward
3331-HQDTW,0.4435,Medium Risk,34,109.8,3587.25,Champions,3288.31,Premium,Yes,High,Loyalty Reward
9490-DFPMD,0.7519,High Risk,42,84.65,3541.35,Loyal Customers,2360.9,High Value,Yes,Critical,Personal Relationship Manager
2581-VKIRT,0.0297,Low Risk,59,65.5,3801.3,Loyal Customers,2850.98,High Value,No,Low,No Action Needed
5442-XSDCW,0.7578,High Risk,11,79.5,868.5,At Risk,506.63,Medium Value,Yes,High,Discount Offer
7426-WEIJX,0.3574,Low Risk,60,80.95,4859.1,Loyal Customers,3644.32,Premium,No,Low,No Action Needed
2851-MMUTZ,0.2364,Low Risk,27,56.15,1439.35,At Risk,719.68,Medium Value,No,Low,No Action Needed
3049-NDXFL,0.9382,High Risk,1,85.8,85.8,At Risk,42.9,Low Value,Yes,High,Email Campaign
8580-AECUZ,0.9429,High Risk,1,79.1,79.1,At Risk,39.55,Low Value,Yes,High,Email Campaign
3307-TLCUD,0.3793,Low Risk,17,34.4,592.75,Inactive,246.98,Medium Value,No,Low,No Action Needed
6625-FLENO,0.0454,Low Risk,58,20.75,1185.95,At Risk,592.98,Medium Value,No,Low,No Action Needed
2967-MXRAV,0.0301,Low Risk,1,18.8,18.8,Inactive,4.7,Low Value,No,Low,No Action Needed
7963-GQRMY,0.6462,Medium Risk,3,44.3,134.5,Inactive,44.83,Low Value,Yes,Medium,SMS Reminder
8189-HBVRW,0.5226,Medium Risk,53,90.8,4921.2,Champions,4101.0,Premium,No,High,Loyalty Reward
4163-KIUHY,0.2399,Low Risk,35,25.6,901.25,At Risk,450.62,Medium Value,No,Low,No Action Needed
1228-FZFRV,0.6607,Medium Risk,50,105.95,5341.8,Champions,4896.65,Premium,Yes,High,Loyalty Reward
3500-NSDOA,0.0408,Low Risk,68,70.8,4859.95,Champions,4049.96,Premium,No,Low,No Action Needed
1171-TYKUR,0.2599,Low Risk,47,25.4,1139.2,At Risk,569.6,Medium Value,No,Low,No Action Needed
3761-FLYZI,0.4061,Medium Risk,65,108.8,7082.45,Champions,7082.45,Premium,No,High,Loyalty Reward
2058-DCJBE,0.8322,High Risk,5,69.75,324.6,Inactive,108.2,Low Value,Yes,High,Email Campaign
5364-XYIRR,0.7721,High Risk,51,94.65,4812.75,Champions,4010.62,Premium,Yes,Critical,Personal Relationship Manager
4829-AUOAX,0.5782,Medium Risk,46,96.05,4399.5,Champions,3666.25,Premium,Yes,High,Loyalty Reward
1219-NNDDO,0.8619,High Risk,9,76.85,663.55,At Risk,331.78,Medium Value,No,High,Discount Offer
8388-DMKAE,0.0354,Low Risk,8,20.25,174.65,Inactive,43.66,Low Value,No,Low,No Action Needed
4403-BWPAY,0.169,Low Risk,14,24.8,321.7,Inactive,134.04,Low Value,No,Low,No Action Needed
9659-QEQSY,0.5721,Medium Risk,45,115.65,5125.5,Champions,4698.38,Premium,No,High,Loyalty Reward
5405-ZMYXQ,0.8046,High Risk,8,74.6,548.9,At Risk,274.45,Medium Value,No,High,Discount Offer
5047-LHVLY,0.8382,High Risk,1,50.15,50.15,Inactive,20.9,Low Value,Yes,High,Email Campaign
1442-OKRJE,0.264,Low Risk,66,103.15,7031.3,Champions,7031.3,Premium,No,Low,No Action Needed
4737-AQCPU,0.0213,Low Risk,72,72.1,5016.65,Champions,4598.6,Premium,No,Low,No Action Needed
9158-VCTQB,0.7171,High Risk,41,113.6,4594.95,Champions,4212.04,Premium,Yes,Critical,Personal Relationship Manager
2808-CHTDM,0.068,Low Risk,23,25.1,611.45,Inactive,254.77,Medium Value,No,Low,No Action Needed
6311-UEUME,0.7475,High Risk,29,78.9,2384.15,At Risk,1390.75,High Value,Yes,Critical,Personal Relationship Manager
0793-TWELN,0.7205,High Risk,4,80.15,319.85,At Risk,159.93,Low Value,No,High,Email Campaign
3283-WCWXT,0.0704,Low Risk,6,25.4,153.3,Inactive,51.1,Low Value,No,Low,No Action Needed
1060-ENTOF,0.4141,Medium Risk,67,105.4,7035.6,Champions,7035.6,Premium,No,High,Loyalty Reward
0999-QXNSA,0.5187,Medium Risk,7,45.75,344.2,Inactive,114.73,Low Value,No,Medium,SMS Reminder
5451-MHQOF,0.0458,Low Risk,56,24.45,1431.65,At Risk,835.13,High Value,No,Low,No Action Needed
4836-WNFNO,0.0098,Low Risk,72,25.0,1849.2,At Risk,1078.7,High Value,No,Low,No Action Needed
9225-BZLNZ,0.0641,Low Risk,72,85.25,6083.1,Champions,5576.18,Premium,No,Low,No Action Needed
0354-VXMJC,0.0264,Low Risk,23,19.6,426.65,Inactive,142.22,Low Value,No,Low,No Action Needed
4422-QVIJA,0.1971,Low Risk,35,50.15,1655.35,At Risk,965.62,High Value,No,Low,No Action Needed
9365-SRSZE,0.6193,Medium Risk,27,70.55,1943.9,At Risk,971.95,High Value,No,High,Loyalty Reward
6839-ITVZJ,0.3301,Low Risk,26,60.05,1616.15,At Risk,942.75,High Value,Yes,Low,No Action Needed
8332-OSJDW,0.144,Low Risk,12,26.4,314.95,Inactive,131.23,Low Value,No,Low,No Action Needed
4735-BJKOU,0.0218,Low Risk,40,20.15,804.85,Inactive,335.35,Medium Value,No,Low,No Action Needed
0274-JKUJR,0.3611,Low Risk,7,58.85,465.7,At Risk,232.85,Medium Value,No,Low,No Action Needed
5740-YHGTW,0.396,Low Risk,70,97.55,6669.05,Champions,6113.3,Premium,No,Low,No Action Needed
8917-SZTTJ,0.0297,Low Risk,60,19.65,1161.75,At Risk,580.88,Medium Value,No,Low,No Action Needed
1696-MZVAU,0.1036,Low Risk,39,25.25,947.75,Inactive,394.9,Medium Value,No,Low,No Action Needed
7359-WWYJV,0.0358,Low Risk,72,114.45,8375.05,Champions,8375.05,Premium,No,Low,No Action Needed
0375-HVGXO,0.8908,High Risk,1,34.7,34.7,Inactive,8.68,Low Value,Yes,High,Email Campaign
4906-ZHGPK,0.1153,Low Risk,54,70.7,3770.0,Loyal Customers,2827.5,High Value,No,Low,No Action Needed
8593-WHYHV,0.9248,High Risk,3,85.3,264.8,At Risk,132.4,Low Value,Yes,High,Email Campaign
3795-GWTRD,0.035,Low Risk,63,75.55,4707.85,Champions,4315.53,Premium,No,Low,No Action Needed
1298-PHBTI,0.0972,Low Risk,71,84.8,6152.4,Champions,5127.0,Premium,No,Low,No Action Needed
6223-DHJGV,0.0334,Low Risk,42,20.65,958.1,Inactive,399.21,Medium Value,No,Low,No Action Needed
6961-MJKBO,0.0258,Low Risk,47,20.45,943.0,Inactive,392.92,Medium Value,No,Low,No Action Needed
6097-EQISJ,0.4354,Medium Risk,66,102.45,6615.15,Champions,6615.15,Premium,Yes,High,Loyalty Reward
4423-YLHDV,0.7701,High Risk,21,104.4,2200.25,Champions,1833.54,High Value,Yes,Critical,Personal Relationship Manager
8158-WPEZG,0.5205,Medium Risk,11,35.65,425.1,At Risk,212.55,Medium Value,No,Medium,SMS Reminder
0107-YHINA,0.9711,High Risk,1,99.75,99.75,Loyal Customers,66.5,Low Value,Yes,High,Email Campaign
4918-FYJNT,0.4834,Medium Risk,55,90.45,5044.8,Champions,4204.0,Premium,No,High,Loyalty Reward
0727-BNRLG,0.1163,Low Risk,69,97.65,6743.55,Champions,6743.55,Premium,No,Low,No Action Needed
4854-CIDCF,0.8519,High Risk,3,73.85,196.4,At Risk,98.2,Low Value,No,High,Email Campaign
8640-SDGKB,0.6585,Medium Risk,4,74.4,299.7,At Risk,174.82,Medium Value,Yes,Medium,SMS Reminder
3280-MRDOF,0.066,Low Risk,30,69.1,2093.9,Loyal Customers,1395.93,High Value,No,Low,No Action Needed
6435-SRWBJ,0.8826,High Risk,5,82.75,417.75,At Risk,243.69,Medium Value,No,High,Discount Offer
9964-WBQDJ,0.012,Low Risk,71,24.4,1725.4,At Risk,1006.48,High Value,No,Low,No Action Needed
6303-KFWSL,0.1422,Low Risk,29,55.25,1620.2,At Risk,810.1,Medium Value,No,Low,No Action Needed
1702-CCFNJ,0.1304,Low Risk,52,61.35,3169.55,Loyal Customers,2113.03,High Value,No,Low,No Action Needed
8932-CZHRQ,0.2892,Low Risk,68,76.75,5233.25,Champions,4797.15,Premium,No,Low,No Action Needed
0386-CWRGM,0.0371,Low Risk,46,19.4,967.85,Inactive,403.27,Medium Value,No,Low,No Action Needed
5515-RUGKN,0.4025,Medium Risk,8,54.75,438.05,Inactive,182.52,Medium Value,No,Medium,SMS Reminder
0404-AHASP,0.005,Low Risk,72,19.7,1421.9,At Risk,710.95,Medium Value,No,Low,No Action Needed
7279-NMVJC,0.0913,Low Risk,17,19.9,323.15,Inactive,107.72,Low Value,No,Low,No Action Needed
2081-VEYEH,0.7294,High Risk,3,107.95,318.6,Loyal Customers,238.95,Medium Value,No,High,Discount Offer
6407-UTSLV,0.8634,High Risk,2,83.8,163.7,At Risk,81.85,Low Value,No,High,Email Campaign
4116-TZAQJ,0.6042,Medium Risk,9,74.25,639.65,At Risk,319.82,Medium Value,Yes,Medium,SMS Reminder
9060-HJJRW,0.2884,Low Risk,51,56.4,2928.5,Loyal Customers,1952.33,High Value,No,Low,No Action Needed
2587-YNLES,0.0316,Low Risk,6,20.1,100.35,Inactive,25.09,Low Value,No,Low,No Action Needed
7398-SKNQZ,0.9155,High Risk,3,94.9,273.2,Loyal Customers,182.13,Medium Value,No,High,Discount Offer
5935-FCCNB,0.8592,High Risk,17,94.2,1608.15,Loyal Customers,1206.11,High Value,No,Critical,Personal Relationship Manager
1958-RNRKS,0.3306,Low Risk,30,49.9,1441.95,At Risk,841.14,High Value,No,Low,No Action Needed
5136-RGMZO,0.2665,Low Risk,31,71.05,2168.15,Loyal Customers,1626.11,High Value,No,Low,No Action Needed
8345-MVDYC,0.03,Low Risk,45,81.65,3618.7,Champions,3015.58,Premium,No,Low,No Action Needed
8226-BXGES,0.0579,Low Risk,64,89.45,5692.65,Champions,4743.88,Premium,No,Low,No Action Needed
3877-JRJIP,0.8706,High Risk,1,59.85,59.85,Inactive,24.94,Low Value,Yes,High,Email Campaign
8375-DKEBR,0.9421,High Risk,1,69.6,69.6,Inactive,23.2,Low Value,Yes,High,Email Campaign
9705-IOVQQ,0.2777,Low Risk,61,99.0,5969.3,Champions,5471.86,Premium,No,Low,No Action Needed
1015-OWJKI,0.3076,Low Risk,1,19.05,19.05,Inactive,4.76,Low Value,No,Low,No Action Needed
7511-YMXVQ,0.7801,High Risk,9,45.4,418.8,Inactive,174.5,Medium Value,Yes,High,Discount Offer
2040-XBAVJ,0.0314,Low Risk,72,114.45,8100.55,Champions,8100.55,Premium,No,Low,No Action Needed
7551-JOHTI,0.6052,Medium Risk,1,19.5,19.5,Inactive,4.88,Low Value,Yes,Medium,SMS Reminder
8887-IPQNC,0.5129,Medium Risk,7,44.25,313.45,Inactive,104.48,Low Value,No,Medium,SMS Reminder
8646-JCOMS,0.0956,Low Risk,66,90.55,6130.95,Champions,5620.04,Premium,No,Low,No Action Needed
9804-ICWBG,0.9358,High Risk,1,69.9,69.9,Inactive,23.3,Low Value,Yes,High,Email Campaign
1222-KJNZD,0.1317,Low Risk,40,20.4,745.3,Inactive,310.54,Medium Value,No,Low,No Action Needed
0106-GHRQR,0.4275,Medium Risk,16,71.4,1212.1,Loyal Customers,808.07,Medium Value,No,Medium,SMS Reminder
5318-IXUZF,0.8778,High Risk,2,87.15,183.75,At Risk,91.88,Low Value,Yes,High,Email Campaign
3768-VHXQO,0.0205,Low Risk,67,24.85,1583.5,At Risk,923.71,High Value,No,Low,No Action Needed
8952-WCVCD,0.4349,Medium Risk,41,104.45,4162.05,Champions,3815.21,Premium,No,High,Loyalty Reward
2418-TPEUN,0.0388,Low Risk,56,19.8,1119.9,At Risk,559.95,Medium Value,No,Low,No Action Needed
3963-RYFNS,0.0549,Low Risk,72,116.45,8013.55,Champions,8013.55,Premium,No,Low,No Action Needed
3198-VELRD,0.9235,High Risk,3,84.75,264.85,At Risk,132.43,Low Value,Yes,High,Email Campaign
8540-ZQGEA,0.0614,Low Risk,54,20.05,1102.4,Inactive,459.33,Medium Value,No,Low,No Action Needed
1320-REHCS,0.7495,High Risk,52,110.75,5832.0,Champions,5346.0,Premium,No,Critical,Personal Relationship Manager
4137-JOPHL,0.0335,Low Risk,50,89.7,4304.5,Loyal Customers,3228.38,Premium,No,Low,No Action Needed
9436-ZBZCT,0.8254,High Risk,14,89.95,1178.4,Loyal Customers,883.8,High Value,Yes,Critical,Personal Relationship Manager
7801-CEDNV,0.104,Low Risk,27,48.7,1421.75,At Risk,710.88,Medium Value,No,Low,No Action Needed
2057-BOYKM,0.0379,Low Risk,72,96.6,6827.5,Champions,6827.5,Premium,No,Low,No Action Needed
3658-QQJYD,0.2079,Low Risk,62,74.3,4698.05,Champions,3915.04,Premium,No,Low,No Action Needed
1803-BGNBD,0.5256,Medium Risk,12,54.3,654.5,At Risk,327.25,Medium Value,No,Medium,SMS Reminder
0134-XWXCE,0.3455,Low Risk,44,74.85,3268.05,Loyal Customers,2451.04,High Value,No,Low,No Action Needed
6950-TWMYB,0.0272,Low Risk,54,79.95,4362.05,Loyal Customers,2908.03,High Value,No,Low,No Action Needed
5848-FHRFC,0.0163,Low Risk,68,20.05,1386.9,At Risk,693.45,Medium Value,No,Low,No Action Needed
2243-FNMMI,0.2066,Low Risk,20,19.4,415.4,Inactive,138.47,Low Value,No,Low,No Action Needed
2511-MORQY,0.085,Low Risk,50,54.9,2614.1,At Risk,1524.89,High Value,No,Low,No Action Needed
5356-KZCKT,0.0481,Low Risk,58,24.45,1513.6,At Risk,882.93,High Value,No,Low,No Action Needed
9470-XCCEM,0.5324,Medium Risk,35,89.65,3161.6,Loyal Customers,2371.2,High Value,No,High,Loyalty Reward
6519-CFDBX,0.7756,High Risk,2,45.4,80.95,Inactive,26.98,Low Value,No,High,Email Campaign
3902-MIVLE,0.0153,Low Risk,63,75.7,4676.7,Champions,4286.97,Premium,No,Low,No Action Needed
0409-WTMPL,0.5083,Medium Risk,58,110.65,6526.65,Champions,6526.65,Premium,No,High,Loyalty Reward
8763-KIAFH,0.0363,Low Risk,27,20.55,583.3,Inactive,194.43,Medium Value,No,Low,No Action Needed
3669-WHAFY,0.0739,Low Risk,71,115.15,8078.1,Champions,8078.1,Premium,No,Low,No Action Needed
3055-VTCGS,0.12,Low Risk,63,58.55,3503.5,Loyal Customers,2335.67,High Value,No,Low,No Action Needed
3144-KMTWZ,0.2721,Low Risk,71,93.25,6669.45,Champions,6113.66,Premium,No,Low,No Action Needed
7279-BUYWN,0.7602,High Risk,41,113.2,4689.5,Champions,4298.71,Premium,Yes,Critical,Personal Relationship Manager
7156-MHUGY,0.861,High Risk,13,90.5,1201.15,Loyal Customers,800.77,Medium Value,Yes,High,Discount Offer
7198-GLXTC,0.8441,High Risk,2,79.0,143.65,At Risk,71.82,Low Value,Yes,High,Email Campaign
2007-QVGAW,0.0379,Low Risk,68,19.35,1292.65,At Risk,646.33,Medium Value,No,Low,No Action Needed
5207-PLSTK,0.706,High Risk,1,48.75,48.75,Inactive,20.31,Low Value,No,High,Email Campaign
2307-FYNNL,0.2266,Low Risk,65,109.05,7108.2,Champions,7108.2,Premium,No,Low,No Action Needed
5605-XNWEN,0.0147,Low Risk,72,25.0,1802.55,At Risk,1051.49,High Value,No,Low,No Action Needed
2155-AMQRX,0.2432,Low Risk,28,54.9,1505.15,At Risk,752.58,Medium Value,No,Low,No Action Needed
6181-AXXYF,0.0096,Low Risk,72,24.75,1859.1,At Risk,1084.47,High Value,No,Low,No Action Needed
5091-HFAZW,0.8249,High Risk,2,91.15,168.5,Loyal Customers,112.33,Low Value,No,High,Email Campaign
0516-VRYBW,0.0737,Low Risk,18,20.15,390.85,Inactive,130.28,Low Value,Yes,Low,No Action Needed
2519-LBNQL,0.5367,Medium Risk,60,104.35,6339.45,Champions,6339.45,Premium,No,High,Loyalty Reward
8623-ULFNQ,0.4199,Medium Risk,26,66.05,1652.4,At Risk,963.9,High Value,No,High,Loyalty Reward
8380-PEFPE,0.9232,High Risk,1,71.65,71.65,Inactive,29.85,Low Value,Yes,High,Email Campaign
5687-DKDTV,0.2885,Low Risk,4,20.35,77.5,Inactive,19.38,Low Value,Yes,Low,No Action Needed
1568-LJSZU,0.0884,Low Risk,68,92.2,6392.85,Champions,6392.85,Premium,No,Low,No Action Needed
7530-HDYDS,0.6084,Medium Risk,38,84.25,3264.5,Loyal Customers,2448.38,High Value,Yes,High,Loyalty Reward
7789-HKSBS,0.6158,Medium Risk,42,105.2,4599.15,Champions,4215.89,Premium,No,High,Loyalty Reward
7416-CKTEP,0.0689,Low Risk,57,19.6,1134.25,At Risk,567.12,Medium Value,No,Low,No Action Needed
2586-CWXVV,0.5532,Medium Risk,54,30.4,1621.35,Inactive,675.56,Medium Value,No,Medium,SMS Reminder
3096-IZETN,0.6931,Medium Risk,12,78.1,947.3,At Risk,552.59,Medium Value,Yes,Medium,SMS Reminder
2348-KCJLT,0.0957,Low Risk,44,61.5,2722.2,Loyal Customers,1814.8,High Value,No,Low,No Action Needed
8401-EMUWF,0.1708,Low Risk,42,69.4,3058.3,Loyal Customers,2038.87,High Value,No,Low,No Action Needed
4193-IBKSW,0.0094,Low Risk,72,24.75,1769.6,At Risk,1032.27,High Value,No,Low,No Action Needed
5377-NDTOU,0.0166,Low Risk,71,91.05,6293.75,Champions,6293.75,Premium,No,Low,No Action Needed
5922-ABDVO,0.5416,Medium Risk,19,89.65,1761.05,Loyal Customers,1174.03,High Value,Yes,High,Loyalty Reward
2474-LCNUE,0.3418,Low Risk,23,73.65,1642.75,Loyal Customers,1095.17,High Value,No,Low,No Action Needed
0839-QNXME,0.0257,Low Risk,30,19.4,578.5,Inactive,241.04,Medium Value,No,Low,No Action Needed
3506-OVLKD,0.0803,Low Risk,35,26.2,954.9,At Risk,477.45,Medium Value,No,Low,No Action Needed
9172-ANCRX,0.8875,High Risk,10,98.7,973.25,Loyal Customers,729.94,Medium Value,Yes,High,Discount Offer
6650-VJONK,0.7759,High Risk,1,43.85,43.85,Inactive,14.62,Low Value,No,High,Email Campaign
2178-PMGCJ,0.5506,Medium Risk,22,69.7,1490.4,Inactive,621.0,Medium Value,No,Medium,SMS Reminder
7492-TAFJD,0.0647,Low Risk,7,38.55,280.0,Inactive,116.67,Low Value,No,Low,No Action Needed
2773-MADBQ,0.0438,Low Risk,36,53.1,1901.25,Loyal Customers,1267.5,High Value,No,Low,No Action Needed
6016-LVTJQ,0.1049,Low Risk,34,20.65,716.4,Inactive,298.5,Medium Value,No,Low,No Action Needed
7860-KSUGX,0.0234,Low Risk,72,64.45,4720.0,Loyal Customers,3540.0,Premium,No,Low,No Action Needed
8966-KZXXA,0.0377,Low Risk,36,25.1,930.95,At Risk,465.48,Medium Value,No,Low,No Action Needed
6910-HADCM,0.9179,High Risk,1,76.35,76.35,At Risk,38.17,Low Value,Yes,High,Email Campaign
4816-LXZYW,0.73,High Risk,23,79.15,1676.95,At Risk,978.22,High Value,Yes,Critical,Personal Relationship Manager
9606-PBKBQ,0.7979,High Risk,32,85.0,2642.05,Loyal Customers,1761.37,High Value,Yes,Critical,Personal Relationship Manager
5149-QYTTU,0.047,Low Risk,71,95.15,6770.85,Champions,6770.85,Premium,No,Low,No Action Needed
2070-XYMFH,0.6285,Medium Risk,23,79.35,1835.3,At Risk,1070.59,High Value,No,High,Loyalty Reward
2085-BOJKI,0.5257,Medium Risk,17,96.65,1588.25,Loyal Customers,1191.19,High Value,No,High,Loyalty Reward
0817-HSUSE,0.6936,Medium Risk,1,75.5,75.5,At Risk,44.04,Low Value,No,Medium,SMS Reminder
5442-PPTJY,0.0393,Low Risk,12,19.7,258.35,Inactive,86.12,Low Value,No,Low,No Action Needed
1927-QEWMY,0.0059,Low Risk,72,20.5,1502.25,At Risk,751.12,Medium Value,No,Low,No Action Needed
1663-MHLHE,0.3388,Low Risk,1,19.2,19.2,Inactive,4.8,Low Value,No,Low,No Action Needed
5663-QBGIS,0.1999,Low Risk,72,98.35,6929.4,Champions,6351.95,Premium,No,Low,No Action Needed
4450-MDZFX,0.2423,Low Risk,60,74.35,4453.3,Loyal Customers,3339.98,Premium,No,Low,No Action Needed
6701-DHKWQ,0.0583,Low Risk,61,51.35,3244.4,Loyal Customers,2433.3,High Value,No,Low,No Action Needed
7554-AKDQF,0.4867,Medium Risk,6,45.65,323.45,Inactive,107.82,Low Value,No,Medium,SMS Reminder
3536-IQCTX,0.7225,High Risk,32,85.3,2661.1,Loyal Customers,1774.07,High Value,Yes,Critical,Personal Relationship Manager
4911-BANWH,0.6544,Medium Risk,31,86.55,2697.4,Loyal Customers,1798.27,High Value,Yes,High,Loyalty Reward
8496-EJAUI,0.587,Medium Risk,19,73.85,1424.5,At Risk,830.96,High Value,Yes,High,Loyalty Reward
0794-YVSGE,0.0075,Low Risk,72,20.3,1401.15,At Risk,700.58,Medium Value,No,Low,No Action Needed
5423-BHIXO,0.3762,Low Risk,32,54.2,1739.6,At Risk,1014.77,High Value,No,Low,No Action Needed
6908-VVYHM,0.5833,Medium Risk,65,90.65,5931.0,Champions,5436.75,Premium,No,High,Loyalty Reward
2959-EEXWB,0.3513,Low Risk,45,50.9,2333.85,At Risk,1361.41,High Value,No,Low,No Action Needed
1839-UMACK,0.0908,Low Risk,42,25.05,949.85,At Risk,474.92,Medium Value,No,Low,No Action Needed
3030-YDNRM,0.8538,High Risk,8,74.85,572.45,At Risk,286.23,Medium Value,No,High,Discount Offer
7321-KKSDU,0.0258,Low Risk,32,20.5,696.8,Inactive,290.33,Medium Value,No,Low,No Action Needed
3402-XRIUO,0.2184,Low Risk,22,63.55,1381.8,At Risk,806.05,Medium Value,No,Low,No Action Needed
3132-TVFDZ,0.6829,Medium Risk,57,44.85,2572.95,Loyal Customers,1715.3,High Value,Yes,High,Loyalty Reward
8286-AFUYI,0.7346,High Risk,1,47.95,47.95,Inactive,19.98,Low Value,No,High,Email Campaign
8080-DDEMJ,0.8788,High Risk,1,45.1,45.1,Inactive,15.03,Low Value,Yes,High,Email Campaign
8356-WUAOJ,0.8421,High Risk,1,45.0,45.0,Inactive,15.0,Low Value,No,High,Email Campaign
6365-MTGZX,0.6907,Medium Risk,24,96.0,2122.45,Loyal Customers,1591.84,High Value,Yes,High,Loyalty Reward
1349-WXNGG,0.6078,Medium Risk,1,20.05,20.05,Inactive,5.01,Low Value,Yes,Medium,SMS Reminder
8058-DMYRU,0.7541,High Risk,54,90.05,4931.8,Champions,4109.83,Premium,No,Critical,Personal Relationship Manager
9350-ZXYJC,0.0852,Low Risk,4,25.3,116.95,Inactive,38.98,Low Value,No,Low,No Action Needed
6990-YNRIO,0.3135,Low Risk,65,108.65,6937.95,Champions,6937.95,Premium,Yes,Low,No Action Needed
8958-JPTRR,0.1016,Low Risk,56,24.3,1261.7,At Risk,735.99,Medium Value,No,Low,No Action Needed
6959-GQEGV,0.4487,Medium Risk,45,75.95,3273.8,Loyal Customers,2455.35,High Value,No,High,Loyalty Reward
3173-WSSUE,0.0063,Low Risk,71,19.7,1415.85,At Risk,707.92,Medium Value,No,Low,No Action Needed
1265-HVPZB,0.0849,Low Risk,59,66.4,3958.2,Loyal Customers,2968.65,High Value,No,Low,No Action Needed
4115-UMJFQ,0.0954,Low Risk,69,35.75,2492.25,Loyal Customers,1661.5,High Value,No,Low,No Action Needed
7369-TRPFD,0.0095,Low Risk,19,18.8,279.2,Inactive,93.07,Low Value,No,Low,No Action Needed
1098-KFQEC,0.067,Low Risk,55,19.4,1083.0,Inactive,451.25,Medium Value,No,Low,No Action Needed
7190-XHTWJ,0.0191,Low Risk,38,19.3,755.5,Inactive,314.79,Medium Value,No,Low,No Action Needed
0621-TWIEM,0.5527,Medium Risk,10,45.55,402.6,Inactive,167.75,Medium Value,Yes,Medium,SMS Reminder
3537-RYBHH,0.3417,Low Risk,47,67.45,3252.0,Loyal Customers,2168.0,High Value,No,Low,No Action Needed
2485-ITVKB,0.8347,High Risk,2,35.1,68.75,Inactive,17.19,Low Value,Yes,High,Email Campaign
3669-OYSJI,0.7281,High Risk,1,46.2,46.2,Inactive,15.4,Low Value,Yes,High,Email Campaign
1612-EOHDH,0.7944,High Risk,1,45.15,45.15,Inactive,15.05,Low Value,Yes,High,Email Campaign
6702-OHFWR,0.9384,High Risk,1,43.3,43.3,Inactive,18.04,Low Value,Yes,High,Email Campaign
5296-BFCYD,0.0232,Low Risk,46,20.1,936.85,Inactive,390.35,Medium Value,No,Low,No Action Needed
4510-PYUSH,0.4436,Medium Risk,38,57.15,2250.65,At Risk,1312.88,High Value,Yes,High,Loyalty Reward
9359-JANWS,0.0537,Low Risk,65,58.9,3857.1,Loyal Customers,2892.82,High Value,No,Low,No Action Needed
7517-SAWMO,0.6796,Medium Risk,19,73.2,1441.1,At Risk,840.64,High Value,Yes,High,Loyalty Reward
4143-HHPMK,0.6573,Medium Risk,52,85.35,4338.6,Loyal Customers,2892.4,High Value,Yes,High,Loyalty Reward
3279-DYZQM,0.0088,Low Risk,71,19.45,1378.45,At Risk,689.22,Medium Value,No,Low,No Action Needed
7054-LGEQW,0.7469,High Risk,1,45.95,45.95,Inactive,15.32,Low Value,Yes,High,Email Campaign
0523-VNGTF,0.4562,Medium Risk,52,50.5,2566.3,Loyal Customers,1710.87,High Value,No,High,Loyalty Reward
9575-IWCAZ,0.1665,Low Risk,6,25.1,171.0,Inactive,57.0,Low Value,No,Low,No Action Needed
7105-MXJLL,0.2177,Low Risk,26,60.7,1597.4,At Risk,798.7,Medium Value,No,Low,No Action Needed
7064-FRRSW,0.5828,Medium Risk,48,99.0,4744.35,Champions,3953.63,Premium,No,High,Loyalty Reward
7940-UQQUG,0.1682,Low Risk,64,104.4,6721.6,Champions,6721.6,Premium,No,Low,No Action Needed
0923-PNFUB,0.7807,High Risk,3,83.75,247.25,At Risk,123.62,Low Value,Yes,High,Email Campaign
3961-SXAXY,0.7759,High Risk,1,44.05,44.05,Inactive,14.68,Low Value,No,High,Email Campaign
7010-BRBUU,0.0094,Low Risk,72,24.1,1734.65,At Risk,1011.88,High Value,No,Low,No Action Needed
3566-HJGPK,0.7759,High Risk,1,45.55,45.55,Inactive,15.18,Low Value,No,High,Email Campaign
3062-ICYZQ,0.5298,Medium Risk,51,93.8,4539.35,Champions,3782.79,Premium,No,High,Loyalty Reward
9938-PRCVK,0.0372,Low Risk,41,19.7,804.25,Inactive,335.1,Medium Value,No,Low,No Action Needed
0973-KYVNF,0.0233,Low Risk,72,70.65,5011.15,Champions,4175.96,Premium,No,Low,No Action Needed
5129-HHMZC,0.0521,Low Risk,43,86.45,3574.5,Champions,2978.75,High Value,No,Low,No Action Needed
9637-CDTKZ,0.0341,Low Risk,72,114.1,8086.4,Champions,8086.4,Premium,No,Low,No Action Needed
3946-JEWRQ,0.5252,Medium Risk,47,95.2,4563.0,Champions,3802.5,Premium,No,High,Loyalty Reward
7873-CVMAW,0.025,Low Risk,72,88.55,6362.35,Champions,5832.15,Premium,No,Low,No Action Needed
0463-WZZKO,0.3248,Low Risk,3,20.75,67.1,Inactive,16.77,Low Value,No,Low,No Action Needed
3494-JCHRQ,0.9305,High Risk,1,70.05,70.05,Inactive,23.35,Low Value,Yes,High,Email Campaign
6474-FVJLC,0.9004,High Risk,2,86.0,165.45,At Risk,82.72,Low Value,Yes,High,Email Campaign
4524-QCSSM,0.4865,Medium Risk,26,44.65,1156.55,At Risk,578.28,Medium Value,No,Medium,SMS Reminder
5832-EXGTT,0.2559,Low Risk,29,60.2,1834.15,At Risk,917.08,High Value,No,Low,No Action Needed
8840-DQLGN,0.3659,Low Risk,35,100.5,3653.35,Champions,3348.9,Premium,Yes,Low,No Action Needed
2039-JONDJ,0.0809,Low Risk,27,55.45,1477.65,At Risk,738.82,Medium Value,No,Low,No Action Needed
7217-JYHOQ,0.1629,Low Risk,24,70.3,1706.45,At Risk,995.43,High Value,No,Low,No Action Needed
6695-FRVEC,0.0214,Low Risk,67,60.4,3953.7,Loyal Customers,2965.27,High Value,No,Low,No Action Needed
4547-LYTDD,0.7133,High Risk,16,72.65,1194.3,At Risk,696.68,Medium Value,Yes,High,Discount Offer
9894-QMIMJ,0.1247,Low Risk,23,55.8,1327.85,At Risk,663.92,Medium Value,No,Low,No Action Needed
8069-YQQAJ,0.519,Medium Risk,14,31.1,419.7,Inactive,139.9,Low Value,No,Medium,SMS Reminder
6770-XUAGN,0.6569,Medium Risk,1,21.0,21.0,Inactive,5.25,Low Value,Yes,Medium,SMS Reminder
4193-ORFCL,0.8533,High Risk,1,45.1,45.1,Inactive,15.03,Low Value,Yes,High,Email Campaign
1636-NTNCO,0.7249,High Risk,4,50.95,207.35,Inactive,86.4,Low Value,No,High,Email Campaign
3466-WAESX,0.3222,Low Risk,16,69.1,1083.7,At Risk,632.16,Medium Value,No,Low,No Action Needed
9281-PKKZE,0.6257,Medium Risk,46,43.95,2007.85,At Risk,1171.25,High Value,No,High,Loyalty Reward
3638-VBZTA,0.0343,Low Risk,68,86.5,5882.75,Champions,5392.52,Premium,No,Low,No Action Needed
7459-IMVYU,0.1964,Low Risk,38,69.95,2657.55,Loyal Customers,1993.16,High Value,No,Low,No Action Needed
7776-QWNFX,0.3398,Low Risk,30,50.4,1527.5,At Risk,891.04,High Value,Yes,Low,No Action Needed
6689-TCZHQ,0.7852,High Risk,5,78.95,378.4,At Risk,189.2,Medium Value,Yes,High,Discount Offer
8563-OYMQY,0.592,Medium Risk,17,90.95,1612.2,Loyal Customers,1209.15,High Value,No,High,Loyalty Reward
0754-EEBDC,0.0312,Low Risk,4,19.9,76.65,Inactive,19.16,Low Value,No,Low,No Action Needed
5777-ZPQNC,0.0725,Low Risk,12,20.15,260.7,Inactive,86.9,Low Value,No,Low,No Action Needed
1951-IEYXM,0.0239,Low Risk,72,90.6,6441.85,Champions,6441.85,Premium,No,Low,No Action Needed
3318-NMQXL,0.8897,High Risk,3,92.0,266.8,At Risk,155.63,Low Value,No,High,Email Campaign
3143-ILDAL,0.5153,Medium Risk,56,94.45,5124.6,Champions,4697.55,Premium,Yes,High,Loyalty Reward
1022-RKXDR,0.0716,Low Risk,41,24.85,962.25,At Risk,481.12,Medium Value,No,Low,No Action Needed
2361-FJWNO,0.1041,Low Risk,40,36.0,1382.9,At Risk,806.69,Medium Value,No,Low,No Action Needed
2272-UOINI,0.4843,Medium Risk,7,78.5,571.05,Loyal Customers,380.7,Medium Value,No,Medium,SMS Reminder
8232-UTFOZ,0.0104,Low Risk,69,19.95,1399.35,At Risk,699.68,Medium Value,No,Low,No Action Needed
3750-YHRYO,0.0595,Low Risk,7,20.65,150.0,Inactive,37.5,Low Value,No,Low,No Action Needed
6637-KYRCV,0.6885,Medium Risk,5,30.5,167.2,Inactive,41.8,Low Value,No,Medium,SMS Reminder
5668-MEISB,0.0358,Low Risk,72,106.1,7657.4,Champions,7657.4,Premium,No,Low,No Action Needed
0129-QMPDR,0.0421,Low Risk,44,20.5,865.05,Inactive,360.44,Medium Value,No,Low,No Action Needed
7188-CBBBA,0.5684,Medium Risk,65,95.5,6153.85,Champions,5641.03,Premium,No,High,Loyalty Reward
5356-CSVSQ,0.8261,High Risk,3,64.6,174.2,At Risk,87.1,Low Value,No,High,Email Campaign
3221-CJMSG,0.1856,Low Risk,24,51.1,1269.6,At Risk,634.8,Medium Value,No,Low,No Action Needed
4720-VSTSI,0.4808,Medium Risk,44,84.8,3862.55,Loyal Customers,2896.91,High Value,Yes,High,Loyalty Reward
3219-JQRSL,0.0788,Low Risk,72,89.1,6352.4,Champions,5823.03,Premium,No,Low,No Action Needed
2801-NISEI,0.2347,Low Risk,24,54.95,1348.5,At Risk,674.25,Medium Value,No,Low,No Action Needed
3946-MHCZW,0.7752,High Risk,1,50.9,50.9,Inactive,21.21,Low Value,Yes,High,Email Campaign
4623-ZKHLY,0.1597,Low Risk,22,20.45,471.55,Inactive,157.18,Low Value,No,Low,No Action Needed
6732-VAILE,0.0578,Low Risk,70,85.95,5931.75,Champions,5437.44,Premium,No,Low,No Action Needed
8201-AAXCB,0.3949,Low Risk,25,60.35,1404.65,At Risk,702.32,Medium Value,No,Low,No Action Needed
7696-CFTAT,0.0408,Low Risk,37,19.8,726.1,Inactive,302.54,Medium Value,No,Low,No Action Needed
1845-CSBRZ,0.6062,Medium Risk,22,85.35,1961.6,At Risk,1144.27,High Value,No,High,Loyalty Reward
2123-VSCOT,0.0371,Low Risk,59,72.1,4194.85,Champions,3495.71,Premium,No,Low,No Action Needed
6651-AZVTJ,0.8106,High Risk,49,99.8,4872.45,Champions,4060.38,Premium,Yes,Critical,Personal Relationship Manager
4566-GOLUK,0.7579,High Risk,47,107.35,5118.95,Champions,4692.37,Premium,Yes,Critical,Personal Relationship Manager
2484-DGXPZ,0.1987,Low Risk,31,19.55,658.95,Inactive,274.56,Medium Value,Yes,Low,No Action Needed
2018-QKYGT,0.9269,High Risk,1,81.05,81.05,At Risk,40.52,Low Value,No,High,Email Campaign
2792-VPPET,0.3116,Low Risk,3,20.5,76.95,Inactive,19.24,Low Value,No,Low,No Action Needed
7409-JURKQ,0.5137,Medium Risk,53,111.8,5809.75,Champions,5325.6,Premium,No,High,Loyalty Reward
3247-MHJKM,0.5606,Medium Risk,1,20.2,20.2,Inactive,5.05,Low Value,No,Medium,SMS Reminder
1964-SVLEA,0.0621,Low Risk,20,19.7,415.9,Inactive,138.63,Low Value,No,Low,No Action Needed
4587-NUKOX,0.7138,High Risk,3,79.1,246.5,At Risk,123.25,Low Value,Yes,High,Email Campaign
7297-DVYGA,0.0634,Low Risk,51,19.85,996.95,Inactive,415.4,Medium Value,No,Low,No Action Needed
2239-CGBUZ,0.0989,Low Risk,51,60.5,3145.15,Loyal Customers,2096.77,High Value,No,Low,No Action Needed
0854-UYHZD,0.035,Low Risk,13,19.55,265.3,Inactive,88.43,Low Value,No,Low,No Action Needed
7243-LCGGZ,0.5956,Medium Risk,1,20.9,20.9,Inactive,5.22,Low Value,No,Medium,SMS Reminder
8267-KFGYD,0.6465,Medium Risk,1,21.05,21.05,Inactive,5.26,Low Value,No,Medium,SMS Reminder
4890-VMUAV,0.0683,Low Risk,63,71.5,4576.3,Champions,4194.94,Premium,No,Low,No Action Needed
9261-WDCAF,0.658,Medium Risk,3,54.65,189.1,Inactive,78.79,Low Value,No,Medium,SMS Reminder
3764-MNMOI,0.0103,Low Risk,46,19.2,908.15,Inactive,378.4,Medium Value,No,Low,No Action Needed
7442-YGZFK,0.7147,High Risk,1,49.8,49.8,Inactive,20.75,Low Value,No,High,Email Campaign
0420-BWTPW,0.4855,Medium Risk,8,25.5,215.2,Inactive,53.8,Low Value,Yes,Medium,SMS Reminder
8229-BUJHX,0.0085,Low Risk,71,20.5,1500.95,At Risk,750.48,Medium Value,No,Low,No Action Needed
7449-HVPIV,0.4774,Medium Risk,55,90.4,5099.15,Champions,4249.29,Premium,No,High,Loyalty Reward
5504-WSIUR,0.1205,Low Risk,70,90.25,6385.95,Champions,5853.79,Premium,No,Low,No Action Needed
8183-ONMXC,0.8225,High Risk,2,80.75,159.45,At Risk,79.72,Low Value,Yes,High,Email Campaign
8466-PZBLH,0.245,Low Risk,67,104.6,6885.75,Champions,6885.75,Premium,No,Low,No Action Needed
9614-RMGHA,0.4833,Medium Risk,65,91.85,5940.85,Champions,5445.78,Premium,Yes,High,Loyalty Reward
8735-IJJEG,0.402,Medium Risk,14,50.2,668.85,At Risk,334.42,Medium Value,No,Medium,SMS Reminder
0564-MUUQK,0.6,Medium Risk,20,95.5,1916.2,Loyal Customers,1437.15,High Value,No,High,Loyalty Reward
5054-IEXZT,0.92,High Risk,1,75.35,75.35,At Risk,37.67,Low Value,Yes,High,Email Campaign
5834-ASPWA,0.9471,High Risk,1,75.45,75.45,At Risk,37.72,Low Value,Yes,High,Email Campaign
0701-RFGFI,0.6876,Medium Risk,49,95.4,4613.95,Champions,3844.96,Premium,No,High,Loyalty Reward
0019-EFAEP,0.0285,Low Risk,72,101.3,7261.25,Champions,7261.25,Premium,No,Low,No Action Needed
5619-PTMIK,0.3853,Low Risk,46,53.1,2459.8,At Risk,1434.88,High Value,No,Low,No Action Needed
3737-XBQDD,0.6069,Medium Risk,24,84.85,2048.8,Loyal Customers,1365.87,High Value,No,High,Loyalty Reward
5882-CMAZQ,0.5355,Medium Risk,5,34.25,163.55,Inactive,54.52,Low Value,No,Medium,SMS Reminder
5846-QFDFI,0.4692,Medium Risk,33,88.6,2888.7,Loyal Customers,2166.52,High Value,No,High,Loyalty Reward
4445-KWOKW,0.1054,Low Risk,42,60.15,2421.6,Loyal Customers,1614.4,High Value,No,Low,No Action Needed
3511-APPBJ,0.5223,Medium Risk,23,99.95,2292.75,Loyal Customers,1719.56,High Value,No,High,Loyalty Reward
7967-HYCDE,0.708,High Risk,8,70.7,553.4,Inactive,230.58,Medium Value,No,High,Discount Offer
2430-RRYUW,0.0425,Low Risk,66,54.8,3465.7,Loyal Customers,2310.47,High Value,No,Low,No Action Needed
3948-XHGNA,0.3637,Low Risk,24,49.55,1210.4,At Risk,605.2,Medium Value,Yes,Low,No Action Needed
3723-BFBGR,0.3473,Low Risk,24,54.8,1291.3,At Risk,645.65,Medium Value,No,Low,No Action Needed
0565-IYCGT,0.2739,Low Risk,69,78.6,5356.45,Champions,4910.08,Premium,Yes,Low,No Action Needed
5447-WZAFP,0.2897,Low Risk,53,100.3,5200.8,Champions,4334.0,Premium,No,Low,No Action Needed
5110-CHOPY,0.206,Low Risk,60,53.6,3237.05,Loyal Customers,2427.79,High Value,No,Low,No Action Needed
5445-UTODQ,0.8692,High Risk,7,81.1,576.65,At Risk,288.32,Medium Value,Yes,High,Discount Offer
4425-OWHWB,0.0699,Low Risk,20,19.35,433.75,Inactive,144.58,Low Value,No,Low,No Action Needed
7892-QVYKW,0.5943,Medium Risk,23,85.6,1868.4,At Risk,1089.9,High Value,No,High,Loyalty Reward
9675-ICXCT,0.0262,Low Risk,72,80.8,5728.55,Champions,5251.17,Premium,No,Low,No Action Needed
1024-VRZHF,0.8479,High Risk,11,74.95,825.7,At Risk,481.66,Medium Value,Yes,High,Discount Offer
4703-MQYKT,0.0341,Low Risk,21,19.6,390.4,Inactive,130.13,Low Value,No,Low,No Action Needed
9497-QCMMS,0.9688,High Risk,1,93.55,93.55,Loyal Customers,62.37,Low Value,Yes,High,Email Campaign
5692-ICXLW,0.7733,High Risk,31,90.7,2845.15,Champions,2370.96,High Value,No,Critical,Personal Relationship Manager
0602-DDUML,0.0303,Low Risk,57,69.75,3894.4,Loyal Customers,2920.8,High Value,No,Low,No Action Needed
2208-MPXIO,0.0291,Low Risk,45,20.0,886.4,Inactive,369.33,Medium Value,No,Low,No Action Needed
1960-UYCNN,0.8293,High Risk,10,95.25,1021.55,Loyal Customers,766.16,Medium Value,No,High,Discount Offer
0348-SDKOL,0.5877,Medium Risk,58,102.1,5885.4,Champions,5885.4,Premium,Yes,High,Loyalty Reward
3190-FZATL,0.2042,Low Risk,14,19.95,268.4,Inactive,89.47,Low Value,No,Low,No Action Needed
7336-RLLRH,0.2261,Low Risk,27,80.85,2204.35,Loyal Customers,1653.26,High Value,No,Low,No Action Needed
4373-MAVJG,0.8123,High Risk,14,90.9,1259.0,Loyal Customers,944.25,High Value,Yes,Critical,Personal Relationship Manager
8901-HJXTF,0.4214,Medium Risk,12,29.2,309.1,Inactive,103.03,Low Value,Yes,Medium,SMS Reminder
7710-JSYOA,0.121,Low Risk,69,93.3,6398.05,Champions,5864.88,Premium,No,Low,No Action Needed
5419-KLXBN,0.5875,Medium Risk,25,89.15,2257.75,Loyal Customers,1505.17,High Value,Yes,High,Loyalty Reward
3424-NMNBO,0.627,Medium Risk,58,108.85,6287.25,Champions,6287.25,Premium,Yes,High,Loyalty Reward
9885-MFVSU,0.0516,Low Risk,35,46.35,1662.05,At Risk,969.53,High Value,No,Low,No Action Needed
4514-GFCFI,0.8224,High Risk,16,84.75,1350.15,At Risk,787.59,Medium Value,Yes,High,Discount Offer
0607-MVMGC,0.2326,Low Risk,45,78.75,3600.65,Champions,3000.54,High Value,No,Low,No Action Needed
3365-SAIGS,0.7745,High Risk,17,83.55,1329.15,At Risk,775.34,Medium Value,No,High,Discount Offer
9828-AOQLM,0.8183,High Risk,1,45.7,45.7,Inactive,15.23,Low Value,Yes,High,Email Campaign
8022-BECSI,0.0542,Low Risk,22,19.6,422.5,Inactive,140.83,Low Value,No,Low,No Action Needed
8000-REIQB,0.9372,High Risk,1,69.95,69.95,Inactive,23.32,Low Value,Yes,High,Email Campaign
9993-LHIEB,0.0178,Low Risk,67,67.85,4627.65,Loyal Customers,3470.74,Premium,No,Low,No Action Needed
0266-CLZKZ,0.2763,Low Risk,67,105.65,6717.9,Champions,6717.9,Premium,No,Low,No Action Needed
7615-ESMYF,0.8306,High Risk,2,44.6,97.1,Inactive,40.46,Low Value,Yes,High,Email Campaign
3858-VOBET,0.731,High Risk,23,74.95,1710.45,At Risk,997.76,High Value,Yes,Critical,Personal Relationship Manager
7020-OZKXZ,0.7022,High Risk,9,75.5,637.4,At Risk,318.7,Medium Value,No,High,Discount Offer
3977-QCRSL,0.2885,Low Risk,5,20.15,117.95,Inactive,29.49,Low Value,No,Low,No Action Needed
0017-DINOC,0.0505,Low Risk,54,45.2,2460.55,At Risk,1435.32,High Value,No,Low,No Action Needed
1447-PJGGA,0.284,Low Risk,57,95.25,5464.65,Champions,5009.26,Premium,Yes,Low,No Action Needed
8565-CLBZW,0.654,Medium Risk,24,89.85,2165.05,Loyal Customers,1443.37,High Value,Yes,High,Loyalty Reward
9139-WQQDY,0.2535,Low Risk,49,100.45,4941.8,Champions,4118.17,Premium,Yes,Low,No Action Needed
0224-HJAPT,0.7794,High Risk,5,47.15,223.15,Inactive,92.98,Low Value,Yes,High,Email Campaign
8086-OVPWV,0.8527,High Risk,2,80.2,181.1,At Risk,90.55,Low Value,Yes,High,Email Campaign
9430-FRQOC,0.8875,High Risk,4,87.1,341.45,At Risk,199.18,Medium Value,Yes,High,Discount Offer
7639-OPLNG,0.0431,Low Risk,70,79.25,5731.85,Champions,5254.2,Premium,No,Low,No Action Needed
3074-GQWYX,0.7998,High Risk,5,75.9,357.75,At Risk,178.88,Medium Value,Yes,High,Discount Offer
1492-QGCLU,0.2602,Low Risk,53,85.7,4616.1,Champions,3846.75,Premium,No,Low,No Action Needed
6845-RGTYS,0.6549,Medium Risk,47,98.75,4533.7,Champions,4155.89,Premium,Yes,High,Loyalty Reward
7328-OWMOM,0.04,Low Risk,31,20.1,589.25,Inactive,245.52,Medium Value,No,Low,No Action Needed
4418-LZMSV,0.1996,Low Risk,13,61.8,750.1,At Risk,437.56,Medium Value,No,Low,No Action Needed
5155-AZQPB,0.1971,Low Risk,28,49.9,1410.25,At Risk,705.12,Medium Value,No,Low,No Action Needed
8861-HGGKB,0.8038,High Risk,10,86.45,830.85,At Risk,484.66,Medium Value,Yes,High,Discount Offer
1087-GRUYI,0.0258,Low Risk,38,20.4,743.5,Inactive,309.79,Medium Value,No,Low,No Action Needed
7065-YUNRY,0.7782,High Risk,1,45.3,45.3,Inactive,15.1,Low Value,Yes,High,Email Campaign
7694-VLBWQ,0.6541,Medium Risk,67,104.1,7040.85,Champions,7040.85,Premium,Yes,High,Loyalty Reward
2546-KZAAT,0.1714,Low Risk,52,75.4,3865.45,Loyal Customers,2899.09,High Value,No,Low,No Action Needed
0181-RITDD,0.0363,Low Risk,62,108.15,6825.65,Champions,6825.65,Premium,No,Low,No Action Needed
5989-PGKJB,0.7366,High Risk,16,86.25,1340.1,At Risk,781.72,Medium Value,No,High,Discount Offer
4795-KTRTH,0.8925,High Risk,5,81.0,371.65,At Risk,185.82,Medium Value,Yes,High,Discount Offer
8272-ONJLV,0.5893,Medium Risk,12,95.7,1184.0,Loyal Customers,888.0,High Value,No,High,Loyalty Reward
1488-PBLJN,0.0385,Low Risk,72,116.85,8477.7,Champions,8477.7,Premium,No,Low,No Action Needed
0308-GIQJT,0.3603,Low Risk,71,105.75,7382.85,Champions,7382.85,Premium,No,Low,No Action Needed
3778-FOAQW,0.0447,Low Risk,24,20.15,456.85,Inactive,152.28,Low Value,No,Low,No Action Needed
4452-ROHMO,0.039,Low Risk,15,19.6,331.6,Inactive,110.53,Low Value,No,Low,No Action Needed
6481-OGDOO,0.2974,Low Risk,67,90.6,6056.15,Champions,5551.47,Premium,Yes,Low,No Action Needed
3090-LETTY,0.4225,Medium Risk,2,60.95,134.6,At Risk,67.3,Low Value,No,Medium,SMS Reminder
5349-AZPEW,0.5594,Medium Risk,5,25.05,125.5,Inactive,31.38,Low Value,No,Medium,SMS Reminder
3753-TSEMP,0.7381,High Risk,15,88.15,1390.6,At Risk,811.18,Medium Value,Yes,High,Discount Offer
8305-VHZBZ,0.6401,Medium Risk,1,20.2,20.2,Inactive,5.05,Low Value,Yes,Medium,SMS Reminder
9720-JJJOR,0.1042,Low Risk,41,60.3,2511.3,Loyal Customers,1674.2,High Value,No,Low,No Action Needed
8100-HZZLJ,0.3081,Low Risk,43,63.95,2737.05,Loyal Customers,1824.7,High Value,No,Low,No Action Needed
8775-ERLNB,0.9238,High Risk,1,74.3,74.3,At Risk,37.15,Low Value,No,High,Email Campaign
8309-IEYJD,0.9149,High Risk,1,70.6,70.6,Inactive,29.42,Low Value,No,High,Email Campaign
9172-JITSM,0.746,High Risk,26,90.8,2361.8,Loyal Customers,1574.53,High Value,Yes,Critical,Personal Relationship Manager
6298-QDFNH,0.7684,High Risk,22,79.35,1730.35,At Risk,1009.37,High Value,Yes,Critical,Personal Relationship Manager
7398-HPYZQ,0.0219,Low Risk,71,90.55,6404.0,Champions,6404.0,Premium,No,Low,No Action Needed
3546-GHEAE,0.0389,Low Risk,7,19.45,165.35,Inactive,41.34,Low Value,No,Low,No Action Needed
7361-YPXFS,0.2025,Low Risk,28,64.45,1867.6,At Risk,1089.43,High Value,No,Low,No Action Needed
6557-BZXLQ,0.7059,High Risk,16,69.65,1043.3,Inactive,434.71,Medium Value,No,High,Discount Offer
2550-QHZGP,0.076,Low Risk,7,19.5,128.6,Inactive,32.15,Low Value,No,Low,No Action Needed
7519-JTWQH,0.2317,Low Risk,69,110.5,7455.45,Champions,7455.45,Premium,No,Low,No Action Needed
2538-OIMXF,0.7337,High Risk,1,24.7,24.7,Inactive,6.18,Low Value,No,High,Email Campaign
8543-MSDMF,0.7166,High Risk,3,77.4,206.15,At Risk,120.25,Low Value,No,High,Email Campaign
9961-JBNMK,0.74,High Risk,21,96.8,2030.3,Loyal Customers,1522.72,High Value,Yes,Critical,Personal Relationship Manager
1170-SASML,0.5167,Medium Risk,69,85.4,5869.4,Champions,4891.17,Premium,No,High,Loyalty Reward
4872-JCVCA,0.0222,Low Risk,71,47.6,3377.8,Loyal Customers,2533.35,High Value,No,Low,No Action Needed
5346-BZCHP,0.0323,Low Risk,69,19.4,1346.2,At Risk,673.1,Medium Value,No,Low,No Action Needed
2038-LLMLM,0.7516,High Risk,48,103.85,4946.05,Champions,4533.88,Premium,No,Critical,Personal Relationship Manager
6173-ITPWD,0.5452,Medium Risk,47,83.35,4065.0,Loyal Customers,3048.75,Premium,Yes,High,Loyalty Reward
9734-UYXQI,0.8364,High Risk,2,49.4,106.55,Inactive,44.4,Low Value,Yes,High,Email Campaign
1216-BGTSP,0.4769,Medium Risk,45,108.45,4964.7,Champions,4550.97,Premium,No,High,Loyalty Reward
4138-NAXED,0.41,Medium Risk,51,81.0,4085.75,Loyal Customers,2723.83,High Value,No,High,Loyalty Reward
2189-UXTKY,0.4348,Medium Risk,22,79.2,1742.75,Loyal Customers,1307.06,High Value,Yes,High,Loyalty Reward
0744-BIKKF,0.0194,Low Risk,72,86.65,6224.8,Champions,5706.07,Premium,No,Low,No Action Needed
7483-IQWIB,0.6635,Medium Risk,37,92.95,3415.25,Champions,2846.04,High Value,No,High,Loyalty Reward
5248-KWLAR,0.0594,Low Risk,71,90.35,6325.25,Champions,6325.25,Premium,No,Low,No Action Needed
4958-GZWIY,0.6443,Medium Risk,7,48.7,340.25,Inactive,141.77,Low Value,Yes,Medium,SMS Reminder
7996-MHXLW,0.0228,Low Risk,66,25.15,1683.6,At Risk,982.1,High Value,No,Low,No Action Needed
7833-PKIHD,0.0938,Low Risk,51,76.4,3966.3,Loyal Customers,2974.73,High Value,No,Low,No Action Needed
7061-OVMIM,0.0644,Low Risk,30,19.55,608.5,Inactive,253.54,Medium Value,No,Low,No Action Needed
5153-RTHKF,0.689,Medium Risk,34,85.35,2896.6,Loyal Customers,1931.07,High Value,No,High,Loyalty Reward
1852-QSWCD,0.0208,Low Risk,64,24.8,1514.85,At Risk,883.66,High Value,No,Low,No Action Needed
4832-VRBMR,0.419,Medium Risk,65,103.15,6792.45,Champions,6792.45,Premium,No,High,Loyalty Reward
9079-LWTFD,0.2999,Low Risk,47,100.75,4669.2,Champions,4280.1,Premium,No,Low,No Action Needed
6356-ELRKD,0.9144,High Risk,1,95.6,95.6,Loyal Customers,63.73,Low Value,Yes,High,Email Campaign
8624-GIOUT,0.2769,Low Risk,49,59.75,2934.3,Loyal Customers,1956.2,High Value,Yes,Low,No Action Needed
3392-EHMNK,0.1934,Low Risk,67,94.1,6302.8,Champions,5777.57,Premium,No,Low,No Action Needed
5986-WWXDV,0.0866,Low Risk,39,19.35,779.2,Inactive,324.67,Medium Value,No,Low,No Action Needed
3061-BCKYI,0.2107,Low Risk,14,19.9,283.75,Inactive,94.58,Low Value,No,Low,No Action Needed
6179-GJPSO,0.7188,High Risk,43,108.15,4600.7,Champions,4217.31,Premium,Yes,Critical,Personal Relationship Manager
7901-TBKJX,0.7738,High Risk,56,101.05,5594.0,Champions,5127.83,Premium,No,Critical,Personal Relationship Manager
7228-PAQPD,0.2795,Low Risk,14,59.1,772.85,At Risk,386.42,Medium Value,No,Low,No Action Needed
3177-LASXD,0.912,High Risk,1,71.35,71.35,Inactive,29.73,Low Value,Yes,High,Email Campaign
7746-QYVCO,0.129,Low Risk,16,55.85,857.8,At Risk,428.9,Medium Value,No,Low,No Action Needed
5804-HYIEZ,0.5113,Medium Risk,70,106.05,7554.05,Champions,7554.05,Premium,No,High,Loyalty Reward
9919-FZDED,0.058,Low Risk,72,84.1,5981.65,Champions,5483.18,Premium,No,Low,No Action Needed
5934-TSSAU,0.5244,Medium Risk,23,75.3,1702.9,At Risk,993.36,High Value,No,High,Loyalty Reward
3486-KHMLI,0.2224,Low Risk,21,24.7,467.15,Inactive,194.65,Medium Value,No,Low,No Action Needed
4897-QSUYC,0.7214,High Risk,1,20.15,20.15,Inactive,5.04,Low Value,Yes,High,Email Campaign
1084-UQCHV,0.8909,High Risk,1,69.75,69.75,Inactive,23.25,Low Value,Yes,High,Email Campaign
8290-YWKHZ,0.811,High Risk,32,93.2,2931.0,Champions,2442.5,High Value,Yes,Critical,Personal Relationship Manager
2955-BJZHG,0.7062,High Risk,17,80.85,1400.85,At Risk,817.16,High Value,Yes,Critical,Personal Relationship Manager
3806-DXQOM,0.7336,High Risk,4,33.65,137.85,Inactive,45.95,Low Value,Yes,High,Email Campaign
6784-XYJAE,0.1342,Low Risk,36,55.8,1941.5,At Risk,1132.54,High Value,No,Low,No Action Needed
3933-DQPWX,0.0525,Low Risk,50,39.7,1932.75,At Risk,1127.44,High Value,No,Low,No Action Needed
6661-EIPZC,0.3411,Low Risk,48,29.5,1423.05,Inactive,592.94,Medium Value,No,Low,No Action Needed
8957-THMOA,0.0211,Low Risk,50,20.15,970.85,Inactive,404.52,Medium Value,No,Low,No Action Needed
2251-PYLPB,0.0192,Low Risk,72,79.55,5810.9,Champions,5326.66,Premium,No,Low,No Action Needed
5555-RNPGT,0.3701,Low Risk,10,24.8,223.9,Inactive,93.29,Low Value,No,Low,No Action Needed
1057-FOGLZ,0.1642,Low Risk,18,19.65,391.7,Inactive,130.57,Low Value,No,Low,No Action Needed
9300-RENDD,0.9383,High Risk,1,79.95,79.95,At Risk,39.98,Low Value,Yes,High,Email Campaign
0761-AETCS,0.4995,Medium Risk,1,19.3,19.3,Inactive,4.82,Low Value,Yes,Medium,SMS Reminder
8087-LGYHQ,0.8584,High Risk,9,94.05,811.65,Loyal Customers,541.1,Medium Value,No,High,Discount Offer
4137-BTIKL,0.7619,High Risk,2,90.75,174.75,Loyal Customers,116.5,Low Value,No,High,Email Campaign
2190-BCXEC,0.5573,Medium Risk,40,78.85,3126.85,Loyal Customers,2084.57,High Value,No,High,Loyalty Reward
6227-FBDXH,0.3362,Low Risk,69,99.5,6841.45,Champions,6271.33,Premium,No,Low,No Action Needed
2153-MREFK,0.4535,Medium Risk,37,99.2,3754.6,Champions,3441.72,Premium,Yes,High,Loyalty Reward
2911-WDXMV,0.6384,Medium Risk,18,80.55,1406.65,At Risk,820.55,High Value,No,High,Loyalty Reward
7206-PQBBZ,0.7888,High Risk,11,70.2,834.7,Inactive,347.79,Medium Value,No,High,Discount Offer
3106-ULWFW,0.9156,High Risk,8,85.2,627.4,At Risk,313.7,Medium Value,Yes,High,Discount Offer
0925-VYDLG,0.8679,High Risk,3,75.25,242.0,At Risk,121.0,Low Value,Yes,High,Email Campaign
4547-FZJWE,0.2588,Low Risk,55,59.45,3157.0,At Risk,1841.58,High Value,No,Low,No Action Needed
7422-WNBTY,0.6801,Medium Risk,33,93.35,3092.0,Champions,2576.67,High Value,No,High,Loyalty Reward
0842-IWYCP,0.2389,Low Risk,46,44.95,2168.9,At Risk,1084.45,High Value,No,Low,No Action Needed
3521-HTQTV,0.0493,Low Risk,34,26.1,980.35,At Risk,490.18,Medium Value,No,Low,No Action Needed
3744-ZBHON,0.3256,Low Risk,3,20.2,65.95,Inactive,16.49,Low Value,No,Low,No Action Needed
3373-DIUUN,0.0305,Low Risk,30,21.25,711.9,Inactive,296.62,Medium Value,No,Low,No Action Needed
8383-SGHJU,0.1297,Low Risk,33,59.4,1952.8,Loyal Customers,1301.87,High Value,No,Low,No Action Needed
7607-QKKTJ,0.2462,Low Risk,45,95.0,4368.85,Champions,3640.71,Premium,No,Low,No Action Needed
7707-PYBBH,0.1566,Low Risk,40,61.9,2647.1,Loyal Customers,1764.73,High Value,No,Low,No Action Needed
8984-HPEMB,0.0812,Low Risk,71,118.65,8477.6,Champions,8477.6,Premium,No,Low,No Action Needed
4349-GFQHK,0.8204,High Risk,1,54.35,54.35,Inactive,22.65,Low Value,Yes,High,Email Campaign
4139-DETXS,0.0128,Low Risk,72,64.45,4528.0,Champions,3773.33,Premium,No,Low,No Action Needed
9779-DPNEJ,0.6897,Medium Risk,22,80.15,1790.65,At Risk,1044.55,High Value,No,High,Loyalty Reward
9805-FILKB,0.0489,Low Risk,46,20.2,845.6,Inactive,352.33,Medium Value,No,Low,No Action Needed
5793-YOLJN,0.0362,Low Risk,55,21.0,1210.3,Inactive,504.29,Medium Value,No,Low,No Action Needed
0673-IGUQO,0.5606,Medium Risk,1,20.45,20.45,Inactive,5.11,Low Value,No,Medium,SMS Reminder
4123-FCVCB,0.5364,Medium Risk,12,75.85,854.45,Loyal Customers,569.63,Medium Value,No,Medium,SMS Reminder
8819-IMISP,0.7723,High Risk,31,80.45,2429.1,Loyal Customers,1619.4,High Value,No,Critical,Personal Relationship Manager
7802-EFKNY,0.7953,High Risk,5,24.95,100.4,Inactive,25.1,Low Value,Yes,High,Email Campaign
8311-UEUAB,0.1585,Low Risk,67,75.5,5229.45,Champions,4357.88,Premium,No,Low,No Action Needed
5858-EAFCZ,0.7444,High Risk,1,44.45,44.45,Inactive,14.82,Low Value,No,High,Email Campaign
8035-BUYVG,0.2409,Low Risk,40,42.35,1716.45,At Risk,1001.26,High Value,Yes,Low,No Action Needed
1163-ONYEY,0.2267,Low Risk,41,74.55,3023.55,Champions,2519.63,High Value,No,Low,No Action Needed
9787-XVQIU,0.9471,High Risk,1,75.3,75.3,At Risk,37.65,Low Value,Yes,High,Email Campaign
8945-MUQUF,0.4819,Medium Risk,51,94.8,4837.6,Champions,4031.33,Premium,Yes,High,Loyalty Reward
5656-MJEFC,0.0418,Low Risk,42,48.15,2032.3,Loyal Customers,1354.87,High Value,No,Low,No Action Needed
6082-OQFBA,0.0571,Low Risk,23,19.65,436.9,Inactive,145.63,Low Value,No,Low,No Action Needed
8051-HJRLT,0.9372,High Risk,1,70.55,70.55,Inactive,29.4,Low Value,Yes,High,Email Campaign
8974-OVACP,0.65,Medium Risk,1,20.15,20.15,Inactive,5.04,Low Value,No,Medium,SMS Reminder
4010-YLMVT,0.4809,Medium Risk,56,106.6,5893.95,Champions,5893.95,Premium,No,High,Loyalty Reward
1379-FRVEB,0.8259,High Risk,15,91.0,1430.05,Loyal Customers,1072.54,High Value,No,Critical,Personal Relationship Manager
8612-GXIDD,0.0843,Low Risk,12,25.4,313.0,Inactive,130.42,Low Value,No,Low,No Action Needed
6288-CHQJB,0.0148,Low Risk,54,69.95,3871.85,Loyal Customers,2581.23,High Value,No,Low,No Action Needed
8160-HOWOX,0.6103,Medium Risk,7,66.85,458.1,Inactive,190.88,Medium Value,No,Medium,SMS Reminder
3023-GFLBR,0.5341,Medium Risk,33,86.15,2745.7,Loyal Customers,1830.47,High Value,Yes,High,Loyalty Reward
6648-INWPS,0.2565,Low Risk,16,20.15,341.35,Inactive,113.78,Low Value,No,Low,No Action Needed
4223-BKEOR,0.1828,Low Risk,21,64.85,1336.8,At Risk,779.8,Medium Value,No,Low,No Action Needed
4079-VTGLK,0.1194,Low Risk,30,74.85,2181.75,Loyal Customers,1636.31,High Value,No,Low,No Action Needed
1763-WQFUK,0.6086,Medium Risk,3,50.5,147.75,Inactive,61.56,Low Value,No,Medium,SMS Reminder
1391-UBDAR,0.7417,High Risk,11,72.9,818.45,At Risk,477.43,Medium Value,No,High,Discount Offer
8894-JVDCV,0.1837,Low Risk,62,115.05,7133.45,Champions,7133.45,Premium,No,Low,No Action Needed
2023-VQFDL,0.2597,Low Risk,18,19.0,348.8,Inactive,116.27,Low Value,No,Low,No Action Needed
1345-GKDZZ,0.2583,Low Risk,6,19.55,128.6,Inactive,32.15,Low Value,No,Low,No Action Needed
2014-MKGMH,0.5881,Medium Risk,46,101.1,4674.4,Champions,3895.33,Premium,No,High,Loyalty Reward
5628-FCGYG,0.8051,High Risk,21,84.1,1737.45,At Risk,1013.51,High Value,No,Critical,Personal Relationship Manager
2560-WBWXF,0.0202,Low Risk,68,24.15,1498.85,At Risk,874.33,High Value,No,Low,No Action Needed
0248-IPDFW,0.7169,High Risk,1,50.1,50.1,Inactive,20.88,Low Value,No,High,Email Campaign
7978-DKUQH,0.6533,Medium Risk,25,74.6,1797.75,At Risk,1048.69,High Value,No,High,Loyalty Reward
4335-UPJSI,0.0395,Low Risk,24,19.75,498.1,Inactive,166.03,Medium Value,No,Low,No Action Needed
0524-IAVZO,0.7833,High Risk,30,85.0,2624.25,Loyal Customers,1749.5,High Value,Yes,Critical,Personal Relationship Manager
2737-YNGYW,0.8299,High Risk,2,80.55,184.1,At Risk,92.05,Low Value,Yes,High,Email Campaign
1784-EZDKJ,0.6025,Medium Risk,51,106.8,5498.8,Champions,5040.57,Premium,No,High,Loyalty Reward
9297-FVVDH,0.0699,Low Risk,57,84.5,4845.4,Champions,4441.62,Premium,No,Low,No Action Needed
8007-YYPWD,0.1029,Low Risk,15,25.05,369.1,Inactive,153.79,Low Value,No,Low,No Action Needed
7101-HRBLJ,0.0128,Low Risk,72,83.7,6096.9,Champions,5588.82,Premium,No,Low,No Action Needed
5159-YFPKQ,0.8483,High Risk,2,75.8,160.75,At Risk,80.38,Low Value,Yes,High,Email Campaign
6635-CPNUN,0.5371,Medium Risk,28,96.6,2684.35,Loyal Customers,2013.26,High Value,No,High,Loyalty Reward
4021-RQSNY,0.8259,High Risk,29,98.5,3004.15,Loyal Customers,2253.11,High Value,Yes,Critical,Personal Relationship Manager
5453-YBTWV,0.0954,Low Risk,70,101.1,6994.8,Champions,6994.8,Premium,No,Low,No Action Needed
5039-LZRQT,0.06,Low Risk,13,20.2,273.25,Inactive,91.08,Low Value,No,Low,No Action Needed
2931-VUVJN,0.3258,Low Risk,59,94.05,5483.9,Champions,5483.9,Premium,No,Low,No Action Needed
9061-TIHDA,0.8889,High Risk,13,95.25,1233.65,Loyal Customers,925.24,High Value,Yes,Critical,Personal Relationship Manager
8699-ASUFO,0.8177,High Risk,7,74.4,527.9,At Risk,263.95,Medium Value,Yes,High,Discount Offer
6418-PIQSP,0.0166,Low Risk,62,81.0,4985.9,Champions,4570.41,Premium,No,Low,No Action Needed
8220-OCUFY,0.1365,Low Risk,21,60.25,1258.35,At Risk,734.04,Medium Value,No,Low,No Action Needed
3995-WFCSM,0.6954,Medium Risk,2,60.85,111.4,Inactive,46.42,Low Value,No,Medium,SMS Reminder
1895-QTKDO,0.7307,High Risk,1,43.95,43.95,Inactive,14.65,Low Value,No,High,Email Campaign
2038-OEQZH,0.8088,High Risk,4,86.05,308.1,At Risk,154.05,Low Value,No,High,Email Campaign
1178-PZGAB,0.0505,Low Risk,19,20.25,383.65,Inactive,127.88,Low Value,No,Low,No Action Needed
7927-AUXBZ,0.6391,Medium Risk,30,85.15,2555.9,Loyal Customers,1703.93,High Value,Yes,High,Loyalty Reward
2626-VEEWG,0.0158,Low Risk,67,19.4,1284.2,At Risk,642.1,Medium Value,No,Low,No Action Needed
2878-RMWXY,0.0833,Low Risk,72,102.65,7550.3,Champions,7550.3,Premium,No,Low,No Action Needed
1657-DYMBM,0.068,Low Risk,53,19.9,1110.05,Inactive,462.52,Medium Value,No,Low,No Action Needed
7311-MQJCH,0.0951,Low Risk,5,19.55,99.6,Inactive,24.9,Low Value,No,Low,No Action Needed
7375-WMVMT,0.047,Low Risk,71,95.5,6707.15,Champions,6148.22,Premium,No,Low,No Action Needed
1136-XGEQU,0.2582,Low Risk,50,84.15,4164.4,Champions,3470.33,Premium,No,Low,No Action Needed
2530-FMFXO,0.2606,Low Risk,56,103.2,5873.75,Champions,5873.75,Premium,No,Low,No Action Needed
6844-DZKRF,0.621,Medium Risk,2,50.2,109.25,Inactive,45.52,Low Value,No,Medium,SMS Reminder
4695-WJZUE,0.9198,High Risk,2,88.55,179.25,At Risk,104.56,Low Value,Yes,High,Email Campaign
7619-ODSGN,0.3057,Low Risk,24,54.75,1338.15,At Risk,669.08,Medium Value,Yes,Low,No Action Needed
5970-GHJAW,0.0232,Low Risk,46,19.95,862.4,Inactive,359.33,Medium Value,No,Low,No Action Needed
8879-XUAHX,0.1029,Low Risk,71,116.25,8564.75,Champions,8564.75,Premium,No,Low,No Action Needed
3689-MOZGR,0.4732,Medium Risk,29,31.2,926.2,Inactive,308.73,Medium Value,No,Medium,SMS Reminder
4195-PNGZS,0.0197,Low Risk,69,24.45,1718.2,At Risk,1002.28,High Value,No,Low,No Action Needed
5003-XZWWO,0.033,Low Risk,71,84.2,5956.85,Champions,5460.45,Premium,No,Low,No Action Needed
3988-RQIXO,0.9537,High Risk,1,91.3,91.3,At Risk,53.26,Low Value,Yes,High,Email Campaign
7622-FWGEW,0.0272,Low Risk,56,85.65,4824.45,Champions,4422.41,Premium,No,Low,No Action Needed
6922-NCEDI,0.0522,Low Risk,56,21.2,1238.65,At Risk,619.33,Medium Value,No,Low,No Action Needed
2514-GINMM,0.9383,High Risk,1,79.5,79.5,At Risk,39.75,Low Value,Yes,High,Email Campaign
9891-NQDBD,0.1058,Low Risk,28,25.55,672.2,Inactive,280.08,Medium Value,No,Low,No Action Needed
6131-IUNXN,0.1397,Low Risk,19,20.2,382.2,Inactive,127.4,Low Value,No,Low,No Action Needed
8548-AWOFC,0.2722,Low Risk,66,63.85,4264.6,Loyal Customers,3198.45,Premium,No,Low,No Action Needed
9798-DRYDS,0.1796,Low Risk,17,61.95,1070.7,At Risk,624.58,Medium Value,No,Low,No Action Needed
8532-UEFWH,0.0293,Low Risk,52,25.75,1345.85,At Risk,672.92,Medium Value,No,Low,No Action Needed
6296-DDOOR,0.2333,Low Risk,19,58.2,1045.25,At Risk,522.62,Medium Value,No,Low,No Action Needed
7951-VRDVK,0.1968,Low Risk,36,85.85,3003.55,Champions,2502.96,High Value,No,Low,No Action Needed
5931-FLJJF,0.736,High Risk,7,70.1,467.55,Inactive,155.85,Low Value,Yes,High,Email Campaign
4815-YOSUK,0.0947,Low Risk,72,104.9,7537.5,Champions,7537.5,Premium,No,Low,No Action Needed
2659-VXMWZ,0.2322,Low Risk,67,111.3,7482.1,Champions,7482.1,Premium,Yes,Low,No Action Needed
0380-NEAVX,0.4803,Medium Risk,34,99.85,3343.15,Champions,2785.96,High Value,No,High,Loyalty Reward
3207-OYBWH,0.6034,Medium Risk,57,95.25,5427.05,Champions,4974.8,Premium,Yes,High,Loyalty Reward
4285-GYRQC,0.8877,High Risk,7,86.25,587.1,At Risk,293.55,Medium Value,Yes,High,Discount Offer
7216-EWTRS,0.9711,High Risk,1,100.8,100.8,Loyal Customers,67.2,Low Value,Yes,High,Email Campaign
4365-MSDYN,0.3122,Low Risk,8,19.55,161.15,Inactive,40.29,Low Value,No,Low,No Action Needed
7036-TYDEC,0.3236,Low Risk,69,104.0,7028.5,Champions,7028.5,Premium,No,Low,No Action Needed
5802-ADBRC,0.4094,Medium Risk,50,104.4,5232.9,Champions,4796.82,Premium,No,High,Loyalty Reward
8076-FEZKJ,0.0725,Low Risk,10,19.5,225.85,Inactive,75.28,Low Value,No,Low,No Action Needed
5197-YPYBZ,0.076,Low Risk,12,25.25,274.7,Inactive,114.46,Low Value,No,Low,No Action Needed
8337-MSSXB,0.7761,High Risk,14,86.3,1180.95,At Risk,688.89,Medium Value,Yes,High,Discount Offer
4312-GVYNH,0.0281,Low Risk,70,49.85,3370.2,Loyal Customers,2527.65,High Value,No,Low,No Action Needed
8495-LJDFO,0.369,Low Risk,64,108.95,7111.3,Champions,7111.3,Premium,No,Low,No Action Needed
0839-JTCUD,0.0672,Low Risk,66,89.9,5958.85,Champions,5958.85,Premium,No,Low,No Action Needed
5494-WOZRZ,0.015,Low Risk,71,82.0,5999.85,Champions,5499.86,Premium,No,Low,No Action Needed
1302-UHBDD,0.6996,Medium Risk,20,89.95,1648.45,Loyal Customers,1098.97,High Value,No,High,Loyalty Reward
2234-EOFPT,0.0126,Low Risk,72,79.35,5753.25,Champions,5273.81,Premium,No,Low,No Action Needed
8619-IJNDK,0.0252,Low Risk,71,64.05,4492.9,Loyal Customers,3369.68,Premium,No,Low,No Action Needed
8378-LKJAF,0.609,Medium Risk,38,101.15,3956.7,Champions,3297.25,Premium,No,High,Loyalty Reward
8182-BJDSI,0.7468,High Risk,28,89.95,2625.55,Loyal Customers,1969.16,High Value,Yes,Critical,Personal Relationship Manager
2528-HFYZX,0.7284,High Risk,17,76.45,1233.4,At Risk,719.48,Medium Value,Yes,High,Discount Offer
1153-GNOLC,0.2689,Low Risk,33,39.1,1309.0,At Risk,763.58,Medium Value,No,Low,No Action Needed
3298-QEICA,0.0596,Low Risk,23,34.6,813.45,Inactive,338.94,Medium Value,No,Low,No Action Needed
0788-DXBFY,0.1993,Low Risk,58,19.55,1108.8,At Risk,554.4,Medium Value,No,Low,No Action Needed
3597-YASZG,0.219,Low Risk,70,104.45,7349.35,Champions,7349.35,Premium,No,Low,No Action Needed
3496-LFSZU,0.8118,High Risk,4,70.5,294.2,Inactive,122.58,Low Value,No,High,Email Campaign
5242-UOWHD,0.0221,Low Risk,45,20.35,929.2,Inactive,387.17,Medium Value,No,Low,No Action Needed
2482-CZGBB,0.7802,High Risk,10,70.0,740.0,Inactive,308.33,Medium Value,Yes,High,Discount Offer
6479-SZPLM,0.0201,Low Risk,36,19.45,754.5,Inactive,314.38,Medium Value,No,Low,No Action Needed
8097-VBQTZ,0.0983,Low Risk,54,69.9,3883.3,Loyal Customers,2588.87,High Value,No,Low,No Action Needed
4500-HKANN,0.0467,Low Risk,23,59.7,1414.2,At Risk,824.95,High Value,No,Low,No Action Needed
9917-KWRBE,0.1415,Low Risk,41,78.35,3211.2,Champions,2676.0,High Value,No,Low,No Action Needed
3420-ZDBMA,0.7114,High Risk,5,71.45,371.6,Inactive,154.83,Low Value,No,High,Email Campaign
2212-LYASK,0.1776,Low Risk,27,45.85,1246.4,At Risk,623.2,Medium Value,No,Low,No Action Needed
1393-IMKZG,0.8409,High Risk,1,95.85,95.85,Loyal Customers,63.9,Low Value,No,High,Email Campaign
8069-RHUXK,0.033,Low Risk,67,35.7,2545.7,Loyal Customers,1697.13,High Value,No,Low,No Action Needed
3398-GCPMU,0.0505,Low Risk,72,89.55,6448.85,Champions,5911.45,Premium,No,Low,No Action Needed
2908-WGAXL,0.0379,Low Risk,56,24.95,1468.9,At Risk,856.86,High Value,No,Low,No Action Needed
3378-AJRAO,0.0784,Low Risk,44,24.85,1013.6,At Risk,506.8,Medium Value,No,Low,No Action Needed
1013-QCWAM,0.644,Medium Risk,66,100.8,6690.75,Champions,6133.19,Premium,No,High,Loyalty Reward
0866-QLSIR,0.0582,Low Risk,34,64.4,2088.75,Loyal Customers,1392.5,High Value,Yes,Low,No Action Needed
6050-FFXES,0.2231,Low Risk,69,105.35,7240.65,Champions,7240.65,Premium,No,Low,No Action Needed
7181-BQYBV,0.9251,High Risk,1,102.45,102.45,Loyal Customers,76.84,Low Value,Yes,High,Email Campaign
0362-RAOQO,0.0208,Low Risk,40,19.65,830.25,Inactive,345.94,Medium Value,No,Low,No Action Needed
9554-DFKIC,0.1935,Low Risk,30,54.45,1588.7,At Risk,926.74,High Value,No,Low,No Action Needed
5527-ACHSO,0.4142,Medium Risk,11,70.5,829.3,Loyal Customers,552.87,Medium Value,No,Medium,SMS Reminder
0829-DDVLK,0.0647,Low Risk,15,20.1,302.45,Inactive,100.82,Low Value,No,Low,No Action Needed
1399-UBQIU,0.5675,Medium Risk,11,69.35,712.25,At Risk,415.48,Medium Value,No,Medium,SMS Reminder
1813-JLKWR,0.0439,Low Risk,64,19.8,1336.65,At Risk,668.32,Medium Value,No,Low,No Action Needed
0336-PIKEI,0.0306,Low Risk,72,74.4,5360.75,Champions,4914.02,Premium,No,Low,No Action Needed
7322-OCWHC,0.0224,Low Risk,72,93.05,6735.05,Champions,6735.05,Premium,No,Low,No Action Needed
9537-VHDTA,0.6726,Medium Risk,1,51.2,51.2,Inactive,21.33,Low Value,No,Medium,SMS Reminder
4957-TIALW,0.1107,Low Risk,15,65.6,1010.0,At Risk,589.17,Medium Value,No,Low,No Action Needed
2054-PJOCK,0.241,Low Risk,60,80.55,4847.05,Champions,4443.13,Premium,No,Low,No Action Needed
9150-HEPMB,0.0735,Low Risk,56,52.7,3019.7,Loyal Customers,2013.13,High Value,No,Low,No Action Needed
9030-QGZNL,0.0351,Low Risk,8,20.85,161.65,Inactive,40.41,Low Value,No,Low,No Action Needed
6204-IEUXJ,0.7817,High Risk,3,80.1,217.55,At Risk,108.78,Low Value,Yes,High,Email Campaign
3126-WQMGH,0.3399,Low Risk,49,52.15,2583.75,At Risk,1507.19,High Value,No,Low,No Action Needed
4529-CKBCL,0.864,High Risk,2,80.2,146.05,At Risk,73.03,Low Value,Yes,High,Email Campaign
2506-CLAKW,0.8295,High Risk,6,98.15,567.45,Loyal Customers,425.59,Medium Value,Yes,High,Discount Offer
7176-WRTNX,0.4766,Medium Risk,70,114.95,7711.25,Champions,7711.25,Premium,No,High,Loyalty Reward
1583-IHQZE,0.8107,High Risk,12,112.95,1384.75,Champions,1153.96,High Value,Yes,Critical,Personal Relationship Manager
5732-IKGQH,0.5193,Medium Risk,52,104.45,5481.25,Champions,5024.48,Premium,No,High,Loyalty Reward
9239-GZHZE,0.0278,Low Risk,72,113.65,8124.2,Champions,8124.2,Premium,No,Low,No Action Needed
7205-BAIAD,0.0243,Low Risk,40,20.6,827.3,Inactive,344.71,Medium Value,No,Low,No Action Needed
0151-ONTOV,0.8878,High Risk,1,70.9,70.9,Inactive,29.54,Low Value,Yes,High,Email Campaign
4140-MUHUG,0.8809,High Risk,3,86.85,220.95,At Risk,110.48,Low Value,Yes,High,Email Campaign
0093-EXYQL,0.6464,Medium Risk,40,91.55,3673.6,Loyal Customers,2755.2,High Value,No,High,Loyalty Reward
8064-RAVOH,0.7036,High Risk,1,49.85,49.85,Inactive,20.77,Low Value,No,High,Email Campaign
0219-QAERP,0.0388,Low Risk,30,19.8,576.65,Inactive,240.27,Medium Value,No,Low,No Action Needed
0320-JDNQG,0.7028,High Risk,23,99.85,2331.3,Loyal Customers,1748.48,High Value,Yes,Critical,Personal Relationship Manager
7180-PISOG,0.9384,High Risk,1,74.5,74.5,At Risk,37.25,Low Value,Yes,High,Email Campaign
9168-INPSZ,0.6706,Medium Risk,44,104.15,4495.65,Champions,4121.01,Premium,No,High,Loyalty Reward
3571-RFHAR,0.7435,High Risk,65,109.15,6941.2,Champions,6941.2,Premium,Yes,Critical,Personal Relationship Manager
0015-UOCOJ,0.5855,Medium Risk,7,48.2,340.35,Inactive,141.81,Low Value,No,Medium,SMS Reminder
5334-AFQJB,0.0206,Low Risk,72,25.1,1789.9,At Risk,1044.11,High Value,No,Low,No Action Needed
2754-SDJRD,0.9303,High Risk,8,100.15,908.55,Loyal Customers,605.7,Medium Value,No,High,Discount Offer
9578-VRMNM,0.5736,Medium Risk,16,65.2,1043.35,At Risk,608.62,Medium Value,Yes,Medium,SMS Reminder
1587-FKLZB,0.6832,Medium Risk,66,99.5,6822.15,Champions,6253.64,Premium,Yes,High,Loyalty Reward
6140-QNRQQ,0.9028,High Risk,1,71.55,71.55,Inactive,29.81,Low Value,Yes,High,Email Campaign
8963-JLGJT,0.5811,Medium Risk,3,55.9,157.55,Inactive,65.65,Low Value,No,Medium,SMS Reminder
4307-KTUMW,0.5676,Medium Risk,53,93.9,5029.2,Champions,4191.0,Premium,Yes,High,Loyalty Reward
1465-LNTLJ,0.313,Low Risk,8,64.4,581.7,At Risk,290.85,Medium Value,No,Low,No Action Needed
5440-FLBQG,0.4333,Medium Risk,69,108.4,7318.2,Champions,7318.2,Premium,Yes,High,Loyalty Reward
2135-DQWAQ,0.8667,High Risk,5,85.3,420.45,At Risk,210.22,Medium Value,No,High,Discount Offer
4056-QHXHZ,0.0243,Low Risk,72,107.45,7576.7,Champions,7576.7,Premium,No,Low,No Action Needed
7470-MCQTK,0.6302,Medium Risk,13,48.75,633.4,At Risk,316.7,Medium Value,Yes,Medium,SMS Reminder
7488-MXJIV,0.9142,High Risk,4,85.65,321.65,At Risk,160.82,Low Value,Yes,High,Email Campaign
7401-JIXNM,0.0495,Low Risk,54,91.3,4965.0,Champions,4551.25,Premium,No,Low,No Action Needed
9339-FIIJL,0.0246,Low Risk,72,85.95,6151.9,Champions,5639.24,Premium,No,Low,No Action Needed
2027-FECZV,0.8404,High Risk,12,106.7,1253.9,Champions,1044.92,High Value,Yes,Critical,Personal Relationship Manager
2672-DZUOY,0.8695,High Risk,1,25.15,25.15,Inactive,6.29,Low Value,Yes,High,Email Campaign
4706-DGAHW,0.8788,High Risk,1,45.2,45.2,Inactive,15.07,Low Value,No,High,Email Campaign
3870-MQAMG,0.5633,Medium Risk,54,110.35,5893.15,Champions,5402.05,Premium,Yes,High,Loyalty Reward
6670-MFRPK,0.0978,Low Risk,69,79.2,5420.65,Loyal Customers,4065.49,Premium,No,Low,No Action Needed
6177-PEVRA,0.0624,Low Risk,48,55.5,2627.35,At Risk,1532.62,High Value,No,Low,No Action Needed
4800-CZMPC,0.3614,Low Risk,48,103.25,5037.55,Champions,4617.75,Premium,Yes,Low,No Action Needed
4813-HQMGZ,0.8978,High Risk,8,90.25,743.75,Loyal Customers,495.83,Medium Value,No,High,Discount Offer
7579-KKLOE,0.0136,Low Risk,71,91.25,6589.6,Champions,6589.6,Premium,No,Low,No Action Needed
7377-DMMRI,0.7092,High Risk,2,47.8,92.45,Inactive,38.52,Low Value,Yes,High,Email Campaign
8402-EIVQS,0.3237,Low Risk,67,100.9,6733.15,Champions,6172.05,Premium,No,Low,No Action Needed
4947-DSMXK,0.5767,Medium Risk,34,97.7,3410.0,Champions,2841.67,High Value,No,High,Loyalty Reward
7245-NIIWQ,0.8065,High Risk,3,69.85,199.85,Inactive,66.62,Low Value,No,High,Email Campaign
0002-ORFBO,0.1393,Low Risk,9,65.6,593.3,At Risk,296.65,Medium Value,No,Low,No Action Needed
3324-OIRTO,0.0741,Low Risk,71,104.65,7288.4,Champions,7288.4,Premium,No,Low,No Action Needed
5414-OFQCB,0.0516,Low Risk,57,90.45,5229.8,Champions,4793.98,Premium,No,Low,No Action Needed
4967-WPNCF,0.0129,Low Risk,72,63.7,4464.8,Champions,3720.67,Premium,No,Low,No Action Needed
8552-OBVRU,0.4286,Medium Risk,48,104.5,5068.05,Champions,4645.71,Premium,No,High,Loyalty Reward
8499-BRXTD,0.0461,Low Risk,18,20.1,401.85,Inactive,133.95,Low Value,No,Low,No Action Needed
9154-QDGTH,0.5769,Medium Risk,43,104.3,4451.85,Champions,4080.86,Premium,No,High,Loyalty Reward
8197-BFWVU,0.0356,Low Risk,72,93.25,6688.95,Champions,6688.95,Premium,No,Low,No Action Needed
2577-GVSIL,0.246,Low Risk,35,73.45,2661.1,Loyal Customers,1995.82,High Value,No,Low,No Action Needed
9367-OIUXP,0.2578,Low Risk,4,20.7,73.05,Inactive,18.26,Low Value,No,Low,No Action Needed
6770-UAYGJ,0.0411,Low Risk,49,25.25,1211.65,At Risk,605.83,Medium Value,No,Low,No Action Needed
6463-HHXJR,0.0625,Low Risk,71,100.5,7030.65,Champions,7030.65,Premium,No,Low,No Action Needed
7928-VJYAB,0.7336,High Risk,11,90.6,1020.2,Loyal Customers,680.13,Medium Value,No,High,Discount Offer
1187-WILMM,0.0263,Low Risk,63,89.4,5597.65,Champions,5131.18,Premium,No,Low,No Action Needed
9776-OJUZI,0.5132,Medium Risk,65,95.45,6223.3,Champions,5704.69,Premium,No,High,Loyalty Reward
1306-RPWXZ,0.0193,Low Risk,49,20.45,1024.65,Inactive,426.94,Medium Value,No,Low,No Action Needed
8949-JTMAY,0.7657,High Risk,29,98.6,2933.2,Loyal Customers,2199.9,High Value,Yes,Critical,Personal Relationship Manager
2774-LVQUS,0.7737,High Risk,15,83.05,1258.3,Loyal Customers,838.87,High Value,Yes,Critical,Personal Relationship Manager
3097-PYWXL,0.3267,Low Risk,4,19.95,82.9,Inactive,20.72,Low Value,No,Low,No Action Needed
2266-SJNAT,0.2584,Low Risk,72,109.15,7789.6,Champions,7789.6,Premium,No,Low,No Action Needed
0869-PAPRP,0.6211,Medium Risk,26,85.7,2067.0,At Risk,1205.75,High Value,No,High,Loyalty Reward
4238-JSSWH,0.6171,Medium Risk,35,102.05,3452.55,Champions,2877.13,High Value,No,High,Loyalty Reward
2972-YDYUW,0.2546,Low Risk,57,94.7,5468.95,Champions,5013.2,Premium,No,Low,No Action Needed
1104-FEJAM,0.2272,Low Risk,28,64.4,1802.15,At Risk,1051.25,High Value,No,Low,No Action Needed
2809-ILCYT,0.1414,Low Risk,25,26.8,733.55,Inactive,305.65,Medium Value,No,Low,No Action Needed
5499-ECUTN,0.1569,Low Risk,47,66.05,3021.45,Loyal Customers,2014.3,High Value,No,Low,No Action Needed
4981-FLTMF,0.0813,Low Risk,57,65.2,3687.85,Loyal Customers,2765.89,High Value,No,Low,No Action Needed
9121-PHQSR,0.8134,High Risk,16,85.05,1391.15,At Risk,811.5,High Value,No,Critical,Personal Relationship Manager
3113-IWHLC,0.5347,Medium Risk,5,55.8,274.35,Inactive,114.31,Low Value,No,Medium,SMS Reminder
3211-ILJTT,0.5717,Medium Risk,17,70.4,1214.05,At Risk,607.02,Medium Value,Yes,Medium,SMS Reminder
4612-THJBS,0.5329,Medium Risk,56,104.75,5510.65,Champions,5510.65,Premium,Yes,High,Loyalty Reward
4277-BWBML,0.0078,Low Risk,72,19.95,1322.85,At Risk,661.42,Medium Value,No,Low,No Action Needed
4094-NSEDU,0.8504,High Risk,21,94.25,1973.75,Loyal Customers,1480.31,High Value,Yes,Critical,Personal Relationship Manager
0234-TEVTT,0.1852,Low Risk,48,45.0,2196.3,At Risk,1281.18,High Value,No,Low,No Action Needed
4304-TSPVK,0.2467,Low Risk,68,114.9,7843.55,Champions,7843.55,Premium,No,Low,No Action Needed
1552-AAGRX,0.5942,Medium Risk,30,106.4,3211.9,Champions,2944.24,High Value,No,High,Loyalty Reward
2637-FKFSY,0.7042,High Risk,3,46.1,130.15,Inactive,43.38,Low Value,No,High,Email Campaign
9796-MVYXX,0.0955,Low Risk,14,39.7,692.35,At Risk,346.18,Medium Value,No,Low,No Action Needed
7874-ECPQJ,0.334,Low Risk,4,20.05,85.5,Inactive,21.38,Low Value,No,Low,No Action Needed
0020-INWCK,0.1283,Low Risk,71,95.75,6849.4,Champions,6278.62,Premium,No,Low,No Action Needed
7089-RKVSZ,0.1378,Low Risk,8,24.4,203.95,Inactive,67.98,Low Value,No,Low,No Action Needed
2683-JXWQQ,0.1658,Low Risk,61,33.6,2117.2,At Risk,1235.03,High Value,No,Low,No Action Needed
9548-ZMVTX,0.0194,Low Risk,72,90.45,6565.85,Champions,6018.7,Premium,No,Low,No Action Needed
8739-XNIKG,0.9071,High Risk,5,84.0,424.75,At Risk,212.38,Medium Value,No,High,Discount Offer
9755-JHNMN,0.0693,Low Risk,49,67.4,3306.85,Loyal Customers,2204.57,High Value,No,Low,No Action Needed
3981-QSVQI,0.3347,Low Risk,8,19.7,168.9,Inactive,42.22,Low Value,No,Low,No Action Needed
2789-HQBOU,0.8237,High Risk,3,80.35,253.8,At Risk,126.9,Low Value,No,High,Email Campaign
9424-CMPOG,0.0365,Low Risk,9,19.6,197.4,Inactive,49.35,Low Value,No,Low,No Action Needed
5067-WJEUN,0.0249,Low Risk,67,54.2,3838.2,Loyal Customers,2558.8,High Value,No,Low,No Action Needed
3450-WXOAT,0.2923,Low Risk,46,45.2,2065.15,At Risk,1032.58,High Value,No,Low,No Action Needed
9251-WNSOD,0.0978,Low Risk,67,75.1,5064.45,Champions,4642.41,Premium,No,Low,No Action Needed
6974-DAFLI,0.1395,Low Risk,55,19.7,1140.05,Inactive,475.02,Medium Value,No,Low,No Action Needed
2616-UUTFK,0.2064,Low Risk,33,72.75,2447.45,Champions,2039.54,High Value,No,Low,No Action Needed
7064-JHXCE,0.0103,Low Risk,62,20.05,1263.9,At Risk,631.95,Medium Value,No,Low,No Action Needed
5103-MHMHY,0.727,High Risk,1,45.95,45.95,Inactive,15.32,Low Value,Yes,High,Email Campaign
7989-AWGEH,0.3592,Low Risk,49,39.2,1838.15,At Risk,1072.25,High Value,No,Low,No Action Needed
4373-VVHQL,0.8331,High Risk,1,44.75,44.75,Inactive,14.92,Low Value,No,High,Email Campaign
4559-UWIHT,0.8143,High Risk,14,82.65,1185.0,Loyal Customers,790.0,Medium Value,No,High,Discount Offer
7268-IGMFD,0.46,Medium Risk,18,93.9,1743.9,Loyal Customers,1307.93,High Value,No,High,Loyalty Reward
1846-XWOQN,0.9372,High Risk,1,70.15,70.15,Inactive,23.38,Low Value,Yes,High,Email Campaign
0235-KGSLC,0.9333,High Risk,1,85.55,85.55,At Risk,42.78,Low Value,Yes,High,Email Campaign
6650-BWFRT,0.0457,Low Risk,72,117.15,8529.5,Champions,8529.5,Premium,No,Low,No Action Needed
9570-KYEUA,0.1234,Low Risk,64,99.25,6549.45,Champions,6549.45,Premium,No,Low,No Action Needed
6993-YGFJV,0.3293,Low Risk,69,112.55,7806.5,Champions,7806.5,Premium,No,Low,No Action Needed
2712-SYWAY,0.5963,Medium Risk,1,25.7,25.7,Inactive,8.57,Low Value,No,Medium,SMS Reminder
0730-BGQGF,0.0302,Low Risk,71,90.3,6287.3,Champions,6287.3,Premium,No,Low,No Action Needed
5498-IBWPI,0.0889,Low Risk,66,49.4,3251.85,Loyal Customers,2167.9,High Value,No,Low,No Action Needed
9101-NTIXF,0.2528,Low Risk,2,19.4,50.6,Inactive,12.65,Low Value,No,Low,No Action Needed
0013-SMEOE,0.054,Low Risk,71,109.7,7904.25,Champions,7904.25,Premium,No,Low,No Action Needed
9314-QDMDW,0.2741,Low Risk,11,61.25,729.95,At Risk,364.98,Medium Value,No,Low,No Action Needed
9308-ANMVE,0.3097,Low Risk,47,55.3,2654.05,At Risk,1548.2,High Value,No,Low,No Action Needed
2884-GBPFB,0.712,High Risk,35,70.3,2416.55,At Risk,1208.28,High Value,Yes,Critical,Personal Relationship Manager
3757-NJYBX,0.7419,High Risk,32,106.35,3520.75,Champions,3227.35,Premium,Yes,Critical,Personal Relationship Manager
3413-DHLPB,0.3528,Low Risk,60,103.75,5969.95,Champions,5969.95,Premium,No,Low,No Action Needed
7649-PHJVR,0.0725,Low Risk,11,19.5,226.8,Inactive,75.6,Low Value,No,Low,No Action Needed
6114-TCFID,0.1333,Low Risk,29,39.5,1082.75,At Risk,541.38,Medium Value,No,Low,No Action Needed
3787-TRIAL,0.5262,Medium Risk,21,26.05,565.75,Inactive,188.58,Medium Value,No,Medium,SMS Reminder
2573-GYRUU,0.74,High Risk,48,91.05,4370.75,Champions,3642.29,Premium,No,Critical,Personal Relationship Manager
5156-UMKOW,0.5678,Medium Risk,3,29.65,90.05,Inactive,22.51,Low Value,No,Medium,SMS Reminder
1247-QBVSH,0.2088,Low Risk,43,50.2,2169.4,At Risk,1265.48,High Value,No,Low,No Action Needed
6734-GMPVK,0.8719,High Risk,5,105.3,550.6,Loyal Customers,412.95,Medium Value,No,High,Discount Offer
9822-OAOVB,0.8458,High Risk,1,55.45,55.45,Inactive,23.1,Low Value,No,High,Email Campaign
6161-ERDGD,0.1962,Low Risk,71,85.45,6300.85,Champions,5775.78,Premium,No,Low,No Action Needed
1226-JZNKR,0.0987,Low Risk,8,19.8,160.05,Inactive,40.01,Low Value,No,Low,No Action Needed
7318-EIVKO,0.6817,Medium Risk,8,59.25,436.6,Inactive,181.92,Medium Value,No,Medium,SMS Reminder
3771-PZOBW,0.6892,Medium Risk,20,90.7,1781.35,Loyal Customers,1336.01,High Value,No,High,Loyalty Reward
5136-KCKGI,0.4634,Medium Risk,33,103.7,3467.0,Champions,3178.08,Premium,Yes,High,Loyalty Reward
8231-BSWXX,0.0459,Low Risk,71,79.05,5552.5,Loyal Customers,4164.38,Premium,No,Low,No Action Needed
6486-LHTMA,0.4248,Medium Risk,31,90.7,2835.5,Champions,2362.92,High Value,No,High,Loyalty Reward
4083-BFNYK,0.3351,Low Risk,38,95.0,3591.25,Champions,2992.71,High Value,No,Low,No Action Needed
3722-WPXTK,0.9458,High Risk,1,88.35,88.35,At Risk,44.18,Low Value,Yes,High,Email Campaign
7389-KBFIT,0.6453,Medium Risk,2,30.25,63.75,Inactive,15.94,Low Value,No,Medium,SMS Reminder
7176-WIONM,0.5799,Medium Risk,12,49.85,617.15,At Risk,308.58,Medium Value,No,Medium,SMS Reminder
5141-ZUVBH,0.6927,Medium Risk,9,93.0,870.25,Loyal Customers,580.17,Medium Value,No,Medium,SMS Reminder
1089-HDMKP,0.3549,Low Risk,11,54.55,601.25,At Risk,300.62,Medium Value,No,Low,No Action Needed
7623-HKYRK,0.2682,Low Risk,6,19.7,111.65,Inactive,27.91,Low Value,No,Low,No Action Needed
0310-SUCIN,0.068,Low Risk,71,84.8,6046.1,Champions,5542.26,Premium,No,Low,No Action Needed
5197-PYEPU,0.1599,Low Risk,42,94.45,3923.8,Champions,3269.83,Premium,No,Low,No Action Needed
2929-ERCFZ,0.8756,High Risk,8,94.2,777.3,Loyal Customers,518.2,Medium Value,Yes,High,Discount Offer
7548-SEPYI,0.8942,High Risk,5,96.25,512.45,Loyal Customers,341.63,Medium Value,Yes,High,Discount Offer
8835-VSDSE,0.8359,High Risk,2,70.7,141.45,Inactive,58.94,Low Value,Yes,High,Email Campaign
6619-RPLQZ,0.0226,Low Risk,45,20.85,892.15,Inactive,371.73,Medium Value,No,Low,No Action Needed
3275-RHRNE,0.2405,Low Risk,28,60.0,1682.05,At Risk,981.2,High Value,No,Low,No Action Needed
3503-TYDAY,0.5416,Medium Risk,43,80.45,3398.9,Loyal Customers,2265.93,High Value,No,High,Loyalty Reward
6901-GOGZG,0.0597,Low Risk,60,84.95,4984.85,Champions,4569.45,Premium,No,Low,No Action Needed
1623-NLDOT,0.1659,Low Risk,42,33.55,1445.3,At Risk,722.65,Medium Value,Yes,Low,No Action Needed
7021-XSNYE,0.0461,Low Risk,7,49.65,305.55,At Risk,152.78,Low Value,No,Low,No Action Needed
9621-OUPYD,0.0648,Low Risk,25,20.2,507.9,Inactive,169.3,Medium Value,No,Low,No Action Needed
9898-KZQDZ,0.7356,High Risk,40,94.55,3640.45,Champions,3033.71,Premium,Yes,Critical,Personal Relationship Manager
8982-NHAVY,0.4727,Medium Risk,27,100.5,2673.45,Loyal Customers,2005.09,High Value,No,High,Loyalty Reward
4307-KWMXE,0.3662,Low Risk,10,35.75,389.8,At Risk,194.9,Medium Value,No,Low,No Action Needed
0141-YEAYS,0.6685,Medium Risk,27,86.45,2401.05,Loyal Customers,1600.7,High Value,No,High,Loyalty Reward
2450-ZKEED,0.1442,Low Risk,11,53.8,651.55,At Risk,325.77,Medium Value,No,Low,No Action Needed
3694-DELSO,0.5095,Medium Risk,4,38.55,156.1,Inactive,65.04,Low Value,No,Medium,SMS Reminder
3893-JRNFS,0.3134,Low Risk,68,39.9,2796.35,Loyal Customers,1864.23,High Value,No,Low,No Action Needed
9603-OAIHC,0.9365,High Risk,1,70.05,70.05,Inactive,23.35,Low Value,No,High,Email Campaign
1133-KXCGE,0.0467,Low Risk,18,20.1,407.05,Inactive,135.68,Low Value,No,Low,No Action Needed
5236-PERKL,0.4158,Medium Risk,57,112.95,6465.0,Champions,6465.0,Premium,Yes,High,Loyalty Reward
0142-GVYSN,0.1971,Low Risk,26,20.3,511.25,Inactive,170.42,Medium Value,No,Low,No Action Needed
1049-FYSYG,0.4783,Medium Risk,17,35.65,646.05,At Risk,323.02,Medium Value,No,Medium,SMS Reminder
7854-FOKSF,0.85,High Risk,1,35.9,35.9,Inactive,11.97,Low Value,Yes,High,Email Campaign
2519-FAKOD,0.7258,High Risk,38,99.25,3777.15,Champions,3147.62,Premium,Yes,Critical,Personal Relationship Manager
8406-LNMHF,0.0992,Low Risk,59,82.95,4903.15,Champions,4085.96,Premium,No,Low,No Action Needed
1821-BUCWY,0.0479,Low Risk,30,55.65,1653.85,At Risk,964.75,High Value,No,Low,No Action Needed
8263-JQAIK,0.8039,High Risk,2,24.45,47.5,Inactive,11.88,Low Value,Yes,High,Email Campaign
0023-UYUPN,0.0793,Low Risk,50,25.2,1306.3,At Risk,653.15,Medium Value,No,Low,No Action Needed
8314-DPQHL,0.2362,Low Risk,9,50.8,463.6,At Risk,231.8,Medium Value,No,Low,No Action Needed
1465-WCZVT,0.3559,Low Risk,3,19.65,60.65,Inactive,15.16,Low Value,No,Low,No Action Needed
9481-SFCQY,0.4196,Medium Risk,14,59.8,824.85,At Risk,412.42,Medium Value,No,Medium,SMS Reminder
6360-SVNWV,0.4854,Medium Risk,31,73.55,2094.65,Loyal Customers,1396.43,High Value,No,High,Loyalty Reward
0567-GGCAC,0.3523,Low Risk,7,61.4,438.9,At Risk,219.45,Medium Value,No,Low,No Action Needed
7089-IVVAZ,0.8985,High Risk,8,103.35,847.3,Loyal Customers,635.47,Medium Value,Yes,High,Discount Offer
8884-MRNSU,0.101,Low Risk,17,19.9,329.75,Inactive,109.92,Low Value,No,Low,No Action Needed
2171-UDMFD,0.158,Low Risk,32,19.45,674.55,Inactive,281.06,Medium Value,No,Low,No Action Needed
9050-IKDZA,0.8617,High Risk,2,81.5,162.55,At Risk,81.28,Low Value,No,High,Email Campaign
2205-YMZZJ,0.9182,High Risk,7,84.8,546.95,At Risk,273.48,Medium Value,Yes,High,Discount Offer
9802-CAQUT,0.0119,Low Risk,72,109.55,7887.25,Champions,7887.25,Premium,No,Low,No Action Needed
1254-IZEYF,0.7865,High Risk,31,99.95,3186.65,Champions,2655.54,High Value,Yes,Critical,Personal Relationship Manager
0187-WZNAB,0.3776,Low Risk,27,74.4,1972.35,At Risk,1150.54,High Value,No,Low,No Action Needed
9492-TOKRI,0.7234,High Risk,18,90.0,1527.35,Loyal Customers,1145.51,High Value,Yes,Critical,Personal Relationship Manager
1475-VWVDO,0.7972,High Risk,7,74.9,490.55,At Risk,245.28,Medium Value,No,High,Discount Offer
9221-OTIVJ,0.892,High Risk,14,104.85,1531.4,Champions,1276.17,High Value,Yes,Critical,Personal Relationship Manager
1357-MVDOZ,0.4333,Medium Risk,11,59.65,683.25,At Risk,341.62,Medium Value,No,Medium,SMS Reminder
7602-MVRMB,0.027,Low Risk,72,110.45,8058.85,Champions,8058.85,Premium,No,Low,No Action Needed
3325-FUYCG,0.309,Low Risk,28,106.1,2847.4,Champions,2372.83,High Value,Yes,Low,No Action Needed
5908-QMGOE,0.8328,High Risk,15,74.2,1133.9,At Risk,661.44,Medium Value,Yes,High,Discount Offer
1197-BVMVG,0.89,High Risk,4,74.45,294.45,At Risk,147.22,Low Value,No,High,Email Campaign
5406-KGRMX,0.0226,Low Risk,71,24.55,1719.15,At Risk,1002.84,High Value,No,Low,No Action Needed
8481-YYXWG,0.8253,High Risk,5,89.35,461.7,At Risk,269.32,Medium Value,Yes,High,Discount Offer
5968-HYJRZ,0.0538,Low Risk,47,24.55,1160.45,At Risk,580.22,Medium Value,No,Low,No Action Needed
5198-EFNBM,0.3401,Low Risk,57,90.65,5199.8,Champions,4766.48,Premium,No,Low,No Action Needed
7516-GMHUV,0.4037,Medium Risk,50,105.05,5163.3,Champions,4733.02,Premium,No,High,Loyalty Reward
7140-ADSMJ,0.2306,Low Risk,8,20.45,162.3,Inactive,40.58,Low Value,No,Low,No Action Needed
2230-XTUWL,0.0264,Low Risk,48,19.55,883.35,Inactive,368.06,Medium Value,No,Low,No Action Needed
7706-YLMQA,0.0332,Low Risk,70,19.7,1341.5,At Risk,670.75,Medium Value,No,Low,No Action Needed
2585-KTFRE,0.623,Medium Risk,1,70.45,70.45,At Risk,41.1,Low Value,No,Medium,SMS Reminder
7994-UYIVZ,0.8995,High Risk,8,85.65,659.45,At Risk,329.72,Medium Value,No,High,Discount Offer
2609-IAICY,0.9471,High Risk,1,77.15,77.15,At Risk,38.58,Low Value,Yes,High,Email Campaign
1740-CSDJP,0.8538,High Risk,1,35.25,35.25,Inactive,8.81,Low Value,Yes,High,Email Campaign
7717-BICXI,0.0286,Low Risk,60,20.55,1205.05,At Risk,602.52,Medium Value,No,Low,No Action Needed
6559-RAKOZ,0.5048,Medium Risk,49,97.95,4917.9,Champions,4098.25,Premium,No,High,Loyalty Reward
2636-OHFMN,0.8335,High Risk,4,48.55,201.0,Inactive,83.75,Low Value,Yes,High,Email Campaign
4716-MRVEN,0.0371,Low Risk,29,20.0,599.3,Inactive,199.77,Medium Value,No,Low,No Action Needed
2143-LJULT,0.0228,Low Risk,67,25.25,1733.15,At Risk,1011.0,High Value,No,Low,No Action Needed
1323-OOEPC,0.6851,Medium Risk,53,98.4,5149.5,Champions,4291.25,Premium,Yes,High,Loyalty Reward
3200-MNQTF,0.0523,Low Risk,67,70.9,4677.1,Champions,4287.34,Premium,No,Low,No Action Needed
6164-HXUGH,0.2926,Low Risk,6,19.85,119.3,Inactive,29.82,Low Value,No,Low,No Action Needed
5630-IXDXV,0.7847,High Risk,47,106.35,4849.1,Champions,4445.01,Premium,No,Critical,Personal Relationship Manager
0320-DWVTU,0.1141,Low Risk,53,99.5,5424.25,Champions,4972.23,Premium,No,Low,No Action Needed
9135-MGVPY,0.0176,Low Risk,69,84.7,5878.9,Champions,5388.99,Premium,No,Low,No Action Needed
1212-GLHMD,0.7016,High Risk,3,86.05,244.85,At Risk,122.42,Low Value,No,High,Email Campaign
7878-JGDKK,0.5724,Medium Risk,4,44.55,220.75,Inactive,73.58,Low Value,No,Medium,SMS Reminder
1088-AUUZZ,0.0396,Low Risk,56,75.85,4261.2,Champions,3906.1,Premium,No,Low,No Action Needed
0397-GZBBC,0.6906,Medium Risk,59,93.85,5574.75,Champions,5110.19,Premium,Yes,High,Loyalty Reward
6614-YWYSC,0.0264,Low Risk,61,25.0,1501.75,At Risk,876.02,High Value,No,Low,No Action Needed
9588-OZDMQ,0.7756,High Risk,2,45.0,89.75,Inactive,29.92,Low Value,No,High,Email Campaign
7641-EUYET,0.6875,Medium Risk,46,100.7,4541.2,Champions,4162.77,Premium,Yes,High,Loyalty Reward
6476-EPYZR,0.1869,Low Risk,12,20.5,255.5,Inactive,85.17,Low Value,No,Low,No Action Needed
9921-ZVRHG,0.8561,High Risk,14,80.45,1072.0,At Risk,625.33,Medium Value,Yes,High,Discount Offer
1174-FGIFN,0.3294,Low Risk,28,90.45,2509.25,Loyal Customers,1881.94,High Value,No,Low,No Action Needed
6620-HVDUJ,0.1426,Low Risk,24,60.45,1440.75,At Risk,840.44,High Value,No,Low,No Action Needed
4701-MLJPN,0.2772,Low Risk,31,55.25,1715.65,At Risk,1000.8,High Value,Yes,Low,No Action Needed
1032-MAELW,0.2122,Low Risk,68,78.45,5333.35,Champions,4888.9,Premium,No,Low,No Action Needed
7641-TQFHN,0.107,Low Risk,39,100.55,3895.35,Champions,3246.12,Premium,No,Low,No Action Needed
1552-TKMXS,0.1208,Low Risk,42,20.35,869.9,Inactive,362.46,Medium Value,No,Low,No Action Needed
9206-GVPEQ,0.5652,Medium Risk,13,54.45,706.85,At Risk,412.33,Medium Value,Yes,Medium,SMS Reminder
8622-ZLFKO,0.9092,High Risk,6,90.75,512.25,Loyal Customers,341.5,Medium Value,No,High,Discount Offer
1596-BBVTG,0.5125,Medium Risk,35,75.35,2636.05,Loyal Customers,1757.37,High Value,Yes,High,Loyalty Reward
6188-UXBBR,0.0378,Low Risk,38,20.25,814.75,Inactive,339.48,Medium Value,No,Low,No Action Needed
2333-KWEWW,0.0313,Low Risk,18,20.05,388.6,Inactive,129.53,Low Value,No,Low,No Action Needed
5702-SKUOB,0.3119,Low Risk,4,19.6,93.45,Inactive,23.36,Low Value,No,Low,No Action Needed
1134-YWTYF,0.261,Low Risk,27,53.8,1389.85,At Risk,694.92,Medium Value,No,Low,No Action Needed
6061-GWWAV,0.1029,Low Risk,41,70.2,2894.55,Loyal Customers,1929.7,High Value,No,Low,No Action Needed
0679-TDGAK,0.1562,Low Risk,50,75.5,4025.6,Loyal Customers,3019.2,Premium,No,Low,No Action Needed
6585-WCEWR,0.0183,Low Risk,72,20.35,1354.4,At Risk,677.2,Medium Value,No,Low,No Action Needed
9067-YGSCA,0.0281,Low Risk,70,26.05,1856.4,At Risk,1082.9,High Value,No,Low,No Action Needed
9067-SQTNS,0.0457,Low Risk,44,20.6,926.0,Inactive,385.83,Medium Value,No,Low,No Action Needed
8433-WXGNA,0.7528,High Risk,2,75.7,189.2,At Risk,94.6,Low Value,Yes,High,Email Campaign
1776-SPBWV,0.0521,Low Risk,34,20.1,682.1,Inactive,284.21,Medium Value,No,Low,No Action Needed
8735-SDUFN,0.0138,Low Risk,72,24.3,1778.7,At Risk,1037.58,High Value,No,Low,No Action Needed
9668-PUGNU,0.027,Low Risk,71,24.5,1816.2,At Risk,1059.45,High Value,No,Low,No Action Needed
9405-GPBBG,0.1438,Low Risk,64,110.5,7069.25,Champions,7069.25,Premium,No,Low,No Action Needed
1926-QUZNN,0.0094,Low Risk,72,25.25,1841.2,At Risk,1074.03,High Value,No,Low,No Action Needed
3707-GNWHM,0.9338,High Risk,1,74.25,74.25,At Risk,37.12,Low Value,Yes,High,Email Campaign
7016-NVRIC,0.2266,Low Risk,29,90.1,2656.7,Loyal Customers,1992.52,High Value,No,Low,No Action Needed
5829-NVSQN,0.1288,Low Risk,23,68.75,1689.45,At Risk,985.51,High Value,No,Low,No Action Needed
9565-AXSMR,0.0286,Low Risk,52,19.2,1054.75,Inactive,439.48,Medium Value,No,Low,No Action Needed
8922-LIEGH,0.8071,High Risk,25,89.7,2187.55,Loyal Customers,1458.37,High Value,Yes,Critical,Personal Relationship Manager
8869-LIHMK,0.0839,Low Risk,64,115.1,7334.05,Champions,7334.05,Premium,No,Low,No Action Needed
8245-UMPYT,0.8771,High Risk,16,96.4,1581.2,Loyal Customers,1185.9,High Value,Yes,Critical,Personal Relationship Manager
5186-SAMNZ,0.9203,High Risk,1,69.5,69.5,Inactive,23.17,Low Value,Yes,High,Email Campaign
0447-RXSGD,0.8048,High Risk,24,99.65,2404.85,Loyal Customers,1803.64,High Value,No,Critical,Personal Relationship Manager
4927-WWOOZ,0.9146,High Risk,2,91.45,171.45,Loyal Customers,114.3,Low Value,No,High,Email Campaign
5788-YPOEG,0.046,Low Risk,34,84.75,2839.45,Champions,2366.21,High Value,No,Low,No Action Needed
5373-SFODM,0.778,High Risk,36,85.25,3132.75,Loyal Customers,2088.5,High Value,Yes,Critical,Personal Relationship Manager
0661-KBKPA,0.2614,Low Risk,53,78.75,3942.45,Champions,3285.38,Premium,No,Low,No Action Needed
9081-WWXKP,0.021,Low Risk,47,20.25,873.4,Inactive,363.92,Medium Value,No,Low,No Action Needed
0784-ZQJZX,0.0052,Low Risk,72,19.9,1529.65,At Risk,764.82,Medium Value,No,Low,No Action Needed
3133-PZNSR,0.0362,Low Risk,72,97.75,6991.6,Champions,6991.6,Premium,No,Low,No Action Needed
5766-ZJYBB,0.3978,Low Risk,1,19.4,19.4,Inactive,4.85,Low Value,Yes,Low,No Action Needed
8931-GJJIQ,0.875,High Risk,9,83.3,803.3,At Risk,401.65,Medium Value,Yes,High,Discount Offer
4277-PVRAN,0.8258,High Risk,8,80.1,679.3,At Risk,339.65,Medium Value,Yes,High,Discount Offer
0022-TCJCI,0.3171,Low Risk,45,62.7,2791.5,Loyal Customers,1861.0,High Value,Yes,Low,No Action Needed
0722-SVSFK,0.8548,High Risk,7,100.4,715.0,Loyal Customers,476.67,Medium Value,No,High,Discount Offer
3612-YVGSJ,0.0124,Low Risk,71,24.45,1681.6,At Risk,980.93,High Value,No,Low,No Action Needed
9825-YCXWZ,0.3103,Low Risk,41,101.1,4016.2,Champions,3346.83,Premium,No,Low,No Action Needed
5397-NSKQG,0.0865,Low Risk,67,50.9,3281.65,Loyal Customers,2187.77,High Value,No,Low,No Action Needed
8565-HBFNN,0.4043,Medium Risk,69,107.2,7317.1,Champions,7317.1,Premium,No,High,Loyalty Reward
2000-DHJUY,0.084,Low Risk,70,92.2,6474.45,Champions,6474.45,Premium,No,Low,No Action Needed
0203-HHYIJ,0.1857,Low Risk,25,25.3,676.35,Inactive,281.81,Medium Value,Yes,Low,No Action Needed
8670-ERCJH,0.0377,Low Risk,72,113.4,8164.1,Champions,8164.1,Premium,No,Low,No Action Needed
7758-UJWYS,0.0797,Low Risk,34,40.55,1325.85,At Risk,773.41,Medium Value,No,Low,No Action Needed
2050-ONYDQ,0.0245,Low Risk,65,26.0,1654.85,At Risk,965.33,High Value,No,Low,No Action Needed
7055-JCGNI,0.2283,Low Risk,70,111.95,7795.95,Champions,7795.95,Premium,No,Low,No Action Needed
0739-UUAJR,0.0499,Low Risk,72,53.8,3952.45,Loyal Customers,2964.34,High Value,No,Low,No Action Needed
4826-DXMUP,0.2715,Low Risk,35,72.1,2495.15,Loyal Customers,1871.36,High Value,No,Low,No Action Needed
0952-KMEEH,0.7642,High Risk,13,98.15,1230.25,Loyal Customers,922.69,High Value,Yes,Critical,Personal Relationship Manager
7285-KLOTR,0.3797,Low Risk,12,78.85,876.75,Loyal Customers,657.56,Medium Value,No,Low,No Action Needed
0654-PQKDW,0.0261,Low Risk,62,70.75,4263.45,Champions,3552.88,Premium,No,Low,No Action Needed
7175-NTIXE,0.2417,Low Risk,25,76.15,1992.95,Loyal Customers,1328.63,High Value,No,Low,No Action Needed
7963-SHNDT,0.0588,Low Risk,52,39.1,1982.1,At Risk,1156.22,High Value,No,Low,No Action Needed
9796-BPKIW,0.7407,High Risk,8,69.95,562.7,Inactive,187.57,Medium Value,No,High,Discount Offer
0188-GWFLE,0.3389,Low Risk,2,20.05,33.7,Inactive,8.43,Low Value,No,Low,No Action Needed
8129-GMVGI,0.0445,Low Risk,56,20.05,1090.1,At Risk,545.05,Medium Value,No,Low,No Action Needed
2882-DDZPG,0.3255,Low Risk,12,19.45,227.45,Inactive,75.82,Low Value,No,Low,No Action Needed
3547-LQRIK,0.0722,Low Risk,47,26.9,1250.85,At Risk,625.42,Medium Value,No,Low,No Action Needed
9137-NOQKA,0.2954,Low Risk,2,19.2,37.2,Inactive,9.3,Low Value,No,Low,No Action Needed
5843-TTHGI,0.347,Low Risk,18,50.0,892.7,At Risk,446.35,Medium Value,No,Low,No Action Needed
1849-RJYIG,0.5401,Medium Risk,8,60.0,487.75,Inactive,203.23,Medium Value,No,Medium,SMS Reminder
8868-GAGIO,0.363,Low Risk,45,84.55,3713.95,Loyal Customers,2785.46,High Value,No,Low,No Action Needed
4061-UKJWL,0.6817,Medium Risk,3,45.45,141.7,Inactive,47.23,Low Value,No,Medium,SMS Reminder
5380-XPJNZ,0.0367,Low Risk,38,20.05,678.2,Inactive,282.58,Medium Value,No,Low,No Action Needed
8263-QMNTJ,0.0461,Low Risk,72,115.55,8425.3,Champions,8425.3,Premium,No,Low,No Action Needed
8178-EYZUO,0.5808,Medium Risk,46,93.7,4154.8,Champions,3462.33,Premium,Yes,High,Loyalty Reward
3230-JCNZS,0.0472,Low Risk,71,99.0,7061.65,Champions,7061.65,Premium,No,Low,No Action Needed
0277-ORXQS,0.0179,Low Risk,66,50.55,3364.55,Loyal Customers,2243.03,High Value,No,Low,No Action Needed
5130-IEKQT,0.7766,High Risk,25,105.95,2655.25,Champions,2212.71,High Value,Yes,Critical,Personal Relationship Manager
3230-WYKIR,0.4369,Medium Risk,18,82.0,1425.45,Loyal Customers,1069.09,High Value,Yes,High,Loyalty Reward
7996-BPXHY,0.0853,Low Risk,13,25.0,332.5,Inactive,138.54,Low Value,No,Low,No Action Needed
3227-WLKLI,0.0408,Low Risk,65,91.55,5963.95,Champions,5963.95,Premium,No,Low,No Action Needed
0407-BDJKB,0.5696,Medium Risk,60,95.75,5742.9,Champions,5264.32,Premium,Yes,High,Loyalty Reward
2266-FUBDZ,0.0577,Low Risk,15,19.35,278.85,Inactive,92.95,Low Value,No,Low,No Action Needed
8237-ULIXL,0.0098,Low Risk,72,24.85,1871.85,At Risk,1091.91,High Value,No,Low,No Action Needed
9600-UDOPK,0.7239,High Risk,30,94.05,2866.45,Champions,2388.71,High Value,Yes,Critical,Personal Relationship Manager
8216-AZUUZ,0.1126,Low Risk,42,100.4,4303.65,Champions,3586.38,Premium,No,Low,No Action Needed
9153-BTBVV,0.0108,Low Risk,71,25.0,1753.0,At Risk,1022.58,High Value,No,Low,No Action Needed
4074-SJFFA,0.8068,High Risk,1,54.75,54.75,Inactive,22.81,Low Value,Yes,High,Email Campaign
3269-ATYWD,0.7552,High Risk,39,95.65,3759.05,Champions,3132.54,Premium,Yes,Critical,Personal Relationship Manager
5186-PEIZU,0.0767,Low Risk,35,19.25,617.65,Inactive,257.35,Medium Value,No,Low,No Action Needed
1074-AMIOH,0.4406,Medium Risk,53,108.25,5935.1,Champions,5440.51,Premium,No,High,Loyalty Reward
4910-GMJOT,0.9678,High Risk,1,94.6,94.6,Loyal Customers,63.07,Low Value,Yes,High,Email Campaign
0354-WYROK,0.7106,High Risk,31,98.9,2911.3,Champions,2426.08,High Value,Yes,Critical,Personal Relationship Manager
4361-FEBGN,0.0202,Low Risk,48,20.15,982.95,Inactive,409.56,Medium Value,No,Low,No Action Needed
7748-UMTRK,0.7619,High Risk,30,101.3,2974.5,Champions,2478.75,High Value,No,Critical,Personal Relationship Manager
0380-ZCSBI,0.2323,Low Risk,10,20.0,198.7,Inactive,66.23,Low Value,No,Low,No Action Needed
7145-FEJWU,0.7954,High Risk,12,105.3,1275.65,Champions,1063.04,High Value,No,Critical,Personal Relationship Manager
6463-MVYRY,0.0309,Low Risk,57,69.85,4003.0,Loyal Customers,3002.25,High Value,No,Low,No Action Needed
3969-JQABI,0.1985,Low Risk,58,65.25,3791.6,Loyal Customers,2843.7,High Value,No,Low,No Action Needed
9624-EGDEQ,0.03,Low Risk,37,19.8,813.3,Inactive,338.88,Medium Value,No,Low,No Action Needed
1051-EQPZR,0.1379,Low Risk,44,19.6,780.25,Inactive,325.1,Medium Value,No,Low,No Action Needed
5849-ASHZJ,0.0393,Low Risk,27,20.05,552.9,Inactive,184.3,Medium Value,No,Low,No Action Needed
5780-INQIK,0.5668,Medium Risk,8,49.4,408.25,Inactive,170.1,Medium Value,No,Medium,SMS Reminder
7576-OYWBN,0.8923,High Risk,3,76.05,231.8,At Risk,115.9,Low Value,Yes,High,Email Campaign
4526-ZJJTM,0.5528,Medium Risk,25,88.4,2191.15,Loyal Customers,1460.77,High Value,No,High,Loyalty Reward
8384-FZBJK,0.6445,Medium Risk,57,100.6,5611.7,Champions,5144.06,Premium,No,High,Loyalty Reward
3750-RNQKR,0.2486,Low Risk,12,19.45,246.25,Inactive,82.08,Low Value,No,Low,No Action Needed
0962-CQPWQ,0.0125,Low Risk,62,20.3,1296.15,At Risk,648.08,Medium Value,No,Low,No Action Needed
3096-YXENJ,0.1675,Low Risk,65,107.65,7082.85,Champions,7082.85,Premium,No,Low,No Action Needed
1265-BCFEO,0.0342,Low Risk,71,80.45,5662.25,Champions,5190.4,Premium,No,Low,No Action Needed
5837-LXSDN,0.1783,Low Risk,21,58.85,1215.45,At Risk,607.72,Medium Value,No,Low,No Action Needed
5945-AZYHT,0.2341,Low Risk,71,109.6,7854.15,Champions,7854.15,Premium,No,Low,No Action Needed
8325-QRPZR,0.8049,High Risk,7,75.15,525.0,At Risk,262.5,Medium Value,No,High,Discount Offer
6384-VMJHP,0.0167,Low Risk,72,73.0,5265.2,Champions,4826.43,Premium,No,Low,No Action Needed
2262-SLNVK,0.912,High Risk,1,70.1,70.1,Inactive,23.37,Low Value,No,High,Email Campaign
7730-CLDSV,0.0551,Low Risk,72,98.65,7129.45,Champions,7129.45,Premium,No,Low,No Action Needed
1135-HIORI,0.1078,Low Risk,64,111.45,7266.95,Champions,7266.95,Premium,No,Low,No Action Needed
0164-APGRB,0.0405,Low Risk,72,114.9,8496.7,Champions,8496.7,Premium,No,Low,No Action Needed
6481-ESCNL,0.5744,Medium Risk,29,100.55,2878.75,Loyal Customers,2159.06,High Value,No,High,Loyalty Reward
1790-NESIO,0.0298,Low Risk,13,20.4,261.3,Inactive,87.1,Low Value,No,Low,No Action Needed
1550-EENBN,0.5577,Medium Risk,31,104.35,3205.6,Champions,2938.47,High Value,No,High,Loyalty Reward
5539-TMZLF,0.9413,High Risk,1,69.75,69.75,Inactive,23.25,Low Value,Yes,High,Email Campaign
4323-SADQS,0.4398,Medium Risk,7,34.5,279.25,Inactive,93.08,Low Value,Yes,Medium,SMS Reminder
4446-BZKHU,0.6638,Medium Risk,61,105.55,6281.45,Champions,6281.45,Premium,Yes,High,Loyalty Reward
5202-IVJNU,0.3921,Low Risk,39,30.1,1131.3,Inactive,471.38,Medium Value,Yes,Low,No Action Needed
5976-JCJRH,0.7802,High Risk,10,70.3,738.2,Inactive,307.58,Medium Value,Yes,High,Discount Offer
8198-RKSZG,0.4136,Medium Risk,14,80.45,1137.05,Loyal Customers,852.79,High Value,No,High,Loyalty Reward
0137-OCGAB,0.9387,High Risk,1,80.2,80.2,At Risk,40.1,Low Value,Yes,High,Email Campaign
3351-NQLDI,0.3894,Low Risk,67,94.35,6341.45,Champions,5813.0,Premium,Yes,Low,No Action Needed
9297-EONCV,0.0165,Low Risk,72,91.35,6697.2,Champions,6697.2,Premium,No,Low,No Action Needed
7593-JNWRU,0.5184,Medium Risk,6,44.6,260.8,Inactive,86.93,Low Value,Yes,Medium,SMS Reminder
4588-YBNIB,0.6813,Medium Risk,1,19.6,19.6,Inactive,4.9,Low Value,Yes,Medium,SMS Reminder
1069-QJOEE,0.0619,Low Risk,25,19.9,505.45,Inactive,168.48,Medium Value,No,Low,No Action Needed
3336-JORSO,0.7003,High Risk,33,110.45,3655.45,Champions,3350.83,Premium,Yes,Critical,Personal Relationship Manager
7799-DSEWS,0.3139,Low Risk,18,68.35,1299.8,At Risk,758.22,Medium Value,No,Low,No Action Needed
8766-PAFNE,0.0206,Low Risk,71,79.1,5564.85,Champions,5101.11,Premium,No,Low,No Action Needed
5315-CKEQK,0.1673,Low Risk,28,51.0,1381.8,At Risk,690.9,Medium Value,No,Low,No Action Needed
3130-ICDUP,0.6717,Medium Risk,2,80.55,188.1,At Risk,94.05,Low Value,No,Medium,SMS Reminder
0820-FNRNX,0.2315,Low Risk,17,66.7,1077.05,At Risk,628.28,Medium Value,No,Low,No Action Needed
0880-FVFWF,0.4719,Medium Risk,56,86.4,4922.4,Champions,4102.0,Premium,No,High,Loyalty Reward
4611-ANLQC,0.2168,Low Risk,60,50.05,2911.5,Loyal Customers,2183.62,High Value,No,Low,No Action Needed
4213-HKBJO,0.0589,Low Risk,33,25.7,826.1,At Risk,413.05,Medium Value,No,Low,No Action Needed
2792-LSHWX,0.7395,High Risk,1,83.4,83.4,At Risk,48.65,Low Value,No,High,Email Campaign
5028-GZLDO,0.7666,High Risk,2,70.7,140.7,Inactive,58.62,Low Value,Yes,High,Email Campaign
0014-BMAQU,0.0395,Low Risk,63,84.65,5377.8,Champions,4481.5,Premium,No,Low,No Action Needed
6861-XWTWQ,0.9568,High Risk,7,99.25,665.45,Loyal Customers,443.63,Medium Value,Yes,High,Discount Offer
9018-PCIOK,0.0369,Low Risk,55,64.75,3617.1,Loyal Customers,2411.4,High Value,No,Low,No Action Needed
4837-QUSFT,0.1166,Low Risk,65,100.15,6643.5,Champions,6643.5,Premium,No,Low,No Action Needed
6877-TJMBR,0.7821,High Risk,1,84.8,84.8,At Risk,42.4,Low Value,Yes,High,Email Campaign
9953-ZMKSM,0.0214,Low Risk,63,25.25,1559.3,At Risk,909.59,High Value,No,Low,No Action Needed
0907-HQNTS,0.1248,Low Risk,70,113.0,7987.6,Champions,7987.6,Premium,No,Low,No Action Needed
7665-NKLAV,0.0622,Low Risk,36,40.65,1547.35,At Risk,902.62,High Value,No,Low,No Action Needed
6769-DCQLI,0.5649,Medium Risk,52,105.0,5426.85,Champions,4974.61,Premium,Yes,High,Loyalty Reward
2433-KMEAS,0.5865,Medium Risk,22,54.45,1127.35,At Risk,563.67,Medium Value,Yes,Medium,SMS Reminder
4391-LNRXK,0.4158,Medium Risk,22,94.95,2142.8,Loyal Customers,1607.1,High Value,No,High,Loyalty Reward
8250-ZNGGW,0.5307,Medium Risk,5,59.9,287.85,At Risk,143.93,Low Value,No,Medium,SMS Reminder
2195-ZRVAX,0.6752,Medium Risk,47,85.3,4045.65,Loyal Customers,2697.1,High Value,Yes,High,Loyalty Reward
3550-SAHFP,0.7833,High Risk,33,83.35,2757.85,Loyal Customers,1838.57,High Value,Yes,Critical,Personal Relationship Manager
2011-TRQYE,0.4704,Medium Risk,18,33.5,600.0,Inactive,250.0,Medium Value,Yes,Medium,SMS Reminder
8562-GHPPI,0.499,Medium Risk,1,19.8,19.8,Inactive,4.95,Low Value,No,Medium,SMS Reminder
5893-PYOLZ,0.0353,Low Risk,56,81.8,4534.45,Champions,4156.58,Premium,No,Low,No Action Needed
4986-MXSFP,0.2756,Low Risk,2,20.0,40.9,Inactive,10.22,Low Value,No,Low,No Action Needed
6131-FOYAS,0.3075,Low Risk,35,59.6,2094.9,Loyal Customers,1396.6,High Value,No,Low,No Action Needed
3027-YNWZU,0.0271,Low Risk,64,25.0,1584.8,At Risk,924.47,High Value,No,Low,No Action Needed
5609-IMCGG,0.6647,Medium Risk,15,84.35,1302.65,Loyal Customers,868.43,High Value,No,High,Loyalty Reward
4873-ILOLJ,0.747,High Risk,24,90.35,2238.5,Loyal Customers,1492.33,High Value,Yes,Critical,Personal Relationship Manager
4727-MCYZG,0.7596,High Risk,1,55.55,55.55,Inactive,23.15,Low Value,No,High,Email Campaign
9481-WHGWY,0.0345,Low Risk,70,75.35,5437.75,Champions,4531.46,Premium,No,Low,No Action Needed
2725-KXXWT,0.9468,High Risk,1,90.75,90.75,At Risk,52.94,Low Value,Yes,High,Email Campaign
9565-DJPIB,0.8622,High Risk,4,89.6,365.65,At Risk,213.3,Medium Value,Yes,High,Discount Offer
4328-VUFWD,0.1579,Low Risk,39,59.3,2209.15,At Risk,1288.67,High Value,No,Low,No Action Needed
3301-LSLWQ,0.2929,Low Risk,29,66.1,1912.15,At Risk,1115.42,High Value,No,Low,No Action Needed
7473-ZBDSN,0.0089,Low Risk,14,18.8,255.55,Inactive,85.18,Low Value,No,Low,No Action Needed
3166-PNEOF,0.0494,Low Risk,61,86.45,5175.3,Champions,4744.02,Premium,No,Low,No Action Needed
5639-NTUPK,0.3987,Low Risk,13,52.1,670.65,At Risk,335.32,Medium Value,No,Low,No Action Needed
8780-YRMTT,0.0395,Low Risk,66,47.4,3177.25,Loyal Customers,2382.94,High Value,No,Low,No Action Needed
8348-HFYIV,0.8584,High Risk,2,49.25,90.35,Inactive,37.65,Low Value,Yes,High,Email Campaign
5140-FOMCQ,0.5083,Medium Risk,59,109.15,6557.75,Champions,6557.75,Premium,No,High,Loyalty Reward
6242-SGYTS,0.142,Low Risk,62,94.95,5791.85,Champions,5309.2,Premium,No,Low,No Action Needed
8166-ORCHU,0.2424,Low Risk,33,93.55,3055.5,Champions,2546.25,High Value,No,Low,No Action Needed
8414-OOEEL,0.027,Low Risk,66,79.5,5196.1,Champions,4763.09,Premium,No,Low,No Action Needed
8454-AATJP,0.0329,Low Risk,72,115.05,8405.0,Champions,8405.0,Premium,No,Low,No Action Needed
6849-WLEYG,0.5863,Medium Risk,1,19.75,19.75,Inactive,4.94,Low Value,Yes,Medium,SMS Reminder
4659-NZRUF,0.7544,High Risk,19,95.15,1789.25,Loyal Customers,1341.94,High Value,Yes,Critical,Personal Relationship Manager
4531-AUZNK,0.1065,Low Risk,51,95.15,5000.05,Champions,4166.71,Premium,No,Low,No Action Needed
4191-XOVOM,0.479,Medium Risk,63,105.4,6713.2,Champions,6713.2,Premium,No,High,Loyalty Reward
2150-OEGBV,0.0546,Low Risk,27,20.1,562.6,Inactive,187.53,Medium Value,No,Low,No Action Needed
8429-XIBUM,0.7455,High Risk,22,101.35,2317.1,Loyal Customers,1737.82,High Value,Yes,Critical,Personal Relationship Manager
1855-CFULU,0.3375,Low Risk,4,20.05,91.45,Inactive,22.86,Low Value,No,Low,No Action Needed
4878-BUNFV,0.0203,Low Risk,42,20.7,828.85,Inactive,345.35,Medium Value,No,Low,No Action Needed
1872-EBWSC,0.0371,Low Risk,29,20.35,617.35,Inactive,205.78,Medium Value,No,Low,No Action Needed
2608-BHKFN,0.784,High Risk,4,70.05,266.9,Inactive,88.97,Low Value,Yes,High,Email Campaign
7026-YMSBE,0.0453,Low Risk,30,19.7,625.05,Inactive,260.44,Medium Value,No,Low,No Action Needed
7341-LXCAF,0.887,High Risk,4,74.65,301.4,At Risk,150.7,Low Value,Yes,High,Email Campaign
6997-UVGOX,0.0115,Low Risk,71,85.45,6029.9,Champions,5527.41,Premium,No,Low,No Action Needed
9674-EHPPG,0.061,Low Risk,46,40.4,1842.7,At Risk,1074.91,High Value,No,Low,No Action Needed
9462-MJUAW,0.6882,Medium Risk,4,50.4,206.6,Inactive,86.08,Low Value,Yes,Medium,SMS Reminder
8128-YVJRG,0.6741,Medium Risk,7,79.65,604.7,At Risk,302.35,Medium Value,Yes,Medium,SMS Reminder
5440-VHLUL,0.6349,Medium Risk,69,105.2,7386.05,Champions,7386.05,Premium,No,High,Loyalty Reward
5781-BKHOP,0.0288,Low Risk,72,100.65,7334.05,Champions,7334.05,Premium,No,Low,No Action Needed
4283-FUTGF,0.7959,High Risk,19,79.85,1471.75,At Risk,858.52,High Value,Yes,Critical,Personal Relationship Manager
5213-TWWJU,0.4537,Medium Risk,28,91.0,2626.15,Loyal Customers,1969.61,High Value,No,High,Loyalty Reward
1569-TTNYJ,0.8543,High Risk,5,78.75,412.1,At Risk,206.05,Medium Value,Yes,High,Discount Offer
8628-MFKAX,0.0431,Low Risk,72,116.75,8277.05,Champions,8277.05,Premium,No,Low,No Action Needed
2397-BRLOM,0.8106,High Risk,8,80.45,583.45,At Risk,291.73,Medium Value,Yes,High,Discount Offer
7629-WIXZF,0.2164,Low Risk,7,59.1,369.25,Inactive,153.85,Low Value,No,Low,No Action Needed
5445-GLVOT,0.5438,Medium Risk,22,49.8,1049.05,At Risk,524.52,Medium Value,No,Medium,SMS Reminder
3976-HXHCE,0.0053,Low Risk,72,19.3,1414.8,At Risk,707.4,Medium Value,No,Low,No Action Needed
2466-NEJOJ,0.2376,Low Risk,8,19.65,169.75,Inactive,42.44,Low Value,No,Low,No Action Needed
0254-KCJGT,0.2242,Low Risk,52,81.4,4354.45,Champions,3628.71,Premium,No,Low,No Action Needed
5472-CVMDX,0.022,Low Risk,68,38.9,2719.2,Loyal Customers,1812.8,High Value,No,Low,No Action Needed
6461-SZMCV,0.0225,Low Risk,71,87.95,6365.35,Champions,5834.9,Premium,No,Low,No Action Needed
8150-QUDFX,0.3654,Low Risk,2,19.85,51.6,Inactive,12.9,Low Value,No,Low,No Action Needed
9508-ILZDG,0.6772,Medium Risk,34,96.35,3190.25,Champions,2658.54,High Value,No,High,Loyalty Reward
2346-DJQTB,0.5503,Medium Risk,35,24.15,812.5,Inactive,338.54,Medium Value,No,Medium,SMS Reminder
1697-LYYYX,0.0399,Low Risk,61,19.1,1143.8,At Risk,571.9,Medium Value,No,Low,No Action Needed
1942-OQFRW,0.7922,High Risk,1,44.0,44.0,Inactive,14.67,Low Value,No,High,Email Campaign
4749-VFKVB,0.8363,High Risk,1,50.1,50.1,Inactive,20.88,Low Value,Yes,High,Email Campaign
9640-ZSLDC,0.2659,Low Risk,53,60.6,3297.0,At Risk,1923.25,High Value,No,Low,No Action Needed
4231-LZUYM,0.0096,Low Risk,72,25.65,1887.0,At Risk,1100.75,High Value,No,Low,No Action Needed
7598-UAASY,0.8266,High Risk,2,76.4,151.8,At Risk,75.9,Low Value,Yes,High,Email Campaign
7938-OUHIO,0.8708,High Risk,3,98.7,293.65,Loyal Customers,195.77,Medium Value,Yes,High,Discount Offer
8510-AWCXC,0.7915,High Risk,13,100.8,1308.1,Loyal Customers,981.08,High Value,Yes,Critical,Personal Relationship Manager
6128-AQBMT,0.7027,High Risk,41,53.95,2215.4,Loyal Customers,1476.93,High Value,No,Critical,Personal Relationship Manager
3594-BDSOA,0.0431,Low Risk,24,20.4,482.8,Inactive,160.93,Low Value,No,Low,No Action Needed
0431-APWVY,0.3053,Low Risk,28,90.1,2598.95,Loyal Customers,1732.63,High Value,Yes,Low,No Action Needed
5133-VRSAB,0.5181,Medium Risk,8,29.35,216.45,Inactive,54.11,Low Value,No,Medium,SMS Reminder
5996-DAOQL,0.6401,Medium Risk,1,20.45,20.45,Inactive,5.11,Low Value,No,Medium,SMS Reminder
6838-YAUVY,0.2061,Low Risk,54,95.1,5064.85,Champions,4220.71,Premium,No,Low,No Action Needed
0484-JPBRU,0.219,Low Risk,41,25.25,996.45,At Risk,498.22,Medium Value,No,Low,No Action Needed
7883-ROJOC,0.3093,Low Risk,19,44.9,839.65,Inactive,349.85,Medium Value,No,Low,No Action Needed
0244-LGNFY,0.0399,Low Risk,72,92.65,6733.0,Champions,6733.0,Premium,No,Low,No Action Needed
7274-CGTOD,0.0154,Low Risk,62,43.7,2618.3,Loyal Customers,1963.72,High Value,No,Low,No Action Needed
4295-YURET,0.0353,Low Risk,56,72.6,4084.35,Champions,3403.62,Premium,No,Low,No Action Needed
3426-NIYYL,0.6167,Medium Risk,15,51.55,765.5,At Risk,382.75,Medium Value,Yes,Medium,SMS Reminder
8225-BTJAU,0.8038,High Risk,10,79.25,793.55,At Risk,462.9,Medium Value,Yes,High,Discount Offer
4635-EJYPD,0.0074,Low Risk,32,18.95,613.95,Inactive,255.81,Medium Value,No,Low,No Action Needed
1866-ZSLJM,0.1277,Low Risk,21,20.5,402.85,Inactive,134.28,Low Value,No,Low,No Action Needed
4636-TVXVG,0.0216,Low Risk,62,19.95,1244.8,At Risk,622.4,Medium Value,No,Low,No Action Needed
4236-UJPWO,0.7436,High Risk,2,24.5,46.4,Inactive,11.6,Low Value,No,High,Email Campaign
9392-XBGTD,0.0216,Low Risk,27,20.6,581.85,Inactive,193.95,Medium Value,No,Low,No Action Needed
3387-VATUS,0.9404,High Risk,5,94.85,462.8,Loyal Customers,308.53,Medium Value,Yes,High,Discount Offer
6402-SSEJG,0.309,Low Risk,25,61.05,1540.2,At Risk,898.45,High Value,No,Low,No Action Needed
1143-NMNQJ,0.909,High Risk,2,85.7,169.8,At Risk,84.9,Low Value,Yes,High,Email Campaign
1169-SAOCL,0.5778,Medium Risk,49,106.65,5168.1,Champions,4737.42,Premium,No,High,Loyalty Reward
1110-KYLGQ,0.2747,Low Risk,63,108.25,6780.1,Champions,6780.1,Premium,No,Low,No Action Needed
9929-PLVPA,0.2556,Low Risk,4,20.4,94.5,Inactive,23.62,Low Value,No,Low,No Action Needed
3518-PZXZQ,0.8254,High Risk,1,55.3,55.3,Inactive,23.04,Low Value,No,High,Email Campaign
2371-JUNGC,0.2253,Low Risk,11,20.25,208.0,Inactive,69.33,Low Value,No,Low,No Action Needed
7693-QPEFS,0.5205,Medium Risk,52,72.95,3829.75,Loyal Customers,2553.17,High Value,No,High,Loyalty Reward
0924-BJCRC,0.3468,Low Risk,60,89.45,5294.6,Champions,4412.17,Premium,No,Low,No Action Needed
5074-FBGHB,0.5841,Medium Risk,64,104.65,6889.8,Champions,6889.8,Premium,No,High,Loyalty Reward
2351-BKRZW,0.0701,Low Risk,43,75.2,3254.35,Loyal Customers,2440.76,High Value,No,Low,No Action Needed
4455-BFSPD,0.1921,Low Risk,61,101.15,6383.9,Champions,5851.91,Premium,No,Low,No Action Needed
0415-MOSGF,0.7469,High Risk,1,44.4,44.4,Inactive,14.8,Low Value,Yes,High,Email Campaign
1724-BQUHA,0.8941,High Risk,5,89.5,477.7,At Risk,238.85,Medium Value,Yes,High,Discount Offer
3948-KXDUF,0.0304,Low Risk,66,68.75,4447.55,Champions,3706.29,Premium,No,Low,No Action Needed
2323-ARSVR,0.2816,Low Risk,67,111.05,7321.05,Champions,7321.05,Premium,No,Low,No Action Needed
0815-MFZGM,0.1478,Low Risk,42,99.0,4135.0,Champions,3445.83,Premium,No,Low,No Action Needed
4826-XTSOH,0.9607,High Risk,1,86.05,86.05,At Risk,43.02,Low Value,Yes,High,Email Campaign
5480-XTFFL,0.0325,Low Risk,31,21.0,697.7,Inactive,290.71,Medium Value,No,Low,No Action Needed
8295-FHIVV,0.3644,Low Risk,7,19.4,168.65,Inactive,42.16,Low Value,No,Low,No Action Needed
2495-INZWQ,0.8442,High Risk,4,44.55,174.3,Inactive,72.63,Low Value,Yes,High,Email Campaign
9086-YJYXS,0.2723,Low Risk,34,77.2,2753.8,Loyal Customers,2065.35,High Value,No,Low,No Action Needed
1179-INLAT,0.0761,Low Risk,3,19.45,69.25,Inactive,17.31,Low Value,No,Low,No Action Needed
7909-FIOIY,0.3423,Low Risk,19,24.85,434.8,Inactive,144.93,Low Value,No,Low,No Action Needed
4139-SUGLD,0.261,Low Risk,31,35.4,1077.5,At Risk,538.75,Medium Value,Yes,Low,No Action Needed
6857-VWJDT,0.9547,High Risk,1,95.65,95.65,Loyal Customers,63.77,Low Value,Yes,High,Email Campaign
6351-SCJKT,0.594,Medium Risk,3,41.35,107.25,Inactive,44.69,Low Value,No,Medium,SMS Reminder
5468-BPMMO,0.182,Low Risk,46,19.6,851.2,Inactive,354.67,Medium Value,No,Low,No Action Needed
5624-BQSSA,0.5956,Medium Risk,1,20.95,20.95,Inactive,5.24,Low Value,Yes,Medium,SMS Reminder
0197-PNKNK,0.091,Low Risk,69,84.45,5848.6,Champions,4873.83,Premium,No,Low,No Action Needed
2439-QKJUL,0.2858,Low Risk,5,20.25,109.8,Inactive,27.45,Low Value,No,Low,No Action Needed
1194-SPVSP,0.602,Medium Risk,1,19.65,19.65,Inactive,4.91,Low Value,No,Medium,SMS Reminder
9534-NSXEM,0.0365,Low Risk,26,20.65,595.5,Inactive,198.5,Medium Value,No,Low,No Action Needed
2408-WITXK,0.7638,High Risk,10,34.7,329.8,Inactive,109.93,Low Value,Yes,High,Email Campaign
8929-KSWIH,0.1869,Low Risk,25,99.3,2513.5,Loyal Customers,1885.12,High Value,No,Low,No Action Needed
2250-IVBWA,0.2112,Low Risk,64,81.05,5135.35,Loyal Customers,3851.51,Premium,No,Low,No Action Needed
1810-MVMAI,0.1377,Low Risk,30,67.6,2000.2,Loyal Customers,1500.15,High Value,No,Low,No Action Needed
9506-UXUSK,0.7802,High Risk,13,70.15,931.75,Inactive,388.23,Medium Value,No,High,Discount Offer
1229-RCALF,0.1815,Low Risk,64,115.0,7396.15,Champions,7396.15,Premium,No,Low,No Action Needed
3572-UOLYZ,0.3944,Low Risk,46,84.8,3958.85,Loyal Customers,2969.14,High Value,No,Low,No Action Needed
1429-UYJSV,0.0846,Low Risk,12,19.7,260.9,Inactive,86.97,Low Value,No,Low,No Action Needed
5577-OTWWW,0.3703,Low Risk,15,19.75,297.3,Inactive,99.1,Low Value,Yes,Low,No Action Needed
6100-QQHEB,0.8416,High Risk,17,92.55,1515.1,Loyal Customers,1136.32,High Value,Yes,Critical,Personal Relationship Manager
6366-XIVKZ,0.3203,Low Risk,13,63.15,816.8,At Risk,476.47,Medium Value,No,Low,No Action Needed
3470-OBUET,0.0825,Low Risk,67,74.0,4868.4,Champions,4462.7,Premium,No,Low,No Action Needed
2770-NSVDG,0.5801,Medium Risk,24,29.1,688.0,Inactive,229.33,Medium Value,No,Medium,SMS Reminder
9375-MHRRS,0.3933,Low Risk,6,50.05,288.35,Inactive,120.15,Low Value,No,Low,No Action Needed
2634-HCZGT,0.2008,Low Risk,53,60.05,3229.65,Loyal Customers,2153.1,High Value,Yes,Low,No Action Needed
7503-QQRVF,0.6676,Medium Risk,16,74.3,1178.25,At Risk,687.31,Medium Value,Yes,Medium,SMS Reminder
4860-YZGZM,0.3049,Low Risk,10,20.0,185.4,Inactive,61.8,Low Value,No,Low,No Action Needed
6599-GZWCM,0.1628,Low Risk,13,74.65,966.25,At Risk,563.65,Medium Value,No,Low,No Action Needed
2691-NZETQ,0.8832,High Risk,9,85.35,758.6,At Risk,379.3,Medium Value,Yes,High,Discount Offer
4404-HIBDJ,0.1699,Low Risk,25,74.3,1863.8,Loyal Customers,1397.85,High Value,Yes,Low,No Action Needed
5533-NHFRF,0.6627,Medium Risk,7,44.4,265.8,Inactive,110.75,Low Value,No,Medium,SMS Reminder
7037-MTYVW,0.0391,Low Risk,38,85.4,3297.0,Champions,2747.5,High Value,No,Low,No Action Needed
4760-THGOT,0.5582,Medium Risk,43,94.1,4107.3,Champions,3422.75,Premium,No,High,Loyalty Reward
7295-JOMMD,0.9023,High Risk,4,98.1,396.3,Loyal Customers,264.2,Medium Value,Yes,High,Discount Offer
4016-BJKTZ,0.2267,Low Risk,25,108.9,2809.05,Champions,2340.88,High Value,No,Low,No Action Needed
6584-VQMYT,0.0794,Low Risk,27,56.2,1567.55,At Risk,783.78,Medium Value,No,Low,No Action Needed
9838-BFCQT,0.0075,Low Risk,72,26.1,1851.45,At Risk,1080.01,High Value,No,Low,No Action Needed
2790-XUYMV,0.0381,Low Risk,71,85.45,6028.95,Champions,5024.12,Premium,No,Low,No Action Needed
0581-MDMPW,0.659,Medium Risk,24,88.95,2072.75,Loyal Customers,1381.83,High Value,No,High,Loyalty Reward
5013-SBUIH,0.368,Low Risk,50,109.65,5551.15,Champions,5088.55,Premium,Yes,Low,No Action Needed
1023-BQXZE,0.0474,Low Risk,57,74.35,4317.35,Champions,3597.79,Premium,No,Low,No Action Needed
9163-GHAYE,0.4428,Medium Risk,15,48.85,736.8,At Risk,368.4,Medium Value,No,Medium,SMS Reminder
3904-UKFRE,0.737,High Risk,4,80.1,336.15,At Risk,168.08,Medium Value,No,High,Discount Offer
5353-WILCI,0.2448,Low Risk,28,56.05,1522.65,At Risk,761.32,Medium Value,No,Low,No Action Needed
0709-TVGUR,0.8376,High Risk,9,74.55,622.9,At Risk,311.45,Medium Value,Yes,High,Discount Offer
0058-EVZWM,0.42,Medium Risk,55,89.8,4959.6,Loyal Customers,3719.7,Premium,No,High,Loyalty Reward
6023-YEBUP,0.9485,High Risk,3,100.95,329.95,Loyal Customers,219.97,Medium Value,Yes,High,Discount Offer
7209-JCUDS,0.8787,High Risk,10,94.9,1048.85,Loyal Customers,786.64,Medium Value,Yes,High,Discount Offer
7009-PCARS,0.0791,Low Risk,55,19.1,1001.5,Inactive,417.29,Medium Value,No,Low,No Action Needed
0519-DRGTI,0.1397,Low Risk,20,20.35,442.6,Inactive,147.53,Low Value,No,Low,No Action Needed
1017-FBQMM,0.2196,Low Risk,62,106.05,6703.5,Champions,6703.5,Premium,No,Low,No Action Needed
3001-CBHLQ,0.8011,High Risk,32,104.9,3351.55,Champions,3072.25,Premium,Yes,Critical,Personal Relationship Manager
1985-MBRYP,0.0337,Low Risk,43,19.65,779.25,Inactive,324.69,Medium Value,No,Low,No Action Needed
6158-DWPZT,0.3761,Low Risk,9,24.1,259.8,Inactive,64.95,Low Value,Yes,Low,No Action Needed
9372-TXXPS,0.0182,Low Risk,60,59.85,3483.45,Loyal Customers,2612.59,High Value,No,Low,No Action Needed
3259-QMXUN,0.0985,Low Risk,58,86.1,4890.5,Champions,4482.96,Premium,No,Low,No Action Needed
1015-JPFYW,0.0715,Low Risk,7,19.45,136.75,Inactive,34.19,Low Value,No,Low,No Action Needed
6645-MXQJT,0.7714,High Risk,2,97.1,184.15,Loyal Customers,122.77,Low Value,No,High,Email Campaign
4360-QRAVE,0.5226,Medium Risk,37,36.65,1315.0,At Risk,767.08,Medium Value,No,Medium,SMS Reminder
8433-WPJTV,0.2603,Low Risk,65,103.9,6767.1,Champions,6767.1,Premium,No,Low,No Action Needed
5804-JMYIO,0.0308,Low Risk,39,19.75,757.95,Inactive,315.81,Medium Value,No,Low,No Action Needed
3763-GCZHZ,0.6622,Medium Risk,66,104.05,6890.0,Champions,6890.0,Premium,Yes,High,Loyalty Reward
6484-LATFU,0.0159,Low Risk,68,24.55,1657.4,At Risk,966.82,High Value,No,Low,No Action Needed
7599-NTMDP,0.0164,Low Risk,62,48.7,3008.55,Loyal Customers,2256.41,High Value,No,Low,No Action Needed
0772-GYEQQ,0.8249,High Risk,3,88.35,262.05,At Risk,152.86,Low Value,Yes,High,Email Campaign
0536-ACXIP,0.027,Low Risk,72,109.55,8165.1,Champions,8165.1,Premium,No,Low,No Action Needed
0936-NQLJU,0.021,Low Risk,41,20.65,875.55,Inactive,364.81,Medium Value,No,Low,No Action Needed
4831-EOBFE,0.5295,Medium Risk,29,94.65,2649.15,Loyal Customers,1986.86,High Value,Yes,High,Loyalty Reward
1575-KRZZE,0.4857,Medium Risk,4,55.2,220.65,Inactive,91.94,Low Value,No,Medium,SMS Reminder
3251-YMVWZ,0.1107,Low Risk,53,24.05,1301.9,At Risk,650.95,Medium Value,No,Low,No Action Needed
4102-OQUPX,0.9501,High Risk,1,74.4,74.4,At Risk,37.2,Low Value,Yes,High,Email Campaign
9170-GYZJC,0.2551,Low Risk,41,79.9,3326.2,Champions,2771.83,High Value,Yes,Low,No Action Needed
4884-LEVMQ,0.024,Low Risk,39,20.45,790.0,Inactive,329.17,Medium Value,No,Low,No Action Needed
8857-CUPFQ,0.0075,Low Risk,63,19.25,1237.65,At Risk,618.83,Medium Value,No,Low,No Action Needed
7610-TVOPG,0.4102,Medium Risk,15,26.35,378.6,Inactive,157.75,Low Value,No,Medium,SMS Reminder
3638-DIMPH,0.1862,Low Risk,13,43.8,592.65,Inactive,246.94,Medium Value,No,Low,No Action Needed
1845-ZLLIG,0.7708,High Risk,1,50.15,50.15,Inactive,20.9,Low Value,No,High,Email Campaign
8559-WNQZS,0.0509,Low Risk,1,20.45,20.45,Inactive,5.11,Low Value,No,Low,No Action Needed
3999-QGRJH,0.7813,High Risk,8,69.7,560.85,Inactive,186.95,Medium Value,Yes,High,Discount Offer
1699-UOTXU,0.0544,Low Risk,60,61.4,3638.25,Loyal Customers,2728.69,High Value,No,Low,No Action Needed
2454-RPBRZ,0.9228,High Risk,12,98.1,1060.2,Loyal Customers,795.15,Medium Value,Yes,High,Discount Offer
0635-WKOLD,0.107,Low Risk,40,70.75,2921.75,Loyal Customers,2191.31,High Value,No,Low,No Action Needed
5993-JSUWV,0.0335,Low Risk,66,61.15,4017.45,Loyal Customers,3013.09,Premium,No,Low,No Action Needed
4518-FZBSX,0.0355,Low Risk,42,20.25,854.9,Inactive,356.21,Medium Value,No,Low,No Action Needed
5387-ASZNZ,0.1166,Low Risk,66,63.85,4174.35,Loyal Customers,3130.76,Premium,No,Low,No Action Needed
6988-CJEYV,0.6119,Medium Risk,49,98.7,4920.55,Champions,4100.46,Premium,No,High,Loyalty Reward
2002-MZHWP,0.5638,Medium Risk,1,20.5,20.5,Inactive,5.12,Low Value,Yes,Medium,SMS Reminder
3097-FQTVJ,0.0218,Low Risk,41,20.0,810.3,Inactive,337.62,Medium Value,No,Low,No Action Needed
5465-BUBFA,0.0258,Low Risk,41,19.3,772.4,Inactive,321.83,Medium Value,No,Low,No Action Needed
7299-GNVPL,0.4087,Medium Risk,23,84.4,1936.85,Loyal Customers,1291.23,High Value,No,High,Loyalty Reward
9743-DQKQW,0.7891,High Risk,3,25.1,79.8,Inactive,19.95,Low Value,No,High,Email Campaign
1215-VFYVK,0.615,Medium Risk,4,48.25,202.25,At Risk,101.12,Low Value,No,Medium,SMS Reminder
9371-BITHB,0.0394,Low Risk,52,19.85,1070.5,Inactive,446.04,Medium Value,No,Low,No Action Needed
2265-CYWIV,0.9046,High Risk,4,99.6,347.65,Loyal Customers,231.77,Medium Value,Yes,High,Discount Offer
9093-FPDLG,0.7324,High Risk,11,94.2,999.9,Loyal Customers,749.92,Medium Value,No,High,Discount Offer
0541-FITGH,0.5702,Medium Risk,2,62.15,113.1,Inactive,47.12,Low Value,No,Medium,SMS Reminder
6985-HAYWX,0.4117,Medium Risk,26,79.3,2015.8,At Risk,1175.88,High Value,No,High,Loyalty Reward
7508-KBIMB,0.1245,Low Risk,24,56.25,1454.25,At Risk,727.12,Medium Value,No,Low,No Action Needed
6838-HVLXG,0.2183,Low Risk,12,20.3,246.7,Inactive,82.23,Low Value,No,Low,No Action Needed
2277-DJJDL,0.5127,Medium Risk,60,99.0,6017.9,Champions,5516.41,Premium,No,High,Loyalty Reward
1897-OKVMW,0.0147,Low Risk,64,90.6,5817.45,Champions,5817.45,Premium,No,Low,No Action Needed
5485-ITNPC,0.0269,Low Risk,66,85.9,5595.3,Champions,5129.02,Premium,No,Low,No Action Needed
0233-FTHAV,0.0805,Low Risk,60,79.2,4765.0,Loyal Customers,3573.75,Premium,No,Low,No Action Needed
4644-PIZRT,0.1669,Low Risk,17,70.35,1201.65,At Risk,700.96,Medium Value,No,Low,No Action Needed
8922-NPKBJ,0.0438,Low Risk,42,19.35,867.3,Inactive,361.38,Medium Value,No,Low,No Action Needed
2740-TVLFN,0.7169,High Risk,1,50.15,50.15,Inactive,20.9,Low Value,No,High,Email Campaign
7771-CFQRQ,0.031,Low Risk,47,63.8,3007.25,Loyal Customers,2004.83,High Value,No,Low,No Action Needed
9512-PHSMG,0.1947,Low Risk,10,20.55,252.75,Inactive,84.25,Low Value,No,Low,No Action Needed
6963-EZQEE,0.0636,Low Risk,70,88.55,6306.5,Champions,5780.96,Premium,No,Low,No Action Needed
2452-KDRRH,0.6693,Medium Risk,67,101.4,6841.05,Champions,6270.96,Premium,No,High,Loyalty Reward
2004-OCQXK,0.9343,High Risk,1,81.95,81.95,At Risk,40.98,Low Value,Yes,High,Email Campaign
5027-QPKTE,0.7791,High Risk,7,69.35,451.1,Inactive,150.37,Low Value,Yes,High,Email Campaign
4146-SVFUD,0.7444,High Risk,1,44.6,44.6,Inactive,14.87,Low Value,No,High,Email Campaign
1564-HJUVY,0.5366,Medium Risk,4,63.75,226.2,At Risk,113.1,Low Value,No,Medium,SMS Reminder
3617-XLSGQ,0.0843,Low Risk,66,109.25,7082.5,Champions,7082.5,Premium,No,Low,No Action Needed
7517-LDMPS,0.7656,High Risk,12,84.6,1017.35,At Risk,593.45,Medium Value,No,High,Discount Offer
7244-KXYZN,0.0431,Low Risk,24,20.45,527.35,Inactive,175.78,Medium Value,No,Low,No Action Needed
5226-NOZFC,0.7037,High Risk,26,85.75,2146.5,At Risk,1252.12,High Value,No,Critical,Personal Relationship Manager
2672-HUYVI,0.8991,High Risk,6,91.1,455.3,At Risk,265.59,Medium Value,Yes,High,Discount Offer
1400-WIVLL,0.3684,Low Risk,57,107.95,5969.85,Champions,5969.85,Premium,No,Low,No Action Needed
7508-MYBOG,0.844,High Risk,14,86.1,1235.55,At Risk,720.74,Medium Value,Yes,High,Discount Offer
8148-NLEGT,0.0478,Low Risk,42,22.95,1014.25,At Risk,507.12,Medium Value,No,Low,No Action Needed
0148-DCDOS,0.7642,High Risk,25,94.7,2362.1,Loyal Customers,1771.57,High Value,Yes,Critical,Personal Relationship Manager
8347-GDTMP,0.0111,Low Risk,64,19.45,1225.65,At Risk,612.83,Medium Value,No,Low,No Action Needed
9992-RRAMN,0.7996,High Risk,22,85.1,1873.7,At Risk,1092.99,High Value,Yes,Critical,Personal Relationship Manager
6746-WAUWT,0.0499,Low Risk,19,19.7,386.5,Inactive,128.83,Low Value,No,Low,No Action Needed
0310-MVLET,0.5661,Medium Risk,61,99.15,6010.05,Champions,5509.21,Premium,Yes,High,Loyalty Reward
0428-IKYCP,0.5901,Medium Risk,22,87.0,1850.65,At Risk,1079.55,High Value,No,High,Loyalty Reward
4550-VBOFE,0.815,High Risk,70,102.95,7101.5,Champions,7101.5,Premium,Yes,Critical,Personal Relationship Manager
2187-PKZAY,0.6929,Medium Risk,12,79.95,1043.4,At Risk,608.65,Medium Value,No,Medium,SMS Reminder
4003-OCTMP,0.1531,Low Risk,31,64.0,1910.75,Loyal Customers,1273.83,High Value,No,Low,No Action Needed
6652-YFFJO,0.6305,Medium Risk,11,64.9,716.1,At Risk,358.05,Medium Value,No,Medium,SMS Reminder
7225-IILWY,0.0154,Low Risk,68,25.75,1686.15,At Risk,983.59,High Value,No,Low,No Action Needed
5248-RPYWW,0.0242,Low Risk,72,90.15,6716.45,Champions,6716.45,Premium,No,Low,No Action Needed
7923-IYJWY,0.3305,Low Risk,67,116.1,7839.85,Champions,7839.85,Premium,No,Low,No Action Needed
3170-GWYKC,0.4596,Medium Risk,60,104.95,6236.75,Champions,6236.75,Premium,No,High,Loyalty Reward
5696-QURRL,0.7759,High Risk,1,45.05,45.05,Inactive,15.02,Low Value,Yes,High,Email Campaign
7409-KIUTL,0.9307,High Risk,1,71.0,71.0,Inactive,29.58,Low Value,Yes,High,Email Campaign
9830-ECLEN,0.0763,Low Risk,58,50.0,2919.85,Loyal Customers,2189.89,High Value,No,Low,No Action Needed
1732-VHUBQ,0.6159,Medium Risk,47,70.55,3309.25,At Risk,1930.4,High Value,Yes,High,Loyalty Reward
0495-RVCBF,0.9335,High Risk,1,79.7,79.7,At Risk,39.85,Low Value,Yes,High,Email Campaign
2668-TZSPS,0.5606,Medium Risk,1,20.45,20.45,Inactive,5.11,Low Value,No,Medium,SMS Reminder
7854-EDSSA,0.3473,Low Risk,22,59.0,1254.7,At Risk,731.91,Medium Value,Yes,Low,No Action Needed
8869-TORSS,0.1134,Low Risk,48,60.35,2896.4,Loyal Customers,1930.93,High Value,Yes,Low,No Action Needed
7446-SFAOA,0.0632,Low Risk,37,19.85,717.5,Inactive,298.96,Medium Value,No,Low,No Action Needed
9522-ZSINC,0.0798,Low Risk,13,19.95,253.8,Inactive,84.6,Low Value,No,Low,No Action Needed
8234-GSZYK,0.074,Low Risk,43,26.45,1110.05,At Risk,555.02,Medium Value,No,Low,No Action Needed
6505-OZNPG,0.0608,Low Risk,6,63.4,348.8,At Risk,203.47,Medium Value,No,Low,No Action Needed
6164-HAQTX,0.019,Low Risk,71,53.95,3888.65,Loyal Customers,2916.49,High Value,No,Low,No Action Needed
0679-IDSTG,0.936,High Risk,1,69.25,69.25,Inactive,23.08,Low Value,Yes,High,Email Campaign
7765-LWVVH,0.0872,Low Risk,72,95.1,6843.15,Champions,6272.89,Premium,No,Low,No Action Needed
1658-TJVOA,0.7172,High Risk,6,74.1,450.9,At Risk,225.45,Medium Value,No,High,Discount Offer
0953-LGOVU,0.2101,Low Risk,12,35.5,432.25,Inactive,180.1,Medium Value,No,Low,No Action Needed
2115-BFTIW,0.4369,Medium Risk,25,70.95,1767.35,At Risk,883.68,High Value,Yes,High,Loyalty Reward
4692-NNQRU,0.1725,Low Risk,21,79.2,1742.45,At Risk,1016.43,High Value,No,Low,No Action Needed
7742-MYPGI,0.443,Medium Risk,6,48.8,297.35,Inactive,123.9,Low Value,No,Medium,SMS Reminder
0611-DFXKO,0.6602,Medium Risk,20,89.0,1820.45,At Risk,1061.93,High Value,Yes,High,Loyalty Reward
7780-OTDSO,0.8545,High Risk,18,99.4,1742.95,Loyal Customers,1307.21,High Value,Yes,Critical,Personal Relationship Manager
9619-GSATL,0.1432,Low Risk,43,55.45,2444.25,At Risk,1425.81,High Value,No,Low,No Action Needed
5622-UEJFI,0.0423,Low Risk,35,25.4,949.8,At Risk,474.9,Medium Value,No,Low,No Action Needed
9747-DDZOS,0.8919,High Risk,1,73.5,73.5,At Risk,36.75,Low Value,Yes,High,Email Campaign
0674-DGMAQ,0.7405,High Risk,32,93.5,2970.8,Champions,2475.67,High Value,No,Critical,Personal Relationship Manager
6203-HBZPA,0.0307,Low Risk,52,63.9,3334.95,Loyal Customers,2501.21,High Value,No,Low,No Action Needed
0484-FFVBJ,0.2722,Low Risk,32,64.85,2010.95,At Risk,1173.05,High Value,No,Low,No Action Needed
0301-FIDRB,0.0096,Low Risk,72,63.8,4684.3,Champions,3903.58,Premium,No,Low,No Action Needed
4139-JPIAM,0.2101,Low Risk,51,44.45,2181.55,At Risk,1272.57,High Value,No,Low,No Action Needed
2181-TIDSV,0.0123,Low Risk,68,19.95,1303.25,At Risk,651.62,Medium Value,No,Low,No Action Needed
2761-XECQW,0.5691,Medium Risk,8,43.35,371.4,Inactive,154.75,Low Value,No,Medium,SMS Reminder
1936-CZAKF,0.09,Low Risk,49,49.65,2409.9,At Risk,1405.78,High Value,No,Low,No Action Needed
9453-PATOS,0.0147,Low Risk,72,85.1,6155.4,Champions,5642.45,Premium,No,Low,No Action Needed
0564-JJHGS,0.9138,High Risk,9,95.5,829.1,Loyal Customers,552.73,Medium Value,Yes,High,Discount Offer
3348-CFRNX,0.5754,Medium Risk,28,92.35,2602.9,Loyal Customers,1952.18,High Value,Yes,High,Loyalty Reward
4402-FTBXC,0.3462,Low Risk,54,89.8,4667.0,Loyal Customers,3500.25,Premium,No,Low,No Action Needed
1428-GTBJJ,0.7835,High Risk,11,74.55,824.75,At Risk,481.1,Medium Value,Yes,High,Discount Offer
2931-XIQBR,0.2236,Low Risk,50,103.05,5153.5,Champions,4294.58,Premium,No,Low,No Action Needed
0106-UGRDO,0.1841,Low Risk,69,116.0,8182.85,Champions,8182.85,Premium,No,Low,No Action Needed
5542-TBBWB,0.9358,High Risk,1,69.9,69.9,Inactive,23.3,Low Value,No,High,Email Campaign
1930-QPBVZ,0.0644,Low Risk,68,95.1,6683.4,Champions,6126.45,Premium,No,Low,No Action Needed
2606-PKWJB,0.0739,Low Risk,40,40.25,1564.05,At Risk,912.36,High Value,No,Low,No Action Needed
5322-ZSMZY,0.0546,Low Risk,31,25.75,755.6,At Risk,377.8,Medium Value,No,Low,No Action Needed
8059-UDZFY,0.7187,High Risk,33,105.35,3465.05,Champions,3176.3,Premium,No,Critical,Personal Relationship Manager
7740-BTPUX,0.3215,Low Risk,55,113.6,6292.7,Champions,5768.31,Premium,No,Low,No Action Needed
5220-AGAAX,0.0195,Low Risk,68,24.0,1664.3,At Risk,970.84,High Value,No,Low,No Action Needed
0208-BPQEJ,0.3498,Low Risk,12,19.4,198.1,Inactive,66.03,Low Value,No,Low,No Action Needed
9435-JMLSX,0.0156,Low Risk,71,86.1,6045.9,Champions,5542.08,Premium,No,Low,No Action Needed
3352-ALMCK,0.7373,High Risk,40,102.65,4108.15,Champions,3765.8,Premium,No,Critical,Personal Relationship Manager
5312-IRCFR,0.2405,Low Risk,64,92.85,5980.75,Champions,5482.35,Premium,No,Low,No Action Needed
5294-IMHHT,0.2691,Low Risk,53,97.75,5043.2,Champions,4202.67,Premium,No,Low,No Action Needed
8802-UNOJF,0.6487,Medium Risk,12,83.8,1029.75,Loyal Customers,686.5,Medium Value,Yes,Medium,SMS Reminder
6313-GIDIT,0.74,High Risk,53,54.45,2854.55,Loyal Customers,1903.03,High Value,Yes,Critical,Personal Relationship Manager
6176-YJWAS,0.0326,Low Risk,72,97.95,7114.25,Champions,7114.25,Premium,No,Low,No Action Needed
5310-NOOVA,0.0419,Low Risk,46,19.95,907.05,Inactive,377.94,Medium Value,No,Low,No Action Needed
4526-EXKKN,0.0465,Low Risk,40,24.6,973.95,At Risk,486.98,Medium Value,No,Low,No Action Needed
5311-IHLEI,0.3594,Low Risk,12,50.95,605.75,At Risk,353.35,Medium Value,No,Low,No Action Needed
3987-KQDDU,0.7125,High Risk,9,75.6,661.55,At Risk,330.78,Medium Value,No,High,Discount Offer
3404-JNXAX,0.6437,Medium Risk,51,80.75,4116.9,Loyal Customers,2744.6,High Value,No,High,Loyalty Reward
5131-PONJI,0.4674,Medium Risk,49,90.4,4494.65,Champions,3745.54,Premium,No,High,Loyalty Reward
2845-AFFTX,0.8566,High Risk,41,99.8,4259.3,Champions,3549.42,Premium,Yes,Critical,Personal Relationship Manager
3489-VSFRD,0.1752,Low Risk,56,60.25,3282.75,Loyal Customers,2462.06,High Value,No,Low,No Action Needed
3345-JHUEO,0.3238,Low Risk,4,20.2,55.7,Inactive,13.92,Low Value,No,Low,No Action Needed
5815-HGGHV,0.1813,Low Risk,20,64.15,1274.45,At Risk,743.43,Medium Value,No,Low,No Action Needed
5260-UMPWX,0.1465,Low Risk,26,20.25,493.95,Inactive,164.65,Medium Value,No,Low,No Action Needed
2249-YPRNG,0.795,High Risk,20,105.85,2239.65,Champions,1866.38,High Value,Yes,Critical,Personal Relationship Manager
7410-YTJIK,0.797,High Risk,7,75.45,480.75,At Risk,240.38,Medium Value,Yes,High,Discount Offer
4626-GYCZP,0.9422,High Risk,7,93.85,635.6,Loyal Customers,423.73,Medium Value,Yes,High,Discount Offer
5649-RXQTV,0.6539,Medium Risk,51,99.0,5038.15,Champions,4198.46,Premium,No,High,Loyalty Reward
2674-MIAHT,0.8739,High Risk,4,80.3,324.2,At Risk,162.1,Medium Value,No,High,Discount Offer
2576-HXMPA,0.499,Medium Risk,1,19.55,19.55,Inactive,4.89,Low Value,No,Medium,SMS Reminder
7587-AOVVU,0.5333,Medium Risk,27,100.75,2793.55,Champions,2327.96,High Value,No,High,Loyalty Reward
5590-BYNII,0.8142,High Risk,22,100.75,2095.0,Loyal Customers,1571.25,High Value,Yes,Critical,Personal Relationship Manager
6898-MDLZW,0.2988,Low Risk,12,53.75,648.65,At Risk,324.32,Medium Value,No,Low,No Action Needed
3237-AJGEH,0.59,Medium Risk,3,31.0,95.05,Inactive,23.76,Low Value,Yes,Medium,SMS Reminder
4707-YNOQA,0.0652,Low Risk,34,25.6,917.15,At Risk,458.58,Medium Value,No,Low,No Action Needed
9357-UJRUN,0.1616,Low Risk,24,58.35,1346.9,At Risk,785.69,Medium Value,No,Low,No Action Needed
1591-NFNLQ,0.4865,Medium Risk,51,80.0,4242.35,Loyal Customers,2828.23,High Value,Yes,High,Loyalty Reward
8648-PFRMP,0.809,High Risk,14,46.35,672.7,At Risk,336.35,Medium Value,No,High,Discount Offer
7663-CUXZB,0.255,Low Risk,59,113.75,6561.25,Champions,6561.25,Premium,No,Low,No Action Needed
0258-NOKBL,0.7804,High Risk,3,90.4,268.45,Loyal Customers,178.97,Medium Value,No,High,Discount Offer
1163-VIPRI,0.0819,Low Risk,65,109.3,7337.55,Champions,7337.55,Premium,No,Low,No Action Needed
2815-CPTUL,0.8028,High Risk,5,70.25,331.9,Inactive,110.63,Low Value,Yes,High,Email Campaign
9348-ROUAI,0.0427,Low Risk,59,90.3,5194.05,Champions,5194.05,Premium,No,Low,No Action Needed
9443-JUBUO,0.0165,Low Risk,72,65.25,4478.85,Champions,3732.38,Premium,No,Low,No Action Needed
0596-BQCEQ,0.481,Medium Risk,62,100.15,6283.3,Champions,5759.69,Premium,Yes,High,Loyalty Reward
1481-ZUWZA,0.5589,Medium Risk,28,94.5,2659.4,Loyal Customers,1994.55,High Value,Yes,High,Loyalty Reward
3043-TYBNO,0.5385,Medium Risk,3,60.65,196.9,Inactive,82.04,Low Value,No,Medium,SMS Reminder
4830-FAXFM,0.2782,Low Risk,19,24.1,439.2,Inactive,183.0,Medium Value,No,Low,No Action Needed
5906-BFOZT,0.6784,Medium Risk,1,19.5,19.5,Inactive,4.88,Low Value,No,Medium,SMS Reminder
2960-NKRSO,0.5319,Medium Risk,24,85.95,2107.15,Loyal Customers,1404.77,High Value,No,High,Loyalty Reward
8996-ZROXE,0.1368,Low Risk,57,53.5,3035.8,Loyal Customers,2023.87,High Value,No,Low,No Action Needed
5598-IKHQQ,0.0098,Low Risk,72,25.45,1866.45,At Risk,1088.76,High Value,No,Low,No Action Needed
0397-ZXWQF,0.016,Low Risk,67,20.5,1430.95,At Risk,715.48,Medium Value,No,Low,No Action Needed
5266-PFRQK,0.05,Low Risk,52,20.85,1071.6,Inactive,446.5,Medium Value,No,Low,No Action Needed
4674-HGNUA,0.0302,Low Risk,71,89.9,6457.15,Champions,6457.15,Premium,No,Low,No Action Needed
6765-MBQNU,0.1002,Low Risk,26,26.0,684.05,Inactive,285.02,Medium Value,No,Low,No Action Needed
9786-IJYDL,0.1329,Low Risk,35,113.2,3914.05,Champions,3587.88,Premium,No,Low,No Action Needed
1303-SRDOK,0.0295,Low Risk,55,69.05,3842.6,At Risk,1921.3,High Value,No,Low,No Action Needed
3769-MHZNV,0.0302,Low Risk,33,20.1,670.35,Inactive,279.31,Medium Value,No,Low,No Action Needed
6295-OSINB,0.0555,Low Risk,72,109.65,7880.25,Champions,7880.25,Premium,No,Low,No Action Needed
3308-MHOOC,0.4864,Medium Risk,1,19.2,19.2,Inactive,4.8,Low Value,No,Medium,SMS Reminder
2309-OSFEU,0.6227,Medium Risk,10,33.9,298.45,Inactive,99.48,Low Value,Yes,Medium,SMS Reminder
2207-QPJED,0.561,Medium Risk,37,90.0,3371.75,Champions,2809.79,High Value,No,High,Loyalty Reward
4177-JPDFU,0.2927,Low Risk,12,34.0,442.45,Inactive,184.35,Medium Value,No,Low,No Action Needed
2239-CFOUJ,0.1074,Low Risk,1,20.4,20.4,Inactive,5.1,Low Value,No,Low,No Action Needed
8046-DNVTL,0.0446,Low Risk,62,38.6,2345.55,Loyal Customers,1563.7,High Value,No,Low,No Action Needed
2209-XADXF,0.7818,High Risk,1,25.25,25.25,Inactive,6.31,Low Value,No,High,Email Campaign
6620-JDYNW,0.3243,Low Risk,18,60.6,1156.35,At Risk,674.54,Medium Value,No,Low,No Action Needed
1891-FZYSA,0.642,Medium Risk,69,89.95,6143.15,Champions,5631.22,Premium,Yes,High,Loyalty Reward
4770-UEZOX,0.8366,High Risk,2,74.75,144.8,At Risk,72.4,Low Value,No,High,Email Campaign
1038-RQOST,0.1221,Low Risk,19,20.6,414.95,Inactive,138.32,Low Value,No,Low,No Action Needed
7613-LLQFO,0.8857,High Risk,12,84.45,1059.55,At Risk,618.07,Medium Value,Yes,High,Discount Offer
4568-TTZRT,0.2332,Low Risk,9,20.4,181.8,Inactive,45.45,Low Value,No,Low,No Action Needed
9513-DXHDA,0.2642,Low Risk,27,81.7,2212.55,Loyal Customers,1659.41,High Value,No,Low,No Action Needed
2640-PMGFL,0.6078,Medium Risk,27,79.5,2180.55,At Risk,1271.99,High Value,Yes,High,Loyalty Reward
3801-HMYNL,0.9191,High Risk,1,89.15,89.15,At Risk,44.58,Low Value,Yes,High,Email Campaign
0516-QREYC,0.1945,Low Risk,24,20.3,459.95,Inactive,153.32,Low Value,No,Low,No Action Needed
9685-WKZGT,0.8418,High Risk,14,74.95,1036.75,At Risk,604.77,Medium Value,Yes,High,Discount Offer
6022-UGGSO,0.7375,High Risk,32,74.4,2276.95,Loyal Customers,1517.97,High Value,Yes,Critical,Personal Relationship Manager
8084-OIVBS,0.0627,Low Risk,11,20.0,211.95,Inactive,70.65,Low Value,No,Low,No Action Needed
8896-BQTTI,0.6313,Medium Risk,1,25.0,25.0,Inactive,8.33,Low Value,No,Medium,SMS Reminder
3865-QBWSJ,0.5175,Medium Risk,38,80.45,3162.65,Loyal Customers,2108.43,High Value,No,High,Loyalty Reward
3352-RICWQ,0.0378,Low Risk,9,19.75,210.65,Inactive,52.66,Low Value,No,Low,No Action Needed
2160-GPFXD,0.0372,Low Risk,54,65.65,3566.7,Loyal Customers,2377.8,High Value,No,Low,No Action Needed
2065-MMKGR,0.2773,Low Risk,29,71.0,2080.1,Loyal Customers,1386.73,High Value,No,Low,No Action Needed
5857-TYBCJ,0.7026,High Risk,44,89.2,4040.2,Loyal Customers,3030.15,Premium,No,Critical,Personal Relationship Manager
1498-NHTLT,0.0269,Low Risk,59,86.75,5186.0,Champions,4753.83,Premium,No,Low,No Action Needed
4484-CGXFK,0.762,High Risk,3,55.3,196.15,Inactive,81.73,Low Value,Yes,High,Email Campaign
1402-PTHGN,0.0879,Low Risk,18,61.5,1087.45,At Risk,634.35,Medium Value,No,Low,No Action Needed
4176-RELJR,0.027,Low Risk,67,25.1,1672.15,At Risk,975.42,High Value,No,Low,No Action Needed
6214-EDAKZ,0.4644,Medium Risk,22,55.15,1206.05,At Risk,603.02,Medium Value,Yes,Medium,SMS Reminder
5199-FPUSP,0.1474,Low Risk,33,34.05,1113.95,At Risk,556.98,Medium Value,No,Low,No Action Needed
6377-KSLXC,0.2858,Low Risk,5,19.95,107.05,Inactive,26.76,Low Value,No,Low,No Action Needed
1796-JANOW,0.2686,Low Risk,2,19.95,38.15,Inactive,9.54,Low Value,No,Low,No Action Needed
0238-WHBIQ,0.0268,Low Risk,72,89.7,6339.3,Champions,5811.02,Premium,No,Low,No Action Needed
8735-NBLWT,0.2217,Low Risk,9,20.4,184.1,Inactive,46.02,Low Value,No,Low,No Action Needed
6651-RLGGM,0.0154,Low Risk,67,26.3,1688.9,At Risk,985.19,High Value,No,Low,No Action Needed
6127-ISGTU,0.8213,High Risk,16,84.95,1378.25,At Risk,803.98,Medium Value,Yes,High,Discount Offer
1614-JBEBI,0.2259,Low Risk,8,20.7,137.6,Inactive,34.4,Low Value,No,Low,No Action Needed
8740-XLHDR,0.5635,Medium Risk,5,43.25,219.0,At Risk,109.5,Low Value,Yes,Medium,SMS Reminder
1208-DNHLN,0.29,Low Risk,23,48.35,1067.15,At Risk,533.58,Medium Value,Yes,Low,No Action Needed
1761-AEZZR,0.9383,High Risk,1,79.55,79.55,At Risk,39.78,Low Value,Yes,High,Email Campaign
3923-CSIHK,0.6258,Medium Risk,50,71.05,3444.85,At Risk,2009.5,High Value,Yes,High,Loyalty Reward
5696-EXCYS,0.0272,Low Risk,17,19.45,369.05,Inactive,123.02,Low Value,No,Low,No Action Needed
5795-KTGUD,0.2626,Low Risk,68,110.8,7553.6,Champions,7553.6,Premium,No,Low,No Action Needed
7120-RFMVS,0.9433,High Risk,1,84.5,84.5,At Risk,42.25,Low Value,Yes,High,Email Campaign
7924-GJZFI,0.6602,Medium Risk,25,69.3,1813.1,Inactive,755.46,Medium Value,No,Medium,SMS Reminder
4702-HDRKD,0.0522,Low Risk,67,49.35,3321.35,Loyal Customers,2491.01,High Value,No,Low,No Action Needed
8512-WIWYV,0.0434,Low Risk,32,20.35,707.5,Inactive,294.79,Medium Value,No,Low,No Action Needed
5897-ZYEKH,0.2735,Low Risk,67,105.6,7112.15,Champions,7112.15,Premium,No,Low,No Action Needed
5456-ITGIC,0.0397,Low Risk,72,64.45,4641.1,Champions,3867.58,Premium,No,Low,No Action Needed
7317-GGVPB,0.4606,Medium Risk,71,108.6,7690.9,Champions,7690.9,Premium,Yes,High,Loyalty Reward
1406-PUQVY,0.6453,Medium Risk,1,49.9,49.9,Inactive,20.79,Low Value,No,Medium,SMS Reminder
1322-AGOQM,0.3635,Low Risk,46,30.3,1380.1,Inactive,575.04,Medium Value,Yes,Low,No Action Needed
3677-IYRBF,0.8546,High Risk,2,30.4,78.65,Inactive,19.66,Low Value,Yes,High,Email Campaign
5692-FPTAH,0.7782,High Risk,1,45.4,45.4,Inactive,15.13,Low Value,Yes,High,Email Campaign
9114-AAFQH,0.2402,Low Risk,48,65.65,3094.65,Loyal Customers,2063.1,High Value,No,Low,No Action Needed
8715-KKTFG,0.2935,Low Risk,61,103.3,6518.35,Champions,6518.35,Premium,No,Low,No Action Needed
1550-LOAHA,0.485,Medium Risk,32,84.15,2585.95,Loyal Customers,1723.97,High Value,Yes,High,Loyalty Reward
1728-BQDMA,0.749,High Risk,2,44.45,82.7,Inactive,27.57,Low Value,No,High,Email Campaign
0268-QKIWO,0.419,Medium Risk,3,19.75,58.85,Inactive,14.71,Low Value,Yes,Medium,SMS Reminder
0876-WDUUZ,0.8588,High Risk,5,85.4,425.9,At Risk,212.95,Medium Value,Yes,High,Discount Offer
5117-ZSMHQ,0.0241,Low Risk,71,89.9,6342.7,Champions,6342.7,Premium,No,Low,No Action Needed
5151-HQRDG,0.2032,Low Risk,37,55.05,2030.75,At Risk,1184.6,High Value,No,Low,No Action Needed
0960-HUWBM,0.219,Low Risk,65,104.1,6700.05,Champions,6700.05,Premium,No,Low,No Action Needed
6465-GSRCL,0.2378,Low Risk,67,106.6,7244.7,Champions,7244.7,Premium,No,Low,No Action Needed
0617-FHSGK,0.4167,Medium Risk,49,75.2,3678.3,Loyal Customers,2452.2,High Value,Yes,High,Loyalty Reward
0263-FJTQO,0.048,Low Risk,50,70.5,3486.65,Loyal Customers,2614.99,High Value,No,Low,No Action Needed
7319-ZNRTR,0.0739,Low Risk,25,19.6,411.15,Inactive,137.05,Low Value,No,Low,No Action Needed
2858-MOFSQ,0.2206,Low Risk,17,55.85,937.5,At Risk,468.75,Medium Value,Yes,Low,No Action Needed
7503-EPSZW,0.0202,Low Risk,64,24.05,1559.15,At Risk,909.5,High Value,No,Low,No Action Needed
7089-XXAYG,0.2757,Low Risk,25,38.1,970.4,At Risk,485.2,Medium Value,No,Low,No Action Needed
8118-LSUEL,0.879,High Risk,23,106.4,2483.5,Champions,2069.58,High Value,Yes,Critical,Personal Relationship Manager
8070-AAWZP,0.3181,Low Risk,24,34.25,828.2,Inactive,345.08,Medium Value,No,Low,No Action Needed
1666-JXLKU,0.7805,High Risk,37,100.05,3810.55,Champions,3175.46,Premium,No,Critical,Personal Relationship Manager
7855-DIWPO,0.7276,High Risk,21,68.65,1493.2,Inactive,622.17,Medium Value,No,High,Discount Offer
5133-POWUA,0.7759,High Risk,1,45.8,45.8,Inactive,15.27,Low Value,No,High,Email Campaign
5652-MSDEY,0.7908,High Risk,10,75.75,777.3,At Risk,453.42,Medium Value,No,High,Discount Offer
7005-CCBKV,0.8473,High Risk,6,84.4,556.35,At Risk,278.18,Medium Value,Yes,High,Discount Offer
1810-BOHSY,0.3614,Low Risk,51,96.4,4911.05,Champions,4092.54,Premium,No,Low,No Action Needed
1784-BXEFA,0.2305,Low Risk,10,20.55,187.35,Inactive,62.45,Low Value,No,Low,No Action Needed
7351-MHQVU,0.5022,Medium Risk,6,50.95,307.6,At Risk,153.8,Low Value,No,Medium,SMS Reminder
9224-VTYID,0.0254,Low Risk,47,90.5,4318.35,Champions,3958.49,Premium,No,Low,No Action Needed
9500-IWPXQ,0.112,Low Risk,61,79.4,4820.55,Champions,4418.84,Premium,No,Low,No Action Needed
5762-TJXGK,0.0574,Low Risk,52,58.75,3038.55,Loyal Customers,2025.7,High Value,No,Low,No Action Needed
4504-YOULA,0.1902,Low Risk,35,59.45,2136.9,Loyal Customers,1424.6,High Value,No,Low,No Action Needed
5569-IDSEY,0.4053,Medium Risk,71,105.7,7472.15,Champions,7472.15,Premium,No,High,Loyalty Reward
4250-FDVOU,0.3411,Low Risk,6,56.25,389.1,Inactive,162.13,Medium Value,Yes,Low,No Action Needed
7284-ZZLOH,0.0628,Low Risk,45,53.3,2296.25,At Risk,1339.48,High Value,No,Low,No Action Needed
5277-ZLOOR,0.9186,High Risk,2,85.55,187.45,At Risk,93.72,Low Value,Yes,High,Email Campaign
2141-RRYGO,0.659,Medium Risk,4,68.65,261.25,At Risk,130.62,Low Value,Yes,Medium,SMS Reminder
1777-JYQPJ,0.6821,Medium Risk,2,24.3,38.45,Inactive,9.61,Low Value,No,Medium,SMS Reminder
6376-GAHQE,0.8433,High Risk,4,77.85,299.2,At Risk,149.6,Low Value,Yes,High,Email Campaign
3401-URHDA,0.121,Low Risk,51,59.9,3043.6,Loyal Customers,2029.07,High Value,No,Low,No Action Needed
1599-EAHXY,0.0369,Low Risk,60,23.95,1506.4,At Risk,878.73,High Value,No,Low,No Action Needed
8631-XVRZL,0.0686,Low Risk,9,20.15,163.7,Inactive,40.92,Low Value,No,Low,No Action Needed
5052-PNLOS,0.9398,High Risk,3,105.35,323.25,Loyal Customers,242.44,Medium Value,Yes,High,Discount Offer
3853-LYGAM,0.5388,Medium Risk,17,95.65,1640.0,Loyal Customers,1230.0,High Value,No,High,Loyalty Reward
6979-ZNSFF,0.9039,High Risk,8,87.05,762.1,At Risk,381.05,Medium Value,Yes,High,Discount Offer
5751-USDBL,0.0272,Low Risk,46,81.0,3846.35,Champions,3205.29,Premium,No,Low,No Action Needed
5680-LQOGP,0.0363,Low Risk,68,82.45,5646.6,Champions,5176.05,Premium,No,Low,No Action Needed
2386-LAHRK,0.8119,High Risk,1,53.5,53.5,Inactive,22.29,Low Value,Yes,High,Email Campaign
8189-DUKMV,0.0913,Low Risk,4,20.5,79.05,Inactive,19.76,Low Value,No,Low,No Action Needed
6032-IGALN,0.8214,High Risk,1,25.1,25.1,Inactive,6.28,Low Value,Yes,High,Email Campaign
9931-DCEZH,0.0886,Low Risk,28,54.4,1516.6,At Risk,758.3,Medium Value,No,Low,No Action Needed
1898-JSNDC,0.1306,Low Risk,39,58.6,2224.5,At Risk,1297.62,High Value,No,Low,No Action Needed
0315-LVCRK,0.7621,High Risk,11,84.8,888.75,At Risk,518.44,Medium Value,No,High,Discount Offer
3911-RSNHI,0.0303,Low Risk,71,61.4,4310.35,Loyal Customers,3232.76,Premium,No,Low,No Action Needed
2410-CIYFZ,0.2276,Low Risk,2,20.4,42.9,Inactive,10.72,Low Value,No,Low,No Action Needed
4248-HCETZ,0.6441,Medium Risk,30,79.65,2365.15,Loyal Customers,1576.77,High Value,Yes,High,Loyalty Reward
5505-OVWQW,0.0533,Low Risk,17,20.15,353.65,Inactive,117.88,Low Value,No,Low,No Action Needed
7271-AJDTL,0.5317,Medium Risk,55,94.45,5073.1,Champions,4227.58,Premium,No,High,Loyalty Reward
1867-TJHTS,0.3636,Low Risk,58,79.8,4526.85,Loyal Customers,3395.14,Premium,No,Low,No Action Needed
0516-WJVXC,0.6565,Medium Risk,5,54.2,308.25,Inactive,128.44,Low Value,Yes,Medium,SMS Reminder
9174-FKWZE,0.8151,High Risk,1,19.45,19.45,Inactive,4.86,Low Value,Yes,High,Email Campaign
6860-YRJZP,0.8608,High Risk,9,74.05,678.45,At Risk,339.22,Medium Value,No,High,Discount Offer
4429-WYGFR,0.1395,Low Risk,26,49.15,1237.3,At Risk,618.65,Medium Value,No,Low,No Action Needed
2817-LVCPP,0.0218,Low Risk,50,19.4,1023.95,Inactive,426.65,Medium Value,No,Low,No Action Needed
5038-ETMLM,0.0281,Low Risk,72,113.65,8182.75,Champions,8182.75,Premium,No,Low,No Action Needed
5056-FIMPT,0.3066,Low Risk,43,106.0,4532.3,Champions,4154.61,Premium,No,Low,No Action Needed
4521-WFJAI,0.0471,Low Risk,56,25.95,1444.05,At Risk,842.36,High Value,No,Low,No Action Needed
6569-KTMDU,0.3418,Low Risk,1,19.1,19.1,Inactive,4.78,Low Value,No,Low,No Action Needed
8809-RIHDD,0.3574,Low Risk,72,103.4,7372.65,Champions,7372.65,Premium,Yes,Low,No Action Needed
8809-XKHMD,0.0307,Low Risk,72,100.55,7325.1,Champions,7325.1,Premium,No,Low,No Action Needed
0396-YCHWO,0.7416,High Risk,36,95.4,3474.2,Champions,2895.17,High Value,No,Critical,Personal Relationship Manager
0867-LDTTC,0.421,Medium Risk,5,75.15,392.65,At Risk,229.05,Medium Value,No,Medium,SMS Reminder
4822-NGOCH,0.8521,High Risk,13,84.45,1058.6,Loyal Customers,705.73,Medium Value,Yes,High,Discount Offer
9391-DXGGG,0.2005,Low Risk,44,89.15,3990.75,Loyal Customers,2993.06,High Value,No,Low,No Action Needed
9844-FELAJ,0.2312,Low Risk,70,107.9,7475.85,Champions,7475.85,Premium,No,Low,No Action Needed
2122-SZZZD,0.0314,Low Risk,44,19.5,835.5,Inactive,348.12,Medium Value,No,Low,No Action Needed
5307-DZCVC,0.7173,High Risk,32,85.95,2628.6,Loyal Customers,1752.4,High Value,Yes,Critical,Personal Relationship Manager
3148-AOIQT,0.022,Low Risk,69,24.95,1718.35,At Risk,1002.37,High Value,No,Low,No Action Needed
8679-JOEVF,0.5559,Medium Risk,16,59.4,1023.9,At Risk,511.95,Medium Value,Yes,Medium,SMS Reminder
8395-ETZKQ,0.0601,Low Risk,68,19.5,1193.55,At Risk,596.78,Medium Value,No,Low,No Action Needed
6692-YQHXC,0.6181,Medium Risk,16,69.95,1205.5,Inactive,502.29,Medium Value,No,Medium,SMS Reminder
3889-VWBID,0.0183,Low Risk,68,82.85,5776.45,Champions,5295.08,Premium,No,Low,No Action Needed
5222-JCXZT,0.1667,Low Risk,4,19.0,78.9,Inactive,19.73,Low Value,No,Low,No Action Needed
9754-CLVZW,0.2706,Low Risk,26,38.85,1025.15,At Risk,512.58,Medium Value,No,Low,No Action Needed
1432-FPAXX,0.629,Medium Risk,29,30.6,856.35,Inactive,285.45,Medium Value,Yes,Medium,SMS Reminder
2739-CCZMB,0.2807,Low Risk,5,20.35,122.0,Inactive,30.5,Low Value,No,Low,No Action Needed
7080-TNUWP,0.235,Low Risk,70,95.0,6602.9,Champions,6052.66,Premium,No,Low,No Action Needed
0496-AHOOK,0.2149,Low Risk,24,74.4,1712.9,Loyal Customers,1141.93,High Value,No,Low,No Action Needed
8336-TAVKX,0.0228,Low Risk,72,78.45,5682.25,Champions,5208.73,Premium,No,Low,No Action Needed
2468-SJFLM,0.6913,Medium Risk,1,74.3,74.3,At Risk,37.15,Low Value,No,Medium,SMS Reminder
3181-VTHOE,0.1201,Low Risk,70,51.05,3635.15,Loyal Customers,2726.36,High Value,No,Low,No Action Needed
7168-HDQHG,0.1394,Low Risk,36,19.2,702.9,Inactive,292.88,Medium Value,No,Low,No Action Needed
4803-AXVYP,0.7951,High Risk,38,99.55,3734.25,Champions,3111.88,Premium,Yes,Critical,Personal Relationship Manager
3884-HCSWG,0.7677,High Risk,17,70.0,1144.5,Inactive,476.88,Medium Value,Yes,High,Discount Offer
4567-AKPIA,0.4752,Medium Risk,41,109.1,4454.25,Champions,4083.06,Premium,No,High,Loyalty Reward
5077-DXTCG,0.8349,High Risk,1,45.3,45.3,Inactive,15.1,Low Value,Yes,High,Email Campaign
1142-WACZW,0.6785,Medium Risk,2,29.85,75.6,Inactive,18.9,Low Value,Yes,Medium,SMS Reminder
7901-HXJVA,0.7399,High Risk,14,76.45,1117.55,At Risk,651.9,Medium Value,No,High,Discount Offer
5649-ANRML,0.8014,High Risk,2,95.1,180.25,Loyal Customers,120.17,Low Value,Yes,High,Email Campaign
4892-VLANZ,0.602,Medium Risk,1,19.8,19.8,Inactive,4.95,Low Value,Yes,Medium,SMS Reminder
5924-IFQTT,0.4142,Medium Risk,13,72.8,930.05,Loyal Customers,697.54,Medium Value,No,Medium,SMS Reminder
7968-QUXNS,0.0537,Low Risk,6,18.95,110.15,Inactive,27.54,Low Value,No,Low,No Action Needed
2919-HBCJO,0.8133,High Risk,4,76.65,333.6,At Risk,166.8,Medium Value,Yes,High,Discount Offer
4236-XPXAV,0.8919,High Risk,5,99.15,465.05,Loyal Customers,310.03,Medium Value,Yes,High,Discount Offer
8903-WMRNW,0.6689,Medium Risk,15,101.75,1669.4,Loyal Customers,1252.05,High Value,No,High,Loyalty Reward
2452-SNHFZ,0.3799,Low Risk,47,75.45,3545.1,Loyal Customers,2363.4,High Value,No,Low,No Action Needed
3629-WEAAM,0.3529,Low Risk,8,64.1,504.05,At Risk,252.02,Medium Value,No,Low,No Action Needed
6029-CSMJE,0.481,Medium Risk,17,25.65,440.2,Inactive,146.73,Low Value,No,Medium,SMS Reminder
7993-NQLJE,0.5889,Medium Risk,15,75.1,1151.55,At Risk,671.74,Medium Value,No,Medium,SMS Reminder
9909-DFRJA,0.2838,Low Risk,26,95.85,2475.35,Loyal Customers,1856.51,High Value,No,Low,No Action Needed
9099-FTUHS,0.3444,Low Risk,23,54.4,1249.25,At Risk,624.62,Medium Value,No,Low,No Action Needed
0581-BXBUB,0.7932,High Risk,4,72.75,317.75,At Risk,158.88,Low Value,No,High,Email Campaign
4962-CHQPW,0.0514,Low Risk,29,19.85,535.05,Inactive,178.35,Medium Value,No,Low,No Action Needed
9467-ROOLM,0.0751,Low Risk,25,19.05,461.3,Inactive,153.77,Low Value,No,Low,No Action Needed
3030-YZADT,0.42,Medium Risk,9,44.95,431.0,Inactive,143.67,Low Value,Yes,Medium,SMS Reminder
7410-KTVFV,0.3552,Low Risk,18,49.55,878.35,At Risk,439.18,Medium Value,Yes,Low,No Action Needed
5150-ITWWB,0.9448,High Risk,3,94.85,335.75,Loyal Customers,223.83,Medium Value,No,High,Discount Offer
2253-KPMNB,0.034,Low Risk,69,46.25,3121.4,Loyal Customers,2341.05,High Value,No,Low,No Action Needed
1345-ZUKID,0.1216,Low Risk,14,19.35,324.8,Inactive,108.27,Low Value,No,Low,No Action Needed
6429-SHBCB,0.284,Low Risk,19,69.6,1394.55,At Risk,813.49,High Value,No,Low,No Action Needed
9281-OFDMF,0.5731,Medium Risk,39,90.7,3413.25,Champions,2844.38,High Value,No,High,Loyalty Reward
2603-HVKCG,0.7443,High Risk,31,101.4,3143.65,Champions,2619.71,High Value,No,Critical,Personal Relationship Manager
1834-WULEG,0.0463,Low Risk,24,20.25,439.75,Inactive,146.58,Low Value,No,Low,No Action Needed
9097-ZUBYC,0.3166,Low Risk,14,48.8,664.4,At Risk,332.2,Medium Value,No,Low,No Action Needed
5148-ORICT,0.0177,Low Risk,64,74.35,4759.55,Champions,4362.92,Premium,No,Low,No Action Needed
4893-GYUJU,0.0708,Low Risk,50,19.35,1033.0,Inactive,430.42,Medium Value,No,Low,No Action Needed
4578-PHJYZ,0.0912,Low Risk,52,68.75,3482.85,Loyal Customers,2321.9,High Value,No,Low,No Action Needed
7272-QDCKA,0.4677,Medium Risk,28,100.2,2688.45,Loyal Customers,2016.34,High Value,No,High,Loyalty Reward
8908-SLFCJ,0.037,Low Risk,21,20.85,435.25,Inactive,145.08,Low Value,No,Low,No Action Needed
8393-DLHGA,0.7577,High Risk,25,95.9,2448.75,Loyal Customers,1836.56,High Value,Yes,Critical,Personal Relationship Manager
9766-HGEDE,0.1034,Low Risk,17,19.35,307.0,Inactive,102.33,Low Value,No,Low,No Action Needed
6968-MHOMU,0.3557,Low Risk,58,45.0,2689.35,Loyal Customers,1792.9,High Value,No,Low,No Action Needed
7395-IGJOS,0.6359,Medium Risk,17,81.5,1329.2,At Risk,775.37,Medium Value,Yes,Medium,SMS Reminder
5044-XDPYX,0.0321,Low Risk,51,25.5,1281.25,At Risk,640.62,Medium Value,No,Low,No Action Needed
1814-WFGVS,0.0228,Low Risk,72,48.9,3527.0,Loyal Customers,2645.25,High Value,No,Low,No Action Needed
2834-SPCJV,0.5103,Medium Risk,52,84.1,4348.65,Loyal Customers,2899.1,High Value,Yes,High,Loyalty Reward
3721-WKIIL,0.0285,Low Risk,27,19.6,561.15,Inactive,187.05,Medium Value,No,Low,No Action Needed
6734-CKRSM,0.334,Low Risk,3,20.0,63.6,Inactive,15.9,Low Value,No,Low,No Action Needed
1265-ZFOSD,0.0161,Low Risk,64,81.3,5129.3,Champions,4701.86,Premium,No,Low,No Action Needed
6568-POCUI,0.1636,Low Risk,45,95.2,4285.8,Champions,3571.5,Premium,No,Low,No Action Needed
7890-VYYWG,0.8334,High Risk,3,36.45,93.7,Inactive,31.23,Low Value,Yes,High,Email Campaign
5197-LQXXH,0.039,Low Risk,71,83.3,5894.5,Champions,5403.29,Premium,No,Low,No Action Needed
9907-SWKKF,0.876,High Risk,1,25.05,25.05,Inactive,6.26,Low Value,Yes,High,Email Campaign
3457-PQBYH,0.0329,Low Risk,58,20.3,1160.75,At Risk,580.38,Medium Value,No,Low,No Action Needed
7682-AZNDK,0.6426,Medium Risk,34,89.85,3091.75,Loyal Customers,2318.81,High Value,No,High,Loyalty Reward
0587-DMGBH,0.4825,Medium Risk,8,49.85,365.55,Inactive,152.31,Low Value,Yes,Medium,SMS Reminder
5384-ZTTWP,0.2652,Low Risk,15,19.8,272.95,Inactive,90.98,Low Value,No,Low,No Action Needed
3745-HRPHI,0.0147,Low Risk,66,54.65,3632.0,Loyal Customers,2724.0,High Value,No,Low,No Action Needed
7636-OWBPG,0.4938,Medium Risk,12,29.35,381.2,Inactive,127.07,Low Value,No,Medium,SMS Reminder
1231-YNDEK,0.0274,Low Risk,58,19.15,1035.5,At Risk,517.75,Medium Value,No,Low,No Action Needed
1407-DIGZV,0.026,Low Risk,3,19.1,52.0,Inactive,13.0,Low Value,No,Low,No Action Needed
6397-JNZZG,0.7057,High Risk,43,55.55,2342.2,Loyal Customers,1561.47,High Value,Yes,Critical,Personal Relationship Manager
0570-BFQHT,0.749,High Risk,9,80.55,653.9,At Risk,326.95,Medium Value,No,High,Discount Offer
4393-OBCRR,0.0694,Low Risk,3,20.25,71.2,Inactive,17.8,Low Value,No,Low,No Action Needed
3523-QRQLL,0.2757,Low Risk,22,69.5,1498.2,At Risk,873.95,High Value,Yes,Low,No Action Needed
8564-LDKFL,0.6532,Medium Risk,40,106.0,4178.65,Champions,3830.43,Premium,No,High,Loyalty Reward
3696-DFHHB,0.021,Low Risk,68,25.5,1821.8,At Risk,1062.72,High Value,No,Low,No Action Needed
0895-DQHEW,0.807,High Risk,54,104.3,5278.15,Champions,4838.3,Premium,Yes,Critical,Personal Relationship Manager
4717-GHADL,0.038,Low Risk,50,79.6,4024.2,Champions,3353.5,Premium,No,Low,No Action Needed
5501-TVMGM,0.844,High Risk,1,55.25,55.25,Inactive,23.02,Low Value,No,High,Email Campaign
5879-HMFFH,0.02,Low Risk,72,88.05,6520.8,Champions,5977.4,Premium,No,Low,No Action Needed
6772-WFQRD,0.0421,Low Risk,40,20.4,854.9,Inactive,356.21,Medium Value,No,Low,No Action Needed
3810-DVDQQ,0.0385,Low Risk,72,117.6,8308.9,Champions,8308.9,Premium,No,Low,No Action Needed
6972-SNKKW,0.2521,Low Risk,6,20.0,109.2,Inactive,27.3,Low Value,No,Low,No Action Needed
3694-GLTJM,0.2852,Low Risk,5,19.65,92.05,Inactive,23.01,Low Value,No,Low,No Action Needed
8550-XSXUQ,0.2027,Low Risk,48,70.55,3420.5,Loyal Customers,2565.38,High Value,No,Low,No Action Needed
8149-RSOUN,0.9678,High Risk,1,93.85,93.85,Loyal Customers,62.57,Low Value,Yes,High,Email Campaign
9055-MOJJJ,0.0583,Low Risk,64,65.8,4068.0,Loyal Customers,3051.0,Premium,No,Low,No Action Needed
4359-INNWN,0.0575,Low Risk,17,20.05,337.9,Inactive,112.63,Low Value,No,Low,No Action Needed
0585-EGDDA,0.7398,High Risk,40,80.0,3168.75,Loyal Customers,2112.5,High Value,No,Critical,Personal Relationship Manager
4032-RMHCI,0.1093,Low Risk,41,35.4,1412.4,At Risk,706.2,Medium Value,No,Low,No Action Needed
0549-CYCQN,0.1131,Low Risk,51,79.6,3974.7,Loyal Customers,2649.8,High Value,No,Low,No Action Needed
3481-JHUZH,0.6668,Medium Risk,41,80.25,3439.0,Loyal Customers,2292.67,High Value,No,High,Loyalty Reward
7250-EQKIY,0.7592,High Risk,1,50.45,50.45,Inactive,21.02,Low Value,Yes,High,Email Campaign
3594-IVHJZ,0.2482,Low Risk,2,20.45,42.45,Inactive,10.61,Low Value,No,Low,No Action Needed
6869-FGJJC,0.0762,Low Risk,68,79.6,5461.45,Loyal Customers,4096.09,Premium,No,Low,No Action Needed
3896-ZVNET,0.0677,Low Risk,24,24.7,571.75,Inactive,238.23,Medium Value,No,Low,No Action Needed
8205-VSLRB,0.0508,Low Risk,70,77.3,5498.2,Champions,5040.02,Premium,No,Low,No Action Needed
5960-MVTUK,0.7108,High Risk,3,29.75,96.85,Inactive,24.21,Low Value,No,High,Email Campaign
6817-WTYHE,0.6941,Medium Risk,2,44.9,111.05,Inactive,37.02,Low Value,No,Medium,SMS Reminder
3082-VQXNH,0.6781,Medium Risk,3,29.8,94.4,Inactive,23.6,Low Value,No,Medium,SMS Reminder
4013-UBXWQ,0.7218,High Risk,7,74.65,521.1,At Risk,303.98,Medium Value,Yes,High,Discount Offer
4931-TRZWN,0.5035,Medium Risk,13,71.95,923.85,Loyal Customers,615.9,Medium Value,No,Medium,SMS Reminder
0750-EKNGL,0.2307,Low Risk,7,20.75,141.1,Inactive,35.28,Low Value,No,Low,No Action Needed
7669-LCRSD,0.3882,Low Risk,12,56.3,628.65,At Risk,314.32,Medium Value,No,Low,No Action Needed
3567-PQTSO,0.4945,Medium Risk,53,105.25,5576.3,Champions,5111.61,Premium,No,High,Loyalty Reward
5519-NPHVG,0.9302,High Risk,12,94.2,1046.1,Loyal Customers,784.58,Medium Value,Yes,High,Discount Offer
8043-PNYSD,0.0154,Low Risk,63,19.55,1245.6,At Risk,622.8,Medium Value,No,Low,No Action Needed
9938-EKRGF,0.2598,Low Risk,15,84.45,1287.85,Loyal Customers,965.89,High Value,No,Low,No Action Needed
2703-AMTUL,0.0784,Low Risk,36,53.65,1939.35,At Risk,1131.29,High Value,No,Low,No Action Needed
0928-JMXNP,0.8219,High Risk,4,29.9,118.25,Inactive,29.56,Low Value,No,High,Email Campaign
8173-RXAYP,0.0357,Low Risk,24,19.7,452.55,Inactive,150.85,Low Value,No,Low,No Action Needed
4825-XJGDM,0.0965,Low Risk,61,43.7,2696.55,Loyal Customers,2022.41,High Value,No,Low,No Action Needed
5402-HTOTQ,0.4831,Medium Risk,16,55.3,875.35,At Risk,437.68,Medium Value,No,Medium,SMS Reminder
6734-JDTTV,0.0162,Low Risk,65,19.85,1267.05,At Risk,633.52,Medium Value,No,Low,No Action Needed
7850-THJMU,0.0227,Low Risk,26,19.65,494.9,Inactive,164.97,Medium Value,No,Low,No Action Needed
3890-RTCMS,0.3285,Low Risk,16,49.45,799.0,At Risk,399.5,Medium Value,No,Low,No Action Needed
8849-GYOKR,0.3358,Low Risk,54,106.55,5763.3,Champions,5283.02,Premium,Yes,Low,No Action Needed
3148-BLQJT,0.6469,Medium Risk,1,20.1,20.1,Inactive,5.03,Low Value,Yes,Medium,SMS Reminder
3717-FDJFU,0.0287,Low Risk,5,20.45,106.9,Inactive,26.72,Low Value,No,Low,No Action Needed
3665-JATSN,0.7173,High Risk,19,39.7,710.05,At Risk,355.02,Medium Value,No,High,Discount Offer
7966-YOTQW,0.3683,Low Risk,10,54.5,568.2,At Risk,284.1,Medium Value,No,Low,No Action Needed
0461-CVKMU,0.5764,Medium Risk,23,83.8,1900.25,Loyal Customers,1266.83,High Value,Yes,High,Loyalty Reward
8806-EAGWC,0.7471,High Risk,3,55.15,159.15,Inactive,66.31,Low Value,Yes,High,Email Campaign
8853-TZDGH,0.0472,Low Risk,72,111.6,8012.75,Champions,8012.75,Premium,No,Low,No Action Needed
7779-LGOVN,0.8687,High Risk,10,86.65,856.65,At Risk,499.71,Medium Value,Yes,High,Discount Offer
4324-BZCKL,0.3166,Low Risk,10,55.55,551.3,At Risk,275.65,Medium Value,No,Low,No Action Needed
6924-TDGMT,0.0665,Low Risk,11,20.55,184.95,Inactive,61.65,Low Value,No,Low,No Action Needed
9710-ZUSHQ,0.5369,Medium Risk,37,106.75,4056.75,Champions,3718.69,Premium,Yes,High,Loyalty Reward
1536-YHDOE,0.0973,Low Risk,17,62.1,1096.65,At Risk,639.71,Medium Value,No,Low,No Action Needed
8123-QBNAZ,0.555,Medium Risk,36,104.5,3684.95,Champions,3377.87,Premium,No,High,Loyalty Reward
3629-ZNKXA,0.8017,High Risk,17,101.8,1752.45,Loyal Customers,1314.34,High Value,No,Critical,Personal Relationship Manager
4827-LTQRJ,0.168,Low Risk,66,110.6,7210.85,Champions,7210.85,Premium,No,Low,No Action Needed
7711-YIJWC,0.0681,Low Risk,61,84.9,5264.5,Champions,4825.79,Premium,No,Low,No Action Needed
5482-VXSXJ,0.6804,Medium Risk,22,93.2,2157.3,Loyal Customers,1617.98,High Value,No,High,Loyalty Reward
7365-BVCJH,0.8781,High Risk,1,24.4,24.4,Inactive,6.1,Low Value,No,High,Email Campaign
9620-ENEJV,0.7112,High Risk,6,70.55,433.95,Inactive,180.81,Medium Value,No,High,Discount Offer
4183-WCSEP,0.6193,Medium Risk,31,78.45,2435.15,Loyal Customers,1623.43,High Value,Yes,High,Loyalty Reward
2378-YIZKA,0.0257,Low Risk,68,85.0,5607.75,Champions,5140.44,Premium,No,Low,No Action Needed
5498-TXHLF,0.691,Medium Risk,34,87.45,2874.15,Loyal Customers,2155.61,High Value,Yes,High,Loyalty Reward
0689-DSXGL,0.2077,Low Risk,52,85.8,4433.3,Loyal Customers,3324.98,Premium,No,Low,No Action Needed
6818-DJXAA,0.7748,High Risk,10,91.1,964.35,Loyal Customers,723.26,Medium Value,No,High,Discount Offer
9722-UJOJR,0.5878,Medium Risk,29,70.75,1974.8,At Risk,987.4,High Value,Yes,High,Loyalty Reward
0464-WJTKO,0.0075,Low Risk,72,20.1,1460.85,At Risk,730.42,Medium Value,No,Low,No Action Needed
8902-ZEOVF,0.0356,Low Risk,47,20.05,951.55,Inactive,396.48,Medium Value,No,Low,No Action Needed
6778-EICRF,0.2114,Low Risk,24,74.8,1821.2,Loyal Customers,1214.13,High Value,No,Low,No Action Needed
2662-NNTDK,0.0409,Low Risk,65,24.8,1600.95,At Risk,933.89,High Value,No,Low,No Action Needed
4132-KALRO,0.9381,High Risk,4,100.85,399.25,Loyal Customers,266.17,Medium Value,No,High,Discount Offer
3902-FOIGH,0.8864,High Risk,12,101.35,1218.55,Loyal Customers,913.91,High Value,Yes,Critical,Personal Relationship Manager
6772-KSATR,0.8472,High Risk,1,81.7,81.7,At Risk,40.85,Low Value,Yes,High,Email Campaign
7112-OPOTK,0.5674,Medium Risk,33,68.25,2171.15,At Risk,1085.58,High Value,Yes,High,Loyalty Reward
2874-YXVVA,0.6434,Medium Risk,34,105.1,3634.8,Champions,3331.9,Premium,No,High,Loyalty Reward
1245-HARPS,0.0284,Low Risk,14,20.4,292.4,Inactive,97.47,Low Value,No,Low,No Action Needed
4210-QFJMF,0.8471,High Risk,4,79.15,317.25,At Risk,158.62,Low Value,Yes,High,Email Campaign
4323-ELYYB,0.0517,Low Risk,13,20.0,218.55,Inactive,72.85,Low Value,No,Low,No Action Needed
4293-ETKAP,0.0468,Low Risk,65,79.4,5071.9,Champions,4649.24,Premium,No,Low,No Action Needed
6064-PUPMC,0.1067,Low Risk,23,57.2,1423.35,At Risk,711.68,Medium Value,No,Low,No Action Needed
6504-VBLFL,0.0769,Low Risk,55,58.6,3068.6,Loyal Customers,2045.73,High Value,No,Low,No Action Needed
6322-PJJDJ,0.2804,Low Risk,49,94.8,4690.65,Champions,3908.88,Premium,No,Low,No Action Needed
0330-BGYZE,0.2976,Low Risk,60,102.5,6157.6,Champions,6157.6,Premium,No,Low,No Action Needed
1085-LDWAM,0.0147,Low Risk,69,20.35,1442.65,At Risk,721.32,Medium Value,No,Low,No Action Needed
7586-ZATGZ,0.7328,High Risk,40,84.9,3369.05,Loyal Customers,2246.03,High Value,No,Critical,Personal Relationship Manager
7197-VOJMM,0.0334,Low Risk,67,69.2,4671.65,Loyal Customers,3503.74,Premium,No,Low,No Action Needed
3318-OSATS,0.77,High Risk,35,95.45,3474.05,Champions,2895.04,High Value,Yes,Critical,Personal Relationship Manager
5828-AVIPD,0.5947,Medium Risk,19,100.95,1875.55,Loyal Customers,1406.66,High Value,Yes,High,Loyalty Reward
1843-TLSGD,0.0299,Low Risk,13,20.85,272.35,Inactive,90.78,Low Value,No,Low,No Action Needed
9626-VFRGG,0.4957,Medium Risk,41,88.5,3645.05,Loyal Customers,2733.79,High Value,No,High,Loyalty Reward
7075-BNDVQ,0.6011,Medium Risk,4,35.0,135.75,Inactive,45.25,Low Value,No,Medium,SMS Reminder
9143-CANJF,0.3168,Low Risk,24,55.15,1319.85,At Risk,659.92,Medium Value,No,Low,No Action Needed
7284-BUYEC,0.7075,High Risk,5,50.95,229.4,Inactive,95.58,Low Value,No,High,Email Campaign
2041-JIJCI,0.602,Medium Risk,5,64.0,370.25,At Risk,185.12,Medium Value,No,Medium,SMS Reminder
1086-LXKFY,0.9078,High Risk,1,69.1,69.1,Inactive,23.03,Low Value,Yes,High,Email Campaign
4900-MSOMT,0.0258,Low Risk,72,80.2,5714.2,Champions,5238.02,Premium,No,Low,No Action Needed
2229-VWQJH,0.2946,Low Risk,24,49.3,1233.25,At Risk,616.62,Medium Value,No,Low,No Action Needed
9194-GFVOI,0.061,Low Risk,42,84.35,3571.6,Champions,2976.33,High Value,No,Low,No Action Needed
1336-EZFZY,0.2885,Low Risk,4,20.05,83.3,Inactive,20.82,Low Value,No,Low,No Action Needed
4282-MSACW,0.6972,Medium Risk,68,117.2,8035.95,Champions,8035.95,Premium,No,High,Loyalty Reward
1403-LKLIK,0.0381,Low Risk,33,20.1,579.4,Inactive,241.42,Medium Value,No,Low,No Action Needed
2636-ALXXZ,0.9421,High Risk,1,69.6,69.6,Inactive,23.2,Low Value,Yes,High,Email Campaign
7774-OJSXI,0.6496,Medium Risk,31,103.45,3066.45,Champions,2810.91,High Value,Yes,High,Loyalty Reward
7786-WBJYI,0.8331,High Risk,4,77.95,305.55,At Risk,152.78,Low Value,Yes,High,Email Campaign
0136-IFMYD,0.3751,Low Risk,69,109.95,7634.25,Champions,7634.25,Premium,No,Low,No Action Needed
5144-TVGLP,0.6604,Medium Risk,38,94.75,3653.0,Champions,3044.17,Premium,No,High,Loyalty Reward
9643-AVVWI,0.7748,High Risk,3,80.0,241.3,At Risk,120.65,Low Value,No,High,Email Campaign
0253-ZTEOB,0.0691,Low Risk,48,79.65,3870.3,Champions,3225.25,Premium,No,Low,No Action Needed
2706-QZIHY,0.0847,Low Risk,15,25.2,387.9,Inactive,161.62,Low Value,No,Low,No Action Needed
6061-PQHMK,0.0468,Low Risk,25,19.9,527.5,Inactive,175.83,Medium Value,No,Low,No Action Needed
9885-CSMWE,0.9342,High Risk,1,78.45,78.45,At Risk,39.22,Low Value,Yes,High,Email Campaign
6137-MFAJN,0.4938,Medium Risk,48,44.8,2104.55,At Risk,1227.65,High Value,No,High,Loyalty Reward
9122-UMROB,0.5606,Medium Risk,1,20.3,20.3,Inactive,5.08,Low Value,No,Medium,SMS Reminder
4232-JGKIY,0.4962,Medium Risk,1,19.2,19.2,Inactive,4.8,Low Value,No,Medium,SMS Reminder
2402-TAIRZ,0.1874,Low Risk,37,80.05,3019.1,Loyal Customers,2012.73,High Value,No,Low,No Action Needed
9659-ZTWSM,0.62,Medium Risk,66,107.35,7051.95,Champions,7051.95,Premium,No,High,Loyalty Reward
9139-TWBAS,0.2435,Low Risk,26,47.85,1190.5,At Risk,694.46,Medium Value,No,Low,No Action Needed
6685-GBWJZ,0.0941,Low Risk,63,70.8,4448.8,Champions,3707.33,Premium,No,Low,No Action Needed
5016-ETTFF,0.6087,Medium Risk,10,29.5,255.25,Inactive,85.08,Low Value,Yes,Medium,SMS Reminder
3866-MDTUB,0.7293,High Risk,2,70.75,146.9,At Risk,85.69,Low Value,Yes,High,Email Campaign
2195-VVRJF,0.3972,Low Risk,18,59.1,1011.05,At Risk,505.52,Medium Value,No,Low,No Action Needed
3913-RDSJZ,0.0211,Low Risk,64,25.55,1714.95,At Risk,1000.39,High Value,No,Low,No Action Needed
8058-JMEQO,0.8879,High Risk,9,84.45,762.5,At Risk,381.25,Medium Value,Yes,High,Discount Offer
4203-QGNZA,0.1254,Low Risk,28,20.25,535.35,Inactive,178.45,Medium Value,No,Low,No Action Needed
5043-TRZWM,0.9179,High Risk,1,75.55,75.55,At Risk,37.78,Low Value,No,High,Email Campaign
0697-ZMSWS,0.9096,High Risk,4,85.65,338.9,At Risk,169.45,Medium Value,Yes,High,Discount Offer
7657-DYEPJ,0.2093,Low Risk,38,70.15,2497.35,Loyal Customers,1664.9,High Value,Yes,Low,No Action Needed
9494-BDNNC,0.3733,Low Risk,66,95.3,6273.4,Champions,5750.62,Premium,No,Low,No Action Needed
1640-PLFMP,0.9313,High Risk,1,70.25,70.25,Inactive,23.42,Low Value,No,High,Email Campaign
5366-OBVMR,0.3157,Low Risk,18,50.3,908.75,At Risk,454.38,Medium Value,No,Low,No Action Needed
8276-MQBYC,0.786,High Risk,51,97.8,4913.3,Champions,4094.42,Premium,Yes,Critical,Personal Relationship Manager
7593-XFKDI,0.7444,High Risk,1,46.3,46.3,Inactive,15.43,Low Value,Yes,High,Email Campaign
4573-JKNAE,0.0644,Low Risk,12,19.35,212.3,Inactive,70.77,Low Value,No,Low,No Action Needed
0337-CNPZE,0.8135,High Risk,41,106.3,4443.45,Champions,4073.16,Premium,Yes,Critical,Personal Relationship Manager
9817-APLHW,0.4134,Medium Risk,12,25.0,316.2,Inactive,131.75,Low Value,No,Medium,SMS Reminder
8380-MQINP,0.0445,Low Risk,55,20.3,1079.05,Inactive,449.6,Medium Value,No,Low,No Action Needed
0840-DFEZH,0.8627,High Risk,7,75.35,564.65,At Risk,282.32,Medium Value,No,High,Discount Offer
1513-XNPPH,0.7997,High Risk,12,89.4,1095.65,Loyal Customers,730.43,Medium Value,Yes,High,Discount Offer
8690-ZVLCL,0.0672,Low Risk,68,88.0,6161.9,Champions,5648.41,Premium,No,Low,No Action Needed
6015-VVHHE,0.9072,High Risk,5,83.15,446.05,At Risk,223.02,Medium Value,Yes,High,Discount Offer
1125-SNVCK,0.3583,Low Risk,49,43.8,2106.05,At Risk,1053.03,High Value,No,Low,No Action Needed
0384-LPITE,0.3096,Low Risk,40,62.05,2511.55,Loyal Customers,1674.37,High Value,No,Low,No Action Needed
4616-EWBNJ,0.1022,Low Risk,16,20.1,318.6,Inactive,106.2,Low Value,No,Low,No Action Needed
6347-DCUIK,0.7908,High Risk,10,74.15,811.8,At Risk,473.55,Medium Value,Yes,High,Discount Offer
1335-HQMKX,0.2039,Low Risk,72,101.35,7323.15,Champions,7323.15,Premium,No,Low,No Action Needed
2545-EBUPK,0.9165,High Risk,2,84.05,186.05,At Risk,93.02,Low Value,No,High,Email Campaign
6923-AQONU,0.0286,Low Risk,23,20.9,454.0,Inactive,151.33,Low Value,No,Low,No Action Needed
2172-EJXVF,0.2762,Low Risk,71,105.9,7521.95,Champions,7521.95,Premium,No,Low,No Action Needed
0897-FEGMU,0.9496,High Risk,11,99.5,1056.95,Loyal Customers,792.71,Medium Value,Yes,High,Discount Offer
7663-RGWBC,0.7759,High Risk,1,44.15,44.15,Inactive,14.72,Low Value,Yes,High,Email Campaign
1120-BMWUB,0.3802,Low Risk,16,53.9,834.15,At Risk,417.08,Medium Value,Yes,Low,No Action Needed
9124-LHCJQ,0.9616,High Risk,1,85.45,85.45,At Risk,42.72,Low Value,Yes,High,Email Campaign
4536-PLEQY,0.7587,High Risk,12,85.05,999.8,At Risk,583.22,Medium Value,No,High,Discount Offer
7029-IJEJK,0.1286,Low Risk,54,44.1,2369.7,At Risk,1382.32,High Value,No,Low,No Action Needed
8871-JLMHM,0.0883,Low Risk,68,90.2,6297.65,Champions,5772.85,Premium,No,Low,No Action Needed
2235-ZGKPT,0.6484,Medium Risk,4,50.85,239.55,Inactive,99.81,Low Value,Yes,Medium,SMS Reminder
3891-PUQOD,0.8034,High Risk,1,59.2,59.2,Inactive,24.67,Low Value,Yes,High,Email Campaign
5447-VYTKW,0.156,Low Risk,27,53.45,1461.45,At Risk,730.72,Medium Value,No,Low,No Action Needed
3623-FQBOX,0.1583,Low Risk,21,19.95,416.4,Inactive,138.8,Low Value,No,Low,No Action Needed
0689-NKYLF,0.8339,High Risk,13,83.2,1060.6,At Risk,618.68,Medium Value,Yes,High,Discount Offer
8659-HDIYE,0.1871,Low Risk,64,74.65,4869.35,Champions,4463.57,Premium,No,Low,No Action Needed
3658-KIBGF,0.7594,High Risk,1,54.9,54.9,Inactive,22.88,Low Value,Yes,High,Email Campaign
3474-BAFSJ,0.05,Low Risk,57,57.5,3265.95,Champions,2721.62,High Value,No,Low,No Action Needed
5519-YLDGW,0.854,High Risk,21,103.9,2254.2,Champions,1878.5,High Value,Yes,Critical,Personal Relationship Manager
3865-ZFZIB,0.0358,Low Risk,19,19.65,358.15,Inactive,119.38,Low Value,No,Low,No Action Needed
1855-AGAWH,0.5536,Medium Risk,31,93.8,2939.8,Champions,2449.83,High Value,No,High,Loyalty Reward
7109-CQYUZ,0.027,Low Risk,52,89.25,4652.4,Champions,3877.0,Premium,No,Low,No Action Needed
1370-GGAWX,0.4359,Medium Risk,46,94.15,4408.45,Champions,4041.08,Premium,No,High,Loyalty Reward
4680-KUTAJ,0.4669,Medium Risk,11,55.6,580.8,At Risk,290.4,Medium Value,No,Medium,SMS Reminder
5307-UVGNB,0.3469,Low Risk,53,48.7,2495.2,Loyal Customers,1663.47,High Value,No,Low,No Action Needed
4946-EDSEW,0.3744,Low Risk,11,19.25,180.3,Inactive,60.1,Low Value,Yes,Low,No Action Needed
2883-ILGWO,0.6309,Medium Risk,57,104.9,5913.95,Champions,5913.95,Premium,No,High,Loyalty Reward
2516-VQRRV,0.8669,High Risk,2,75.45,158.4,At Risk,79.2,Low Value,Yes,High,Email Campaign
7580-UGXNC,0.6369,Medium Risk,2,54.85,104.2,Inactive,43.42,Low Value,Yes,Medium,SMS Reminder
3642-BYHDO,0.0085,Low Risk,71,19.9,1389.35,At Risk,694.68,Medium Value,No,Low,No Action Needed
9629-NHXFW,0.4624,Medium Risk,1,19.4,19.4,Inactive,4.85,Low Value,No,Medium,SMS Reminder
2696-RZVZW,0.0205,Low Risk,68,25.05,1629.2,At Risk,950.37,High Value,No,Low,No Action Needed
5766-FTRTS,0.0091,Low Risk,72,84.45,6033.1,Champions,5530.34,Premium,No,Low,No Action Needed
0396-HUJBP,0.1435,Low Risk,2,19.3,44.4,Inactive,11.1,Low Value,No,Low,No Action Needed
5178-LMXOP,0.9688,High Risk,1,95.1,95.1,Loyal Customers,63.4,Low Value,Yes,High,Email Campaign
8879-ZKJOF,0.1608,Low Risk,41,79.85,3320.75,Champions,2767.29,High Value,No,Low,No Action Needed
6285-FTQBF,0.0096,Low Risk,72,25.55,1867.7,At Risk,1089.49,High Value,No,Low,No Action Needed
8185-UPYBR,0.8651,High Risk,6,75.5,438.0,At Risk,219.0,Medium Value,Yes,High,Discount Offer
4585-HETAI,0.8479,High Risk,4,73.75,325.45,At Risk,162.72,Medium Value,Yes,High,Discount Offer
7526-BEZQB,0.9386,High Risk,12,96.05,1148.1,Loyal Customers,861.08,High Value,Yes,Critical,Personal Relationship Manager
1474-JUWSM,0.1227,Low Risk,58,68.4,3972.25,Champions,3310.21,Premium,No,Low,No Action Needed
3530-CRZSB,0.2264,Low Risk,7,20.65,155.9,Inactive,38.98,Low Value,No,Low,No Action Needed
8498-XXGWA,0.108,Low Risk,65,55.15,3673.15,Loyal Customers,2448.77,High Value,No,Low,No Action Needed
9617-INGJY,0.9028,High Risk,1,70.6,70.6,Inactive,29.42,Low Value,No,High,Email Campaign
0621-TSSMU,0.0736,Low Risk,56,19.95,1126.75,At Risk,563.38,Medium Value,No,Low,No Action Needed
7234-KMNRQ,0.1667,Low Risk,4,19.0,73.45,Inactive,18.36,Low Value,No,Low,No Action Needed
7636-PEPNS,0.0804,Low Risk,58,44.1,2413.05,At Risk,1407.61,High Value,No,Low,No Action Needed
4683-WYDOU,0.4207,Medium Risk,62,107.6,6912.7,Champions,6912.7,Premium,No,High,Loyalty Reward
9052-DHNKM,0.1073,Low Risk,26,61.55,1581.95,At Risk,922.8,High Value,No,Low,No Action Needed
6794-HKIAJ,0.2025,Low Risk,62,90.7,5586.45,Champions,5586.45,Premium,No,Low,No Action Needed
5578-NKCXI,0.1541,Low Risk,58,99.25,5846.65,Champions,5846.65,Premium,No,Low,No Action Needed
1642-HMARX,0.0904,Low Risk,68,91.7,6424.7,Champions,6424.7,Premium,No,Low,No Action Needed
3096-WPXBT,0.1739,Low Risk,61,100.7,6018.65,Champions,6018.65,Premium,No,Low,No Action Needed
8434-PNQZX,0.0673,Low Risk,42,78.45,3373.4,Champions,2811.17,High Value,No,Low,No Action Needed
5950-AAAGJ,0.5759,Medium Risk,18,84.3,1537.9,At Risk,897.11,High Value,No,High,Loyalty Reward
4299-OPXEJ,0.091,Low Risk,56,19.55,1080.55,At Risk,540.28,Medium Value,No,Low,No Action Needed
4951-UKAAQ,0.9012,High Risk,4,88.95,355.2,At Risk,207.2,Medium Value,Yes,High,Discount Offer
9618-LFJRU,0.2682,Low Risk,4,20.45,82.85,Inactive,20.71,Low Value,No,Low,No Action Needed
6693-DJWTY,0.0909,Low Risk,35,55.6,2016.45,At Risk,1176.26,High Value,No,Low,No Action Needed
0744-GKNGE,0.154,Low Risk,64,86.8,5327.25,Champions,4439.38,Premium,No,Low,No Action Needed
6447-EGDIV,0.0553,Low Risk,31,20.95,683.25,Inactive,284.69,Medium Value,No,Low,No Action Needed
1167-OYZJF,0.015,Low Risk,67,20.05,1263.05,At Risk,631.52,Medium Value,No,Low,No Action Needed
2108-YKQTY,0.5406,Medium Risk,4,50.7,151.3,Inactive,63.04,Low Value,Yes,Medium,SMS Reminder
4806-DXQCE,0.2577,Low Risk,70,113.65,7714.65,Champions,7714.65,Premium,No,Low,No Action Needed
4918-QLLIW,0.722,High Risk,3,53.4,188.7,Inactive,78.62,Low Value,Yes,High,Email Campaign
7056-IMHCC,0.8139,High Risk,53,101.9,5549.4,Champions,5086.95,Premium,Yes,Critical,Personal Relationship Manager
4854-SSLTN,0.0464,Low Risk,2,59.5,130.5,At Risk,65.25,Low Value,No,Low,No Action Needed
5294-DMSFH,0.6315,Medium Risk,29,87.8,2621.75,At Risk,1529.35,High Value,No,High,Loyalty Reward
4837-PZTIC,0.0622,Low Risk,47,41.9,1875.25,At Risk,1093.9,High Value,No,Low,No Action Needed
1625-JAIIY,0.4632,Medium Risk,68,83.0,5685.8,Loyal Customers,4264.35,Premium,Yes,High,Loyalty Reward
0603-OLQDC,0.3289,Low Risk,12,69.85,837.5,At Risk,488.54,Medium Value,No,Low,No Action Needed
3272-VUHPV,0.2219,Low Risk,8,56.3,401.5,Inactive,167.29,Medium Value,No,Low,No Action Needed
4176-FXYBO,0.5177,Medium Risk,54,109.55,6118.95,Champions,5609.04,Premium,No,High,Loyalty Reward
1063-DHQJF,0.0292,Low Risk,69,92.15,6480.9,Champions,5940.82,Premium,No,Low,No Action Needed
8663-UPDGF,0.1715,Low Risk,26,69.5,1800.05,Loyal Customers,1200.03,High Value,No,Low,No Action Needed
6719-FGEDO,0.0188,Low Risk,72,97.0,7104.2,Champions,7104.2,Premium,No,Low,No Action Needed
1837-YQUCE,0.0243,Low Risk,70,58.35,4214.25,Champions,3511.88,Premium,No,Low,No Action Needed
2947-DOMLJ,0.6697,Medium Risk,1,50.6,50.6,Inactive,21.08,Low Value,Yes,Medium,SMS Reminder
4112-LUEIZ,0.8456,High Risk,10,89.5,863.1,At Risk,503.48,Medium Value,Yes,High,Discount Offer
0369-ZGOVK,0.102,Low Risk,28,70.4,1992.2,At Risk,996.1,High Value,No,Low,No Action Needed
4510-HIMLV,0.9358,High Risk,1,69.8,69.8,Inactive,23.27,Low Value,Yes,High,Email Campaign
9919-KNPOO,0.8435,High Risk,21,94.3,1948.35,Loyal Customers,1461.26,High Value,No,Critical,Personal Relationship Manager
8749-JMNKX,0.5761,Medium Risk,51,93.8,4750.95,Champions,4355.04,Premium,Yes,High,Loyalty Reward
7872-BAAZR,0.1281,Low Risk,53,19.55,1007.9,Inactive,419.96,Medium Value,No,Low,No Action Needed
9391-LMANN,0.1877,Low Risk,53,95.95,5036.9,Champions,4617.16,Premium,No,Low,No Action Needed
2430-USGXP,0.8667,High Risk,24,101.05,2391.8,Champions,1993.17,High Value,Yes,Critical,Personal Relationship Manager
8174-TBVCF,0.1726,Low Risk,70,94.8,6859.05,Champions,6859.05,Premium,No,Low,No Action Needed
1698-XFZCI,0.4794,Medium Risk,61,107.75,6521.9,Champions,6521.9,Premium,No,High,Loyalty Reward
1877-HKBQX,0.1019,Low Risk,11,54.6,617.85,At Risk,308.92,Medium Value,No,Low,No Action Needed
4450-DLLMH,0.7827,High Risk,2,71.3,157.75,Inactive,65.73,Low Value,No,High,Email Campaign
0428-AXXLJ,0.0722,Low Risk,25,19.5,516.3,Inactive,172.1,Medium Value,No,Low,No Action Needed
2746-DIJLO,0.1444,Low Risk,41,56.3,2364.0,At Risk,1379.0,High Value,No,Low,No Action Needed
5955-ERIHD,0.8457,High Risk,18,94.7,1687.95,Loyal Customers,1265.96,High Value,Yes,Critical,Personal Relationship Manager
0917-EZOLA,0.3699,Low Risk,72,104.15,7689.95,Champions,7689.95,Premium,Yes,Low,No Action Needed
3508-VLHCZ,0.0302,Low Risk,71,90.55,6239.05,Champions,6239.05,Premium,No,Low,No Action Needed
4086-ATNFV,0.083,Low Risk,34,60.8,2042.05,Loyal Customers,1361.37,High Value,No,Low,No Action Needed
0468-YRPXN,0.55,Medium Risk,29,98.8,2807.1,Champions,2339.25,High Value,No,High,Loyalty Reward
5996-NRVXR,0.1892,Low Risk,40,98.15,4116.8,Champions,3773.73,Premium,No,Low,No Action Needed
3739-YBWAB,0.1732,Low Risk,36,35.35,1317.95,At Risk,658.98,Medium Value,No,Low,No Action Needed
7047-FWEYA,0.5743,Medium Risk,46,103.15,4594.65,Champions,4211.76,Premium,No,High,Loyalty Reward
2000-MPKCA,0.5844,Medium Risk,58,107.75,6332.75,Champions,6332.75,Premium,No,High,Loyalty Reward
9762-YAQAA,0.1269,Low Risk,39,81.4,3213.75,Loyal Customers,2142.5,High Value,No,Low,No Action Needed
5949-EBSQK,0.4011,Medium Risk,4,61.45,229.55,Inactive,95.65,Low Value,Yes,Medium,SMS Reminder
5473-KHBPS,0.2032,Low Risk,52,95.7,4976.15,Champions,4561.47,Premium,No,Low,No Action Needed
0100-DUVFC,0.6628,Medium Risk,70,104.8,7308.95,Champions,7308.95,Premium,No,High,Loyalty Reward
5397-TUPSH,0.1008,Low Risk,65,70.95,4555.2,Loyal Customers,3036.8,Premium,No,Low,No Action Needed
8950-MTZNV,0.7759,High Risk,1,44.95,44.95,Inactive,14.98,Low Value,No,High,Email Campaign
0326-VDYXE,0.3584,Low Risk,70,97.65,6982.5,Champions,6982.5,Premium,No,Low,No Action Needed
6773-LQTVT,0.4283,Medium Risk,29,35.65,1025.15,At Risk,512.58,Medium Value,No,Medium,SMS Reminder
7274-RTAPZ,0.9468,High Risk,1,90.55,90.55,At Risk,52.82,Low Value,Yes,High,Email Campaign
0436-TWFFZ,0.0259,Low Risk,67,85.25,5714.2,Champions,5238.02,Premium,No,Low,No Action Needed
8566-YPRGL,0.6813,Medium Risk,1,19.5,19.5,Inactive,4.88,Low Value,No,Medium,SMS Reminder
0311-UNPFF,0.6409,Medium Risk,26,88.8,2274.35,At Risk,1326.7,High Value,Yes,High,Loyalty Reward
6609-MXJHJ,0.0534,Low Risk,30,25.1,789.55,At Risk,394.78,Medium Value,No,Low,No Action Needed
2669-OIDSD,0.4893,Medium Risk,48,100.05,4834.0,Champions,4431.17,Premium,No,High,Loyalty Reward
8400-WZICQ,0.3319,Low Risk,55,55.7,3131.8,At Risk,1826.88,High Value,No,Low,No Action Needed
3834-XUIFC,0.9191,High Risk,7,85.2,602.55,At Risk,301.27,Medium Value,Yes,High,Discount Offer
9576-SYUHJ,0.5906,Medium Risk,37,91.15,3369.25,Champions,2807.71,High Value,No,High,Loyalty Reward
0410-IPFTY,0.5828,Medium Risk,31,83.85,2674.15,Loyal Customers,1782.77,High Value,No,High,Loyalty Reward
2831-EBWRN,0.7077,High Risk,4,45.9,199.75,Inactive,66.58,Low Value,No,High,Email Campaign
9430-NKQLY,0.0107,Low Risk,72,25.1,1790.8,At Risk,1044.63,High Value,No,Low,No Action Needed
8414-MYSHR,0.8982,High Risk,5,91.4,449.75,At Risk,262.35,Medium Value,Yes,High,Discount Offer
0247-SLUJI,0.5992,Medium Risk,1,19.7,19.7,Inactive,4.92,Low Value,No,Medium,SMS Reminder
9402-ORRAH,0.8194,High Risk,15,91.5,1400.3,Loyal Customers,933.53,High Value,No,Critical,Personal Relationship Manager
6483-OATDN,0.3818,Low Risk,8,51.3,411.6,Inactive,171.5,Medium Value,No,Low,No Action Needed
1293-HHSHJ,0.053,Low Risk,35,21.1,741.0,Inactive,308.75,Medium Value,No,Low,No Action Needed
4840-ORQXB,0.6517,Medium Risk,56,104.75,5841.35,Champions,5841.35,Premium,No,High,Loyalty Reward
7599-FKVXZ,0.7903,High Risk,42,106.15,4512.7,Champions,4136.64,Premium,Yes,Critical,Personal Relationship Manager
3982-DQLUS,0.4017,Medium Risk,65,85.75,5688.45,Champions,4740.38,Premium,No,High,Loyalty Reward
8610-ZIKJJ,0.0758,Low Risk,2,20.3,31.9,Inactive,7.98,Low Value,No,Low,No Action Needed
3756-VNWDH,0.3054,Low Risk,65,100.75,6674.65,Champions,6674.65,Premium,No,Low,No Action Needed
7801-KICAO,0.7953,High Risk,18,74.15,1345.75,At Risk,785.02,Medium Value,No,High,Discount Offer
7673-LPRNY,0.3164,Low Risk,23,78.55,1843.05,Loyal Customers,1382.29,High Value,No,Low,No Action Needed
8229-TNIQA,0.6361,Medium Risk,4,45.3,196.95,Inactive,65.65,Low Value,Yes,Medium,SMS Reminder
6060-QBMGV,0.0147,Low Risk,70,19.85,1433.8,At Risk,716.9,Medium Value,No,Low,No Action Needed
7339-POGZN,0.7676,High Risk,4,50.7,214.55,Inactive,89.4,Low Value,No,High,Email Campaign
2828-SLQPF,0.3747,Low Risk,19,45.0,865.85,Inactive,360.77,Medium Value,No,Low,No Action Needed
4465-VDKIQ,0.6533,Medium Risk,18,77.8,1358.6,At Risk,792.52,Medium Value,No,Medium,SMS Reminder
2921-XWDJH,0.7042,High Risk,38,83.45,3147.15,Loyal Customers,2098.1,High Value,No,Critical,Personal Relationship Manager
6221-AVQYL,0.8491,High Risk,2,73.25,131.05,At Risk,65.53,Low Value,Yes,High,Email Campaign
2558-BUOZZ,0.2094,Low Risk,47,94.8,4535.85,Champions,4157.86,Premium,No,Low,No Action Needed
9257-AZMTZ,0.0358,Low Risk,52,20.1,1078.75,Inactive,449.48,Medium Value,No,Low,No Action Needed
0003-MKNFE,0.4951,Medium Risk,9,59.9,542.4,Inactive,226.0,Medium Value,No,Medium,SMS Reminder
0975-UYDTX,0.2798,Low Risk,26,90.1,2312.55,Champions,1927.13,High Value,No,Low,No Action Needed
7743-EXURX,0.5482,Medium Risk,8,51.05,415.05,Inactive,172.94,Medium Value,Yes,Medium,SMS Reminder
4682-BLBUC,0.2345,Low Risk,44,70.95,3250.45,Champions,2708.71,High Value,No,Low,No Action Needed
0975-VOOVL,0.6837,Medium Risk,3,29.2,98.5,Inactive,24.62,Low Value,No,Medium,SMS Reminder
5968-VXZLG,0.7133,High Risk,2,46.6,87.9,Inactive,29.3,Low Value,No,High,Email Campaign
5569-KGJHX,0.8655,High Risk,9,85.35,754.65,At Risk,377.32,Medium Value,Yes,High,Discount Offer
4988-IQIGL,0.9517,High Risk,1,75.35,75.35,At Risk,37.67,Low Value,Yes,High,Email Campaign
5201-FRKKS,0.3742,Low Risk,25,74.3,1952.25,At Risk,1138.81,High Value,No,Low,No Action Needed
9799-CAYJJ,0.8367,High Risk,2,69.3,153.8,Inactive,51.27,Low Value,No,High,Email Campaign
7730-IUTDZ,0.6591,Medium Risk,43,75.2,3198.6,Loyal Customers,2132.4,High Value,Yes,High,Loyalty Reward
0426-TIRNE,0.5956,Medium Risk,1,20.9,20.9,Inactive,5.22,Low Value,Yes,Medium,SMS Reminder
5443-SCMKX,0.3968,Low Risk,58,94.3,5610.15,Champions,5610.15,Premium,No,Low,No Action Needed
8295-KMENE,0.0262,Low Risk,59,76.45,4519.5,Champions,4142.88,Premium,No,Low,No Action Needed
6738-ISCBM,0.4643,Medium Risk,44,54.0,2440.25,Loyal Customers,1626.83,High Value,No,High,Loyalty Reward
9821-BESNZ,0.6622,Medium Risk,66,104.25,6860.6,Champions,6860.6,Premium,No,High,Loyalty Reward
3678-MNGZX,0.0153,Low Risk,68,19.95,1377.7,At Risk,688.85,Medium Value,No,Low,No Action Needed
1335-NTIUC,0.7543,High Risk,9,24.95,190.25,Inactive,47.56,Low Value,No,High,Email Campaign
2916-BQZLN,0.696,Medium Risk,19,84.75,1651.95,Loyal Customers,1101.3,High Value,No,High,Loyalty Reward
4558-CGYCZ,0.3439,Low Risk,4,19.75,78.3,Inactive,19.58,Low Value,No,Low,No Action Needed
2368-GAKKQ,0.1256,Low Risk,70,113.65,7939.25,Champions,7939.25,Premium,No,Low,No Action Needed
8710-YGLWG,0.7759,High Risk,1,44.9,44.9,Inactive,14.97,Low Value,No,High,Email Campaign
3199-XGZCY,0.8581,High Risk,8,75.25,576.7,At Risk,288.35,Medium Value,No,High,Discount Offer
3785-KTYSH,0.0548,Low Risk,53,24.6,1279.0,At Risk,639.5,Medium Value,No,Low,No Action Needed
6814-ZPWFQ,0.0789,Low Risk,51,25.0,1260.7,At Risk,630.35,Medium Value,No,Low,No Action Needed
4063-EIKNQ,0.3096,Low Risk,11,20.95,267.35,Inactive,89.12,Low Value,No,Low,No Action Needed
6993-YCOBK,0.11,Low Risk,60,110.6,6586.85,Champions,6586.85,Premium,No,Low,No Action Needed
5206-HPJKM,0.3486,Low Risk,17,55.5,934.15,At Risk,467.08,Medium Value,No,Low,No Action Needed
7587-RZNME,0.7733,High Risk,3,43.3,123.65,Inactive,41.22,Low Value,Yes,High,Email Campaign
0748-RDGGM,0.7319,High Risk,70,109.5,7534.65,Champions,7534.65,Premium,Yes,Critical,Personal Relationship Manager
8393-JMVMB,0.602,Medium Risk,1,19.45,19.45,Inactive,4.86,Low Value,No,Medium,SMS Reminder
5019-GQVCR,0.755,High Risk,43,84.85,3645.6,Loyal Customers,2430.4,High Value,No,Critical,Personal Relationship Manager
6036-TTFYU,0.2427,Low Risk,16,19.6,314.45,Inactive,104.82,Low Value,No,Low,No Action Needed
2550-AEVRU,0.0924,Low Risk,57,53.45,3053.0,Loyal Customers,2035.33,High Value,No,Low,No Action Needed
0969-RGKCU,0.0396,Low Risk,37,19.8,677.05,Inactive,282.1,Medium Value,No,Low,No Action Needed
0378-CJKPV,0.0329,Low Risk,72,112.1,7965.95,Champions,7965.95,Premium,No,Low,No Action Needed
4706-AXVKM,0.8971,High Risk,11,84.8,906.85,At Risk,529.0,Medium Value,Yes,High,Discount Offer
5889-JTMUL,0.7443,High Risk,50,95.05,4888.7,Champions,4481.31,Premium,Yes,Critical,Personal Relationship Manager
9026-RNUJS,0.7224,High Risk,5,50.35,237.25,Inactive,98.85,Low Value,Yes,High,Email Campaign
3746-EUBYR,0.9268,High Risk,1,74.6,74.6,At Risk,37.3,Low Value,Yes,High,Email Campaign
2332-EFBJY,0.2832,Low Risk,16,19.7,342.4,Inactive,114.13,Low Value,Yes,Low,No Action Needed
2880-FPNAE,0.8545,High Risk,2,74.2,140.1,At Risk,70.05,Low Value,No,High,Email Campaign
1703-MGIAB,0.4348,Medium Risk,17,69.0,1108.0,Loyal Customers,738.67,Medium Value,No,Medium,SMS Reminder
4311-QTTAI,0.0818,Low Risk,16,19.35,295.55,Inactive,98.52,Low Value,No,Low,No Action Needed
9474-PHLYD,0.5674,Medium Risk,15,59.45,892.65,At Risk,446.32,Medium Value,Yes,Medium,SMS Reminder
4318-RAJVY,0.0806,Low Risk,10,19.8,198.25,Inactive,66.08,Low Value,No,Low,No Action Needed
2165-VOEGB,0.2909,Low Risk,46,105.2,4822.85,Champions,4420.95,Premium,Yes,Low,No Action Needed
3612-YUNGG,0.1158,Low Risk,64,109.2,6741.15,Champions,6741.15,Premium,No,Low,No Action Needed
2254-DLXRI,0.9261,High Risk,1,79.15,79.15,At Risk,39.58,Low Value,No,High,Email Campaign
5062-CJJKH,0.1151,Low Risk,25,53.65,1355.45,At Risk,677.72,Medium Value,No,Low,No Action Needed
9028-LIHRP,0.0406,Low Risk,71,100.2,7209.0,Champions,7209.0,Premium,No,Low,No Action Needed
2219-MVUSO,0.4332,Medium Risk,8,45.15,438.4,Inactive,146.13,Low Value,Yes,Medium,SMS Reminder
1053-MXTTK,0.0367,Low Risk,72,108.65,7726.35,Champions,7726.35,Premium,No,Low,No Action Needed
1530-ZTDOZ,0.3529,Low Risk,49,40.65,2070.75,At Risk,1207.94,High Value,No,Low,No Action Needed
1301-LOPVR,0.1677,Low Risk,29,55.35,1636.95,Loyal Customers,1091.3,High Value,No,Low,No Action Needed
0853-TWRVK,0.0531,Low Risk,72,105.6,7581.5,Champions,7581.5,Premium,No,Low,No Action Needed
8914-RBTSB,0.6617,Medium Risk,31,93.8,3019.5,Champions,2767.88,High Value,Yes,High,Loyalty Reward
6212-ATMLK,0.7776,High Risk,50,95.7,4729.75,Champions,3941.46,Premium,No,Critical,Personal Relationship Manager
8200-LGKSR,0.0596,Low Risk,71,83.2,6126.1,Champions,5615.59,Premium,No,Low,No Action Needed
1568-BEKZM,0.0939,Low Risk,70,90.05,6333.4,Champions,6333.4,Premium,No,Low,No Action Needed
0670-ANMUU,0.0863,Low Risk,71,97.65,6687.85,Champions,6687.85,Premium,No,Low,No Action Needed
6897-RWMUB,0.014,Low Risk,61,68.05,4158.25,Champions,3465.21,Premium,No,Low,No Action Needed
0963-ZBDRN,0.6857,Medium Risk,32,96.2,3183.4,Champions,2652.83,High Value,Yes,High,Loyalty Reward
7594-RQHXR,0.9268,High Risk,1,79.6,79.6,At Risk,39.8,Low Value,Yes,High,Email Campaign
6999-CHVCF,0.1904,Low Risk,68,102.1,7149.35,Champions,7149.35,Premium,No,Low,No Action Needed
6134-KWTBV,0.0193,Low Risk,62,23.4,1429.65,At Risk,833.96,High Value,No,Low,No Action Needed
1077-HUUJM,0.783,High Risk,7,71.05,472.65,Inactive,196.94,Medium Value,No,High,Discount Offer
6331-EWIEB,0.8132,High Risk,20,85.25,1734.5,At Risk,1011.79,High Value,Yes,Critical,Personal Relationship Manager
0895-LNKRC,0.0715,Low Risk,6,19.45,113.5,Inactive,28.38,Low Value,No,Low,No Action Needed
2045-BMBTJ,0.4749,Medium Risk,33,59.45,1884.65,Loyal Customers,1413.49,High Value,No,High,Loyalty Reward
8417-GSODA,0.3095,Low Risk,28,92.2,2568.15,Loyal Customers,1926.11,High Value,No,Low,No Action Needed
5171-EPLKN,0.0337,Low Risk,27,19.85,470.0,Inactive,156.67,Low Value,No,Low,No Action Needed
4452-QIIEB,0.4865,Medium Risk,7,43.9,278.4,Inactive,92.8,Low Value,No,Medium,SMS Reminder
5998-VVEJY,0.6106,Medium Risk,26,80.5,2088.8,At Risk,1218.47,High Value,Yes,High,Loyalty Reward
1624-NALOJ,0.904,High Risk,5,89.8,502.6,At Risk,293.18,Medium Value,Yes,High,Discount Offer
6741-EGCBI,0.6079,Medium Risk,30,90.5,2595.85,Champions,2163.21,High Value,No,High,Loyalty Reward
7820-ZYGNY,0.1919,Low Risk,63,90.45,5825.5,Champions,5340.04,Premium,No,Low,No Action Needed
4317-VTEOA,0.8267,High Risk,1,50.75,50.75,Inactive,21.15,Low Value,Yes,High,Email Campaign
9677-AVKED,0.3839,Low Risk,53,84.6,4449.75,Champions,3708.12,Premium,No,Low,No Action Needed
1670-SVOWZ,0.7715,High Risk,14,89.65,1208.35,Loyal Customers,805.57,Medium Value,Yes,High,Discount Offer
2227-JRSJX,0.7023,High Risk,21,99.15,1956.4,Champions,1630.33,High Value,No,Critical,Personal Relationship Manager
9847-HNVGP,0.0532,Low Risk,17,19.95,310.6,Inactive,103.53,Low Value,No,Low,No Action Needed
6696-YDAYZ,0.027,Low Risk,16,20.5,290.55,Inactive,96.85,Low Value,No,Low,No Action Needed
8980-WQFWL,0.3937,Low Risk,35,62.1,2096.1,At Risk,1222.73,High Value,No,Low,No Action Needed
1730-ZMAME,0.7174,High Risk,32,79.5,2665.0,Loyal Customers,1776.67,High Value,No,Critical,Personal Relationship Manager
6506-EYCNH,0.1867,Low Risk,28,19.55,543.8,Inactive,181.27,Medium Value,No,Low,No Action Needed
4634-JLRJT,0.6432,Medium Risk,1,20.35,20.35,Inactive,5.09,Low Value,No,Medium,SMS Reminder
9501-UKKNL,0.3556,Low Risk,59,51.7,3005.8,Loyal Customers,2003.87,High Value,No,Low,No Action Needed
2560-QTSBS,0.0113,Low Risk,72,23.3,1623.15,At Risk,946.84,High Value,No,Low,No Action Needed
7541-YLXCL,0.2523,Low Risk,36,65.4,2498.4,Loyal Customers,1665.6,High Value,Yes,Low,No Action Needed
4795-WRNVT,0.2341,Low Risk,40,65.1,2586.0,Loyal Customers,1724.0,High Value,No,Low,No Action Needed
6080-TCMYC,0.7328,High Risk,40,81.2,3292.3,Loyal Customers,2194.87,High Value,No,Critical,Personal Relationship Manager
0260-ZDLGK,0.4097,Medium Risk,9,72.9,651.4,Loyal Customers,434.27,Medium Value,Yes,Medium,SMS Reminder
7860-UXCRM,0.0261,Low Risk,63,74.5,4674.55,Champions,4285.0,Premium,No,Low,No Action Needed
6357-JJPQT,0.8437,High Risk,3,80.5,232.35,At Risk,116.18,Low Value,No,High,Email Campaign
2292-XQWSV,0.2751,Low Risk,40,60.3,2448.5,Loyal Customers,1836.38,High Value,No,Low,No Action Needed
9552-TGUZV,0.6795,Medium Risk,8,75.0,658.1,At Risk,329.05,Medium Value,No,Medium,SMS Reminder
5913-INRQV,0.1896,Low Risk,34,90.15,3128.8,Champions,2607.33,High Value,No,Low,No Action Needed
8722-NGNBH,0.5395,Medium Risk,5,40.0,223.45,Inactive,93.1,Low Value,Yes,Medium,SMS Reminder
6210-KBBPI,0.9288,High Risk,9,99.45,919.4,Loyal Customers,689.55,Medium Value,Yes,High,Discount Offer
9643-YBLUR,0.5558,Medium Risk,9,69.05,653.95,At Risk,381.47,Medium Value,No,Medium,SMS Reminder
8734-FNWVH,0.2291,Low Risk,31,59.7,1825.5,At Risk,1064.88,High Value,No,Low,No Action Needed
9447-YPTBX,0.0632,Low Risk,50,19.85,943.1,Inactive,392.96,Medium Value,No,Low,No Action Needed
0133-BMFZO,0.7452,High Risk,2,86.25,181.65,At Risk,105.96,Low Value,Yes,High,Email Campaign
6128-CZOMY,0.8349,High Risk,1,45.65,45.65,Inactive,15.22,Low Value,Yes,High,Email Campaign
9540-JYROE,0.711,High Risk,8,70.1,551.35,Inactive,183.78,Medium Value,Yes,High,Discount Offer
9026-LHEVG,0.5733,Medium Risk,9,40.75,359.4,Inactive,149.75,Low Value,No,Medium,SMS Reminder
2260-USTRB,0.8092,High Risk,2,70.2,115.95,Inactive,38.65,Low Value,Yes,High,Email Campaign
3656-TKRVZ,0.5835,Medium Risk,3,55.35,165.2,Inactive,68.83,Low Value,Yes,Medium,SMS Reminder
7011-CVEUC,0.5785,Medium Risk,25,95.7,2338.35,Loyal Customers,1753.76,High Value,No,High,Loyalty Reward
6185-TASNN,0.8689,High Risk,1,46.3,46.3,Inactive,15.43,Low Value,No,High,Email Campaign
7925-PNRGI,0.1399,Low Risk,45,81.3,3541.1,Champions,2950.92,High Value,No,Low,No Action Needed
8623-TMRBY,0.7136,High Risk,51,84.2,4146.05,Loyal Customers,3109.54,Premium,Yes,Critical,Personal Relationship Manager
1552-CZCLL,0.204,Low Risk,55,20.0,1087.25,Inactive,453.02,Medium Value,No,Low,No Action Needed
3038-PQIUY,0.1923,Low Risk,38,66.15,2522.4,Loyal Customers,1891.8,High Value,No,Low,No Action Needed
1501-SGHBW,0.6817,Medium Risk,2,45.85,81.0,Inactive,27.0,Low Value,Yes,Medium,SMS Reminder
9313-CDOGY,0.1859,Low Risk,38,19.6,717.3,Inactive,298.88,Medium Value,No,Low,No Action Needed
8148-BPLZQ,0.3666,Low Risk,34,49.8,1734.2,At Risk,1011.62,High Value,No,Low,No Action Needed
2623-DRYAM,0.3024,Low Risk,70,101.75,7069.3,Champions,7069.3,Premium,No,Low,No Action Needed
9987-LUTYD,0.1365,Low Risk,13,55.15,742.9,At Risk,371.45,Medium Value,No,Low,No Action Needed
3208-YPIOE,0.6635,Medium Risk,39,75.25,3017.65,Loyal Customers,2011.77,High Value,Yes,High,Loyalty Reward
4488-KQFDT,0.5324,Medium Risk,61,103.95,6423.0,Champions,6423.0,Premium,No,High,Loyalty Reward
2612-RANWT,0.9272,High Risk,12,100.15,1164.3,Champions,970.25,High Value,Yes,Critical,Personal Relationship Manager
5693-PIPCS,0.1498,Low Risk,41,99.65,4220.35,Champions,3868.65,Premium,No,Low,No Action Needed
0491-KAPQG,0.7745,High Risk,21,73.7,1558.7,At Risk,909.24,High Value,No,Critical,Personal Relationship Manager
1925-LFCZZ,0.3385,Low Risk,55,50.05,2743.45,At Risk,1600.35,High Value,No,Low,No Action Needed
8039-EQPIM,0.0334,Low Risk,69,60.25,4055.5,Champions,3379.58,Premium,No,Low,No Action Needed
6900-PXRMS,0.7678,High Risk,26,105.75,2710.25,Champions,2258.54,High Value,Yes,Critical,Personal Relationship Manager
8707-RMEZH,0.1997,Low Risk,69,87.3,6055.55,Champions,5046.29,Premium,No,Low,No Action Needed
3346-BRMIS,0.788,High Risk,18,48.35,810.7,At Risk,405.35,Medium Value,Yes,High,Discount Offer
3209-ZPKFI,0.3224,Low Risk,47,54.25,2538.2,At Risk,1480.62,High Value,No,Low,No Action Needed
6479-VDGRK,0.0133,Low Risk,72,85.3,6129.2,Champions,5618.43,Premium,No,Low,No Action Needed
9373-WSLOY,0.3682,Low Risk,33,50.0,1750.85,Loyal Customers,1167.23,High Value,No,Low,No Action Needed
2933-FILNV,0.6798,Medium Risk,2,24.4,36.55,Inactive,9.14,Low Value,Yes,Medium,SMS Reminder
3569-JFODW,0.027,Low Risk,72,90.95,6652.45,Champions,6652.45,Premium,No,Low,No Action Needed
9819-FBNSV,0.5682,Medium Risk,37,72.25,2575.45,At Risk,1502.35,High Value,No,High,Loyalty Reward
9544-PYPSJ,0.4574,Medium Risk,62,96.1,6019.35,Champions,6019.35,Premium,No,High,Loyalty Reward
1591-XWLGB,0.0088,Low Risk,71,19.85,1379.6,At Risk,689.8,Medium Value,No,Low,No Action Needed
0396-UKGAI,0.1819,Low Risk,23,55.3,1284.2,At Risk,642.1,Medium Value,No,Low,No Action Needed
3243-ZHOHY,0.06,Low Risk,16,20.1,296.15,Inactive,98.72,Low Value,No,Low,No Action Needed
5186-EJEGL,0.3965,Low Risk,9,69.5,653.25,At Risk,381.06,Medium Value,No,Low,No Action Needed
7527-QNRUS,0.0691,Low Risk,17,25.15,412.6,Inactive,171.92,Medium Value,No,Low,No Action Needed
9986-BONCE,0.3498,Low Risk,4,20.95,85.5,Inactive,21.38,Low Value,Yes,Low,No Action Needed
2722-JMONI,0.8635,High Risk,1,49.55,49.55,Inactive,20.65,Low Value,Yes,High,Email Campaign
2203-GHNWN,0.581,Medium Risk,24,79.65,1928.7,At Risk,1125.08,High Value,No,High,Loyalty Reward
3878-AVSOQ,0.9372,High Risk,1,71.25,71.25,Inactive,29.69,Low Value,No,High,Email Campaign
3258-SYSWS,0.0667,Low Risk,72,113.8,7845.8,Champions,7845.8,Premium,No,Low,No Action Needed
5296-PSYVW,0.0269,Low Risk,72,24.55,1750.7,At Risk,1021.24,High Value,No,Low,No Action Needed
6319-QSUSR,0.2119,Low Risk,11,19.7,216.2,Inactive,72.07,Low Value,No,Low,No Action Needed
4083-EUGRJ,0.2594,Low Risk,9,20.25,178.5,Inactive,44.62,Low Value,Yes,Low,No Action Needed
7579-OOPEC,0.6724,Medium Risk,2,50.15,115.1,Inactive,47.96,Low Value,Yes,Medium,SMS Reminder
0512-FLFDW,0.3843,Low Risk,60,100.5,6029.0,Champions,6029.0,Premium,No,Low,No Action Needed
1771-OADNZ,0.7478,High Risk,29,95.9,2745.2,Champions,2287.67,High Value,Yes,Critical,Personal Relationship Manager
0487-CRLZF,0.0296,Low Risk,49,74.45,3721.9,Champions,3101.58,Premium,No,Low,No Action Needed
2107-FBPTK,0.7893,High Risk,30,104.1,3121.1,Champions,2861.01,High Value,No,Critical,Personal Relationship Manager
9451-WLYRI,0.0239,Low Risk,53,19.05,990.45,Inactive,412.69,Medium Value,No,Low,No Action Needed
8219-VYBVI,0.0355,Low Risk,39,25.0,1004.35,At Risk,502.18,Medium Value,No,Low,No Action Needed
1991-VOPLL,0.2659,Low Risk,9,19.05,157.65,Inactive,39.41,Low Value,No,Low,No Action Needed
9738-QLWTP,0.2202,Low Risk,39,81.9,3219.75,Loyal Customers,2146.5,High Value,No,Low,No Action Needed
1016-DJTSV,0.7813,High Risk,8,69.7,572.85,Inactive,190.95,Medium Value,No,High,Discount Offer
9419-IPPBE,0.3237,Low Risk,51,90.15,4554.85,Champions,3795.71,Premium,No,Low,No Action Needed
0174-QRVVY,0.0109,Low Risk,71,25.35,1847.55,At Risk,1077.74,High Value,No,Low,No Action Needed
5699-BNCAS,0.011,Low Risk,71,24.65,1766.75,At Risk,1030.6,High Value,No,Low,No Action Needed
2900-PHPLN,0.0129,Low Risk,70,19.55,1462.05,At Risk,731.02,Medium Value,No,Low,No Action Needed
0612-RTZZA,0.8998,High Risk,1,25.25,25.25,Inactive,6.31,Low Value,Yes,High,Email Campaign
8106-GWQOK,0.0319,Low Risk,38,60.0,2193.2,Loyal Customers,1644.9,High Value,No,Low,No Action Needed
8751-EDEKA,0.5558,Medium Risk,28,89.9,2433.5,Loyal Customers,1825.12,High Value,No,High,Loyalty Reward
6878-GGDWG,0.2138,Low Risk,32,19.4,641.15,Inactive,267.15,Medium Value,No,Low,No Action Needed
4039-PIMHX,0.0763,Low Risk,49,49.8,2398.4,At Risk,1399.07,High Value,No,Low,No Action Needed
8450-LUGUK,0.041,Low Risk,37,24.1,861.85,At Risk,430.92,Medium Value,No,Low,No Action Needed
3604-WLABM,0.4946,Medium Risk,10,54.25,583.0,At Risk,291.5,Medium Value,No,Medium,SMS Reminder
0795-GMVQO,0.3107,Low Risk,67,109.9,7332.4,Champions,7332.4,Premium,No,Low,No Action Needed
2259-OUUSZ,0.2138,Low Risk,7,35.5,249.55,Inactive,83.18,Low Value,No,Low,No Action Needed
1142-IHLOO,0.2383,Low Risk,51,87.55,4475.9,Loyal Customers,2983.93,High Value,No,Low,No Action Needed
6410-LEFEN,0.5674,Medium Risk,9,45.15,416.45,Inactive,138.82,Low Value,Yes,Medium,SMS Reminder
4633-MKHYU,0.841,High Risk,9,88.4,788.6,At Risk,394.3,Medium Value,No,High,Discount Offer
6257-RJOHI,0.4929,Medium Risk,4,50.8,202.3,Inactive,84.29,Low Value,No,Medium,SMS Reminder
1545-JFUML,0.1577,Low Risk,71,99.0,6994.6,Champions,6994.6,Premium,No,Low,No Action Needed
3194-ORPIK,0.5847,Medium Risk,50,84.4,4116.15,Loyal Customers,2744.1,High Value,Yes,High,Loyalty Reward
7826-VVKWT,0.2901,Low Risk,24,96.55,2263.45,Loyal Customers,1697.59,High Value,No,Low,No Action Needed
1353-GHZOS,0.1454,Low Risk,22,59.75,1374.35,At Risk,687.18,Medium Value,No,Low,No Action Needed
2587-EKXTS,0.5276,Medium Risk,44,111.5,4915.15,Champions,4505.55,Premium,No,High,Loyalty Reward
5442-BXVND,0.2187,Low Risk,33,24.25,838.5,At Risk,419.25,Medium Value,No,Low,No Action Needed
8816-VXNZD,0.9453,High Risk,1,75.1,75.1,At Risk,37.55,Low Value,Yes,High,Email Campaign
9378-FXTIZ,0.2763,Low Risk,54,70.15,3715.65,Loyal Customers,2477.1,High Value,Yes,Low,No Action Needed
1723-HKXJQ,0.8096,High Risk,42,101.75,4273.45,Champions,3917.33,Premium,Yes,Critical,Personal Relationship Manager
7825-GKXMW,0.7944,High Risk,1,45.8,45.8,Inactive,15.27,Low Value,Yes,High,Email Campaign
9753-OYLBX,0.5638,Medium Risk,1,20.5,20.5,Inactive,5.12,Low Value,No,Medium,SMS Reminder
2364-UFROM,0.1371,Low Risk,30,70.4,2044.75,Champions,1703.96,High Value,No,Low,No Action Needed
6656-JWRQX,0.721,High Risk,1,30.55,30.55,Inactive,7.64,Low Value,No,High,Email Campaign
6473-ULUHT,0.2698,Low Risk,16,84.9,1398.25,Loyal Customers,1048.69,High Value,No,Low,No Action Needed
1240-KNSEZ,0.7187,High Risk,1,20.1,20.1,Inactive,5.03,Low Value,Yes,High,Email Campaign
0836-SEYLU,0.6058,Medium Risk,9,40.65,328.95,Inactive,137.06,Low Value,Yes,Medium,SMS Reminder
4433-JCGCG,0.8176,High Risk,46,101.0,4680.05,Champions,4290.05,Premium,Yes,Critical,Personal Relationship Manager
3716-BDVDB,0.9358,High Risk,1,69.1,69.1,Inactive,23.03,Low Value,Yes,High,Email Campaign
7688-AWMDX,0.0113,Low Risk,71,54.5,3778.2,Loyal Customers,2518.8,High Value,No,Low,No Action Needed
2842-BCQGE,0.6007,Medium Risk,43,75.35,3161.4,Loyal Customers,2107.6,High Value,No,High,Loyalty Reward
7244-QWYHG,0.0829,Low Risk,50,44.45,2188.45,At Risk,1276.6,High Value,No,Low,No Action Needed
5899-MQZZL,0.7672,High Risk,13,75.0,999.45,At Risk,583.01,Medium Value,Yes,High,Discount Offer
6849-OYAMU,0.398,Low Risk,19,100.0,1888.65,Champions,1573.88,High Value,Yes,Low,No Action Needed
5312-UXESG,0.5065,Medium Risk,41,98.05,3990.6,Champions,3658.05,Premium,No,High,Loyalty Reward
9488-HGMJH,0.9372,High Risk,1,71.15,71.15,Inactive,29.65,Low Value,Yes,High,Email Campaign
6038-GCYEC,0.5913,Medium Risk,24,54.15,1240.25,At Risk,723.48,Medium Value,Yes,Medium,SMS Reminder
2150-WLKUW,0.1013,Low Risk,40,63.9,2635.0,Loyal Customers,1756.67,High Value,No,Low,No Action Needed
7159-FVYPK,0.6784,Medium Risk,3,69.15,235.0,At Risk,137.08,Low Value,No,Medium,SMS Reminder
7032-LMBHI,0.1251,Low Risk,37,64.65,2347.85,Loyal Customers,1565.23,High Value,No,Low,No Action Needed
1150-WFARN,0.1133,Low Risk,67,108.75,7156.2,Champions,7156.2,Premium,Yes,Low,No Action Needed
6088-BXMRG,0.7497,High Risk,32,98.85,3089.6,Champions,2832.13,High Value,No,Critical,Personal Relationship Manager
3144-AUDBS,0.6162,Medium Risk,6,49.15,270.8,Inactive,112.83,Low Value,Yes,Medium,SMS Reminder
4821-SJHJV,0.584,Medium Risk,32,89.6,2901.8,Loyal Customers,2176.35,High Value,No,High,Loyalty Reward
7346-MEDWM,0.6005,Medium Risk,59,83.25,4949.1,Champions,4124.25,Premium,No,High,Loyalty Reward
1137-DGOWI,0.1134,Low Risk,30,70.25,2198.9,Loyal Customers,1649.18,High Value,No,Low,No Action Needed
5616-PRTNT,0.3292,Low Risk,20,19.4,374.5,Inactive,124.83,Low Value,Yes,Low,No Action Needed
3812-LRZIR,0.0849,Low Risk,27,24.5,761.95,Inactive,317.48,Medium Value,No,Low,No Action Needed
4818-QIUFN,0.7099,High Risk,20,79.15,1520.9,At Risk,887.19,High Value,Yes,Critical,Personal Relationship Manager
9483-GCPWE,0.0677,Low Risk,9,20.1,190.25,Inactive,47.56,Low Value,No,Low,No Action Needed
4227-OJHAL,0.1545,Low Risk,68,73.0,5163.0,Champions,4732.75,Premium,No,Low,No Action Needed
9220-CXRSC,0.0835,Low Risk,69,61.4,4059.85,Loyal Customers,3044.89,Premium,No,Low,No Action Needed
4993-JCRGJ,0.509,Medium Risk,26,84.3,2281.6,Loyal Customers,1521.07,High Value,No,High,Loyalty Reward
9537-JALFH,0.0154,Low Risk,69,19.9,1356.7,At Risk,678.35,Medium Value,No,Low,No Action Needed
6698-OXETB,0.0275,Low Risk,11,20.4,231.45,Inactive,77.15,Low Value,No,Low,No Action Needed
2103-ZRXFN,0.8355,High Risk,1,50.75,50.75,Inactive,21.15,Low Value,No,High,Email Campaign
3724-BSCVH,0.0522,Low Risk,10,20.45,242.4,Inactive,80.8,Low Value,No,Low,No Action Needed
4877-TSOFF,0.1117,Low Risk,55,75.75,4264.25,Champions,3553.54,Premium,No,Low,No Action Needed
9209-NWPGU,0.1644,Low Risk,44,65.4,2774.55,Loyal Customers,1849.7,High Value,No,Low,No Action Needed
6961-VCPMC,0.6441,Medium Risk,46,80.4,3605.2,Loyal Customers,2403.47,High Value,Yes,High,Loyalty Reward
7306-YDSOI,0.0318,Low Risk,69,59.75,4069.9,Loyal Customers,3052.42,Premium,No,Low,No Action Needed
5288-AHOUP,0.8038,High Risk,11,78.5,874.2,At Risk,509.95,Medium Value,No,High,Discount Offer
6688-UZPWD,0.9229,High Risk,11,102.0,1145.35,Champions,954.46,High Value,Yes,Critical,Personal Relationship Manager
0655-YDGFJ,0.2398,Low Risk,29,48.95,1323.7,At Risk,661.85,Medium Value,No,Low,No Action Needed
8468-EHYJA,0.6203,Medium Risk,57,99.65,5497.05,Champions,5497.05,Premium,No,High,Loyalty Reward
6823-SIDFQ,0.0078,Low Risk,28,18.25,534.7,Inactive,178.23,Medium Value,No,Low,No Action Needed
1097-FSPVW,0.2831,Low Risk,42,54.55,2455.05,At Risk,1432.11,High Value,No,Low,No Action Needed
2839-RFSQE,0.2417,Low Risk,2,20.65,38.7,Inactive,9.68,Low Value,Yes,Low,No Action Needed
8328-SKJNO,0.0683,Low Risk,23,40.65,947.4,At Risk,473.7,Medium Value,No,Low,No Action Needed
7010-ZMVBF,0.1235,Low Risk,18,20.45,357.0,Inactive,119.0,Low Value,No,Low,No Action Needed
5201-CBWYG,0.0294,Low Risk,62,24.8,1476.25,At Risk,861.15,High Value,No,Low,No Action Needed
0968-GSIKN,0.9039,High Risk,1,70.8,70.8,Inactive,29.5,Low Value,Yes,High,Email Campaign
1965-DDBWU,0.6793,Medium Risk,16,89.05,1448.6,Loyal Customers,965.73,High Value,Yes,High,Loyalty Reward
9057-SIHCH,0.9477,High Risk,3,96.6,291.9,Loyal Customers,194.6,Medium Value,Yes,High,Discount Offer
6352-GIGGQ,0.2076,Low Risk,67,88.8,5903.15,Champions,5411.22,Premium,No,Low,No Action Needed
3635-QQRQD,0.0231,Low Risk,62,20.05,1201.65,At Risk,600.83,Medium Value,No,Low,No Action Needed
6771-XWBDM,0.6626,Medium Risk,57,104.5,5921.35,Champions,5921.35,Premium,Yes,High,Loyalty Reward
2897-DOVND,0.8211,High Risk,2,69.8,146.65,Inactive,48.88,Low Value,No,High,Email Campaign
3082-YVEKW,0.0512,Low Risk,23,77.15,1759.4,Loyal Customers,1319.55,High Value,No,Low,No Action Needed
0191-EQUUH,0.044,Low Risk,25,35.05,844.45,Inactive,351.85,Medium Value,No,Low,No Action Needed
7134-HBPBS,0.0868,Low Risk,72,108.1,7774.05,Champions,7774.05,Premium,No,Low,No Action Needed
3489-HHPFY,0.9019,High Risk,2,84.05,134.05,At Risk,67.03,Low Value,No,High,Email Campaign
2926-JEJJC,0.0944,Low Risk,8,20.2,140.95,Inactive,35.24,Low Value,No,Low,No Action Needed
8601-QACRS,0.6941,Medium Risk,5,50.6,249.95,Inactive,104.15,Low Value,Yes,Medium,SMS Reminder
4950-BDEUX,0.5239,Medium Risk,35,49.2,1701.65,At Risk,992.63,High Value,No,High,Loyalty Reward
5789-LDFXO,0.1482,Low Risk,24,24.6,592.65,Inactive,246.94,Medium Value,No,Low,No Action Needed
0508-OOLTO,0.8207,High Risk,2,71.65,135.75,Inactive,56.56,Low Value,No,High,Email Campaign
2984-TBYKU,0.024,Low Risk,72,104.9,7732.65,Champions,7732.65,Premium,No,Low,No Action Needed
9822-WMWVG,0.622,Medium Risk,41,106.5,4282.4,Champions,3925.53,Premium,No,High,Loyalty Reward
2391-SOORI,0.5609,Medium Risk,4,49.35,219.65,Inactive,91.52,Low Value,Yes,Medium,SMS Reminder
9040-KZVWO,0.0972,Low Risk,26,75.5,2018.1,At Risk,1177.22,High Value,No,Low,No Action Needed
2645-QTLMB,0.9017,High Risk,7,94.25,669.0,Loyal Customers,446.0,Medium Value,Yes,High,Discount Offer
4806-HIPDW,0.9366,High Risk,1,68.95,68.95,Inactive,22.98,Low Value,Yes,High,Email Campaign
1548-ARAGG,0.6076,Medium Risk,4,58.5,224.85,At Risk,112.42,Low Value,No,Medium,SMS Reminder
6339-RZCBJ,0.027,Low Risk,48,78.9,3771.5,Champions,3142.92,Premium,No,Low,No Action Needed
4424-TKOPW,0.9406,High Risk,2,93.85,196.75,Loyal Customers,131.17,Low Value,Yes,High,Email Campaign
4415-WNGVR,0.3947,Low Risk,12,79.2,943.85,Loyal Customers,707.89,Medium Value,No,Low,No Action Needed
2522-AHJXR,0.4267,Medium Risk,60,109.45,6572.85,Champions,6572.85,Premium,No,High,Loyalty Reward
0412-UCCNP,0.1082,Low Risk,55,59.2,3175.85,Loyal Customers,2117.23,High Value,No,Low,No Action Needed
1816-FLZDK,0.6543,Medium Risk,1,29.15,29.15,Inactive,7.29,Low Value,No,Medium,SMS Reminder
7096-UCLNH,0.6078,Medium Risk,1,20.05,20.05,Inactive,5.01,Low Value,No,Medium,SMS Reminder
8443-ZRDBZ,0.8905,High Risk,4,76.05,318.9,At Risk,159.45,Low Value,Yes,High,Email Campaign
9136-ALYBR,0.8324,High Risk,1,24.45,24.45,Inactive,6.11,Low Value,Yes,High,Email Campaign
4615-PIVVU,0.0524,Low Risk,42,66.5,2762.75,Loyal Customers,1841.83,High Value,No,Low,No Action Needed
8885-QSQBX,0.6915,Medium Risk,1,49.55,49.55,Inactive,20.65,Low Value,No,Medium,SMS Reminder
7479-NITWS,0.9158,High Risk,7,89.35,631.85,At Risk,368.58,Medium Value,Yes,High,Discount Offer
8617-ENBDS,0.7613,High Risk,3,73.6,232.5,At Risk,116.25,Low Value,No,High,Email Campaign
9385-NXKDA,0.0288,Low Risk,72,82.65,5919.35,Champions,5426.07,Premium,No,Low,No Action Needed
0430-IHCDJ,0.6857,Medium Risk,15,49.0,749.25,At Risk,374.62,Medium Value,No,Medium,SMS Reminder
2959-MJHIC,0.8618,High Risk,4,80.35,307.4,At Risk,153.7,Low Value,Yes,High,Email Campaign
6674-KVJHG,0.1631,Low Risk,11,25.2,245.15,Inactive,102.15,Low Value,No,Low,No Action Needed
1814-DKOLC,0.4541,Medium Risk,5,25.45,134.75,Inactive,44.92,Low Value,No,Medium,SMS Reminder
4201-JMNGR,0.8728,High Risk,1,55.8,55.8,Inactive,23.25,Low Value,Yes,High,Email Campaign
9351-HXDMR,0.0418,Low Risk,72,110.9,8240.85,Champions,8240.85,Premium,No,Low,No Action Needed
3537-HPKQT,0.4994,Medium Risk,55,77.75,4266.4,Loyal Customers,2844.27,High Value,No,High,Loyalty Reward
2129-ALKBS,0.2565,Low Risk,40,26.2,1077.5,At Risk,538.75,Medium Value,No,Low,No Action Needed
5821-MMEIL,0.0587,Low Risk,57,19.9,1115.6,At Risk,557.8,Medium Value,No,Low,No Action Needed
5960-WPXQM,0.9383,High Risk,1,79.05,79.05,At Risk,39.52,Low Value,Yes,High,Email Campaign
0684-AOSIH,0.9093,High Risk,1,95.0,95.0,Loyal Customers,63.33,Low Value,Yes,High,Email Campaign
8260-NGFNY,0.7818,High Risk,1,25.2,25.2,Inactive,6.3,Low Value,Yes,High,Email Campaign
1309-XGFSN,0.3768,Low Risk,52,80.85,4079.55,Champions,3399.63,Premium,No,Low,No Action Needed
1866-RZZQS,0.8356,High Risk,41,98.4,4187.75,Champions,3838.77,Premium,Yes,Critical,Personal Relationship Manager
6968-URWQU,0.1659,Low Risk,43,56.35,2391.15,At Risk,1394.84,High Value,No,Low,No Action Needed
4742-TXUEX,0.0258,Low Risk,47,19.3,890.5,Inactive,371.04,Medium Value,No,Low,No Action Needed
9631-XEYKE,0.767,High Risk,3,50.4,137.25,Inactive,57.19,Low Value,No,High,Email Campaign
8631-NBHFZ,0.1446,Low Risk,66,79.4,5154.6,Champions,4725.05,Premium,Yes,Low,No Action Needed
1335-MXCSE,0.031,Low Risk,55,55.25,3119.9,At Risk,1819.94,High Value,No,Low,No Action Needed
8873-TMKGR,0.02,Low Risk,29,19.1,529.5,Inactive,176.5,Medium Value,No,Low,No Action Needed
8800-JOOCF,0.8109,High Risk,12,84.05,966.55,At Risk,563.82,Medium Value,No,High,Discount Offer
1469-LBJQJ,0.7529,High Risk,66,105.2,6936.85,Champions,6936.85,Premium,No,Critical,Personal Relationship Manager
4958-XCBDQ,0.7928,High Risk,35,101.4,3496.3,Champions,3204.94,Premium,Yes,Critical,Personal Relationship Manager
8337-UPOAQ,0.8806,High Risk,10,89.8,914.3,Loyal Customers,609.53,Medium Value,Yes,High,Discount Offer
0064-YIJGF,0.5358,Medium Risk,27,75.75,1929.0,At Risk,1125.25,High Value,No,High,Loyalty Reward
2386-OWURY,0.4568,Medium Risk,58,95.3,5817.7,Champions,5332.89,Premium,No,High,Loyalty Reward
1725-IQNIY,0.4235,Medium Risk,54,109.75,6110.2,Champions,5601.02,Premium,Yes,High,Loyalty Reward
0310-VQXAM,0.3144,Low Risk,9,19.85,178.8,Inactive,44.7,Low Value,No,Low,No Action Needed
6598-RFFVI,0.0351,Low Risk,2,19.3,28.3,Inactive,7.08,Low Value,Yes,Low,No Action Needed
3453-RTHJQ,0.7826,High Risk,6,69.1,435.0,Inactive,145.0,Low Value,No,High,Email Campaign
6712-OAWRH,0.7713,High Risk,26,91.25,2351.8,Loyal Customers,1567.87,High Value,Yes,Critical,Personal Relationship Manager
6278-FEPBZ,0.262,Low Risk,9,20.25,186.15,Inactive,46.54,Low Value,No,Low,No Action Needed
4280-DLSHD,0.3708,Low Risk,8,54.75,445.85,Inactive,185.77,Medium Value,No,Low,No Action Needed
1508-DFXCU,0.8247,High Risk,12,81.45,912.0,At Risk,532.0,Medium Value,No,High,Discount Offer
8614-VGMMV,0.697,Medium Risk,15,49.1,679.55,At Risk,339.78,Medium Value,Yes,Medium,SMS Reminder
7868-BGSZA,0.339,Low Risk,43,80.2,3581.6,Champions,2984.67,High Value,No,Low,No Action Needed
2800-QQUSO,0.7368,High Risk,42,100.3,4222.95,Champions,3871.04,Premium,No,Critical,Personal Relationship Manager
2930-UOTMB,0.2166,Low Risk,31,65.25,1994.3,Loyal Customers,1495.72,High Value,Yes,Low,No Action Needed
7973-DZRKH,0.0633,Low Risk,66,90.95,5930.05,Champions,5930.05,Premium,No,Low,No Action Needed
5914-DVBWJ,0.7943,High Risk,18,85.45,1505.85,Loyal Customers,1003.9,High Value,Yes,Critical,Personal Relationship Manager
7698-YFGEZ,0.6078,Medium Risk,1,20.0,20.0,Inactive,5.0,Low Value,No,Medium,SMS Reminder
2533-QVMSK,0.2133,Low Risk,61,94.1,5638.3,Champions,5638.3,Premium,Yes,Low,No Action Needed
9773-PEQBZ,0.7565,High Risk,10,79.85,797.25,At Risk,465.06,Medium Value,No,High,Discount Offer
8644-XLFBW,0.9365,High Risk,1,71.65,71.65,Inactive,29.85,Low Value,Yes,High,Email Campaign
0650-BWOZN,0.7444,High Risk,18,73.55,1359.45,At Risk,793.01,Medium Value,No,High,Discount Offer
8625-AZYZY,0.8639,High Risk,24,104.65,2542.45,Champions,2118.71,High Value,Yes,Critical,Personal Relationship Manager
7785-RDVIG,0.2501,Low Risk,3,19.3,54.7,Inactive,13.68,Low Value,No,Low,No Action Needed
9602-WCXPI,0.0324,Low Risk,50,20.15,989.05,Inactive,412.1,Medium Value,No,Low,No Action Needed
2903-YYTBW,0.7751,High Risk,1,44.55,44.55,Inactive,14.85,Low Value,No,High,Email Campaign
3620-MWJNE,0.552,Medium Risk,2,54.45,87.3,Inactive,36.38,Low Value,No,Medium,SMS Reminder
8573-JGCZW,0.1127,Low Risk,17,19.65,351.55,Inactive,117.18,Low Value,No,Low,No Action Needed
6837-HAEVO,0.4063,Medium Risk,69,105.0,7297.75,Champions,7297.75,Premium,No,High,Loyalty Reward
6701-YVNQG,0.0223,Low Risk,72,88.7,6301.7,Champions,5776.56,Premium,No,Low,No Action Needed
9306-CPCBC,0.8846,High Risk,3,74.25,210.3,At Risk,105.15,Low Value,Yes,High,Email Campaign
4304-XUMGI,0.039,Low Risk,50,75.15,3822.45,Champions,3185.38,Premium,No,Low,No Action Needed
9504-YAZWB,0.0655,Low Risk,53,20.25,1048.45,Inactive,436.85,Medium Value,No,Low,No Action Needed
8819-ZBYNA,0.3176,Low Risk,58,109.1,6393.65,Champions,6393.65,Premium,No,Low,No Action Needed
6174-NRBTZ,0.1262,Low Risk,46,30.75,1489.3,Inactive,620.54,Medium Value,No,Low,No Action Needed
9481-IEBZY,0.3169,Low Risk,72,112.9,8061.5,Champions,8061.5,Premium,No,Low,No Action Needed
1833-VGRUM,0.9365,High Risk,1,74.2,74.2,At Risk,37.1,Low Value,Yes,High,Email Campaign
6137-NICCO,0.9107,High Risk,6,94.05,518.75,Loyal Customers,389.06,Medium Value,No,High,Discount Offer
9065-ZCPQX,0.0128,Low Risk,72,78.85,5763.15,Champions,5282.89,Premium,No,Low,No Action Needed
6402-EJMWF,0.555,Medium Risk,4,55.3,238.5,Inactive,99.38,Low Value,No,Medium,SMS Reminder
3620-EHIMZ,0.0439,Low Risk,52,19.35,1031.7,Inactive,429.88,Medium Value,No,Low,No Action Needed
6870-ECSHE,0.0743,Low Risk,2,20.45,34.8,Inactive,8.7,Low Value,No,Low,No Action Needed
8747-UDCOI,0.0546,Low Risk,65,19.35,1319.95,At Risk,659.98,Medium Value,No,Low,No Action Needed
8374-XGEJJ,0.8482,High Risk,43,101.0,4388.4,Champions,4022.7,Premium,Yes,Critical,Personal Relationship Manager
2656-TABEH,0.9307,High Risk,4,100.2,420.2,Loyal Customers,315.15,Medium Value,Yes,High,Discount Offer
6946-LMSQS,0.2653,Low Risk,25,89.05,2177.45,Loyal Customers,1451.63,High Value,Yes,Low,No Action Needed
4626-OZDTJ,0.2255,Low Risk,51,78.65,3950.85,Champions,3292.38,Premium,No,Low,No Action Needed
9169-BSVIN,0.4844,Medium Risk,12,74.75,827.05,Loyal Customers,620.29,Medium Value,No,Medium,SMS Reminder
2325-ZUSFD,0.0859,Low Risk,57,70.1,3913.3,Loyal Customers,2934.98,High Value,Yes,Low,No Action Needed
8194-PEEBY,0.046,Low Risk,24,19.9,533.5,Inactive,177.83,Medium Value,No,Low,No Action Needed
6872-HXFNF,0.0357,Low Risk,64,58.35,3756.45,Loyal Customers,2817.34,High Value,No,Low,No Action Needed
3932-CMDTD,0.6331,Medium Risk,4,105.65,443.9,Loyal Customers,332.92,Medium Value,Yes,Medium,SMS Reminder
7714-YXSMB,0.6879,Medium Risk,26,100.5,2599.95,Champions,2166.62,High Value,No,High,Loyalty Reward
8387-UGUSU,0.2063,Low Risk,15,20.05,284.3,Inactive,94.77,Low Value,No,Low,No Action Needed
1080-BWSYE,0.0357,Low Risk,64,25.65,1740.8,At Risk,1015.47,High Value,No,Low,No Action Needed
4039-HEUNW,0.7236,High Risk,36,96.5,3436.1,Champions,3149.76,Premium,Yes,Critical,Personal Relationship Manager
1194-HVAIF,0.6119,Medium Risk,27,95.0,2462.55,Loyal Customers,1846.91,High Value,No,High,Loyalty Reward
0812-WUPTB,0.9046,High Risk,1,70.85,70.85,Inactive,29.52,Low Value,Yes,High,Email Campaign
3594-UVONA,0.2867,Low Risk,35,85.95,3110.1,Champions,2591.75,High Value,Yes,Low,No Action Needed
0004-TLHLJ,0.8379,High Risk,4,73.9,280.85,At Risk,140.43,Low Value,Yes,High,Email Campaign
1767-TGTKO,0.5416,Medium Risk,8,45.45,411.75,Inactive,137.25,Low Value,No,Medium,SMS Reminder
8439-LTUGF,0.2319,Low Risk,10,20.0,198.6,Inactive,66.2,Low Value,No,Low,No Action Needed
8805-JNRAZ,0.6343,Medium Risk,2,49.2,103.7,Inactive,43.21,Low Value,No,Medium,SMS Reminder
5089-IFSDP,0.4194,Medium Risk,58,109.45,6144.55,Champions,6144.55,Premium,Yes,High,Loyalty Reward
6418-HNFED,0.0344,Low Risk,51,83.25,4089.45,Champions,3407.88,Premium,No,Low,No Action Needed
0206-OYVOC,0.0201,Low Risk,46,19.25,864.2,Inactive,360.08,Medium Value,No,Low,No Action Needed
7291-CDTMJ,0.6784,Medium Risk,1,19.65,19.65,Inactive,4.91,Low Value,No,Medium,SMS Reminder
7128-GGCNO,0.4299,Medium Risk,46,72.8,3249.4,Loyal Customers,2166.27,High Value,No,High,Loyalty Reward
0237-YFUTL,0.5997,Medium Risk,50,109.65,5405.8,Champions,4955.32,Premium,No,High,Loyalty Reward
7691-KGKGP,0.1187,Low Risk,53,65.0,3363.8,Loyal Customers,2242.53,High Value,No,Low,No Action Needed
6710-HSJRD,0.6299,Medium Risk,61,114.1,7132.15,Champions,7132.15,Premium,No,High,Loyalty Reward
3675-EQOZA,0.3178,Low Risk,5,20.65,93.55,Inactive,23.39,Low Value,No,Low,No Action Needed
0840-DCNZE,0.1656,Low Risk,47,86.95,4138.9,Champions,3449.08,Premium,No,Low,No Action Needed
1732-FEKLD,0.2814,Low Risk,54,94.75,5121.75,Champions,4694.94,Premium,No,Low,No Action Needed
9862-KJTYK,0.3302,Low Risk,19,25.35,566.1,Inactive,188.7,Medium Value,No,Low,No Action Needed
0479-HMSWA,0.1737,Low Risk,26,105.45,2715.3,Champions,2262.75,High Value,No,Low,No Action Needed
5854-KSRBJ,0.0148,Low Risk,70,25.4,1782.05,At Risk,1039.53,High Value,No,Low,No Action Needed
0365-BZUWY,0.8645,High Risk,17,102.55,1742.5,Champions,1452.08,High Value,No,Critical,Personal Relationship Manager
4817-VYYWS,0.7961,High Risk,30,100.2,2983.8,Champions,2735.15,High Value,Yes,Critical,Personal Relationship Manager
5701-SVCWR,0.6114,Medium Risk,1,24.0,24.0,Inactive,8.0,Low Value,No,Medium,SMS Reminder
3129-AAQOU,0.0694,Low Risk,19,25.6,485.9,Inactive,202.46,Medium Value,No,Low,No Action Needed
4922-CVPDX,0.0537,Low Risk,26,73.5,1905.7,Loyal Customers,1429.28,High Value,No,Low,No Action Needed
1396-QWFBJ,0.5546,Medium Risk,21,74.05,1565.7,At Risk,913.32,High Value,Yes,High,Loyalty Reward
1357-BIJKI,0.5673,Medium Risk,50,98.25,4858.7,Champions,4453.81,Premium,No,High,Loyalty Reward
1099-BTKWT,0.3357,Low Risk,68,54.4,3723.65,Loyal Customers,2792.74,High Value,No,Low,No Action Needed
5299-SJCZT,0.9471,High Risk,3,101.55,298.35,Loyal Customers,223.76,Medium Value,Yes,High,Discount Offer
2018-PZKMU,0.6684,Medium Risk,9,103.1,970.45,Loyal Customers,727.84,Medium Value,No,Medium,SMS Reminder
7340-KEFQE,0.0382,Low Risk,51,34.2,1782.0,At Risk,891.0,High Value,No,Low,No Action Needed
4570-QHXHL,0.5939,Medium Risk,9,43.75,405.7,Inactive,135.23,Low Value,No,Medium,SMS Reminder
2403-BCASL,0.6512,Medium Risk,41,111.95,4534.9,Champions,4156.99,Premium,Yes,High,Loyalty Reward
7392-YYPYJ,0.871,High Risk,22,100.65,2415.95,Champions,2013.29,High Value,No,Critical,Personal Relationship Manager
2898-LSJGD,0.5356,Medium Risk,21,55.95,1157.05,At Risk,674.95,Medium Value,Yes,Medium,SMS Reminder
2223-GDSHL,0.0827,Low Risk,71,116.05,8297.5,Champions,8297.5,Premium,No,Low,No Action Needed
7359-PTSXY,0.7922,High Risk,1,45.75,45.75,Inactive,15.25,Low Value,Yes,High,Email Campaign
9470-RTWDV,0.3279,Low Risk,26,82.0,2083.1,Loyal Customers,1562.32,High Value,No,Low,No Action Needed
2176-OSJUV,0.0134,Low Risk,71,65.15,4681.75,Champions,3901.46,Premium,No,Low,No Action Needed
9348-YVOMK,0.6423,Medium Risk,4,44.8,176.2,Inactive,58.73,Low Value,No,Medium,SMS Reminder
8104-OSKWT,0.6658,Medium Risk,12,79.8,1001.2,At Risk,584.03,Medium Value,No,Medium,SMS Reminder
4521-YEEHE,0.8019,High Risk,18,88.85,1594.75,Loyal Customers,1063.17,High Value,No,Critical,Personal Relationship Manager
4090-KPJIP,0.8846,High Risk,3,74.95,212.4,At Risk,106.2,Low Value,No,High,Email Campaign
3786-WOVKF,0.1,Low Risk,72,106.85,7677.4,Champions,7677.4,Premium,No,Low,No Action Needed
4503-BDXBD,0.7005,High Risk,11,74.95,815.5,At Risk,475.71,Medium Value,Yes,High,Discount Offer
6086-ESGRL,0.893,High Risk,1,80.15,80.15,At Risk,40.08,Low Value,Yes,High,Email Campaign
2592-HODOV,0.0301,Low Risk,13,19.3,259.65,Inactive,86.55,Low Value,No,Low,No Action Needed
3886-CERTZ,0.4386,Medium Risk,72,109.25,8109.8,Champions,8109.8,Premium,Yes,High,Loyalty Reward
7995-ZHHNZ,0.122,Low Risk,42,56.1,2386.85,At Risk,1392.33,High Value,No,Low,No Action Needed
3824-RHKVR,0.1723,Low Risk,17,19.7,340.35,Inactive,113.45,Low Value,No,Low,No Action Needed
5816-SCGFC,0.4336,Medium Risk,7,51.3,419.35,Inactive,174.73,Medium Value,No,Medium,SMS Reminder
5989-AXPUC,0.1173,Low Risk,68,118.6,7990.05,Champions,7990.05,Premium,No,Low,No Action Needed
4979-HPRFL,0.0342,Low Risk,56,24.15,1402.25,At Risk,817.98,High Value,No,Low,No Action Needed
8590-OHDIW,0.0359,Low Risk,38,20.3,749.35,Inactive,312.23,Medium Value,No,Low,No Action Needed
8015-IHCGW,0.0206,Low Risk,72,115.5,8425.15,Champions,8425.15,Premium,No,Low,No Action Needed
2332-TODQS,0.0839,Low Risk,48,25.05,1171.5,At Risk,585.75,Medium Value,No,Low,No Action Needed
9278-VZKCD,0.6893,Medium Risk,52,109.1,5647.95,Champions,5177.29,Premium,No,High,Loyalty Reward
8008-OTEZX,0.0444,Low Risk,35,19.65,708.8,Inactive,295.33,Medium Value,No,Low,No Action Needed
2773-OVBPK,0.5339,Medium Risk,67,111.3,7567.2,Champions,7567.2,Premium,No,High,Loyalty Reward
5999-LCXAO,0.7149,High Risk,1,29.9,29.9,Inactive,7.48,Low Value,No,High,Email Campaign
5206-XZZQI,0.3231,Low Risk,53,80.6,4348.1,Loyal Customers,2898.73,High Value,No,Low,No Action Needed
4803-LBYPN,0.0923,Low Risk,34,20.8,635.9,Inactive,264.96,Medium Value,No,Low,No Action Needed
5759-RCVCB,0.7578,High Risk,3,35.2,108.95,Inactive,27.24,Low Value,Yes,High,Email Campaign
6372-RFVNS,0.9247,High Risk,1,78.8,78.8,At Risk,39.4,Low Value,Yes,High,Email Campaign
2139-FQHLM,0.4244,Medium Risk,19,89.95,1682.4,Loyal Customers,1261.8,High Value,No,High,Loyalty Reward
8261-GWDBQ,0.1838,Low Risk,60,116.05,6925.9,Champions,6925.9,Premium,No,Low,No Action Needed
1093-YSWCA,0.027,Low Risk,11,19.55,223.15,Inactive,74.38,Low Value,No,Low,No Action Needed
8938-UMKPI,0.7847,High Risk,47,106.4,5127.95,Champions,4700.62,Premium,Yes,Critical,Personal Relationship Manager
0991-BRRFB,0.4274,Medium Risk,18,49.4,874.8,At Risk,437.4,Medium Value,Yes,Medium,SMS Reminder
3882-IYOIJ,0.0854,Low Risk,60,115.25,6758.45,Champions,6758.45,Premium,No,Low,No Action Needed
8749-TZYEC,0.0098,Low Risk,72,24.8,1874.3,At Risk,1093.34,High Value,No,Low,No Action Needed
1755-FZQEC,0.0345,Low Risk,39,19.9,791.15,Inactive,329.65,Medium Value,No,Low,No Action Needed
3115-JPJDD,0.0865,Low Risk,59,81.25,4639.45,Loyal Customers,3479.59,Premium,No,Low,No Action Needed
5600-KTXFM,0.7554,High Risk,2,69.95,143.9,Inactive,47.97,Low Value,No,High,Email Campaign
3871-IKPYH,0.9288,High Risk,1,69.1,69.1,Inactive,23.03,Low Value,Yes,High,Email Campaign
6319-IEJWJ,0.7581,High Risk,20,90.2,1776.55,Loyal Customers,1184.37,High Value,Yes,Critical,Personal Relationship Manager
9025-AOMKI,0.9432,High Risk,6,93.55,536.4,Loyal Customers,357.6,Medium Value,Yes,High,Discount Offer
6339-TBELP,0.0282,Low Risk,71,86.4,6172.0,Champions,5143.33,Premium,No,Low,No Action Needed
7964-YESJC,0.1516,Low Risk,24,66.3,1559.45,Loyal Customers,1039.63,High Value,No,Low,No Action Needed
6173-GOLSU,0.6653,Medium Risk,67,94.65,6079.0,Champions,5572.42,Premium,No,High,Loyalty Reward
5275-SQEIZ,0.9215,High Risk,1,80.85,80.85,At Risk,40.42,Low Value,Yes,High,Email Campaign
7716-YTYHG,0.2318,Low Risk,48,82.05,4029.95,Loyal Customers,2686.63,High Value,Yes,Low,No Action Needed
9938-ZREHM,0.1426,Low Risk,37,72.1,2658.4,Champions,2215.33,High Value,No,Low,No Action Needed
7950-XWOVN,0.4071,Medium Risk,11,34.7,383.55,Inactive,159.81,Low Value,No,Medium,SMS Reminder
4390-KYULV,0.3166,Low Risk,3,20.55,51.15,Inactive,12.79,Low Value,Yes,Low,No Action Needed
4647-MUZON,0.6784,Medium Risk,18,95.95,1745.5,Loyal Customers,1309.12,High Value,No,High,Loyalty Reward
9702-AIUJO,0.0871,Low Risk,50,44.8,2230.85,At Risk,1115.42,High Value,No,Low,No Action Needed
8849-PRIQJ,0.1542,Low Risk,67,109.4,7281.6,Champions,7281.6,Premium,No,Low,No Action Needed
8851-RAGOV,0.2326,Low Risk,25,71.05,1837.7,Loyal Customers,1378.28,High Value,No,Low,No Action Needed
1304-NECVQ,0.9011,High Risk,2,78.55,149.55,At Risk,74.78,Low Value,Yes,High,Email Campaign
5396-IZEPB,0.2496,Low Risk,9,19.7,180.7,Inactive,45.18,Low Value,No,Low,No Action Needed
1729-VLAZJ,0.0878,Low Risk,10,40.25,411.45,At Risk,205.72,Medium Value,No,Low,No Action Needed
8285-ABVLB,0.0154,Low Risk,70,19.85,1328.35,At Risk,664.18,Medium Value,No,Low,No Action Needed
0701-TJSEF,0.2501,Low Risk,9,68.25,576.95,At Risk,336.55,Medium Value,No,Low,No Action Needed
5712-VBOXD,0.3043,Low Risk,4,20.15,68.45,Inactive,17.11,Low Value,No,Low,No Action Needed
6629-LADHQ,0.617,Medium Risk,2,50.95,123.05,Inactive,51.27,Low Value,No,Medium,SMS Reminder
8945-GRKHX,0.9076,High Risk,1,78.65,78.65,At Risk,39.33,Low Value,Yes,High,Email Campaign
1559-DTODC,0.4781,Medium Risk,19,25.15,468.35,Inactive,156.12,Low Value,No,Medium,SMS Reminder
4797-MIWUM,0.3022,Low Risk,7,20.25,174.7,Inactive,43.68,Low Value,No,Low,No Action Needed
6959-UWKHF,0.8331,High Risk,1,42.9,42.9,Inactive,14.3,Low Value,Yes,High,Email Campaign
8720-RQSBJ,0.8788,High Risk,1,44.0,44.0,Inactive,14.67,Low Value,No,High,Email Campaign
4537-CIBHB,0.0685,Low Risk,9,20.25,172.35,Inactive,43.09,Low Value,No,Low,No Action Needed
3815-SLMEF,0.652,Medium Risk,3,34.25,139.35,Inactive,46.45,Low Value,Yes,Medium,SMS Reminder
5154-VEKBL,0.4984,Medium Risk,9,58.5,539.85,At Risk,314.91,Medium Value,Yes,Medium,SMS Reminder
4324-AHJKS,0.557,Medium Risk,5,55.8,300.4,Inactive,125.17,Low Value,No,Medium,SMS Reminder
4355-CVPVS,0.1409,Low Risk,56,88.9,4968.0,Loyal Customers,3726.0,Premium,No,Low,No Action Needed
4495-LHSSK,0.2279,Low Risk,18,57.65,992.7,At Risk,496.35,Medium Value,No,Low,No Action Needed
5655-JSMZM,0.8352,High Risk,49,96.2,4718.25,Champions,3931.88,Premium,Yes,Critical,Personal Relationship Manager
5915-ANOEI,0.0265,Low Risk,70,79.15,5536.5,Champions,5075.12,Premium,No,Low,No Action Needed
9861-PDSZP,0.0703,Low Risk,72,108.05,7806.6,Champions,7806.6,Premium,No,Low,No Action Needed
4505-EXZHB,0.7937,High Risk,6,74.4,434.1,At Risk,217.05,Medium Value,Yes,High,Discount Offer
7225-CBZPL,0.8612,High Risk,17,94.8,1563.9,Loyal Customers,1172.93,High Value,No,Critical,Personal Relationship Manager
6704-UTUKK,0.5226,Medium Risk,29,45.9,1332.4,At Risk,666.2,Medium Value,No,Medium,SMS Reminder
4587-VVTOX,0.9192,High Risk,6,105.3,545.2,Loyal Customers,408.9,Medium Value,Yes,High,Discount Offer
2019-HDCZY,0.2635,Low Risk,63,102.6,6296.75,Champions,6296.75,Premium,No,Low,No Action Needed
4652-NNHNY,0.7046,High Risk,16,73.85,1284.2,At Risk,749.12,Medium Value,Yes,High,Discount Offer
8788-DOXSU,0.1564,Low Risk,59,61.35,3645.5,Loyal Customers,2430.33,High Value,No,Low,No Action Needed
7404-JLKQG,0.7572,High Risk,3,57.55,161.45,Inactive,67.27,Low Value,No,High,Email Campaign
7421-ZLUPA,0.6303,Medium Risk,8,29.25,226.95,Inactive,56.74,Low Value,No,Medium,SMS Reminder
8972-HJWNV,0.9236,High Risk,7,84.55,646.85,At Risk,323.42,Medium Value,Yes,High,Discount Offer
3274-NSDWE,0.0093,Low Risk,68,19.6,1441.65,At Risk,720.82,Medium Value,No,Low,No Action Needed
2632-IVXVF,0.1066,Low Risk,68,111.75,7511.3,Champions,7511.3,Premium,No,Low,No Action Needed
3692-JHONH,0.6464,Medium Risk,52,106.5,5621.85,Champions,5153.36,Premium,No,High,Loyalty Reward
8915-NNTRC,0.0199,Low Risk,72,107.7,7919.8,Champions,7919.8,Premium,No,Low,No Action Needed
5914-GXMDA,0.0204,Low Risk,32,19.3,593.2,Inactive,247.17,Medium Value,No,Low,No Action Needed
7463-IFMQU,0.0079,Low Risk,72,20.05,1423.65,At Risk,711.82,Medium Value,No,Low,No Action Needed
2920-RNCEZ,0.8816,High Risk,1,69.95,69.95,Inactive,23.32,Low Value,No,High,Email Campaign
2541-YGPKE,0.1944,Low Risk,42,63.7,2763.35,Loyal Customers,1842.23,High Value,No,Low,No Action Needed
8515-OCTJS,0.1018,Low Risk,25,24.75,692.1,Inactive,288.38,Medium Value,Yes,Low,No Action Needed
5382-TEMLV,0.2414,Low Risk,45,50.9,2298.55,At Risk,1340.82,High Value,No,Low,No Action Needed
3441-CGZJH,0.2227,Low Risk,43,60.4,2640.55,Loyal Customers,1980.41,High Value,No,Low,No Action Needed
9592-ERDKV,0.2516,Low Risk,37,79.25,2911.8,Champions,2426.5,High Value,No,Low,No Action Needed
2860-RANUS,0.748,High Risk,20,85.8,1727.5,At Risk,1007.71,High Value,Yes,Critical,Personal Relationship Manager
5261-QSHQM,0.7981,High Risk,4,24.45,86.6,Inactive,21.65,Low Value,Yes,High,Email Campaign
4778-IZARL,0.2047,Low Risk,63,110.1,6705.7,Champions,6705.7,Premium,No,Low,No Action Needed
0432-CAJZV,0.8375,High Risk,3,90.7,237.65,At Risk,138.63,Low Value,No,High,Email Campaign
7008-LZVOZ,0.0221,Low Risk,66,25.3,1672.35,At Risk,975.54,High Value,No,Low,No Action Needed
8868-WOZGU,0.8112,High Risk,28,105.7,2979.5,Champions,2482.92,High Value,Yes,Critical,Personal Relationship Manager
1200-TUZHR,0.9004,High Risk,8,85.2,695.75,At Risk,347.88,Medium Value,No,High,Discount Offer
9365-CSLBQ,0.0082,Low Risk,71,24.35,1654.6,At Risk,965.18,High Value,No,Low,No Action Needed
1334-FJSVR,0.8781,High Risk,1,24.25,24.25,Inactive,6.06,Low Value,Yes,High,Email Campaign
5884-FBCTL,0.0094,Low Risk,72,25.1,1857.85,At Risk,1083.75,High Value,No,Low,No Action Needed
7130-CTCUS,0.3973,Low Risk,16,54.55,825.1,At Risk,412.55,Medium Value,No,Low,No Action Needed
6242-FEGFD,0.0536,Low Risk,66,96.6,6424.25,Champions,6424.25,Premium,No,Low,No Action Needed
7625-XCQRH,0.8479,High Risk,11,76.5,837.95,At Risk,488.8,Medium Value,Yes,High,Discount Offer
6194-HBGQN,0.1304,Low Risk,51,81.15,4126.2,Champions,3438.5,Premium,No,Low,No Action Needed
7634-WSWDB,0.5612,Medium Risk,8,38.5,330.8,Inactive,137.83,Low Value,No,Medium,SMS Reminder
6986-IXNDM,0.7683,High Risk,14,92.9,1337.45,Loyal Customers,891.63,High Value,No,Critical,Personal Relationship Manager
1731-TVIUK,0.9028,High Risk,4,93.5,362.2,Loyal Customers,271.65,Medium Value,Yes,High,Discount Offer
2987-BJXIK,0.0262,Low Risk,70,84.7,5991.05,Champions,5491.8,Premium,No,Low,No Action Needed
9769-TSBZE,0.1,Low Risk,70,66.0,4891.5,Champions,4076.25,Premium,No,Low,No Action Needed
0406-BPDVR,0.5319,Medium Risk,54,101.5,5373.1,Champions,4925.34,Premium,Yes,High,Loyalty Reward
0618-XWMSS,0.4171,Medium Risk,28,74.9,2068.55,At Risk,1206.65,High Value,Yes,High,Loyalty Reward
1395-WSWXR,0.0282,Low Risk,24,20.75,487.05,Inactive,162.35,Medium Value,No,Low,No Action Needed
6023-GSSXW,0.0424,Low Risk,69,61.45,4131.2,Loyal Customers,2754.13,High Value,No,Low,No Action Needed
6752-APNJL,0.2363,Low Risk,42,54.5,2301.15,Loyal Customers,1534.1,High Value,No,Low,No Action Needed
5276-KQWHG,0.8367,High Risk,2,69.6,131.65,Inactive,43.88,Low Value,Yes,High,Email Campaign
0420-HLGXF,0.7731,High Risk,39,99.75,4036.0,Champions,3699.67,Premium,No,Critical,Personal Relationship Manager
7446-KQISO,0.292,Low Risk,45,109.75,4900.65,Champions,4492.26,Premium,No,Low,No Action Needed
9823-EALYC,0.0212,Low Risk,72,80.85,5727.45,Champions,5250.16,Premium,No,Low,No Action Needed
0582-AVCLN,0.0218,Low Risk,38,20.3,743.05,Inactive,309.6,Medium Value,No,Low,No Action Needed
5803-NQJZO,0.0109,Low Risk,72,67.8,4804.65,Champions,4003.88,Premium,No,Low,No Action Needed
2565-JSLRY,0.711,High Risk,1,24.05,24.05,Inactive,8.02,Low Value,Yes,High,Email Campaign
2607-DHDAK,0.0055,Low Risk,72,19.8,1414.65,At Risk,707.32,Medium Value,No,Low,No Action Needed
1073-XXCZD,0.0472,Low Risk,55,25.7,1443.65,At Risk,721.82,Medium Value,No,Low,No Action Needed
0743-HRVFF,0.2347,Low Risk,51,56.15,2898.95,Loyal Customers,1932.63,High Value,No,Low,No Action Needed
4006-HKYHO,0.0146,Low Risk,63,86.7,5309.5,Champions,4867.04,Premium,No,Low,No Action Needed
3727-JEZTU,0.5638,Medium Risk,1,20.4,20.4,Inactive,5.1,Low Value,No,Medium,SMS Reminder
8143-ETQTI,0.0374,Low Risk,23,19.65,451.55,Inactive,150.52,Low Value,No,Low,No Action Needed
6689-KXGBO,0.7469,High Risk,1,50.55,50.55,Inactive,21.06,Low Value,Yes,High,Email Campaign
9667-TKTVZ,0.7618,High Risk,2,54.35,117.05,At Risk,58.52,Low Value,No,High,Email Campaign
3657-COGMW,0.4517,Medium Risk,52,108.1,5839.3,Champions,5352.69,Premium,No,High,Loyalty Reward
8570-KLJYJ,0.0786,Low Risk,36,54.45,1893.5,Loyal Customers,1262.33,High Value,No,Low,No Action Needed
7754-IXRMC,0.7469,High Risk,1,45.35,45.35,Inactive,15.12,Low Value,No,High,Email Campaign
9473-CBZOP,0.0779,Low Risk,28,59.0,1654.45,At Risk,965.1,High Value,No,Low,No Action Needed
2969-WGHQO,0.1276,Low Risk,7,69.45,477.05,At Risk,278.28,Medium Value,No,Low,No Action Needed
6615-NGGZJ,0.8825,High Risk,14,100.55,1415.55,Champions,1179.62,High Value,Yes,Critical,Personal Relationship Manager
4334-HOWRP,0.0475,Low Risk,72,64.95,4546.0,Champions,3788.33,Premium,No,Low,No Action Needed
4255-DDUOU,0.6405,Medium Risk,1,20.5,20.5,Inactive,5.12,Low Value,Yes,Medium,SMS Reminder
5863-OOKCL,0.1076,Low Risk,10,18.85,163.2,Inactive,54.4,Low Value,No,Low,No Action Needed
1686-STUHN,0.0676,Low Risk,42,19.8,849.9,Inactive,354.12,Medium Value,No,Low,No Action Needed
1329-VHWNP,0.6133,Medium Risk,7,25.05,189.95,Inactive,47.49,Low Value,No,Medium,SMS Reminder
2984-MIIZL,0.8104,High Risk,4,74.8,321.9,At Risk,160.95,Low Value,Yes,High,Email Campaign
0266-GMEAO,0.0199,Low Risk,72,114.3,8058.55,Champions,8058.55,Premium,No,Low,No Action Needed
5590-YRFJT,0.6655,Medium Risk,20,24.45,482.8,Inactive,160.93,Low Value,Yes,Medium,SMS Reminder
5574-NXZIU,0.2195,Low Risk,63,109.2,7049.75,Champions,7049.75,Premium,No,Low,No Action Needed
0019-GFNTW,0.0329,Low Risk,56,45.05,2560.1,Loyal Customers,1920.07,High Value,No,Low,No Action Needed
4256-ZWTZI,0.56,Medium Risk,5,51.0,286.8,Inactive,119.5,Low Value,No,Medium,SMS Reminder
8309-PPCED,0.0472,Low Risk,72,110.45,7982.5,Champions,7982.5,Premium,No,Low,No Action Needed
4098-NAUKP,0.6404,Medium Risk,68,84.65,5683.6,Champions,4736.33,Premium,No,High,Loyalty Reward
5196-WPYOW,0.0513,Low Risk,67,60.05,3994.05,Loyal Customers,2995.54,High Value,No,Low,No Action Needed
4608-LCIMN,0.3631,Low Risk,8,44.65,369.15,Inactive,123.05,Low Value,No,Low,No Action Needed
1485-YDHMM,0.3873,Low Risk,52,93.25,4631.7,Champions,4245.72,Premium,No,Low,No Action Needed
4054-CUMIA,0.1641,Low Risk,18,20.25,401.95,Inactive,133.98,Low Value,No,Low,No Action Needed
0603-TPMIB,0.0262,Low Risk,59,25.45,1534.05,At Risk,894.86,High Value,No,Low,No Action Needed
2525-GVKQU,0.0447,Low Risk,60,20.6,1093.0,At Risk,546.5,Medium Value,No,Low,No Action Needed
8161-QYMTT,0.9381,High Risk,7,94.1,701.3,Loyal Customers,467.53,Medium Value,No,High,Discount Offer
9581-GVBXT,0.0851,Low Risk,59,34.8,1980.3,At Risk,1155.18,High Value,No,Low,No Action Needed
5862-BRIXZ,0.0272,Low Risk,46,60.75,2893.4,Loyal Customers,2170.05,High Value,No,Low,No Action Needed
5404-GGUKR,0.6893,Medium Risk,5,51.35,262.3,Inactive,109.29,Low Value,No,Medium,SMS Reminder
3308-JSGML,0.0406,Low Risk,59,64.05,3886.85,Champions,3239.04,Premium,No,Low,No Action Needed
2126-GSEGL,0.0485,Low Risk,70,84.8,5917.55,Champions,5424.42,Premium,No,Low,No Action Needed
3677-TNKIO,0.709,High Risk,14,71.0,914.0,At Risk,457.0,Medium Value,Yes,High,Discount Offer
0440-QEXBZ,0.271,Low Risk,44,50.15,2139.1,At Risk,1247.81,High Value,No,Low,No Action Needed
2434-EEVDB,0.1581,Low Risk,64,94.6,5948.7,Champions,5948.7,Premium,No,Low,No Action Needed
6762-QVYJO,0.0237,Low Risk,58,59.75,3624.35,Champions,3020.29,Premium,No,Low,No Action Needed
6199-IWKGC,0.5167,Medium Risk,46,100.25,4753.85,Champions,4357.7,Premium,No,High,Loyalty Reward
2675-DHUTR,0.7333,High Risk,58,98.9,5780.7,Champions,5780.7,Premium,No,Critical,Personal Relationship Manager
8152-VETUR,0.1012,Low Risk,72,97.7,6869.7,Champions,6869.7,Premium,No,Low,No Action Needed
9667-EQRXU,0.6884,Medium Risk,30,40.3,1172.95,At Risk,684.22,Medium Value,Yes,Medium,SMS Reminder
7446-YPODE,0.3794,Low Risk,11,60.25,662.95,At Risk,386.72,Medium Value,No,Low,No Action Needed
9522-BNTHX,0.6332,Medium Risk,34,56.25,1765.95,Loyal Customers,1177.3,High Value,No,High,Loyalty Reward
4676-WLUHT,0.0669,Low Risk,54,46.2,2431.95,Loyal Customers,1621.3,High Value,No,Low,No Action Needed
3329-WDIOK,0.8364,High Risk,3,50.6,155.35,At Risk,77.68,Low Value,Yes,High,Email Campaign
7980-MHFLQ,0.0075,Low Risk,72,24.9,1859.2,At Risk,1084.53,High Value,No,Low,No Action Needed
2873-ZLIWT,0.7133,High Risk,40,84.85,3303.05,Loyal Customers,2477.29,High Value,Yes,Critical,Personal Relationship Manager
3415-TAILE,0.6518,Medium Risk,2,65.7,134.35,At Risk,67.18,Low Value,Yes,Medium,SMS Reminder
0757-WCUUZ,0.0457,Low Risk,54,63.35,3409.1,Loyal Customers,2272.73,High Value,No,Low,No Action Needed
1629-DQQVB,0.3393,Low Risk,14,50.1,709.5,At Risk,354.75,Medium Value,No,Low,No Action Needed
1915-IOFGU,0.912,High Risk,1,70.5,70.5,Inactive,29.38,Low Value,Yes,High,Email Campaign
3045-XETSH,0.8494,High Risk,10,94.85,953.45,Champions,794.54,Medium Value,Yes,High,Discount Offer
0374-AACSZ,0.5871,Medium Risk,1,50.15,50.15,Inactive,20.9,Low Value,No,Medium,SMS Reminder
7239-HZZCX,0.602,Medium Risk,1,19.75,19.75,Inactive,4.94,Low Value,Yes,Medium,SMS Reminder
4872-VXRIL,0.0407,Low Risk,56,64.65,3665.55,Champions,3054.63,Premium,No,Low,No Action Needed
9140-CZQZZ,0.0258,Low Risk,68,79.6,5515.8,Champions,5056.15,Premium,No,Low,No Action Needed
3423-HHXAO,0.0738,Low Risk,14,19.5,272.0,Inactive,90.67,Low Value,No,Low,No Action Needed
9938-TKDGL,0.0544,Low Risk,68,99.55,6668.0,Champions,6668.0,Premium,No,Low,No Action Needed
0531-ZZJWQ,0.6871,Medium Risk,55,74.0,4052.4,Loyal Customers,2701.6,High Value,No,High,Loyalty Reward
6537-QLGEX,0.7319,High Risk,16,38.9,664.4,At Risk,332.2,Medium Value,No,High,Discount Offer
2688-BHGOG,0.8038,High Risk,9,79.55,718.55,At Risk,359.28,Medium Value,No,High,Discount Offer
7683-CBDKJ,0.4476,Medium Risk,14,65.45,937.6,At Risk,546.93,Medium Value,Yes,Medium,SMS Reminder
0946-CLJTI,0.7749,High Risk,58,98.7,5812.6,Champions,5812.6,Premium,Yes,Critical,Personal Relationship Manager
3160-TYXLT,0.3837,Low Risk,53,46.3,2546.85,Loyal Customers,1697.9,High Value,No,Low,No Action Needed
1325-USMEC,0.1703,Low Risk,70,99.35,6944.5,Champions,6944.5,Premium,No,Low,No Action Needed
0916-QOFDP,0.8241,High Risk,14,95.8,1346.3,Loyal Customers,1009.72,High Value,No,Critical,Personal Relationship Manager
0628-CNQRM,0.0948,Low Risk,22,67.5,1544.05,Loyal Customers,1029.37,High Value,Yes,Low,No Action Needed
5606-AMZBO,0.6409,Medium Risk,10,78.15,765.15,Loyal Customers,510.1,Medium Value,No,Medium,SMS Reminder
6199-IPCAO,0.0574,Low Risk,29,26.1,692.55,Inactive,288.56,Medium Value,No,Low,No Action Needed
7665-TOALD,0.9366,High Risk,1,69.6,69.6,Inactive,23.2,Low Value,Yes,High,Email Campaign
0112-QWPNC,0.3508,Low Risk,49,84.35,4059.35,Champions,3382.79,Premium,Yes,Low,No Action Needed
0324-BRPCJ,0.698,Medium Risk,68,100.2,6851.65,Champions,6851.65,Premium,Yes,High,Loyalty Reward
2777-PHDEI,0.9247,High Risk,1,78.05,78.05,At Risk,39.02,Low Value,Yes,High,Email Campaign
5640-CAXOA,0.22,Low Risk,30,40.35,1187.05,At Risk,692.45,Medium Value,No,Low,No Action Needed
2235-EZAIK,0.0498,Low Risk,72,79.2,5401.9,Champions,4951.74,Premium,No,Low,No Action Needed
3847-BAERP,0.216,Low Risk,10,20.9,247.0,Inactive,82.33,Low Value,No,Low,No Action Needed
1196-AMORA,0.8388,High Risk,7,73.6,520.0,At Risk,260.0,Medium Value,Yes,High,Discount Offer
4282-YMKNA,0.8479,High Risk,9,74.75,706.6,At Risk,353.3,Medium Value,Yes,High,Discount Offer
1453-RZFON,0.6627,Medium Risk,1,49.9,49.9,Inactive,20.79,Low Value,No,Medium,SMS Reminder
8263-OKETD,0.2891,Low Risk,20,68.9,1370.35,Loyal Customers,913.57,High Value,No,Low,No Action Needed
0670-KDOMA,0.6432,Medium Risk,1,20.25,20.25,Inactive,5.06,Low Value,No,Medium,SMS Reminder
2476-YGEFM,0.5539,Medium Risk,29,76.0,2215.25,At Risk,1292.23,High Value,No,High,Loyalty Reward
8687-BAFGU,0.6959,Medium Risk,1,74.0,74.0,At Risk,37.0,Low Value,No,Medium,SMS Reminder
0641-EVBOJ,0.6204,Medium Risk,3,82.3,214.4,At Risk,125.07,Low Value,No,Medium,SMS Reminder
0829-XXPLX,0.5717,Medium Risk,20,89.4,1871.15,Loyal Customers,1247.43,High Value,No,High,Loyalty Reward
9974-JFBHQ,0.2784,Low Risk,64,99.15,6171.2,Champions,6171.2,Premium,No,Low,No Action Needed
5356-RHIPP,0.6401,Medium Risk,1,20.2,20.2,Inactive,5.05,Low Value,Yes,Medium,SMS Reminder
6624-JDRDS,0.5324,Medium Risk,6,29.45,161.45,Inactive,40.36,Low Value,No,Medium,SMS Reminder
0608-JDVEC,0.0574,Low Risk,50,19.8,1013.2,Inactive,422.17,Medium Value,No,Low,No Action Needed
9780-FKVVF,0.4612,Medium Risk,6,59.15,336.7,At Risk,168.35,Medium Value,No,Medium,SMS Reminder
1919-RTPQD,0.5875,Medium Risk,7,44.75,333.65,Inactive,111.22,Low Value,No,Medium,SMS Reminder
5214-NLTIT,0.0355,Low Risk,72,90.8,6511.8,Champions,5969.15,Premium,No,Low,No Action Needed
3345-PBBFH,0.3928,Low Risk,8,49.55,393.45,Inactive,163.94,Medium Value,No,Low,No Action Needed
5055-BRMNE,0.2115,Low Risk,67,106.7,7009.5,Champions,7009.5,Premium,No,Low,No Action Needed
9189-JWSHV,0.8508,High Risk,24,93.55,2264.05,Loyal Customers,1698.04,High Value,Yes,Critical,Personal Relationship Manager
2190-PHBHR,0.0435,Low Risk,72,94.45,6921.7,Champions,6921.7,Premium,No,Low,No Action Needed
2650-GYRYL,0.0587,Low Risk,33,19.45,600.25,Inactive,250.1,Medium Value,No,Low,No Action Needed
0746-JTRFU,0.8238,High Risk,2,25.05,56.35,Inactive,14.09,Low Value,Yes,High,Email Campaign
5208-FVQKB,0.0155,Low Risk,70,67.95,4664.15,Champions,3886.79,Premium,No,Low,No Action Needed
7184-LRUUR,0.1652,Low Risk,22,65.25,1441.8,At Risk,841.05,High Value,No,Low,No Action Needed
6627-CFOSN,0.4544,Medium Risk,59,99.45,5623.7,Champions,5623.7,Premium,No,High,Loyalty Reward
3982-JGSFD,0.0393,Low Risk,36,20.35,695.85,Inactive,289.94,Medium Value,No,Low,No Action Needed
1574-DYCWE,0.0205,Low Risk,51,19.95,1028.75,Inactive,428.65,Medium Value,No,Low,No Action Needed
7247-XOZPB,0.1138,Low Risk,53,77.4,4155.95,Champions,3463.29,Premium,No,Low,No Action Needed
2466-FCCPT,0.087,Low Risk,20,19.7,395.6,Inactive,131.87,Low Value,No,Low,No Action Needed
6211-WWLTF,0.1128,Low Risk,63,99.7,6330.4,Champions,6330.4,Premium,No,Low,No Action Needed
4826-TZEVA,0.4512,Medium Risk,40,74.8,2971.7,Loyal Customers,1981.13,High Value,No,High,Loyalty Reward
6016-NXBNJ,0.0221,Low Risk,35,19.15,638.0,Inactive,265.83,Medium Value,No,Low,No Action Needed
9138-EFSMO,0.2094,Low Risk,26,78.95,2034.25,At Risk,1186.65,High Value,No,Low,No Action Needed
0576-WNXXC,0.78,High Risk,27,95.55,2510.2,Champions,2091.83,High Value,Yes,Critical,Personal Relationship Manager
4632-XJMEX,0.0766,Low Risk,53,62.85,3419.5,Loyal Customers,2279.67,High Value,No,Low,No Action Needed
8910-LEDAG,0.596,Medium Risk,34,71.55,2427.35,At Risk,1415.95,High Value,No,High,Loyalty Reward
3452-GWUIN,0.8504,High Risk,19,94.95,1760.25,Loyal Customers,1320.19,High Value,No,Critical,Personal Relationship Manager
2716-GFZOR,0.3467,Low Risk,43,86.1,3551.65,Loyal Customers,2663.74,High Value,No,Low,No Action Needed
3724-UCSHY,0.2583,Low Risk,6,19.55,122.9,Inactive,30.72,Low Value,No,Low,No Action Needed
8626-XHBIE,0.0357,Low Risk,56,24.8,1424.2,At Risk,830.78,High Value,No,Low,No Action Needed
4628-CTTLA,0.623,Medium Risk,57,39.3,2111.45,Loyal Customers,1407.63,High Value,Yes,High,Loyalty Reward
3192-LNKRK,0.5761,Medium Risk,34,84.05,2909.95,Loyal Customers,2182.46,High Value,No,High,Loyalty Reward
4439-YRNVD,0.4587,Medium Risk,10,36.25,374.0,At Risk,187.0,Medium Value,No,Medium,SMS Reminder
2876-VBBBL,0.6432,Medium Risk,1,20.25,20.25,Inactive,5.06,Low Value,Yes,Medium,SMS Reminder
6834-NXDCA,0.7291,High Risk,13,23.9,300.8,Inactive,100.27,Low Value,Yes,High,Email Campaign
2208-UGTGR,0.5462,Medium Risk,56,98.6,5581.05,Champions,5581.05,Premium,No,High,Loyalty Reward
3005-TYFRD,0.6655,Medium Risk,55,103.65,5676.65,Champions,5203.6,Premium,No,High,Loyalty Reward
8670-MEFCP,0.0578,Low Risk,36,92.9,3379.25,Champions,3097.65,Premium,No,Low,No Action Needed
3079-BCHLN,0.0516,Low Risk,47,19.9,942.95,Inactive,392.9,Medium Value,No,Low,No Action Needed
7777-UNYHB,0.2179,Low Risk,12,20.1,232.4,Inactive,77.47,Low Value,No,Low,No Action Needed
5597-GLBUC,0.9485,High Risk,1,85.45,85.45,At Risk,49.85,Low Value,Yes,High,Email Campaign
7278-CKDNC,0.7398,High Risk,24,80.5,2088.45,Loyal Customers,1392.3,High Value,No,Critical,Personal Relationship Manager
2748-MYRVK,0.2265,Low Risk,63,99.9,6137.0,Champions,6137.0,Premium,Yes,Low,No Action Needed
8450-UYIBU,0.6275,Medium Risk,35,39.85,1434.6,At Risk,836.85,High Value,No,High,Loyalty Reward
2969-VAPYH,0.0918,Low Risk,67,60.5,3870.0,Loyal Customers,2902.5,High Value,No,Low,No Action Needed
4822-YCXMX,0.7648,High Risk,25,84.8,2043.45,Loyal Customers,1362.3,High Value,Yes,Critical,Personal Relationship Manager
7181-OQCUT,0.6391,Medium Risk,21,103.85,2215.0,Champions,1845.83,High Value,No,High,Loyalty Reward
8474-UMLNT,0.2316,Low Risk,13,67.8,842.25,Loyal Customers,561.5,Medium Value,No,Low,No Action Needed
9821-POOTN,0.7514,High Risk,35,75.2,2576.2,Loyal Customers,1717.47,High Value,Yes,Critical,Personal Relationship Manager
3836-FZSDJ,0.0119,Low Risk,71,24.85,1901.0,At Risk,1108.92,High Value,No,Low,No Action Needed
9142-XMYJH,0.1587,Low Risk,29,19.35,601.6,Inactive,200.53,Medium Value,No,Low,No Action Needed
6559-ILWKJ,0.3941,Low Risk,71,49.35,3515.25,Loyal Customers,2636.44,High Value,Yes,Low,No Action Needed
0187-QSXOE,0.8952,High Risk,7,89.0,605.45,At Risk,353.18,Medium Value,No,High,Discount Offer
7733-UDMTP,0.6748,Medium Risk,57,55.0,3094.05,Loyal Customers,2320.54,High Value,No,High,Loyalty Reward
2649-HWLYB,0.0344,Low Risk,65,76.15,4929.55,Champions,4518.75,Premium,No,Low,No Action Needed
5214-CHIWJ,0.0367,Low Risk,27,20.3,595.05,Inactive,198.35,Medium Value,No,Low,No Action Needed
4229-CZMLL,0.8585,High Risk,6,74.9,469.8,At Risk,234.9,Medium Value,Yes,High,Discount Offer
6904-JLBGY,0.0431,Low Risk,72,117.35,8436.25,Champions,8436.25,Premium,No,Low,No Action Needed
2465-BLLEU,0.6784,Medium Risk,1,19.75,19.75,Inactive,4.94,Low Value,No,Medium,SMS Reminder
1685-VAYJF,0.3874,Low Risk,11,45.2,492.0,Inactive,205.0,Medium Value,No,Low,No Action Needed
8874-EJNSR,0.0355,Low Risk,39,25.2,987.95,At Risk,493.98,Medium Value,No,Low,No Action Needed
6917-YACBP,0.5015,Medium Risk,59,89.75,5496.9,Champions,5038.82,Premium,No,High,Loyalty Reward
5049-MUBWG,0.1879,Low Risk,26,75.0,1908.35,Loyal Customers,1431.26,High Value,No,Low,No Action Needed
4223-WOZCM,0.7342,High Risk,2,49.95,107.1,Inactive,44.62,Low Value,No,High,Email Campaign
0769-MURVM,0.0121,Low Risk,72,65.7,4575.35,Champions,3812.79,Premium,No,Low,No Action Needed
9253-VIFJQ,0.1107,Low Risk,65,67.05,4309.55,Champions,3591.29,Premium,No,Low,No Action Needed
7030-FZTFM,0.036,Low Risk,72,110.9,7922.75,Champions,7922.75,Premium,No,Low,No Action Needed
9741-YLNTD,0.8451,High Risk,6,87.95,522.35,At Risk,304.7,Medium Value,No,High,Discount Offer
5917-RYRMG,0.0585,Low Risk,32,19.8,587.7,Inactive,244.88,Medium Value,No,Low,No Action Needed
5120-ZBLAI,0.2099,Low Risk,50,75.7,3876.2,Champions,3230.17,Premium,No,Low,No Action Needed
1194-BHJYC,0.0154,Low Risk,61,62.15,3778.85,Champions,3149.04,Premium,No,Low,No Action Needed
3663-MITLP,0.8336,High Risk,15,101.25,1457.25,Champions,1214.38,High Value,Yes,Critical,Personal Relationship Manager
0906-QVPMS,0.0377,Low Risk,72,115.15,8349.45,Champions,8349.45,Premium,No,Low,No Action Needed
9025-ZRPVR,0.1416,Low Risk,9,18.95,185.6,Inactive,46.4,Low Value,Yes,Low,No Action Needed
1905-OEILC,0.6052,Medium Risk,1,19.5,19.5,Inactive,4.88,Low Value,No,Medium,SMS Reminder
7858-GTZSP,0.8771,High Risk,12,86.55,1066.9,Loyal Customers,711.27,Medium Value,No,High,Discount Offer
3285-UCQVC,0.4554,Medium Risk,37,28.6,973.55,Inactive,405.65,Medium Value,Yes,Medium,SMS Reminder
6248-BSHKG,0.0278,Low Risk,61,20.4,1226.45,At Risk,613.22,Medium Value,No,Low,No Action Needed
4685-TFLLS,0.1304,Low Risk,18,19.8,342.3,Inactive,114.1,Low Value,No,Low,No Action Needed
3470-BTGQO,0.2571,Low Risk,21,45.65,985.05,Inactive,410.44,Medium Value,No,Low,No Action Needed
1209-VFFOC,0.0157,Low Risk,68,56.4,3948.45,Champions,3290.38,Premium,No,Low,No Action Needed
8224-DWCKX,0.8144,High Risk,12,73.3,828.05,At Risk,483.03,Medium Value,No,High,Discount Offer
5482-PLVPE,0.8325,High Risk,2,24.35,41.85,Inactive,10.46,Low Value,Yes,High,Email Campaign
4553-DVPZG,0.6733,Medium Risk,62,101.35,6164.7,Champions,6164.7,Premium,No,High,Loyalty Reward
4902-OHLSK,0.7319,High Risk,29,98.65,2862.75,Champions,2385.62,High Value,Yes,Critical,Personal Relationship Manager
6917-IAYHD,0.5247,Medium Risk,1,33.6,33.6,Inactive,11.2,Low Value,No,Medium,SMS Reminder
0495-ZBNGW,0.9094,High Risk,5,79.9,343.95,At Risk,200.64,Medium Value,Yes,High,Discount Offer
8620-RJPZN,0.5514,Medium Risk,1,20.7,20.7,Inactive,5.18,Low Value,No,Medium,SMS Reminder
7572-KPVKK,0.1856,Low Risk,62,104.05,6590.5,Champions,6590.5,Premium,No,Low,No Action Needed
2642-MAWLJ,0.0313,Low Risk,36,20.25,717.95,Inactive,299.15,Medium Value,No,Low,No Action Needed
2357-COQEK,0.7854,High Risk,28,103.3,2890.65,Champions,2408.88,High Value,Yes,Critical,Personal Relationship Manager
7103-ZGVNT,0.1739,Low Risk,69,73.7,4885.85,Champions,4478.7,Premium,No,Low,No Action Needed
3737-GCSPV,0.8497,High Risk,11,96.2,1222.05,Champions,1018.38,High Value,Yes,Critical,Personal Relationship Manager
2027-WKXMW,0.6266,Medium Risk,63,108.75,6871.7,Champions,6871.7,Premium,No,High,Loyalty Reward
7137-NAXML,0.067,Low Risk,23,20.15,405.6,Inactive,135.2,Low Value,No,Low,No Action Needed
2428-ZMCTB,0.2351,Low Risk,10,19.75,208.25,Inactive,69.42,Low Value,No,Low,No Action Needed
2961-VNFKL,0.0124,Low Risk,71,25.95,1801.9,At Risk,1051.11,High Value,No,Low,No Action Needed
1768-HNVGJ,0.3753,Low Risk,45,70.05,3062.45,Loyal Customers,2296.84,High Value,No,Low,No Action Needed
6963-KQYQB,0.0144,Low Risk,70,24.05,1764.75,At Risk,1029.44,High Value,No,Low,No Action Needed
5934-RMPOV,0.7788,High Risk,22,84.75,1816.75,Loyal Customers,1211.17,High Value,No,Critical,Personal Relationship Manager
1207-BLKSA,0.0203,Low Risk,52,23.05,1255.1,At Risk,627.55,Medium Value,No,Low,No Action Needed
4088-YLDSU,0.7003,High Risk,55,104.15,5743.05,Champions,5264.46,Premium,Yes,Critical,Personal Relationship Manager
8316-BBQAY,0.0415,Low Risk,65,59.95,3921.1,Champions,3267.58,Premium,No,Low,No Action Needed
1166-PQLGG,0.0112,Low Risk,72,19.55,1463.45,At Risk,731.72,Medium Value,No,Low,No Action Needed
3146-JTQHR,0.116,Low Risk,10,19.6,189.45,Inactive,63.15,Low Value,No,Low,No Action Needed
4291-YZODP,0.0653,Low Risk,7,20.05,96.8,Inactive,24.2,Low Value,No,Low,No Action Needed
4395-PZMSN,0.8757,High Risk,5,85.55,408.5,At Risk,238.29,Medium Value,No,High,Discount Offer
6427-FEFIG,0.0489,Low Risk,24,78.6,1846.65,Loyal Customers,1384.99,High Value,No,Low,No Action Needed
0017-IUDMW,0.0268,Low Risk,72,116.8,8456.75,Champions,8456.75,Premium,No,Low,No Action Needed
8706-HRADD,0.3201,Low Risk,21,43.55,1011.5,At Risk,590.04,Medium Value,No,Low,No Action Needed
9955-QOPOY,0.2091,Low Risk,69,60.8,4263.4,Champions,3552.83,Premium,No,Low,No Action Needed
4385-ZKVNW,0.147,Low Risk,44,54.9,2549.1,Loyal Customers,1699.4,High Value,No,Low,No Action Needed
5446-DKWYW,0.1734,Low Risk,61,65.2,3965.05,Loyal Customers,2973.79,High Value,No,Low,No Action Needed
2034-CGRHZ,0.8369,High Risk,24,102.95,2496.7,Champions,2080.58,High Value,Yes,Critical,Personal Relationship Manager
5797-APWZC,0.9324,High Risk,1,90.6,90.6,Loyal Customers,60.4,Low Value,Yes,High,Email Campaign
3683-QKIUE,0.5714,Medium Risk,6,50.8,288.05,Inactive,120.02,Low Value,Yes,Medium,SMS Reminder
4228-ZGYUW,0.9025,High Risk,4,90.05,368.1,Loyal Customers,245.4,Medium Value,Yes,High,Discount Offer
9031-ZVQPT,0.1787,Low Risk,72,108.2,7840.6,Champions,7840.6,Premium,No,Low,No Action Needed
2990-IAJSV,0.0362,Low Risk,72,92.0,6632.75,Champions,6632.75,Premium,No,Low,No Action Needed
8107-KNCIM,0.8418,High Risk,14,75.1,1013.35,At Risk,591.12,Medium Value,No,High,Discount Offer
9027-YFHQJ,0.457,Medium Risk,7,25.05,152.95,Inactive,50.98,Low Value,No,Medium,SMS Reminder
5176-LDKUH,0.125,Low Risk,48,75.15,3772.65,Loyal Customers,2515.1,High Value,No,Low,No Action Needed
4644-OBGFZ,0.0708,Low Risk,55,19.5,1026.35,Inactive,427.65,Medium Value,No,Low,No Action Needed
7926-IJOOU,0.3101,Low Risk,1,19.3,19.3,Inactive,4.82,Low Value,No,Low,No Action Needed
6480-YAGIY,0.3647,Low Risk,45,112.2,5031.85,Champions,4612.53,Premium,No,Low,No Action Needed
4029-HPFVY,0.7596,High Risk,3,70.3,220.4,Inactive,73.47,Low Value,No,High,Email Campaign
7602-DBTOU,0.0079,Low Risk,71,19.6,1416.5,At Risk,708.25,Medium Value,No,Low,No Action Needed
5345-BMKWB,0.2496,Low Risk,8,20.25,158.35,Inactive,39.59,Low Value,No,Low,No Action Needed
3519-ZKXGG,0.8905,High Risk,3,75.85,256.6,At Risk,128.3,Low Value,Yes,High,Email Campaign
5457-COLHT,0.0183,Low Risk,69,80.65,5542.55,Champions,5080.67,Premium,No,Low,No Action Needed
6416-TVAIH,0.9291,High Risk,1,68.5,68.5,Inactive,22.83,Low Value,Yes,High,Email Campaign
5451-YHYPW,0.0379,Low Risk,72,115.75,8443.7,Champions,8443.7,Premium,No,Low,No Action Needed
5108-ADXWO,0.7109,High Risk,11,73.5,791.75,At Risk,461.85,Medium Value,Yes,High,Discount Offer
7998-WNZEM,0.0145,Low Risk,71,80.6,5708.2,Champions,5232.52,Premium,No,Low,No Action Needed
3066-RRJIO,0.9039,High Risk,1,69.95,69.95,Inactive,23.32,Low Value,Yes,High,Email Campaign
4664-NJCMS,0.0446,Low Risk,33,59.55,2016.3,Loyal Customers,1512.22,High Value,No,Low,No Action Needed
0307-BCOPK,0.0328,Low Risk,16,19.05,326.65,Inactive,108.88,Low Value,No,Low,No Action Needed
7629-WFGLW,0.3301,Low Risk,56,95.65,5471.75,Champions,5471.75,Premium,No,Low,No Action Needed
2542-HYGIQ,0.5681,Medium Risk,1,19.95,19.95,Inactive,4.99,Low Value,No,Medium,SMS Reminder
6715-OFDBP,0.7981,High Risk,5,70.05,346.4,At Risk,173.2,Medium Value,Yes,High,Discount Offer
5016-LIPDW,0.2218,Low Risk,57,19.4,1061.6,At Risk,530.8,Medium Value,No,Low,No Action Needed
6481-LXPWL,0.0827,Low Risk,56,36.1,1971.5,Loyal Customers,1314.33,High Value,No,Low,No Action Needed
1567-DSCIC,0.916,High Risk,8,94.0,773.65,Loyal Customers,580.24,Medium Value,Yes,High,Discount Offer
2150-UWTFY,0.2217,Low Risk,22,61.15,1422.05,At Risk,829.53,High Value,Yes,Low,No Action Needed
6124-ACRHJ,0.6052,Medium Risk,1,19.75,19.75,Inactive,4.94,Low Value,No,Medium,SMS Reminder
9362-MWODR,0.2201,Low Risk,40,64.1,2460.35,Loyal Customers,1640.23,High Value,No,Low,No Action Needed
9975-GPKZU,0.0235,Low Risk,46,19.75,856.5,Inactive,356.88,Medium Value,No,Low,No Action Needed
9625-RZFUK,0.0162,Low Risk,63,19.7,1275.85,At Risk,637.92,Medium Value,No,Low,No Action Needed
5153-LXKDT,0.1556,Low Risk,68,110.2,7467.5,Champions,7467.5,Premium,No,Low,No Action Needed
5161-UBZXI,0.0654,Low Risk,69,106.35,7261.75,Champions,7261.75,Premium,No,Low,No Action Needed
1020-JPQOW,0.4573,Medium Risk,56,90.55,5116.6,Champions,5116.6,Premium,No,High,Loyalty Reward
7919-ZODZZ,0.3034,Low Risk,10,65.9,660.05,At Risk,385.03,Medium Value,No,Low,No Action Needed
0565-JUPYD,0.2368,Low Risk,63,104.5,6590.8,Champions,6590.8,Premium,No,Low,No Action Needed
6867-ACCZI,0.0544,Low Risk,24,52.5,1208.15,Loyal Customers,805.43,Medium Value,No,Low,No Action Needed
5939-XAIXZ,0.4255,Medium Risk,19,56.1,1033.9,At Risk,603.11,Medium Value,No,Medium,SMS Reminder
9054-FOWNV,0.7938,High Risk,22,88.75,1885.15,Loyal Customers,1256.77,High Value,No,Critical,Personal Relationship Manager
2683-BPJSO,0.6944,Medium Risk,29,84.45,2467.1,Loyal Customers,1644.73,High Value,Yes,High,Loyalty Reward
2157-MXBJS,0.5719,Medium Risk,13,75.3,989.45,Loyal Customers,742.09,Medium Value,Yes,Medium,SMS Reminder
8207-VVMYB,0.02,Low Risk,70,26.0,2006.95,At Risk,1170.72,High Value,No,Low,No Action Needed
9732-EQMWY,0.541,Medium Risk,49,99.4,5025.0,Champions,4606.25,Premium,No,High,Loyalty Reward
9360-AHGNL,0.5756,Medium Risk,43,109.55,4830.25,Champions,4427.73,Premium,Yes,High,Loyalty Reward
1087-UDSIH,0.3673,Low Risk,3,19.6,59.75,Inactive,14.94,Low Value,Yes,Low,No Action Needed
5269-NRGDP,0.3098,Low Risk,42,73.15,3088.25,Champions,2573.54,High Value,No,Low,No Action Needed
6195-MELTI,0.095,Low Risk,57,54.65,3134.7,Loyal Customers,2351.02,High Value,No,Low,No Action Needed
5485-WUYWF,0.7376,High Risk,2,66.4,94.55,At Risk,47.28,Low Value,Yes,High,Email Campaign
2121-JAFOM,0.034,Low Risk,72,115.55,8312.4,Champions,8312.4,Premium,No,Low,No Action Needed
8818-DOPVL,0.8007,High Risk,46,104.45,4863.85,Champions,4458.53,Premium,No,Critical,Personal Relationship Manager
2632-UCGVD,0.6804,Medium Risk,66,100.05,6871.9,Champions,6871.9,Premium,Yes,High,Loyalty Reward
5445-PZWGX,0.1843,Low Risk,62,102.0,6529.25,Champions,6529.25,Premium,Yes,Low,No Action Needed
1227-UDMZR,0.0142,Low Risk,72,91.15,6637.9,Champions,6637.9,Premium,No,Low,No Action Needed
5198-HQAEN,0.3854,Low Risk,35,89.7,3165.6,Loyal Customers,2374.2,High Value,No,Low,No Action Needed
9170-CCKOU,0.4983,Medium Risk,17,90.2,1454.15,Champions,1211.79,High Value,Yes,High,Loyalty Reward
2167-FQSTQ,0.0565,Low Risk,72,92.4,6786.1,Champions,6786.1,Premium,No,Low,No Action Needed
2819-GWENI,0.0381,Low Risk,28,19.9,543.0,Inactive,181.0,Medium Value,No,Low,No Action Needed
1043-YCUTE,0.0778,Low Risk,56,25.15,1327.15,At Risk,774.17,Medium Value,Yes,Low,No Action Needed
3814-MLAXC,0.5918,Medium Risk,31,79.85,2404.15,Loyal Customers,1803.11,High Value,Yes,High,Loyalty Reward
3572-UUHRS,0.0089,Low Risk,45,18.85,867.3,Inactive,361.38,Medium Value,No,Low,No Action Needed
2692-PFYTJ,0.6313,Medium Risk,1,25.75,25.75,Inactive,8.58,Low Value,No,Medium,SMS Reminder
1226-UDFZR,0.7042,High Risk,2,49.6,114.7,Inactive,47.79,Low Value,Yes,High,Email Campaign
5955-EPOAZ,0.2567,Low Risk,6,20.95,109.5,Inactive,27.38,Low Value,No,Low,No Action Needed
6821-JPCDC,0.3919,Low Risk,48,97.05,4692.95,Champions,4301.87,Premium,No,Low,No Action Needed
8815-LMFLX,0.2768,Low Risk,25,25.4,546.85,Inactive,227.85,Medium Value,No,Low,No Action Needed
9135-HSWOC,0.0204,Low Risk,64,19.7,1274.05,At Risk,637.02,Medium Value,No,Low,No Action Needed
8582-KRHPJ,0.3168,Low Risk,50,35.0,1782.4,At Risk,891.2,High Value,No,Low,No Action Needed
5811-IWXYM,0.2719,Low Risk,52,101.25,5301.1,Champions,4859.34,Premium,No,Low,No Action Needed
7044-YAACC,0.8375,High Risk,4,70.2,280.35,Inactive,93.45,Low Value,No,High,Email Campaign
8189-XRIKE,0.6845,Medium Risk,32,90.95,2897.95,Champions,2414.96,High Value,No,High,Loyalty Reward
1506-YJTYT,0.04,Low Risk,45,73.85,3371.0,Champions,2809.17,High Value,No,Low,No Action Needed
4123-DVHPH,0.7169,High Risk,9,88.05,801.3,At Risk,467.42,Medium Value,No,High,Discount Offer
6425-YQLLO,0.5983,Medium Risk,66,105.95,6975.25,Champions,6975.25,Premium,Yes,High,Loyalty Reward
5442-UTCVD,0.8671,High Risk,3,91.85,257.05,Loyal Customers,171.37,Medium Value,Yes,High,Discount Offer
2228-BZDEE,0.0655,Low Risk,54,20.1,1079.45,Inactive,449.77,Medium Value,No,Low,No Action Needed
7734-DBOAI,0.7627,High Risk,1,40.1,40.1,Inactive,16.71,Low Value,Yes,High,Email Campaign
2789-CZANW,0.1498,Low Risk,64,110.3,6997.3,Champions,6997.3,Premium,No,Low,No Action Needed
2091-RFFBA,0.6949,Medium Risk,31,73.9,2217.15,Loyal Customers,1478.1,High Value,Yes,High,Loyalty Reward
2114-MGINA,0.8682,High Risk,14,89.8,1129.1,Loyal Customers,752.73,Medium Value,Yes,High,Discount Offer
7596-LDUXP,0.1721,Low Risk,12,85.15,979.05,Loyal Customers,652.7,Medium Value,No,Low,No Action Needed
3740-RLMVT,0.0475,Low Risk,67,60.95,4119.4,Loyal Customers,3089.55,Premium,No,Low,No Action Needed
4489-SNOJF,0.3423,Low Risk,35,72.25,2568.55,Champions,2140.46,High Value,Yes,Low,No Action Needed
2192-OZITF,0.0449,Low Risk,45,73.55,3349.1,Champions,2790.92,High Value,No,Low,No Action Needed
5651-CPDND,0.3779,Low Risk,10,46.0,492.1,Inactive,205.04,Medium Value,No,Low,No Action Needed
2186-QZEYA,0.281,Low Risk,29,58.55,1718.95,At Risk,1002.72,High Value,No,Low,No Action Needed
1131-ALZWV,0.1519,Low Risk,24,24.6,605.25,Inactive,252.19,Medium Value,No,Low,No Action Needed
7729-XBTWX,0.0207,Low Risk,66,19.75,1344.5,At Risk,672.25,Medium Value,No,Low,No Action Needed
9134-WYRVP,0.0954,Low Risk,51,86.35,4267.15,Loyal Customers,3200.36,Premium,No,Low,No Action Needed
3284-SVCRO,0.0558,Low Risk,45,25.5,1121.05,At Risk,560.52,Medium Value,No,Low,No Action Needed
9732-OUYRN,0.0151,Low Risk,49,19.0,918.7,Inactive,382.79,Medium Value,No,Low,No Action Needed
0559-CKHUS,0.0285,Low Risk,29,19.55,521.8,Inactive,173.93,Medium Value,No,Low,No Action Needed
2931-SVLTV,0.4433,Medium Risk,40,110.1,4469.1,Champions,4096.68,Premium,No,High,Loyalty Reward
6899-PPEEA,0.814,High Risk,37,96.55,3580.3,Champions,2983.58,High Value,Yes,Critical,Personal Relationship Manager
7504-UWHNB,0.5486,Medium Risk,25,69.75,1729.35,Inactive,720.56,Medium Value,No,Medium,SMS Reminder
2582-FFFZR,0.7597,High Risk,22,50.6,1073.3,At Risk,626.09,Medium Value,No,High,Discount Offer
8908-NMQTX,0.0132,Low Risk,72,65.6,4566.5,Champions,3805.42,Premium,No,Low,No Action Needed
2187-LZGPL,0.649,Medium Risk,7,40.1,293.3,Inactive,122.21,Low Value,Yes,Medium,SMS Reminder
1431-AIDJQ,0.0388,Low Risk,33,82.1,2603.1,Champions,2169.25,High Value,No,Low,No Action Needed
6288-LBEAR,0.4758,Medium Risk,23,79.1,1783.75,Loyal Customers,1189.17,High Value,No,High,Loyalty Reward
4597-NUCQV,0.8639,High Risk,24,101.25,2440.15,Champions,2033.46,High Value,Yes,Critical,Personal Relationship Manager
9019-QVLZD,0.9247,High Risk,1,79.55,79.55,At Risk,39.78,Low Value,Yes,High,Email Campaign
8413-YNHNV,0.0225,Low Risk,69,90.65,6322.1,Champions,6322.1,Premium,No,Low,No Action Needed
5808-TOTXO,0.0626,Low Risk,3,20.55,57.4,Inactive,14.35,Low Value,No,Low,No Action Needed
4369-NYSCF,0.1829,Low Risk,56,75.75,4284.65,Champions,3927.6,Premium,No,Low,No Action Needed
6333-YDVLT,0.4691,Medium Risk,65,110.0,7138.65,Champions,7138.65,Premium,No,High,Loyalty Reward
5324-KTGCG,0.0149,Low Risk,71,20.85,1539.75,At Risk,769.88,Medium Value,No,Low,No Action Needed
5599-HVLTW,0.8412,High Risk,14,80.35,1058.1,Loyal Customers,705.4,Medium Value,No,High,Discount Offer
7394-LWLYN,0.8359,High Risk,2,70.15,123.8,Inactive,41.27,Low Value,No,High,Email Campaign
3707-LRWZD,0.3878,Low Risk,32,84.05,2781.85,Loyal Customers,2086.39,High Value,Yes,Low,No Action Needed
6873-UDNLD,0.3021,Low Risk,40,67.45,2731.0,Loyal Customers,1820.67,High Value,No,Low,No Action Needed
2700-LUEVA,0.5491,Medium Risk,1,20.75,20.75,Inactive,5.19,Low Value,No,Medium,SMS Reminder
1455-ESIQH,0.9458,High Risk,1,89.1,89.1,At Risk,51.98,Low Value,Yes,High,Email Campaign
0958-YHXGP,0.7029,High Risk,7,69.9,497.3,Inactive,165.77,Medium Value,No,High,Discount Offer
1101-SSWAG,0.671,Medium Risk,15,51.1,711.15,At Risk,355.58,Medium Value,No,Medium,SMS Reminder
2979-SXESE,0.724,High Risk,17,94.4,1607.2,Champions,1339.33,High Value,Yes,Critical,Personal Relationship Manager
4013-TLDHQ,0.7355,High Risk,19,78.25,1490.95,Loyal Customers,993.97,High Value,Yes,Critical,Personal Relationship Manager
5743-KHMNA,0.0108,Low Risk,71,25.55,1898.1,At Risk,1107.22,High Value,No,Low,No Action Needed
4194-FJARJ,0.0504,Low Risk,54,60.0,3273.95,Loyal Customers,2182.63,High Value,No,Low,No Action Needed
5325-UWTWJ,0.3714,Low Risk,31,90.55,2929.75,Champions,2685.6,High Value,No,Low,No Action Needed
3969-GYXEL,0.6814,Medium Risk,11,76.4,838.7,At Risk,489.24,Medium Value,No,Medium,SMS Reminder
9208-OLGAQ,0.7655,High Risk,18,84.95,1443.65,Loyal Customers,962.43,High Value,No,Critical,Personal Relationship Manager
3244-CQPHU,0.0483,Low Risk,72,110.1,7746.7,Champions,7746.7,Premium,No,Low,No Action Needed
2674-MLXMN,0.4257,Medium Risk,71,99.65,6951.15,Champions,6951.15,Premium,No,High,Loyalty Reward
9708-HPXWZ,0.671,Medium Risk,5,45.4,214.75,At Risk,107.38,Low Value,No,Medium,SMS Reminder
6992-TKNYO,0.193,Low Risk,38,69.0,2669.45,Loyal Customers,2002.09,High Value,No,Low,No Action Needed
4468-YDOVK,0.5381,Medium Risk,5,48.65,235.2,Inactive,98.0,Low Value,No,Medium,SMS Reminder
3754-DXMRT,0.7953,High Risk,2,44.15,92.65,Inactive,30.88,Low Value,Yes,High,Email Campaign
5792-JALQC,0.0678,Low Risk,52,59.85,3103.25,Loyal Customers,2068.83,High Value,No,Low,No Action Needed
7130-VTEWQ,0.8698,High Risk,8,75.75,606.25,At Risk,303.12,Medium Value,Yes,High,Discount Offer
2200-DSAAL,0.1848,Low Risk,68,80.65,5330.2,Champions,4886.02,Premium,No,Low,No Action Needed
4302-ZYFEL,0.0158,Low Risk,69,20.55,1403.1,At Risk,701.55,Medium Value,No,Low,No Action Needed
9351-LZYGF,0.1836,Low Risk,42,66.4,2727.8,Loyal Customers,2045.85,High Value,No,Low,No Action Needed
4366-CTOUZ,0.1364,Low Risk,50,100.2,5038.45,Champions,4618.58,Premium,No,Low,No Action Needed
6121-VZNQB,0.4649,Medium Risk,1,19.1,19.1,Inactive,4.78,Low Value,Yes,Medium,SMS Reminder
7903-CMPEY,0.8576,High Risk,1,80.3,80.3,At Risk,46.84,Low Value,Yes,High,Email Campaign
1518-OMDIK,0.2923,Low Risk,33,44.55,1462.6,At Risk,731.3,Medium Value,No,Low,No Action Needed
6671-NGWON,0.2521,Low Risk,7,20.35,150.6,Inactive,37.65,Low Value,No,Low,No Action Needed
0595-ITUDF,0.3715,Low Risk,64,91.8,5960.5,Champions,5960.5,Premium,No,Low,No Action Needed
6996-KNSML,0.9339,High Risk,1,74.9,74.9,At Risk,37.45,Low Value,Yes,High,Email Campaign
1955-IBMMB,0.0548,Low Risk,59,20.2,1192.3,At Risk,596.15,Medium Value,No,Low,No Action Needed
0096-BXERS,0.6998,Medium Risk,6,50.35,314.55,Inactive,131.06,Low Value,No,Medium,SMS Reminder
3806-YAZOV,0.0691,Low Risk,3,18.8,56.0,Inactive,14.0,Low Value,No,Low,No Action Needed
7998-ZLXWN,0.201,Low Risk,15,20.45,330.8,Inactive,110.27,Low Value,No,Low,No Action Needed
6253-WRFHY,0.4901,Medium Risk,13,64.75,877.35,At Risk,511.79,Medium Value,No,Medium,SMS Reminder
9133-AYJZG,0.8013,High Risk,23,98.7,2249.1,Champions,1874.25,High Value,No,Critical,Personal Relationship Manager
2675-OTVVJ,0.6267,Medium Risk,31,89.45,2807.65,Loyal Customers,2105.74,High Value,No,High,Loyalty Reward
8680-CGLTP,0.1083,Low Risk,29,58.75,1696.2,At Risk,989.45,High Value,No,Low,No Action Needed
8430-TWCBX,0.0302,Low Risk,49,20.7,1032.05,Inactive,430.02,Medium Value,No,Low,No Action Needed
5018-GWURO,0.5288,Medium Risk,56,85.6,4902.8,Champions,4085.67,Premium,No,High,Loyalty Reward
6741-QRLUP,0.0408,Low Risk,63,80.3,4995.35,Champions,4579.07,Premium,No,Low,No Action Needed
4737-HOBAX,0.0341,Low Risk,63,79.8,5034.05,Champions,4614.55,Premium,No,Low,No Action Needed
0537-QYZZN,0.5805,Medium Risk,24,79.85,1857.75,Loyal Customers,1238.5,High Value,No,High,Loyalty Reward
3340-QBBFM,0.1359,Low Risk,36,54.1,1992.85,Loyal Customers,1328.57,High Value,No,Low,No Action Needed
1704-NRWYE,0.8269,High Risk,9,80.85,751.65,At Risk,375.82,Medium Value,Yes,High,Discount Offer
2592-SEIFQ,0.7891,High Risk,3,24.75,66.95,Inactive,16.74,Low Value,Yes,High,Email Campaign
8200-KLNYW,0.2868,Low Risk,21,80.9,1714.95,Loyal Customers,1286.21,High Value,No,Low,No Action Needed
3372-CDXFJ,0.1928,Low Risk,13,24.5,343.6,Inactive,143.17,Low Value,No,Low,No Action Needed
4781-ZXYGU,0.7163,High Risk,1,20.15,20.15,Inactive,5.04,Low Value,No,High,Email Campaign
7632-YUTXB,0.046,Low Risk,25,20.05,520.1,Inactive,173.37,Medium Value,No,Low,No Action Needed
2718-YSKCS,0.0116,Low Risk,71,19.6,1387.45,At Risk,693.72,Medium Value,No,Low,No Action Needed
9896-UYMIE,0.4082,Medium Risk,66,114.3,7383.7,Champions,7383.7,Premium,No,High,Loyalty Reward
0853-NWIFK,0.4067,Medium Risk,45,100.3,4483.95,Champions,4110.29,Premium,No,High,Loyalty Reward
8212-CRQXP,0.5905,Medium Risk,22,80.0,1706.45,At Risk,995.43,High Value,No,High,Loyalty Reward
6980-CDGFC,0.0329,Low Risk,67,20.85,1327.4,At Risk,663.7,Medium Value,No,Low,No Action Needed
7691-XVTZH,0.0789,Low Risk,68,89.95,5974.3,Champions,5476.44,Premium,No,Low,No Action Needed
7481-ATQQS,0.7388,High Risk,49,90.85,4515.85,Champions,3763.21,Premium,Yes,Critical,Personal Relationship Manager
2277-VWCNI,0.7508,High Risk,4,48.75,179.85,Inactive,74.94,Low Value,No,High,Email Campaign
1088-CNNKB,0.1764,Low Risk,63,80.0,5040.2,Champions,4620.18,Premium,No,Low,No Action Needed
8642-GVWRF,0.7795,High Risk,2,79.7,165.0,At Risk,96.25,Low Value,Yes,High,Email Campaign
1930-BZLHI,0.0504,Low Risk,21,20.35,422.7,Inactive,140.9,Low Value,No,Low,No Action Needed
3400-ESFUW,0.0253,Low Risk,55,57.55,3046.4,Loyal Customers,2030.93,High Value,Yes,Low,No Action Needed
5868-YTYKS,0.625,Medium Risk,1,20.25,20.25,Inactive,5.06,Low Value,No,Medium,SMS Reminder
3525-DVKFN,0.0481,Low Risk,17,19.4,358.05,Inactive,119.35,Low Value,No,Low,No Action Needed
1482-OXZSY,0.5703,Medium Risk,30,100.4,2936.25,Champions,2691.56,High Value,No,High,Loyalty Reward
0377-JBKKT,0.1712,Low Risk,22,57.95,1271.8,At Risk,741.88,Medium Value,No,Low,No Action Needed
5778-BVOFB,0.3777,Low Risk,9,59.5,530.05,At Risk,265.02,Medium Value,No,Low,No Action Needed
3373-YZZYM,0.4345,Medium Risk,1,19.2,19.2,Inactive,4.8,Low Value,No,Medium,SMS Reminder
2057-ZBLPD,0.7888,High Risk,21,86.5,1808.7,Loyal Customers,1205.8,High Value,Yes,Critical,Personal Relationship Manager
0228-MAUWC,0.4894,Medium Risk,19,59.55,1144.6,At Risk,667.68,Medium Value,No,Medium,SMS Reminder
5502-RLUYV,0.6737,Medium Risk,69,103.95,7446.9,Champions,7446.9,Premium,Yes,High,Loyalty Reward
0023-HGHWL,0.9201,High Risk,1,25.1,25.1,Inactive,6.28,Low Value,Yes,High,Email Campaign
7663-YJHSN,0.0693,Low Risk,72,103.95,7556.9,Champions,7556.9,Premium,No,Low,No Action Needed
4915-BFSXL,0.0698,Low Risk,70,68.95,4858.7,Champions,4048.92,Premium,No,Low,No Action Needed
3086-RUCRN,0.3607,Low Risk,66,103.1,6595.0,Champions,6595.0,Premium,No,Low,No Action Needed
5215-LNLDJ,0.6352,Medium Risk,7,24.7,149.05,Inactive,37.26,Low Value,No,Medium,SMS Reminder
7576-JMYWV,0.5812,Medium Risk,46,110.2,4972.1,Champions,4557.76,Premium,No,High,Loyalty Reward
9039-RBEEE,0.2316,Low Risk,39,48.95,1880.85,Loyal Customers,1253.9,High Value,Yes,Low,No Action Needed
0257-KXZGU,0.1844,Low Risk,32,62.45,2045.55,Loyal Customers,1363.7,High Value,No,Low,No Action Needed
1307-ATKGB,0.6628,Medium Risk,24,89.55,2187.15,Loyal Customers,1458.1,High Value,No,High,Loyalty Reward
8417-FMLZI,0.8227,High Risk,6,83.55,477.55,At Risk,278.57,Medium Value,Yes,High,Discount Offer
3714-XPXBW,0.2352,Low Risk,37,78.9,2976.95,Champions,2480.79,High Value,No,Low,No Action Needed
1850-AKQEP,0.2471,Low Risk,8,20.35,178.7,Inactive,44.68,Low Value,No,Low,No Action Needed
2824-DXNKN,0.0297,Low Risk,72,71.45,5025.85,Champions,4607.03,Premium,No,Low,No Action Needed
5227-JSCFE,0.0424,Low Risk,71,46.35,3353.4,Loyal Customers,2515.05,High Value,No,Low,No Action Needed
0848-ZGQIJ,0.7569,High Risk,16,94.65,1461.15,Loyal Customers,1095.86,High Value,No,Critical,Personal Relationship Manager
3621-CHYVB,0.1848,Low Risk,57,49.9,2782.4,Loyal Customers,2086.8,High Value,No,Low,No Action Needed
8042-RNLKO,0.0349,Low Risk,66,25.45,1699.15,At Risk,991.17,High Value,No,Low,No Action Needed
1792-UXAFY,0.7824,High Risk,17,89.15,1496.9,Loyal Customers,997.93,High Value,Yes,Critical,Personal Relationship Manager
5372-FBKBN,0.1214,Low Risk,21,20.75,452.2,Inactive,150.73,Low Value,No,Low,No Action Needed
0420-TXVSG,0.0592,Low Risk,66,66.1,4428.45,Champions,3690.38,Premium,No,Low,No Action Needed
6217-TOWGS,0.3012,Low Risk,17,75.4,1322.55,Loyal Customers,991.91,High Value,No,Low,No Action Needed
0515-YPMCW,0.8992,High Risk,1,70.45,70.45,Inactive,29.35,Low Value,Yes,High,Email Campaign
0378-XSZPU,0.0949,Low Risk,58,60.3,3563.8,Loyal Customers,2672.85,High Value,Yes,Low,No Action Needed
1045-LTCYT,0.2886,Low Risk,8,21.05,139.75,Inactive,34.94,Low Value,No,Low,No Action Needed
1544-JJMYL,0.0965,Low Risk,27,69.35,1927.3,Loyal Customers,1284.87,High Value,No,Low,No Action Needed
4636-JGAAI,0.433,Medium Risk,34,88.85,3000.25,Loyal Customers,2250.19,High Value,No,High,Loyalty Reward
6874-SGLHU,0.4218,Medium Risk,30,97.0,3021.3,Champions,2517.75,High Value,No,High,Loyalty Reward
5951-AOFIH,0.2437,Low Risk,33,66.4,2245.4,Loyal Customers,1496.93,High Value,No,Low,No Action Needed
4729-XKASR,0.7741,High Risk,1,24.75,24.75,Inactive,6.19,Low Value,Yes,High,Email Campaign
3059-NGMXB,0.2036,Low Risk,14,69.2,944.65,Loyal Customers,629.77,Medium Value,No,Low,No Action Needed
8652-YHIYU,0.1872,Low Risk,16,79.5,1264.2,Loyal Customers,842.8,High Value,No,Low,No Action Needed
5278-PNYOX,0.1524,Low Risk,49,100.65,4917.75,Champions,4507.94,Premium,No,Low,No Action Needed
5449-FIBXJ,0.6798,Medium Risk,19,103.3,2012.7,Champions,1677.25,High Value,Yes,High,Loyalty Reward
3486-HOOGQ,0.0521,Low Risk,70,79.7,5743.3,Champions,5264.69,Premium,No,Low,No Action Needed
5061-PBXFW,0.1269,Low Risk,32,61.4,1864.65,Loyal Customers,1243.1,High Value,No,Low,No Action Needed
8630-FJLIB,0.7101,High Risk,18,69.8,1221.65,Inactive,509.02,Medium Value,No,High,Discount Offer
3891-NLXJB,0.0388,Low Risk,37,40.55,1390.85,Loyal Customers,927.23,High Value,No,Low,No Action Needed
4749-OJKQU,0.8905,High Risk,4,75.65,302.35,At Risk,151.18,Low Value,No,High,Email Campaign
0577-WHMEV,0.6679,Medium Risk,16,90.7,1374.9,Champions,1145.75,High Value,No,High,Loyalty Reward
5453-AXEPF,0.6236,Medium Risk,17,80.5,1336.9,Loyal Customers,891.27,High Value,No,High,Loyalty Reward
3639-XJHKQ,0.4,Medium Risk,19,60.6,1297.8,At Risk,757.05,Medium Value,No,Medium,SMS Reminder
3716-LRGXK,0.1944,Low Risk,60,101.15,6067.4,Champions,6067.4,Premium,No,Low,No Action Needed
2263-SFSQZ,0.029,Low Risk,51,24.95,1222.25,At Risk,611.12,Medium Value,No,Low,No Action Needed
9950-MTGYX,0.0257,Low Risk,28,20.3,487.95,Inactive,162.65,Medium Value,No,Low,No Action Needed
3397-AVTKU,0.1069,Low Risk,43,60.0,2548.55,Loyal Customers,1699.03,High Value,No,Low,No Action Needed
4825-FUREZ,0.0369,Low Risk,42,20.25,835.5,Inactive,348.12,Medium Value,No,Low,No Action Needed
9837-BMCLM,0.842,High Risk,3,78.5,242.05,At Risk,121.02,Low Value,Yes,High,Email Campaign
2672-OJQZP,0.7469,High Risk,1,44.75,44.75,Inactive,14.92,Low Value,No,High,Email Campaign
0137-UDEUO,0.3964,Low Risk,3,19.85,63.75,Inactive,15.94,Low Value,Yes,Low,No Action Needed
3134-DSHVC,0.1023,Low Risk,63,98.0,6218.45,Champions,6218.45,Premium,No,Low,No Action Needed
6161-UUUTA,0.8637,High Risk,3,79.9,260.9,At Risk,130.45,Low Value,Yes,High,Email Campaign
7821-DPRQE,0.5399,Medium Risk,68,107.7,7320.9,Champions,7320.9,Premium,No,High,Loyalty Reward
6543-XRMYR,0.816,High Risk,30,99.7,2967.35,Champions,2720.07,High Value,Yes,Critical,Personal Relationship Manager
2001-EWBQU,0.2529,Low Risk,60,104.7,6333.8,Champions,6333.8,Premium,No,Low,No Action Needed
4925-LMHOK,0.4373,Medium Risk,15,58.6,939.7,At Risk,548.16,Medium Value,Yes,Medium,SMS Reminder
1608-GMEWB,0.7511,High Risk,45,93.9,4200.25,Champions,3500.21,Premium,No,Critical,Personal Relationship Manager
6695-AMZUF,0.0416,Low Risk,70,86.45,5950.2,Champions,5454.35,Premium,No,Low,No Action Needed
1455-UGQVH,0.9214,High Risk,10,98.5,1037.75,Champions,864.79,High Value,Yes,Critical,Personal Relationship Manager
8410-BGQXN,0.2621,Low Risk,4,19.4,93.4,Inactive,23.35,Low Value,No,Low,No Action Needed
8280-MQRQN,0.806,High Risk,1,50.45,50.45,Inactive,21.02,Low Value,Yes,High,Email Campaign
1619-YWUBB,0.0228,Low Risk,68,24.95,1614.9,At Risk,942.03,High Value,No,Low,No Action Needed
7611-YKYTC,0.4171,Medium Risk,22,75.0,1573.95,At Risk,918.14,High Value,No,High,Loyalty Reward
2037-SGXHH,0.6672,Medium Risk,38,94.65,3624.3,Champions,3322.28,Premium,Yes,High,Loyalty Reward
3178-FESZO,0.9569,High Risk,1,100.25,100.25,Loyal Customers,75.19,Low Value,Yes,High,Email Campaign
0365-GXEZS,0.5447,Medium Risk,18,78.2,1468.75,Loyal Customers,979.17,High Value,No,High,Loyalty Reward
0082-OQIQY,0.6111,Medium Risk,29,94.2,2607.6,Loyal Customers,1955.7,High Value,No,High,Loyalty Reward
6087-MVHJH,0.808,High Risk,16,88.45,1422.1,Loyal Customers,948.07,High Value,Yes,Critical,Personal Relationship Manager
4603-JANFB,0.9358,High Risk,1,69.85,69.85,Inactive,23.28,Low Value,Yes,High,Email Campaign
3018-TFTSU,0.6883,Medium Risk,12,81.7,858.6,Loyal Customers,572.4,Medium Value,Yes,Medium,SMS Reminder
3606-SBKRY,0.46,Medium Risk,31,50.05,1523.4,Loyal Customers,1015.6,High Value,No,High,Loyalty Reward
4806-KEXQR,0.856,High Risk,4,79.9,324.3,At Risk,162.15,Medium Value,Yes,High,Discount Offer
0667-NSRGI,0.1792,Low Risk,48,69.55,3435.6,Loyal Customers,2576.7,High Value,No,Low,No Action Needed
7083-YNSKY,0.381,Low Risk,15,25.4,399.6,Inactive,166.5,Medium Value,Yes,Low,No Action Needed
6893-ODYYE,0.0931,Low Risk,50,90.1,4549.45,Champions,4170.33,Premium,No,Low,No Action Needed
8242-JSVBO,0.5754,Medium Risk,7,44.65,322.5,Inactive,107.5,Low Value,No,Medium,SMS Reminder
2479-BRAMR,0.5571,Medium Risk,41,83.75,3273.55,Loyal Customers,2455.16,High Value,Yes,High,Loyalty Reward
9541-ZPSEA,0.0553,Low Risk,68,80.35,5375.15,Champions,4479.29,Premium,No,Low,No Action Needed
2665-NPTGL,0.7698,High Risk,26,98.1,2510.7,Champions,2092.25,High Value,No,Critical,Personal Relationship Manager
1139-WUOAH,0.0273,Low Risk,57,53.35,3090.05,Loyal Customers,2317.54,High Value,No,Low,No Action Needed
4693-VWVBO,0.3809,Low Risk,3,19.55,61.05,Inactive,15.26,Low Value,No,Low,No Action Needed
7434-SHXLS,0.5956,Medium Risk,1,20.9,20.9,Inactive,5.22,Low Value,Yes,Medium,SMS Reminder
6937-GCDGQ,0.1202,Low Risk,19,48.95,955.6,At Risk,477.8,Medium Value,No,Low,No Action Needed
0988-JRWWP,0.7927,High Risk,3,54.2,140.4,Inactive,58.5,Low Value,No,High,Email Campaign
5075-JSDKI,0.0634,Low Risk,59,24.45,1493.1,At Risk,870.98,High Value,No,Low,No Action Needed
7908-QCBCA,0.9111,High Risk,1,69.4,69.4,Inactive,23.13,Low Value,Yes,High,Email Campaign
8644-XYTSV,0.3566,Low Risk,42,40.15,1626.05,At Risk,948.53,High Value,No,Low,No Action Needed
6711-FLDFB,0.8585,High Risk,7,74.9,541.15,At Risk,270.58,Medium Value,Yes,High,Discount Offer
3873-WOSBC,0.0205,Low Risk,67,25.6,1784.9,At Risk,1041.19,High Value,No,Low,No Action Needed
7465-ZZRVX,0.9305,High Risk,1,70.35,70.35,Inactive,23.45,Low Value,No,High,Email Campaign
7975-JMZNT,0.0396,Low Risk,66,91.7,6075.9,Champions,6075.9,Premium,No,Low,No Action Needed
7251-XFOIL,0.2562,Low Risk,61,89.2,5500.6,Champions,4583.83,Premium,No,Low,No Action Needed
4116-IQRFR,0.116,Low Risk,4,24.1,73.1,Inactive,24.37,Low Value,No,Low,No Action Needed
3714-JTVOV,0.6871,Medium Risk,42,74.15,3229.4,Loyal Customers,2152.93,High Value,Yes,High,Loyalty Reward
8259-DZLIZ,0.0562,Low Risk,64,53.85,3399.85,Loyal Customers,2549.89,High Value,No,Low,No Action Needed
0442-ZXKVS,0.4745,Medium Risk,54,115.6,6431.05,Champions,5895.13,Premium,No,High,Loyalty Reward
7853-WNZSY,0.5781,Medium Risk,1,19.75,19.75,Inactive,4.94,Low Value,No,Medium,SMS Reminder
3120-FAZKD,0.0515,Low Risk,54,24.05,1230.9,At Risk,615.45,Medium Value,No,Low,No Action Needed
8606-OEGQZ,0.076,Low Risk,18,25.3,454.65,Inactive,189.44,Medium Value,No,Low,No Action Needed
0225-ZORZP,0.7667,High Risk,3,84.3,235.05,At Risk,137.11,Low Value,No,High,Email Campaign
4702-IOQDC,0.9313,High Risk,1,70.1,70.1,Inactive,23.37,Low Value,Yes,High,Email Campaign
9489-JMTTN,0.0337,Low Risk,72,89.75,6595.9,Champions,6046.24,Premium,No,Low,No Action Needed
0575-CUQOV,0.3219,Low Risk,60,97.95,5867.0,Champions,5867.0,Premium,No,Low,No Action Needed
0967-BMLBD,0.0686,Low Risk,11,20.0,196.35,Inactive,65.45,Low Value,No,Low,No Action Needed
6178-KFNHS,0.6918,Medium Risk,12,78.3,909.25,Loyal Customers,606.17,Medium Value,Yes,Medium,SMS Reminder
2830-LEWOA,0.1365,Low Risk,61,103.9,6449.15,Champions,6449.15,Premium,No,Low,No Action Needed
5006-MXVRN,0.021,Low Risk,39,20.7,762.45,Inactive,317.69,Medium Value,No,Low,No Action Needed
1264-BYWMS,0.7787,High Risk,55,96.8,5283.95,Champions,4403.29,Premium,Yes,Critical,Personal Relationship Manager
9658-WYUFB,0.796,High Risk,17,94.4,1617.5,Champions,1347.92,High Value,Yes,Critical,Personal Relationship Manager
8327-WKMIE,0.0361,Low Risk,37,20.15,785.75,Inactive,327.4,Medium Value,No,Low,No Action Needed
6917-FIJHC,0.0085,Low Risk,72,26.0,1776.0,At Risk,1036.0,High Value,No,Low,No Action Needed
5329-KRDTM,0.0761,Low Risk,72,77.35,5396.25,Champions,4946.56,Premium,No,Low,No Action Needed
7797-EJMDP,0.3029,Low Risk,8,66.05,574.5,At Risk,287.25,Medium Value,No,Low,No Action Needed
3530-VWVGU,0.1397,Low Risk,22,19.9,400.3,Inactive,133.43,Low Value,No,Low,No Action Needed
2013-SGDXK,0.8994,High Risk,1,84.3,84.3,At Risk,49.18,Low Value,Yes,High,Email Campaign
6368-NWMCE,0.1972,Low Risk,38,68.15,2656.3,Loyal Customers,1992.22,High Value,No,Low,No Action Needed
3633-CDBUW,0.3405,Low Risk,17,80.85,1445.95,Loyal Customers,1084.46,High Value,No,Low,No Action Needed
0707-HOVVN,0.0607,Low Risk,70,75.5,5212.65,Champions,4778.26,Premium,No,Low,No Action Needed
8580-QVLOC,0.1696,Low Risk,72,92.45,6440.25,Champions,6440.25,Premium,Yes,Low,No Action Needed
3956-MGXOG,0.6519,Medium Risk,28,80.6,2244.95,At Risk,1309.55,High Value,No,High,Loyalty Reward
9274-UARKJ,0.7523,High Risk,15,83.2,1130.0,Loyal Customers,753.33,Medium Value,No,High,Discount Offer
4077-HWUYD,0.0185,Low Risk,72,87.55,6463.15,Champions,5924.55,Premium,No,Low,No Action Needed
2012-NWRPA,0.9504,High Risk,11,99.55,1131.2,Champions,942.67,High Value,Yes,Critical,Personal Relationship Manager
8808-ELEHO,0.8972,High Risk,8,81.25,585.95,At Risk,341.8,Medium Value,Yes,High,Discount Offer
0103-CSITQ,0.5184,Medium Risk,57,109.4,6252.7,Champions,6252.7,Premium,No,High,Loyalty Reward
3506-LCJDC,0.605,Medium Risk,1,19.95,19.95,Inactive,4.99,Low Value,Yes,Medium,SMS Reminder
8671-KKKOS,0.4826,Medium Risk,46,45.55,2062.15,Loyal Customers,1374.77,High Value,No,High,Loyalty Reward
7305-ZWMAJ,0.0353,Low Risk,30,20.7,587.1,Inactive,244.63,Medium Value,No,Low,No Action Needed
9518-XXBXE,0.7025,High Risk,10,75.3,720.45,At Risk,420.26,Medium Value,No,High,Discount Offer
3934-HXCFZ,0.8159,High Risk,23,99.25,2186.4,Champions,1822.0,High Value,Yes,Critical,Personal Relationship Manager
6578-KRMAW,0.4978,Medium Risk,32,93.4,2979.3,Champions,2731.02,High Value,No,High,Loyalty Reward
4860-IJUDE,0.6088,Medium Risk,13,73.75,956.65,At Risk,558.05,Medium Value,No,Medium,SMS Reminder
7666-WKRON,0.1629,Low Risk,39,80.45,3201.55,Loyal Customers,2401.16,High Value,Yes,Low,No Action Needed
9688-YGXVR,0.4293,Medium Risk,44,88.15,3973.2,Loyal Customers,2979.9,High Value,No,High,Loyalty Reward
0423-UDIJQ,0.3744,Low Risk,9,49.2,447.9,Inactive,186.62,Medium Value,No,Low,No Action Needed
1945-XISKS,0.0165,Low Risk,67,19.65,1335.2,At Risk,667.6,Medium Value,No,Low,No Action Needed
4910-AQFFX,0.8224,High Risk,9,79.35,661.25,At Risk,385.73,Medium Value,Yes,High,Discount Offer
2154-KVJFF,0.8408,High Risk,15,79.75,1111.85,Loyal Customers,741.23,Medium Value,Yes,High,Discount Offer
5360-LJCNJ,0.3733,Low Risk,71,105.15,7555.0,Champions,7555.0,Premium,No,Low,No Action Needed
2607-FBDFF,0.6429,Medium Risk,1,49.0,49.0,Inactive,20.42,Low Value,No,Medium,SMS Reminder
9647-ERGBE,0.8281,High Risk,30,100.05,3046.15,Champions,2792.3,High Value,Yes,Critical,Personal Relationship Manager
3428-XZMAZ,0.9358,High Risk,1,69.35,69.35,Inactive,23.12,Low Value,Yes,High,Email Campaign
1100-DDVRV,0.5875,Medium Risk,17,49.8,836.35,At Risk,487.87,Medium Value,No,Medium,SMS Reminder
0378-TOVMS,0.8139,High Risk,3,85.8,272.2,At Risk,158.78,Low Value,Yes,High,Email Campaign
4355-HBJHH,0.1956,Low Risk,67,79.7,5293.4,Champions,4852.28,Premium,Yes,Low,No Action Needed
6728-WYQBC,0.5924,Medium Risk,1,20.95,20.95,Inactive,5.24,Low Value,No,Medium,SMS Reminder
9058-CBREO,0.9015,High Risk,1,50.55,50.55,Inactive,21.06,Low Value,Yes,High,Email Campaign
9029-FEGVJ,0.5566,Medium Risk,32,79.3,2570.0,Loyal Customers,1927.5,High Value,No,High,Loyalty Reward
7216-KAOID,0.0599,Low Risk,41,19.5,798.2,Inactive,332.58,Medium Value,No,Low,No Action Needed
0318-QUUOB,0.9383,High Risk,1,80.55,80.55,At Risk,40.28,Low Value,Yes,High,Email Campaign
6145-NNPNO,0.7469,High Risk,1,44.15,44.15,Inactive,14.72,Low Value,No,High,Email Campaign
5520-FVEWJ,0.8453,High Risk,12,84.5,916.9,Loyal Customers,611.27,Medium Value,Yes,High,Discount Offer
5339-TJFEK,0.3811,Low Risk,62,105.5,6487.2,Champions,6487.2,Premium,No,Low,No Action Needed
5572-ZDXHY,0.61,Medium Risk,22,84.3,1855.65,Loyal Customers,1237.1,High Value,Yes,High,Loyalty Reward
2074-GUHPQ,0.6201,Medium Risk,17,92.7,1556.85,Champions,1297.38,High Value,No,High,Loyalty Reward
4625-XMOYM,0.0092,Low Risk,72,26.25,1988.05,At Risk,1159.7,High Value,No,Low,No Action Needed
5827-MWCZK,0.3445,Low Risk,56,96.95,5432.2,Champions,5432.2,Premium,No,Low,No Action Needed
1385-TQOZW,0.233,Low Risk,9,20.45,147.55,Inactive,36.89,Low Value,No,Low,No Action Needed
5914-XRFQB,0.0437,Low Risk,72,115.8,8424.9,Champions,8424.9,Premium,No,Low,No Action Needed
4329-YPDDQ,0.5635,Medium Risk,20,108.2,2203.7,Champions,1836.42,High Value,No,High,Loyalty Reward
4804-NCPET,0.0297,Low Risk,19,20.2,387.4,Inactive,129.13,Low Value,No,Low,No Action Needed
3750-CKVKH,0.8211,High Risk,2,67.75,116.65,Inactive,38.88,Low Value,Yes,High,Email Campaign
5944-UGLLK,0.195,Low Risk,53,54.9,3045.75,Loyal Customers,2030.5,High Value,No,Low,No Action Needed
8063-GBATB,0.8225,High Risk,27,85.25,2287.25,Loyal Customers,1524.83,High Value,Yes,Critical,Personal Relationship Manager
7787-BNTZM,0.3236,Low Risk,6,20.15,130.5,Inactive,32.62,Low Value,No,Low,No Action Needed
2252-ISRNH,0.5468,Medium Risk,9,90.35,767.9,Loyal Customers,511.93,Medium Value,No,Medium,SMS Reminder
9415-TPKRV,0.4457,Medium Risk,8,55.75,446.8,At Risk,223.4,Medium Value,No,Medium,SMS Reminder
5322-TEUJK,0.049,Low Risk,71,114.6,8100.25,Champions,8100.25,Premium,No,Low,No Action Needed
4547-KQRTM,0.812,High Risk,10,80.05,830.7,Loyal Customers,553.8,Medium Value,Yes,High,Discount Offer
4877-EVATK,0.6078,Medium Risk,1,20.0,20.0,Inactive,5.0,Low Value,Yes,Medium,SMS Reminder
1866-DIOQZ,0.0672,Low Risk,71,66.8,4689.15,Champions,3907.62,Premium,No,Low,No Action Needed
8375-KVTHK,0.2797,Low Risk,68,100.3,6754.35,Champions,6754.35,Premium,No,Low,No Action Needed
2697-NQBPF,0.6533,Medium Risk,34,105.35,3540.65,Champions,3245.6,Premium,No,High,Loyalty Reward
3709-OIJEA,0.2661,Low Risk,26,85.2,2184.6,Loyal Customers,1456.4,High Value,No,Low,No Action Needed
7639-SUPCW,0.4151,Medium Risk,22,48.8,1054.6,At Risk,527.3,Medium Value,Yes,Medium,SMS Reminder
1386-ZIKUV,0.14,Low Risk,7,18.95,130.55,Inactive,32.64,Low Value,No,Low,No Action Needed
0599-XNYDO,0.5535,Medium Risk,20,69.8,1540.35,Inactive,641.81,Medium Value,No,Medium,SMS Reminder
6377-WHAOX,0.654,Medium Risk,60,106.15,6411.25,Champions,6411.25,Premium,No,High,Loyalty Reward
6855-VLGOS,0.0188,Low Risk,72,20.55,1432.55,At Risk,716.28,Medium Value,No,Low,No Action Needed
8999-XXGNS,0.3008,Low Risk,72,105.75,7629.85,Champions,7629.85,Premium,No,Low,No Action Needed
8746-OQQRW,0.4541,Medium Risk,4,25.25,101.9,Inactive,33.97,Low Value,No,Medium,SMS Reminder
3181-MIZBN,0.3344,Low Risk,16,19.75,313.4,Inactive,104.47,Low Value,No,Low,No Action Needed
0471-ARVMX,0.4769,Medium Risk,62,104.85,6312.9,Champions,6312.9,Premium,No,High,Loyalty Reward
7766-CLTIC,0.3168,Low Risk,10,60.95,629.55,At Risk,367.24,Medium Value,No,Low,No Action Needed
5650-YLIBA,0.7419,High Risk,31,81.15,2640.55,Loyal Customers,1980.41,High Value,No,Critical,Personal Relationship Manager
0825-CPPQH,0.0036,Low Risk,71,19.1,1372.45,At Risk,686.22,Medium Value,No,Low,No Action Needed
9084-OAYKL,0.0454,Low Risk,58,20.8,1212.25,At Risk,606.12,Medium Value,No,Low,No Action Needed
6122-LJADA,0.0481,Low Risk,70,90.15,6237.05,Champions,6237.05,Premium,No,Low,No Action Needed
2400-XIWIO,0.0639,Low Risk,71,90.1,6310.9,Champions,6310.9,Premium,No,Low,No Action Needed
7524-VRLPL,0.0811,Low Risk,69,74.1,5031.0,Champions,4611.75,Premium,No,Low,No Action Needed
1069-XAIEM,0.9628,High Risk,1,85.05,85.05,At Risk,49.61,Low Value,Yes,High,Email Campaign
7569-NMZYQ,0.0385,Low Risk,72,118.75,8672.45,Champions,8672.45,Premium,No,Low,No Action Needed
5201-USSQZ,0.4435,Medium Risk,26,85.9,2196.45,Loyal Customers,1464.3,High Value,No,High,Loyalty Reward
2105-PHWON,0.6141,Medium Risk,33,95.0,3008.15,Champions,2757.47,High Value,No,High,Loyalty Reward
1494-EJZDW,0.0291,Low Risk,10,20.15,220.8,Inactive,73.6,Low Value,No,Low,No Action Needed
4884-TVUQF,0.1639,Low Risk,57,101.3,5779.6,Champions,5779.6,Premium,No,Low,No Action Needed
8003-EWNDZ,0.3185,Low Risk,10,21.2,222.65,Inactive,74.22,Low Value,No,Low,No Action Needed
1897-RCFUM,0.0598,Low Risk,39,24.2,914.6,At Risk,457.3,Medium Value,No,Low,No Action Needed
9256-JTBNZ,0.2866,Low Risk,11,20.3,246.3,Inactive,82.1,Low Value,No,Low,No Action Needed
4658-HCOHW,0.77,High Risk,21,102.8,2110.15,Champions,1758.46,High Value,Yes,Critical,Personal Relationship Manager
2211-RMNHO,0.0486,Low Risk,68,85.3,5560.0,Champions,5096.67,Premium,No,Low,No Action Needed
2432-TFSMK,0.225,Low Risk,18,89.6,1633.0,Loyal Customers,1088.67,High Value,No,Low,No Action Needed
3440-JPSCL,0.9109,High Risk,6,99.95,547.65,Loyal Customers,410.74,Medium Value,Yes,High,Discount Offer
4929-ROART,0.2464,Low Risk,18,56.25,969.85,At Risk,565.75,Medium Value,No,Low,No Action Needed
1834-ABKHQ,0.0864,Low Risk,52,50.95,2610.65,At Risk,1522.88,High Value,No,Low,No Action Needed
1741-WTPON,0.0674,Low Risk,56,115.85,6567.9,Champions,6567.9,Premium,No,Low,No Action Needed
3932-IJWDZ,0.5298,Medium Risk,45,103.65,4747.85,Champions,4352.2,Premium,No,High,Loyalty Reward
1240-HCBOH,0.0176,Low Risk,67,26.1,1759.55,At Risk,1026.4,High Value,No,Low,No Action Needed
3594-KADLU,0.573,Medium Risk,3,35.1,101.1,Inactive,33.7,Low Value,No,Medium,SMS Reminder
8065-BVEPF,0.4407,Medium Risk,65,99.1,6496.15,Champions,6496.15,Premium,No,High,Loyalty Reward
3796-ENZGF,0.0143,Low Risk,63,67.25,4234.15,Champions,3528.46,Premium,No,Low,No Action Needed
1734-ZMNTZ,0.072,Low Risk,11,25.0,300.7,Inactive,125.29,Low Value,No,Low,No Action Needed
2853-CWQFQ,0.6187,Medium Risk,1,59.55,59.55,At Risk,29.78,Low Value,No,Medium,SMS Reminder
0813-TAXXS,0.0796,Low Risk,55,77.8,4323.35,Champions,3602.79,Premium,No,Low,No Action Needed
2519-TWKFS,0.1402,Low Risk,25,55.1,1466.1,At Risk,855.22,High Value,No,Low,No Action Needed
2889-FPWRM,0.3676,Low Risk,72,117.8,8684.8,Champions,8684.8,Premium,Yes,Low,No Action Needed
0626-QXNGV,0.0106,Low Risk,72,24.15,1776.45,At Risk,1036.26,High Value,No,Low,No Action Needed
6723-CEGQI,0.0268,Low Risk,65,45.25,2933.95,Loyal Customers,2200.46,High Value,No,Low,No Action Needed
6987-XQSJT,0.7467,High Risk,54,79.5,4370.25,Loyal Customers,3277.69,Premium,Yes,Critical,Personal Relationship Manager
4732-RRJZC,0.2376,Low Risk,7,20.25,144.35,Inactive,36.09,Low Value,No,Low,No Action Needed
9499-XPZXM,0.0149,Low Risk,72,64.75,4804.75,Champions,4003.96,Premium,No,Low,No Action Needed
4338-EYCER,0.3884,Low Risk,21,54.6,1125.2,At Risk,562.6,Medium Value,No,Low,No Action Needed
3007-FDPEA,0.277,Low Risk,2,20.7,39.85,Inactive,9.96,Low Value,No,Low,No Action Needed
6350-XFYGW,0.9033,High Risk,4,94.75,422.4,Loyal Customers,281.6,Medium Value,No,High,Discount Offer
4290-BSXUX,0.8463,High Risk,3,79.65,251.75,At Risk,146.85,Low Value,Yes,High,Email Campaign
8513-OLYGY,0.0452,Low Risk,72,115.8,8332.15,Champions,8332.15,Premium,No,Low,No Action Needed
0311-QYWSS,0.5728,Medium Risk,6,49.45,314.6,Inactive,131.08,Low Value,No,Medium,SMS Reminder
8705-DWKTI,0.5153,Medium Risk,52,83.8,4331.4,Loyal Customers,3248.55,Premium,No,High,Loyalty Reward
8755-IWJHN,0.5835,Medium Risk,69,95.35,6382.0,Champions,6382.0,Premium,No,High,Loyalty Reward
0325-XBFAC,0.8829,High Risk,8,94.7,740.3,Loyal Customers,493.53,Medium Value,Yes,High,Discount Offer
4480-QQRHC,0.7515,High Risk,8,74.05,600.15,At Risk,300.08,Medium Value,No,High,Discount Offer
0929-PECLO,0.4358,Medium Risk,63,89.6,5538.8,Champions,4615.67,Premium,No,High,Loyalty Reward
3680-CTHUH,0.323,Low Risk,60,116.6,7049.5,Champions,7049.5,Premium,No,Low,No Action Needed
1202-KKGFU,0.3401,Low Risk,12,54.2,690.5,At Risk,402.79,Medium Value,No,Low,No Action Needed
6112-KTHFQ,0.1702,Low Risk,13,19.3,279.3,Inactive,93.1,Low Value,No,Low,No Action Needed
1852-XEMDW,0.1905,Low Risk,22,65.05,1427.55,Loyal Customers,951.7,High Value,No,Low,No Action Needed
2462-XIIJB,0.9192,High Risk,5,92.5,452.7,Loyal Customers,301.8,Medium Value,Yes,High,Discount Offer
4760-XOHVN,0.6024,Medium Risk,1,19.45,19.45,Inactive,4.86,Low Value,Yes,Medium,SMS Reminder
1820-DJFPH,0.009,Low Risk,72,24.05,1709.15,At Risk,997.0,High Value,No,Low,No Action Needed
9426-SXNHE,0.0836,Low Risk,2,18.75,53.15,Inactive,13.29,Low Value,No,Low,No Action Needed
9068-FHQHD,0.0313,Low Risk,40,20.15,777.35,Inactive,323.9,Medium Value,No,Low,No Action Needed
1269-FOYWN,0.053,Low Risk,44,20.0,860.85,Inactive,358.69,Medium Value,No,Low,No Action Needed
9470-YFUYI,0.0317,Low Risk,71,71.0,5012.1,Champions,4594.42,Premium,No,Low,No Action Needed
7817-BOQPW,0.8881,High Risk,2,75.55,166.3,At Risk,83.15,Low Value,Yes,High,Email Campaign
7402-EYFXX,0.8312,High Risk,26,93.6,2404.1,Loyal Customers,1803.07,High Value,No,Critical,Personal Relationship Manager
1853-UDXBW,0.9232,High Risk,1,70.0,70.0,Inactive,23.33,Low Value,Yes,High,Email Campaign
9895-VFOXH,0.7818,High Risk,1,24.4,24.4,Inactive,6.1,Low Value,No,High,Email Campaign
5458-CQJTA,0.016,Low Risk,65,74.8,4820.15,Champions,4418.47,Premium,Yes,Low,No Action Needed
1230-QAJDW,0.7281,High Risk,3,65.25,209.9,At Risk,104.95,Low Value,No,High,Email Campaign
5701-ZIKJE,0.2906,Low Risk,13,50.55,610.75,At Risk,305.38,Medium Value,No,Low,No Action Needed
5219-YIPTK,0.7979,High Risk,33,104.4,3409.6,Champions,3125.47,Premium,Yes,Critical,Personal Relationship Manager
5032-MIYKT,0.9039,High Risk,1,70.7,70.7,Inactive,29.46,Low Value,No,High,Email Campaign
7396-VJUZB,0.5569,Medium Risk,4,45.25,155.35,Inactive,51.78,Low Value,No,Medium,SMS Reminder
9717-QEBGU,0.834,High Risk,2,70.3,144.0,Inactive,48.0,Low Value,No,High,Email Campaign
5172-RKOCB,0.0535,Low Risk,72,108.95,7875.0,Champions,7875.0,Premium,No,Low,No Action Needed
6509-TSGWN,0.1369,Low Risk,37,26.45,911.6,At Risk,455.8,Medium Value,No,Low,No Action Needed
3540-RZJYU,0.6685,Medium Risk,15,86.2,1270.2,Loyal Customers,846.8,High Value,Yes,High,Loyalty Reward
3178-CIFOT,0.0468,Low Risk,23,19.65,478.1,Inactive,159.37,Low Value,No,Low,No Action Needed
2091-MJTFX,0.3231,Low Risk,30,51.2,1561.5,Loyal Customers,1041.0,High Value,Yes,Low,No Action Needed
4530-NDRKU,0.0593,Low Risk,42,19.05,761.85,Inactive,317.44,Medium Value,No,Low,No Action Needed
5985-TBABQ,0.2299,Low Risk,32,74.75,2282.95,Champions,1902.46,High Value,No,Low,No Action Needed
9800-ONTFE,0.586,Medium Risk,22,75.8,1615.1,At Risk,942.14,High Value,No,High,Loyalty Reward
6743-HHQPF,0.5128,Medium Risk,42,25.1,1097.15,Inactive,457.15,Medium Value,No,Medium,SMS Reminder
8455-HIRAQ,0.3871,Low Risk,8,44.45,369.3,Inactive,123.1,Low Value,No,Low,No Action Needed
6616-AALSR,0.2394,Low Risk,65,104.3,6725.3,Champions,6725.3,Premium,No,Low,No Action Needed
0883-EIBTI,0.3614,Low Risk,2,19.5,31.55,Inactive,7.89,Low Value,Yes,Low,No Action Needed
9415-ZNBSX,0.0386,Low Risk,70,89.0,6293.2,Champions,5768.77,Premium,No,Low,No Action Needed
4018-KJYUY,0.148,Low Risk,22,20.15,432.5,Inactive,144.17,Low Value,No,Low,No Action Needed
0722-TROQR,0.89,High Risk,4,74.9,321.75,At Risk,160.88,Low Value,Yes,High,Email Campaign
7571-YXDAD,0.8408,High Risk,2,74.9,147.15,At Risk,73.58,Low Value,Yes,High,Email Campaign
3884-UEBXB,0.0272,Low Risk,67,36.15,2434.45,Loyal Customers,1622.97,High Value,No,Low,No Action Needed
8780-RSYYU,0.1003,Low Risk,25,19.2,532.1,Inactive,177.37,Medium Value,No,Low,No Action Needed
5537-UXXVS,0.1052,Low Risk,20,19.25,375.25,Inactive,125.08,Low Value,No,Low,No Action Needed
1791-PQHBB,0.5479,Medium Risk,2,61.2,125.95,At Risk,62.98,Low Value,No,Medium,SMS Reminder
8701-DGLVH,0.0198,Low Risk,51,20.45,1042.65,Inactive,434.44,Medium Value,No,Low,No Action Needed
8741-LQOBK,0.2778,Low Risk,46,35.05,1620.25,At Risk,810.12,Medium Value,No,Low,No Action Needed
3393-FMZPV,0.8568,High Risk,25,100.25,2387.75,Champions,1989.79,High Value,Yes,Critical,Personal Relationship Manager
8082-GHXOP,0.3703,Low Risk,13,44.0,659.35,Inactive,274.73,Medium Value,No,Low,No Action Needed
6402-ZFPPI,0.7162,High Risk,25,102.8,2660.2,Champions,2216.83,High Value,Yes,Critical,Personal Relationship Manager
0980-FEXWF,0.0759,Low Risk,26,50.35,1285.8,At Risk,642.9,Medium Value,No,Low,No Action Needed
7486-KSRVI,0.6841,Medium Risk,43,100.0,4211.55,Champions,3860.59,Premium,Yes,High,Loyalty Reward
3011-WQKSZ,0.2521,Low Risk,19,20.0,377.55,Inactive,125.85,Low Value,No,Low,No Action Needed
8443-WVPSS,0.7976,High Risk,10,99.85,990.9,Champions,825.75,High Value,Yes,Critical,Personal Relationship Manager
3006-XIMLN,0.9289,High Risk,2,94.2,193.8,Loyal Customers,129.2,Low Value,Yes,High,Email Campaign
8218-FFJDS,0.0163,Low Risk,72,86.4,6058.95,Champions,5554.04,Premium,No,Low,No Action Needed
1986-PHGZF,0.3754,Low Risk,18,58.4,964.9,At Risk,562.86,Medium Value,No,Low,No Action Needed
9965-YOKZB,0.8843,High Risk,9,83.85,790.15,At Risk,460.92,Medium Value,Yes,High,Discount Offer
0504-HHAPI,0.6635,Medium Risk,27,88.3,2467.75,Loyal Customers,1645.17,High Value,Yes,High,Loyalty Reward
9360-OMDZZ,0.8461,High Risk,24,94.1,2322.85,Loyal Customers,1742.14,High Value,No,Critical,Personal Relationship Manager
6305-YLBMM,0.6444,Medium Risk,69,104.05,7262.0,Champions,7262.0,Premium,Yes,High,Loyalty Reward
0345-XMMUG,0.3305,Low Risk,46,108.9,4854.3,Champions,4449.77,Premium,No,Low,No Action Needed
8024-XNAFQ,0.031,Low Risk,72,107.4,7748.75,Champions,7748.75,Premium,No,Low,No Action Needed
3647-GMGDH,0.6717,Medium Risk,22,94.7,1914.9,Loyal Customers,1436.18,High Value,Yes,High,Loyalty Reward
2988-GBIVW,0.468,Medium Risk,70,90.85,6470.1,Champions,5930.92,Premium,No,High,Loyalty Reward
2832-SCUCO,0.3285,Low Risk,2,19.9,57.4,Inactive,14.35,Low Value,No,Low,No Action Needed
7036-ZZKBD,0.1797,Low Risk,31,66.4,2019.8,Loyal Customers,1346.53,High Value,No,Low,No Action Needed
3791-LGQCY,0.6985,Medium Risk,56,100.65,5688.05,Champions,5688.05,Premium,Yes,High,Loyalty Reward
0265-PSUAE,0.6594,Medium Risk,16,100.7,1522.7,Champions,1268.92,High Value,No,High,Loyalty Reward
0463-TXOAK,0.0429,Low Risk,52,25.6,1334.5,At Risk,667.25,Medium Value,No,Low,No Action Needed
0594-UFTUL,0.2495,Low Risk,13,19.85,252.0,Inactive,84.0,Low Value,No,Low,No Action Needed
9509-MPYOD,0.0422,Low Risk,35,20.75,700.45,Inactive,291.85,Medium Value,No,Low,No Action Needed
9128-CPXKI,0.2432,Low Risk,59,95.8,5655.45,Champions,5184.16,Premium,No,Low,No Action Needed
0129-KPTWJ,0.3011,Low Risk,72,94.65,6747.35,Champions,6185.07,Premium,No,Low,No Action Needed
8166-ZZTFS,0.0952,Low Risk,66,80.55,5265.1,Champions,4826.34,Premium,Yes,Low,No Action Needed
5855-EIBDE,0.2174,Low Risk,49,106.65,5174.35,Champions,4743.15,Premium,No,Low,No Action Needed
5365-LLFYV,0.7042,High Risk,2,45.85,105.6,Inactive,35.2,Low Value,No,High,Email Campaign
5956-YHHRX,0.8845,High Risk,21,104.35,2271.85,Champions,1893.21,High Value,No,Critical,Personal Relationship Manager
6008-NAIXK,0.5724,Medium Risk,54,55.45,2966.95,Loyal Customers,1977.97,High Value,No,High,Loyalty Reward
2956-GGUCQ,0.6107,Medium Risk,24,78.85,1772.25,Loyal Customers,1181.5,High Value,Yes,High,Loyalty Reward
1928-BXYIV,0.5068,Medium Risk,1,61.15,61.15,At Risk,30.58,Low Value,No,Medium,SMS Reminder
5760-FXFVO,0.6961,Medium Risk,6,78.95,494.95,At Risk,288.72,Medium Value,No,Medium,SMS Reminder
6595-COKXZ,0.7782,High Risk,1,44.45,44.45,Inactive,14.82,Low Value,Yes,High,Email Campaign
0961-ZWLVI,0.4429,Medium Risk,49,109.2,5290.45,Champions,4849.58,Premium,No,High,Loyalty Reward
5181-OABFK,0.0521,Low Risk,56,61.3,3346.8,Loyal Customers,2510.1,High Value,No,Low,No Action Needed
4007-NHVHI,0.5184,Medium Risk,56,96.85,5219.65,Champions,5219.65,Premium,No,High,Loyalty Reward
7816-VGHTO,0.075,Low Risk,6,40.55,217.5,At Risk,108.75,Low Value,No,Low,No Action Needed
5871-DGTXZ,0.0502,Low Risk,32,19.8,607.7,Inactive,253.21,Medium Value,No,Low,No Action Needed
7550-WIQVA,0.4075,Medium Risk,50,108.25,5431.4,Champions,4978.78,Premium,No,High,Loyalty Reward
7544-ZVIKX,0.4666,Medium Risk,58,105.05,6004.85,Champions,6004.85,Premium,No,High,Loyalty Reward
0016-QLJIS,0.0224,Low Risk,65,90.45,5957.9,Champions,5957.9,Premium,No,Low,No Action Needed
7508-DQAKK,0.0423,Low Risk,64,86.4,5442.05,Champions,4988.55,Premium,No,Low,No Action Needed
5176-OLSKT,0.0478,Low Risk,66,66.9,4370.25,Champions,3641.88,Premium,No,Low,No Action Needed
9356-AXGMP,0.6207,Medium Risk,38,110.7,4428.6,Champions,4059.55,Premium,No,High,Loyalty Reward
3556-BVQGL,0.0511,Low Risk,20,20.0,416.45,Inactive,138.82,Low Value,No,Low,No Action Needed
0362-ZBZWJ,0.772,High Risk,36,84.9,3067.2,Loyal Customers,2300.4,High Value,Yes,Critical,Personal Relationship Manager
8979-CAMGB,0.2674,Low Risk,64,102.1,6688.1,Champions,6688.1,Premium,No,Low,No Action Needed
4211-MMAZN,0.5606,Medium Risk,1,20.25,20.25,Inactive,5.06,Low Value,Yes,Medium,SMS Reminder
7581-EBBOU,0.0879,Low Risk,60,70.15,4224.7,Champions,3520.58,Premium,No,Low,No Action Needed
4274-OWWYO,0.9273,High Risk,1,74.35,74.35,At Risk,37.17,Low Value,Yes,High,Email Campaign
5073-RZGBK,0.1296,Low Risk,50,80.05,4042.2,Champions,3368.5,Premium,No,Low,No Action Needed
1541-ETJZO,0.7118,High Risk,1,62.05,62.05,At Risk,31.02,Low Value,Yes,High,Email Campaign
2192-CKRLV,0.1533,Low Risk,72,49.2,3580.95,Loyal Customers,2685.71,High Value,No,Low,No Action Needed
3154-HMWUU,0.0325,Low Risk,60,20.5,1198.8,At Risk,599.4,Medium Value,No,Low,No Action Needed
6119-SPUDB,0.0429,Low Risk,46,38.25,1755.35,Loyal Customers,1170.23,High Value,No,Low,No Action Needed
6522-OIQSX,0.032,Low Risk,69,54.95,3772.5,Loyal Customers,2829.38,High Value,No,Low,No Action Needed
7813-ZGGAW,0.6073,Medium Risk,31,96.6,2877.95,Champions,2638.12,High Value,No,High,Loyalty Reward
8748-HFWBO,0.0475,Low Risk,19,19.9,357.7,Inactive,119.23,Low Value,No,Low,No Action Needed
1052-QJIBV,0.0059,Low Risk,71,19.9,1397.3,At Risk,698.65,Medium Value,No,Low,No Action Needed
1319-YLZJG,0.6825,Medium Risk,12,84.6,959.9,Loyal Customers,639.93,Medium Value,No,Medium,SMS Reminder
4106-HADHQ,0.4218,Medium Risk,39,80.0,3182.95,Champions,2652.46,High Value,Yes,High,Loyalty Reward
0723-FDLAY,0.2103,Low Risk,44,85.25,3704.15,Champions,3086.79,Premium,No,Low,No Action Needed
3050-RLLXC,0.0581,Low Risk,56,81.25,4620.4,Champions,4235.37,Premium,No,Low,No Action Needed
9298-WGMRW,0.0344,Low Risk,72,115.5,8312.75,Champions,8312.75,Premium,No,Low,No Action Needed
2369-UAPKZ,0.9091,High Risk,5,104.1,541.9,Loyal Customers,406.42,Medium Value,Yes,High,Discount Offer
3088-LHEFH,0.6524,Medium Risk,11,79.0,929.3,Loyal Customers,619.53,Medium Value,No,Medium,SMS Reminder
2778-OCLGR,0.5099,Medium Risk,24,39.1,971.3,At Risk,485.65,Medium Value,Yes,Medium,SMS Reminder
6583-KQJLK,0.7616,High Risk,15,94.65,1285.05,Loyal Customers,963.79,High Value,No,Critical,Personal Relationship Manager
8544-JNBOX,0.0059,Low Risk,72,20.8,1521.2,At Risk,760.6,Medium Value,No,Low,No Action Needed
6681-ZSEXG,0.0497,Low Risk,56,59.5,3389.25,Loyal Customers,2541.94,High Value,No,Low,No Action Needed
6139-ZZRBQ,0.0279,Low Risk,64,20.05,1198.05,At Risk,599.02,Medium Value,No,Low,No Action Needed
6116-RFVHN,0.7402,High Risk,34,100.45,3414.65,Champions,3130.1,Premium,No,Critical,Personal Relationship Manager
0637-KVDLV,0.8881,High Risk,2,76.5,162.45,At Risk,81.22,Low Value,Yes,High,Email Campaign
8884-FEEWR,0.0444,Low Risk,35,20.6,754.0,Inactive,314.17,Medium Value,No,Low,No Action Needed
3125-RAHBV,0.0489,Low Risk,22,20.3,467.15,Inactive,155.72,Low Value,No,Low,No Action Needed
6633-MPWBS,0.6146,Medium Risk,5,49.2,216.9,Inactive,90.38,Low Value,Yes,Medium,SMS Reminder
0373-AIVNJ,0.1183,Low Risk,9,39.55,373.0,At Risk,186.5,Medium Value,No,Low,No Action Needed
8785-EPNCG,0.4037,Medium Risk,11,23.15,245.2,Inactive,102.17,Low Value,Yes,Medium,SMS Reminder
1682-VCOIO,0.0407,Low Risk,23,20.45,481.1,Inactive,160.37,Low Value,No,Low,No Action Needed
5729-KLZAR,0.8124,High Risk,4,80.85,302.75,At Risk,151.38,Low Value,Yes,High,Email Campaign
2072-ZVJJX,0.021,Low Risk,68,25.25,1728.2,At Risk,1008.12,High Value,No,Low,No Action Needed
8849-AYPTR,0.649,Medium Risk,33,91.25,2964.05,Champions,2470.04,High Value,No,High,Loyalty Reward
9518-IMLHK,0.1142,Low Risk,31,72.45,2156.25,Champions,1796.88,High Value,No,Low,No Action Needed
1582-RAFML,0.7364,High Risk,1,60.1,60.1,At Risk,30.05,Low Value,Yes,High,Email Campaign
3646-ITDGM,0.1017,Low Risk,56,19.7,1051.9,At Risk,525.95,Medium Value,No,Low,No Action Needed
8740-CRYFY,0.9383,High Risk,1,78.95,78.95,At Risk,39.48,Low Value,Yes,High,Email Campaign
3569-VLDHH,0.1266,Low Risk,66,75.1,5013.0,Champions,4595.25,Premium,No,Low,No Action Needed
8224-KDLKN,0.0094,Low Risk,72,25.0,1738.9,At Risk,1014.36,High Value,No,Low,No Action Needed
7594-LZNWR,0.5909,Medium Risk,34,69.15,2275.1,At Risk,1137.55,High Value,No,High,Loyalty Reward
4001-TSBTV,0.457,Medium Risk,58,91.55,5511.65,Champions,5052.35,Premium,No,High,Loyalty Reward
2962-XPMCQ,0.7733,High Risk,2,45.15,98.5,Inactive,32.83,Low Value,Yes,High,Email Campaign
8727-XDPUD,0.0573,Low Risk,37,35.8,1316.9,At Risk,658.45,Medium Value,No,Low,No Action Needed
1043-UXOVO,0.0739,Low Risk,71,113.15,7993.3,Champions,7993.3,Premium,No,Low,No Action Needed
1064-FBXNK,0.1153,Low Risk,1,19.85,19.85,Inactive,4.96,Low Value,No,Low,No Action Needed
3996-ZNWYK,0.0079,Low Risk,71,19.8,1388.45,At Risk,694.22,Medium Value,No,Low,No Action Needed
2878-DHMIN,0.0633,Low Risk,35,19.9,666.0,Inactive,277.5,Medium Value,No,Low,No Action Needed
7762-ONLJY,0.0759,Low Risk,6,19.7,94.45,Inactive,23.61,Low Value,No,Low,No Action Needed
1678-FYZOW,0.8437,High Risk,3,79.4,244.65,At Risk,122.32,Low Value,Yes,High,Email Campaign
5795-BKOYE,0.0476,Low Risk,69,59.1,4134.7,Loyal Customers,3101.02,Premium,No,Low,No Action Needed
8627-EHGIP,0.4991,Medium Risk,44,53.95,2375.4,Loyal Customers,1583.6,High Value,Yes,High,Loyalty Reward
7402-PWYJJ,0.3134,Low Risk,53,91.15,4862.5,Champions,4052.08,Premium,No,Low,No Action Needed
5480-TBGPH,0.7427,High Risk,24,99.3,2431.35,Champions,2026.12,High Value,Yes,Critical,Personal Relationship Manager
0018-NYROU,0.8204,High Risk,5,68.95,351.5,Inactive,117.17,Low Value,No,High,Email Campaign
7501-VTYLJ,0.5896,Medium Risk,2,51.55,106.2,Inactive,44.25,Low Value,No,Medium,SMS Reminder
7608-RGIRO,0.0205,Low Risk,62,24.4,1413.0,At Risk,824.25,High Value,No,Low,No Action Needed
0480-BIXDE,0.803,High Risk,19,96.8,1743.05,Loyal Customers,1307.29,High Value,No,Critical,Personal Relationship Manager
5895-QSXOD,0.7021,High Risk,9,70.05,657.5,Inactive,219.17,Medium Value,No,High,Discount Offer
9814-AOUDH,0.0595,Low Risk,53,19.5,1050.5,Inactive,437.71,Medium Value,No,Low,No Action Needed
6175-IRFIT,0.7149,High Risk,5,78.75,426.35,At Risk,213.18,Medium Value,No,High,Discount Offer
8760-ZRHKE,0.0585,Low Risk,71,69.2,4982.5,Champions,4152.08,Premium,No,Low,No Action Needed
1622-HSHSF,0.6813,Medium Risk,1,19.55,19.55,Inactive,4.89,Low Value,No,Medium,SMS Reminder
8854-CCVSQ,0.7866,High Risk,18,80.65,1451.9,Loyal Customers,967.93,High Value,Yes,Critical,Personal Relationship Manager
6749-UTDVX,0.2659,Low Risk,72,103.65,7634.8,Champions,7634.8,Premium,No,Low,No Action Needed
5542-DHSXL,0.4059,Medium Risk,4,54.7,235.05,At Risk,117.52,Low Value,No,Medium,SMS Reminder
9102-OXKFY,0.0611,Low Risk,59,54.15,3116.15,Loyal Customers,2337.11,High Value,No,Low,No Action Needed
0511-JTEOY,0.8878,High Risk,1,71.1,71.1,Inactive,29.62,Low Value,Yes,High,Email Campaign
5216-WASFJ,0.7979,High Risk,31,84.85,2633.4,Loyal Customers,1975.05,High Value,No,Critical,Personal Relationship Manager
7808-DVWEP,0.3643,Low Risk,3,20.0,49.65,Inactive,12.41,Low Value,No,Low,No Action Needed
7067-KSAZT,0.5859,Medium Risk,65,106.25,6979.8,Champions,6979.8,Premium,Yes,High,Loyalty Reward
2284-VFLKH,0.358,Low Risk,49,99.25,4920.8,Champions,4510.73,Premium,No,Low,No Action Needed
0366-NQSHS,0.2474,Low Risk,2,19.35,46.35,Inactive,11.59,Low Value,No,Low,No Action Needed
6532-YLWSI,0.1377,Low Risk,53,20.8,1021.8,Inactive,425.75,Medium Value,Yes,Low,No Action Needed
3807-BPOMJ,0.3723,Low Risk,55,94.75,5276.1,Champions,4396.75,Premium,No,Low,No Action Needed
3892-NXAZG,0.0199,Low Risk,72,114.05,8289.2,Champions,8289.2,Premium,No,Low,No Action Needed
4948-WBBKL,0.6221,Medium Risk,36,74.9,2659.45,Loyal Customers,1772.97,High Value,No,High,Loyalty Reward
4182-BGSIQ,0.3415,Low Risk,10,19.8,196.75,Inactive,65.58,Low Value,No,Low,No Action Needed
9300-AGZNL,0.9688,High Risk,1,94.0,94.0,Loyal Customers,62.67,Low Value,Yes,High,Email Campaign
0988-AADSA,0.0153,Low Risk,72,80.85,5824.75,Champions,5339.35,Premium,No,Low,No Action Needed
9972-NKTFD,0.143,Low Risk,28,54.65,1517.5,At Risk,885.21,High Value,No,Low,No Action Needed
3717-LNXKW,0.4046,Medium Risk,38,91.7,3479.05,Champions,2899.21,High Value,No,High,Loyalty Reward
5734-EJKXG,0.2051,Low Risk,61,118.6,7365.7,Champions,7365.7,Premium,No,Low,No Action Needed
2207-RYYRL,0.0306,Low Risk,52,24.55,1331.05,At Risk,665.52,Medium Value,No,Low,No Action Needed
6729-FZWSY,0.0363,Low Risk,67,19.45,1195.95,At Risk,597.98,Medium Value,No,Low,No Action Needed
9695-IDRZR,0.0991,Low Risk,34,116.15,3946.9,Champions,3617.99,Premium,No,Low,No Action Needed
8144-DGHXP,0.0797,Low Risk,54,80.6,4299.95,Champions,3583.29,Premium,No,Low,No Action Needed
7814-LEEVE,0.6553,Medium Risk,1,20.3,20.3,Inactive,5.08,Low Value,No,Medium,SMS Reminder
1112-CUNAO,0.7352,High Risk,15,89.85,1424.95,Loyal Customers,949.97,High Value,Yes,Critical,Personal Relationship Manager
5175-AOBHI,0.6361,Medium Risk,4,46.0,193.6,Inactive,64.53,Low Value,Yes,Medium,SMS Reminder
5174-RNGBH,0.3976,Low Risk,9,66.25,620.55,At Risk,310.27,Medium Value,Yes,Low,No Action Needed
8631-WUXGY,0.6133,Medium Risk,46,99.8,4391.25,Champions,4025.31,Premium,No,High,Loyalty Reward
7270-BDIOA,0.7826,High Risk,22,90.0,1993.8,Loyal Customers,1495.35,High Value,Yes,Critical,Personal Relationship Manager
9565-JSNFM,0.1129,Low Risk,38,70.45,2597.6,At Risk,1515.27,High Value,Yes,Low,No Action Needed
5906-DVAPM,0.0897,Low Risk,55,75.0,4213.9,Champions,3511.58,Premium,No,Low,No Action Needed
6654-QGBZZ,0.6109,Medium Risk,1,19.9,19.9,Inactive,4.97,Low Value,No,Medium,SMS Reminder
8348-JLBUG,0.0846,Low Risk,64,80.3,5017.7,Champions,4181.42,Premium,No,Low,No Action Needed
0607-DAAHE,0.1691,Low Risk,53,19.75,1052.35,Inactive,438.48,Medium Value,Yes,Low,No Action Needed
5641-DMBFJ,0.0832,Low Risk,58,84.3,4916.4,Champions,4506.7,Premium,No,Low,No Action Needed
9200-NLNPD,0.2005,Low Risk,56,54.05,2959.8,Loyal Customers,2219.85,High Value,No,Low,No Action Needed
2664-XJZNO,0.0346,Low Risk,72,104.9,7559.55,Champions,7559.55,Premium,No,Low,No Action Needed
9732-KPKBW,0.6461,Medium Risk,1,53.95,53.95,At Risk,26.98,Low Value,Yes,Medium,SMS Reminder
3339-EAQNV,0.2778,Low Risk,72,97.25,7133.1,Champions,7133.1,Premium,No,Low,No Action Needed
0921-OHLVP,0.6592,Medium Risk,22,83.05,1799.3,Loyal Customers,1199.53,High Value,No,High,Loyalty Reward
3389-YGYAI,0.9173,High Risk,8,105.5,829.55,Loyal Customers,622.16,Medium Value,Yes,High,Discount Offer
9560-ARGQJ,0.7375,High Risk,16,81.0,1312.15,At Risk,765.42,Medium Value,Yes,High,Discount Offer
8350-NYMVI,0.231,Low Risk,39,41.1,1597.05,Loyal Customers,1064.7,High Value,No,Low,No Action Needed
1600-DILPE,0.4078,Medium Risk,12,45.0,524.35,Inactive,218.48,Medium Value,No,Medium,SMS Reminder
0536-ESJEP,0.0503,Low Risk,54,74.55,4191.45,Champions,3492.88,Premium,No,Low,No Action Needed
4654-GGUII,0.1258,Low Risk,18,40.2,711.95,At Risk,415.3,Medium Value,No,Low,No Action Needed
6478-HRRCZ,0.1564,Low Risk,32,70.5,2201.75,Champions,1834.79,High Value,No,Low,No Action Needed
8510-BBWMU,0.0495,Low Risk,41,19.75,806.95,Inactive,336.23,Medium Value,No,Low,No Action Needed
6857-TKDJV,0.0204,Low Risk,67,24.65,1620.45,At Risk,945.26,High Value,No,Low,No Action Needed
2360-RDGRO,0.4959,Medium Risk,65,104.25,6812.95,Champions,6812.95,Premium,No,High,Loyalty Reward
0584-BJQGZ,0.1719,Low Risk,25,78.35,1837.9,Loyal Customers,1378.43,High Value,No,Low,No Action Needed
5134-IKDAY,0.9299,High Risk,1,69.8,69.8,Inactive,23.27,Low Value,Yes,High,Email Campaign
1360-XFJMR,0.3741,Low Risk,67,109.7,7344.45,Champions,7344.45,Premium,No,Low,No Action Needed
3070-DVEYC,0.8147,High Risk,7,73.75,545.15,At Risk,272.58,Medium Value,Yes,High,Discount Offer
5730-RIITO,0.5041,Medium Risk,43,33.45,1500.25,At Risk,750.12,Medium Value,No,Medium,SMS Reminder
9058-MJLZC,0.7133,High Risk,24,94.6,2283.15,Loyal Customers,1712.36,High Value,No,Critical,Personal Relationship Manager
5707-ORNDZ,0.5373,Medium Risk,9,54.55,494.05,At Risk,247.02,Medium Value,Yes,Medium,SMS Reminder
0902-XKXPN,0.0148,Low Risk,69,20.2,1376.5,At Risk,688.25,Medium Value,No,Low,No Action Needed
5177-RVZNU,0.0537,Low Risk,37,20.3,755.4,Inactive,314.75,Medium Value,No,Low,No Action Needed
0056-EPFBG,0.0435,Low Risk,20,39.4,825.4,At Risk,481.48,Medium Value,No,Low,No Action Needed
8993-IZEUX,0.6888,Medium Risk,7,69.15,488.65,Inactive,162.88,Medium Value,No,Medium,SMS Reminder
8696-JKZNU,0.7607,High Risk,37,76.25,2841.55,Loyal Customers,1894.37,High Value,Yes,Critical,Personal Relationship Manager
5380-AFSSK,0.9429,High Risk,5,93.9,486.85,Loyal Customers,324.57,Medium Value,Yes,High,Discount Offer
8190-ZTQFB,0.46,Medium Risk,41,51.35,2075.1,Loyal Customers,1383.4,High Value,No,High,Loyalty Reward
0931-MHTEM,0.3762,Low Risk,54,100.05,5299.65,Champions,4858.01,Premium,No,Low,No Action Needed
2055-PDADH,0.8341,High Risk,3,70.4,204.7,Inactive,85.29,Low Value,Yes,High,Email Campaign
7515-LODFU,0.0143,Low Risk,69,20.3,1356.3,At Risk,678.15,Medium Value,No,Low,No Action Needed
0440-UEDAI,0.2493,Low Risk,53,94.45,5042.75,Champions,4622.52,Premium,No,Low,No Action Needed
1337-BOZWO,0.1471,Low Risk,18,46.4,812.4,At Risk,473.9,Medium Value,No,Low,No Action Needed
0868-VJRDR,0.1247,Low Risk,64,104.05,6605.55,Champions,6605.55,Premium,No,Low,No Action Needed
8714-EUHJO,0.7143,High Risk,31,91.15,2995.45,Champions,2496.21,High Value,Yes,Critical,Personal Relationship Manager
6344-SFJVH,0.377,Low Risk,20,24.9,505.95,Inactive,168.65,Medium Value,No,Low,No Action Needed
3950-VPYJB,0.0467,Low Risk,57,59.6,3509.4,Loyal Customers,2632.05,High Value,No,Low,No Action Needed
8041-TMEID,0.189,Low Risk,63,108.5,6991.9,Champions,6991.9,Premium,No,Low,No Action Needed
7321-ZNSLA,0.0354,Low Risk,13,40.55,590.35,At Risk,344.37,Medium Value,No,Low,No Action Needed
6941-KXRRV,0.2257,Low Risk,48,58.95,2789.7,Loyal Customers,1859.8,High Value,No,Low,No Action Needed
3721-CNEYS,0.8359,High Risk,2,70.95,137.95,Inactive,57.48,Low Value,Yes,High,Email Campaign
8727-JQFHV,0.0418,Low Risk,57,20.75,1123.15,At Risk,561.58,Medium Value,No,Low,No Action Needed
9475-NNDGC,0.4751,Medium Risk,71,113.15,7953.25,Champions,7953.25,Premium,No,High,Loyalty Reward
1355-KUSBG,0.658,Medium Risk,7,48.8,349.8,Inactive,145.75,Low Value,No,Medium,SMS Reminder
3688-FTHLT,0.565,Medium Risk,16,63.05,1067.05,At Risk,622.45,Medium Value,No,Medium,SMS Reminder
0899-LIIBW,0.6115,Medium Risk,34,100.85,3527.3,Champions,3233.36,Premium,No,High,Loyalty Reward
2568-OIADY,0.8193,High Risk,37,99.5,3762.0,Champions,3448.5,Premium,Yes,Critical,Personal Relationship Manager
1384-RCUXW,0.6761,Medium Risk,16,80.55,1248.9,Loyal Customers,832.6,High Value,No,High,Loyalty Reward
5825-XJOCM,0.0741,Low Risk,48,64.4,3035.35,Loyal Customers,2276.51,High Value,No,Low,No Action Needed
6848-YLDFR,0.1434,Low Risk,58,75.2,4300.8,Champions,3942.4,Premium,No,Low,No Action Needed
8125-QPFJD,0.0202,Low Risk,72,84.9,6065.3,Champions,5559.86,Premium,No,Low,No Action Needed
2320-YKQBO,0.2659,Low Risk,7,19.3,144.95,Inactive,36.24,Low Value,No,Low,No Action Needed
1193-RTSLK,0.588,Medium Risk,38,83.9,3233.6,Loyal Customers,2425.2,High Value,Yes,High,Loyalty Reward
2302-ANTDP,0.7305,High Risk,48,117.45,5438.9,Champions,4985.66,Premium,Yes,Critical,Personal Relationship Manager
5923-GXUOC,0.8481,High Risk,10,104.4,1081.45,Champions,901.21,High Value,Yes,Critical,Personal Relationship Manager
4973-RLZVI,0.1737,Low Risk,30,74.65,2308.6,Champions,1923.83,High Value,No,Low,No Action Needed
7869-ZYDST,0.3158,Low Risk,31,59.05,1882.8,Loyal Customers,1255.2,High Value,No,Low,No Action Needed
4501-UYKBC,0.2994,Low Risk,46,69.1,3255.35,Loyal Customers,2441.51,High Value,No,Low,No Action Needed
1215-EXRMO,0.0303,Low Risk,50,20.55,1067.65,Inactive,444.85,Medium Value,No,Low,No Action Needed
2305-MRGLV,0.2808,Low Risk,28,76.55,2065.4,At Risk,1204.82,High Value,No,Low,No Action Needed
8404-VIOMB,0.0229,Low Risk,66,62.5,4136.4,Champions,3447.0,Premium,No,Low,No Action Needed
5233-GEEAX,0.796,High Risk,8,29.4,221.9,Inactive,55.48,Low Value,Yes,High,Email Campaign
2359-KLTEK,0.4046,Medium Risk,41,94.9,3848.0,Champions,3206.67,Premium,No,High,Loyalty Reward
5304-EFJLP,0.0775,Low Risk,72,111.65,8022.85,Champions,8022.85,Premium,No,Low,No Action Needed
2673-ZALNP,0.0728,Low Risk,7,19.9,173.15,Inactive,43.29,Low Value,No,Low,No Action Needed
9184-GALIL,0.1049,Low Risk,38,20.45,781.25,Inactive,325.52,Medium Value,No,Low,No Action Needed
4393-RYCRE,0.4973,Medium Risk,44,106.05,4510.8,Champions,4134.9,Premium,No,High,Loyalty Reward
9746-MDMBK,0.4248,Medium Risk,47,113.45,5317.8,Champions,4874.65,Premium,No,High,Loyalty Reward
3162-ZJZFU,0.3876,Low Risk,53,92.55,4779.45,Champions,3982.88,Premium,No,Low,No Action Needed
8404-GFGCZ,0.7708,High Risk,4,65.6,250.1,At Risk,125.05,Low Value,No,High,Email Campaign
8875-AKBYH,0.8095,High Risk,20,84.35,1745.2,Loyal Customers,1163.47,High Value,No,Critical,Personal Relationship Manager
4432-ADRLB,0.6817,Medium Risk,2,44.65,74.9,Inactive,24.97,Low Value,Yes,Medium,SMS Reminder
0533-UCAAU,0.1557,Low Risk,57,71.1,4140.1,Champions,3795.09,Premium,No,Low,No Action Needed
1394-SUIUH,0.4107,Medium Risk,44,85.15,3670.5,Loyal Customers,2752.88,High Value,No,High,Loyalty Reward
3521-MNKLV,0.4025,Medium Risk,24,49.7,1167.8,At Risk,583.9,Medium Value,No,Medium,SMS Reminder
2533-TIBIX,0.3577,Low Risk,15,30.2,469.65,Inactive,156.55,Low Value,No,Low,No Action Needed
8993-PHFWD,0.7891,High Risk,3,25.25,58.9,Inactive,14.72,Low Value,Yes,High,Email Campaign
1565-RHDJD,0.8773,High Risk,4,84.05,333.55,At Risk,194.57,Medium Value,Yes,High,Discount Offer
7137-RYLPP,0.7833,High Risk,37,85.7,3171.15,Loyal Customers,2378.36,High Value,Yes,Critical,Personal Relationship Manager
3765-JXVKY,0.9282,High Risk,1,74.7,74.7,At Risk,37.35,Low Value,Yes,High,Email Campaign
5092-STPKP,0.2621,Low Risk,24,56.35,1381.2,At Risk,805.7,Medium Value,No,Low,No Action Needed
7330-WZLNC,0.9177,High Risk,5,90.8,455.5,Loyal Customers,303.67,Medium Value,Yes,High,Discount Offer
0114-PEGZZ,0.4355,Medium Risk,33,107.55,3645.5,Champions,3341.71,Premium,No,High,Loyalty Reward
3359-DSRKA,0.0561,Low Risk,58,19.85,1158.85,At Risk,579.42,Medium Value,No,Low,No Action Needed
8639-NHQEI,0.0336,Low Risk,72,95.9,6954.15,Champions,6954.15,Premium,No,Low,No Action Needed
7161-DFHUF,0.0081,Low Risk,71,23.85,1672.1,At Risk,975.39,High Value,No,Low,No Action Needed
3957-LXOLK,0.796,High Risk,28,106.15,3152.5,Champions,2627.08,High Value,Yes,Critical,Personal Relationship Manager
3720-DBRWL,0.0344,Low Risk,51,83.85,4307.1,Champions,3589.25,Premium,No,Low,No Action Needed
6635-MYYYZ,0.2233,Low Risk,30,85.35,2530.4,Champions,2108.67,High Value,Yes,Low,No Action Needed
8565-WUXZU,0.0245,Low Risk,72,84.8,6141.65,Champions,5118.04,Premium,No,Low,No Action Needed
5281-BUZGT,0.6381,Medium Risk,36,90.85,3186.7,Champions,2655.58,High Value,Yes,High,Loyalty Reward
4994-OBRSZ,0.0344,Low Risk,14,76.1,1054.8,Loyal Customers,791.1,Medium Value,No,Low,No Action Needed
0562-FGDCR,0.0133,Low Risk,72,74.55,5430.65,Champions,4978.1,Premium,No,Low,No Action Needed
2436-QBZFP,0.4587,Medium Risk,22,39.2,849.9,At Risk,424.95,Medium Value,No,Medium,SMS Reminder
3420-YJLQT,0.8452,High Risk,2,79.55,151.75,At Risk,88.52,Low Value,No,High,Email Campaign
6040-CGACY,0.2427,Low Risk,15,19.6,299.4,Inactive,99.8,Low Value,No,Low,No Action Needed
6582-PLFUU,0.0294,Low Risk,51,19.55,1086.75,Inactive,452.81,Medium Value,No,Low,No Action Needed
8242-PDSGJ,0.034,Low Risk,70,39.15,2692.75,Loyal Customers,2019.56,High Value,No,Low,No Action Needed
0264-CNITK,0.0085,Low Risk,71,20.1,1389.6,At Risk,694.8,Medium Value,No,Low,No Action Needed
0089-IIQKO,0.5663,Medium Risk,39,99.95,3767.4,Champions,3453.45,Premium,No,High,Loyalty Reward
7839-NUIAA,0.1684,Low Risk,61,59.8,3641.5,Loyal Customers,2731.12,High Value,No,Low,No Action Needed
6075-QMNRR,0.2601,Low Risk,52,49.75,2535.55,At Risk,1479.07,High Value,No,Low,No Action Needed
5378-IKEEG,0.8908,High Risk,1,35.75,35.75,Inactive,11.92,Low Value,Yes,High,Email Campaign
5966-EMAZU,0.3801,Low Risk,64,108.5,6880.85,Champions,6880.85,Premium,No,Low,No Action Needed
0440-EKDCF,0.0274,Low Risk,62,60.15,3753.2,Loyal Customers,2814.9,High Value,No,Low,No Action Needed
4774-HHGGS,0.0125,Low Risk,30,19.05,637.55,Inactive,265.65,Medium Value,No,Low,No Action Needed
2718-GAXQD,0.7138,High Risk,4,46.0,181.6,Inactive,60.53,Low Value,Yes,High,Email Campaign
2055-BFOCC,0.1068,Low Risk,63,84.0,5329.55,Champions,4885.42,Premium,No,Low,No Action Needed
8180-AKMJV,0.7634,High Risk,1,44.55,44.55,Inactive,14.85,Low Value,No,High,Email Campaign
4298-OYIFC,0.8232,High Risk,15,103.45,1539.8,Champions,1283.17,High Value,No,Critical,Personal Relationship Manager
5566-SOEZD,0.0904,Low Risk,27,80.65,2209.75,Loyal Customers,1473.17,High Value,No,Low,No Action Needed
9842-EFSYY,0.5642,Medium Risk,4,57.2,223.75,At Risk,130.52,Low Value,No,Medium,SMS Reminder
2272-WUSPA,0.0425,Low Risk,72,110.75,7751.7,Champions,7751.7,Premium,No,Low,No Action Needed
4584-LBNMK,0.1369,Low Risk,45,24.7,1174.35,At Risk,587.17,Medium Value,No,Low,No Action Needed
3898-GUYTS,0.6137,Medium Risk,45,97.05,4385.05,Champions,4019.63,Premium,No,High,Loyalty Reward
0930-EHUZA,0.1232,Low Risk,36,76.35,2606.35,Champions,2171.96,High Value,No,Low,No Action Needed
6413-XKKPU,0.7438,High Risk,17,89.4,1539.45,Loyal Customers,1026.3,High Value,Yes,Critical,Personal Relationship Manager
9975-SKRNR,0.1314,Low Risk,1,18.9,18.9,Inactive,4.72,Low Value,No,Low,No Action Needed
3703-KBKZP,0.73,High Risk,16,74.45,1261.35,At Risk,735.79,Medium Value,No,High,Discount Offer
1449-XQEMT,0.4017,Medium Risk,3,19.8,58.15,Inactive,14.54,Low Value,Yes,Medium,SMS Reminder
2626-URJFX,0.7574,High Risk,4,50.9,225.6,Inactive,94.0,Low Value,Yes,High,Email Campaign
4973-MGTON,0.0208,Low Risk,71,84.4,5969.3,Champions,5471.86,Premium,No,Low,No Action Needed
3682-YEUWS,0.3414,Low Risk,10,24.4,253.9,Inactive,105.79,Low Value,No,Low,No Action Needed
1223-UNPKS,0.0297,Low Risk,20,20.05,400.0,Inactive,133.33,Low Value,No,Low,No Action Needed
2612-RRIDN,0.873,High Risk,4,81.0,340.85,At Risk,170.42,Medium Value,Yes,High,Discount Offer
4735-ASGMA,0.8448,High Risk,26,98.35,2515.3,Champions,2096.08,High Value,Yes,Critical,Personal Relationship Manager
3446-QDSZF,0.5862,Medium Risk,4,55.5,227.35,Inactive,94.73,Low Value,No,Medium,SMS Reminder
3669-LVWZB,0.7379,High Risk,5,51.0,305.95,At Risk,152.98,Low Value,Yes,High,Email Campaign
6892-EZDTG,0.9214,High Risk,4,91.65,365.4,Loyal Customers,243.6,Medium Value,Yes,High,Discount Offer
5117-IFGPS,0.8098,High Risk,29,84.3,2357.75,Loyal Customers,1571.83,High Value,No,Critical,Personal Relationship Manager
7379-FNIUJ,0.7401,High Risk,2,100.2,198.5,Loyal Customers,148.88,Low Value,No,High,Email Campaign
1627-AFWVJ,0.0381,Low Risk,29,19.4,554.25,Inactive,184.75,Medium Value,No,Low,No Action Needed
9725-SCPZG,0.9344,High Risk,1,90.85,90.85,Loyal Customers,60.57,Low Value,Yes,High,Email Campaign
5884-GCYMI,0.8948,High Risk,1,69.4,69.4,Inactive,23.13,Low Value,Yes,High,Email Campaign
3217-FZDMN,0.8994,High Risk,8,94.45,742.95,Loyal Customers,495.3,Medium Value,Yes,High,Discount Offer
4486-EFAEB,0.2294,Low Risk,13,20.4,251.65,Inactive,83.88,Low Value,No,Low,No Action Needed
0060-FUALY,0.5438,Medium Risk,59,94.75,5597.65,Champions,5597.65,Premium,No,High,Loyalty Reward
7853-GVUDZ,0.6819,Medium Risk,1,20.15,20.15,Inactive,5.04,Low Value,Yes,Medium,SMS Reminder
7480-QNVZJ,0.8126,High Risk,50,95.7,4816.7,Champions,4013.92,Premium,Yes,Critical,Personal Relationship Manager
6954-OOYZZ,0.3747,Low Risk,18,44.35,768.05,Inactive,320.02,Medium Value,No,Low,No Action Needed
7088-FBAWU,0.2537,Low Risk,17,74.55,1215.8,Loyal Customers,911.85,High Value,No,Low,No Action Needed
8313-AFGBW,0.083,Low Risk,47,73.6,3522.65,Champions,2935.54,High Value,No,Low,No Action Needed
3943-KDREE,0.5418,Medium Risk,26,74.95,1834.95,At Risk,1070.39,High Value,Yes,High,Loyalty Reward
9239-ZBZZV,0.8296,High Risk,6,47.95,305.1,At Risk,152.55,Low Value,Yes,High,Email Campaign
3097-IDVPU,0.3497,Low Risk,19,50.1,910.45,At Risk,455.22,Medium Value,No,Low,No Action Needed
4398-HSCJH,0.7931,High Risk,3,63.6,155.65,At Risk,77.82,Low Value,Yes,High,Email Campaign
2197-OMWGI,0.1259,Low Risk,68,53.0,3656.25,Loyal Customers,2742.19,High Value,No,Low,No Action Needed
2303-PJYHN,0.4466,Medium Risk,2,19.85,52.0,Inactive,13.0,Low Value,No,Medium,SMS Reminder
9795-VOWON,0.2644,Low Risk,7,24.35,150.85,Inactive,37.71,Low Value,No,Low,No Action Needed
1237-WIYYZ,0.1842,Low Risk,18,19.55,389.25,Inactive,129.75,Low Value,No,Low,No Action Needed
1987-AUELQ,0.0111,Low Risk,71,25.05,1873.7,At Risk,1092.99,High Value,No,Low,No Action Needed
7852-LECYP,0.705,High Risk,13,93.8,1261.0,Champions,1050.83,High Value,No,Critical,Personal Relationship Manager
4430-UZIPO,0.6398,Medium Risk,3,36.85,108.7,Inactive,45.29,Low Value,Yes,Medium,SMS Reminder
4822-LPTYJ,0.2538,Low Risk,72,103.75,7346.2,Champions,7346.2,Premium,No,Low,No Action Needed
8165-CBKXO,0.0306,Low Risk,66,56.75,3708.4,Loyal Customers,2781.3,High Value,No,Low,No Action Needed
6527-PZFPV,0.0537,Low Risk,24,20.8,469.65,Inactive,156.55,Low Value,No,Low,No Action Needed
4855-SNKMY,0.8349,High Risk,1,44.1,44.1,Inactive,14.7,Low Value,Yes,High,Email Campaign
9593-CVZKR,0.0295,Low Risk,56,24.45,1385.85,At Risk,808.41,Medium Value,No,Low,No Action Needed
8595-SIZNC,0.179,Low Risk,22,25.6,548.8,Inactive,228.67,Medium Value,No,Low,No Action Needed
8008-HAWED,0.7413,High Risk,14,50.75,712.75,At Risk,415.77,Medium Value,Yes,High,Discount Offer
7124-UGSUR,0.4353,Medium Risk,61,104.4,6405.0,Champions,6405.0,Premium,Yes,High,Loyalty Reward
1862-SKORY,0.6449,Medium Risk,40,39.3,1637.4,At Risk,955.15,High Value,Yes,High,Loyalty Reward
5236-XMZJY,0.2545,Low Risk,42,59.65,2536.55,Loyal Customers,1691.03,High Value,No,Low,No Action Needed
4827-DPADN,0.0216,Low Risk,72,83.3,6042.7,Champions,5539.14,Premium,No,Low,No Action Needed
2694-CIUMO,0.7582,High Risk,12,79.55,958.25,Loyal Customers,638.83,Medium Value,No,High,Discount Offer
5846-ABOBJ,0.0108,Low Risk,71,24.45,1730.65,At Risk,1009.55,High Value,No,Low,No Action Needed
1439-LCGVL,0.0203,Low Risk,26,19.2,459.6,Inactive,153.2,Low Value,No,Low,No Action Needed
0909-SDHNU,0.4238,Medium Risk,7,29.8,201.95,Inactive,50.49,Low Value,No,Medium,SMS Reminder
4647-XXZAM,0.4532,Medium Risk,6,45.5,285.2,Inactive,95.07,Low Value,No,Medium,SMS Reminder
1502-XFCVR,0.6587,Medium Risk,58,106.45,6145.85,Champions,6145.85,Premium,Yes,High,Loyalty Reward
7740-KKCXF,0.3546,Low Risk,51,30.05,1529.45,Inactive,637.27,Medium Value,No,Low,No Action Needed
5360-XGYAZ,0.0082,Low Risk,72,65.65,4664.5,Champions,3887.08,Premium,No,Low,No Action Needed
9692-TUSXH,0.7699,High Risk,18,96.05,1740.7,Loyal Customers,1305.53,High Value,Yes,Critical,Personal Relationship Manager
7912-SYRQT,0.8105,High Risk,7,75.1,552.95,At Risk,276.48,Medium Value,Yes,High,Discount Offer
3557-HTYWR,0.0352,Low Risk,47,74.05,3496.3,Champions,2913.58,High Value,No,Low,No Action Needed
4816-JBHOV,0.7953,High Risk,2,44.7,93.7,Inactive,31.23,Low Value,Yes,High,Email Campaign
8920-NAVAY,0.4323,Medium Risk,62,110.75,7053.35,Champions,7053.35,Premium,No,High,Loyalty Reward
1699-TLDLZ,0.0368,Low Risk,16,19.7,301.55,Inactive,100.52,Low Value,No,Low,No Action Needed
5600-PDUJF,0.4367,Medium Risk,6,49.5,312.7,Inactive,130.29,Low Value,No,Medium,SMS Reminder
8292-TYSPY,0.389,Low Risk,19,55.0,1046.5,At Risk,610.46,Medium Value,Yes,Low,No Action Needed
0567-XRHCU,0.0278,Low Risk,69,43.95,2960.1,Loyal Customers,2220.07,High Value,No,Low,No Action Needed
1867-BDVFH,0.831,High Risk,11,74.35,834.2,At Risk,486.62,Medium Value,Yes,High,Discount Offer
2067-QYTCF,0.6142,Medium Risk,64,111.15,6953.4,Champions,6953.4,Premium,No,High,Loyalty Reward
2359-QWQUL,0.5578,Medium Risk,39,104.7,4134.85,Champions,3790.28,Premium,Yes,High,Loyalty Reward
9103-TCIHJ,0.3678,Low Risk,15,55.7,899.8,At Risk,524.88,Medium Value,Yes,Low,No Action Needed
7407-SUJIZ,0.1142,Low Risk,25,20.6,541.5,Inactive,180.5,Medium Value,No,Low,No Action Needed
9150-KPBJQ,0.032,Low Risk,6,19.65,116.85,Inactive,29.21,Low Value,No,Low,No Action Needed
0052-DCKON,0.6029,Medium Risk,66,115.8,7942.15,Champions,7942.15,Premium,No,High,Loyalty Reward
3654-ARMGP,0.044,Low Risk,61,88.65,5321.25,Champions,4877.81,Premium,No,Low,No Action Needed
9699-UBQFS,0.6078,Medium Risk,43,94.5,4156.8,Champions,3810.4,Premium,No,High,Loyalty Reward
9367-TCUYN,0.2276,Low Risk,12,20.1,223.6,Inactive,74.53,Low Value,No,Low,No Action Needed
1261-FWTTE,0.6432,Medium Risk,23,34.65,768.45,Inactive,256.15,Medium Value,No,Medium,SMS Reminder
3528-HFRIQ,0.3791,Low Risk,71,52.3,3765.05,Loyal Customers,2823.79,High Value,No,Low,No Action Needed
0708-SJDIS,0.2225,Low Risk,34,65.0,2157.5,Loyal Customers,1438.33,High Value,No,Low,No Action Needed
4140-WJAWW,0.3761,Low Risk,5,19.85,108.05,Inactive,27.01,Low Value,Yes,Low,No Action Needed
2073-QBVBI,0.1532,Low Risk,41,35.45,1391.65,At Risk,695.82,Medium Value,No,Low,No Action Needed
6928-ONTRW,0.0056,Low Risk,72,19.7,1379.8,At Risk,689.9,Medium Value,No,Low,No Action Needed
3320-VEOYC,0.8384,High Risk,14,95.6,1273.3,Loyal Customers,954.97,High Value,No,Critical,Personal Relationship Manager
5231-FIQPA,0.0314,Low Risk,41,19.85,810.45,Inactive,337.69,Medium Value,No,Low,No Action Needed
6617-WLBQC,0.1083,Low Risk,23,81.85,1810.85,Loyal Customers,1207.23,High Value,No,Low,No Action Needed
2599-CIPQE,0.046,Low Risk,71,109.3,7782.85,Champions,7782.85,Premium,No,Low,No Action Needed
6653-CBBOM,0.9313,High Risk,1,70.3,70.3,Inactive,23.43,Low Value,Yes,High,Email Campaign
8774-GSBUN,0.0076,Low Risk,72,25.4,1797.1,At Risk,1048.31,High Value,No,Low,No Action Needed
7326-RIGQZ,0.7458,High Risk,6,69.8,377.85,Inactive,125.95,Low Value,No,High,Email Campaign
1401-FTHFQ,0.0529,Low Risk,23,20.0,445.3,Inactive,148.43,Low Value,No,Low,No Action Needed
3247-ZVOUO,0.8513,High Risk,10,85.55,851.75,Loyal Customers,567.83,Medium Value,Yes,High,Discount Offer
0254-FNMCI,0.0863,Low Risk,72,109.9,7624.2,Champions,7624.2,Premium,No,Low,No Action Needed
1848-LBZHY,0.4659,Medium Risk,7,50.3,355.1,Inactive,147.96,Low Value,No,Medium,SMS Reminder
6101-IMRMM,0.8533,High Risk,6,94.5,575.45,Loyal Customers,383.63,Medium Value,Yes,High,Discount Offer
8118-TJAFG,0.7684,High Risk,9,101.5,906.85,Loyal Customers,680.14,Medium Value,No,High,Discount Offer
5429-LWCMV,0.8526,High Risk,12,89.15,1057.55,Loyal Customers,705.03,Medium Value,No,High,Discount Offer
7298-IZWLY,0.4653,Medium Risk,1,19.4,19.4,Inactive,4.85,Low Value,No,Medium,SMS Reminder
9758-MFWGD,0.1463,Low Risk,48,29.9,1388.75,Inactive,578.65,Medium Value,No,Low,No Action Needed
3955-JBZZM,0.6611,Medium Risk,20,78.8,1641.3,At Risk,957.42,High Value,No,High,Loyalty Reward
1268-ASBGA,0.8404,High Risk,16,85.35,1375.15,Loyal Customers,916.77,High Value,Yes,Critical,Personal Relationship Manager
8943-URTMR,0.8293,High Risk,2,79.65,152.7,At Risk,76.35,Low Value,Yes,High,Email Campaign
4815-TUMEQ,0.0981,Low Risk,10,19.3,185.2,Inactive,61.73,Low Value,No,Low,No Action Needed
4713-LZDRV,0.866,High Risk,2,79.6,195.05,At Risk,97.52,Low Value,Yes,High,Email Campaign
9909-IDLEK,0.4083,Medium Risk,20,96.8,1826.7,Champions,1522.25,High Value,No,High,Loyalty Reward
4092-OFQZS,0.0425,Low Risk,20,20.65,417.5,Inactive,139.17,Low Value,No,Low,No Action Needed
1561-BWHIN,0.0804,Low Risk,19,19.8,344.5,Inactive,114.83,Low Value,No,Low,No Action Needed
4325-NFSKC,0.7746,High Risk,19,90.6,1660.0,Loyal Customers,1245.0,High Value,Yes,Critical,Personal Relationship Manager
9927-DSWDF,0.7232,High Risk,22,104.6,2180.55,Champions,1817.13,High Value,No,Critical,Personal Relationship Manager
9500-LTVBP,0.5063,Medium Risk,35,80.05,2835.9,Loyal Customers,2126.93,High Value,No,High,Loyalty Reward
7252-NTGSS,0.7469,High Risk,1,45.15,45.15,Inactive,15.05,Low Value,No,High,Email Campaign
8149-AIQCG,0.5939,Medium Risk,39,73.15,2730.85,Loyal Customers,1820.57,High Value,No,High,Loyalty Reward
1360-JYXKQ,0.392,Low Risk,54,99.1,5437.1,Champions,4984.01,Premium,No,Low,No Action Needed
2955-PSXOE,0.6432,Medium Risk,1,20.2,20.2,Inactive,5.05,Low Value,Yes,Medium,SMS Reminder
7762-URZQH,0.5482,Medium Risk,66,106.05,6981.35,Champions,6981.35,Premium,Yes,High,Loyalty Reward
0899-WZRSD,0.3961,Low Risk,56,105.35,5794.45,Champions,5794.45,Premium,No,Low,No Action Needed
3255-GRXMG,0.3462,Low Risk,18,45.65,747.2,Inactive,311.33,Medium Value,No,Low,No Action Needed
4828-FAZPK,0.6596,Medium Risk,16,79.95,1267.95,Loyal Customers,845.3,High Value,No,High,Loyalty Reward
6094-ZIVKX,0.0704,Low Risk,68,54.45,3674.95,Loyal Customers,2756.21,High Value,No,Low,No Action Needed
6925-BAYGL,0.0777,Low Risk,53,25.1,1275.6,At Risk,637.8,Medium Value,No,Low,No Action Needed
3262-EIDHV,0.034,Low Risk,72,84.7,5893.9,Champions,5402.74,Premium,No,Low,No Action Needed
7354-OIJLX,0.8479,High Risk,9,75.85,724.65,At Risk,362.32,Medium Value,No,High,Discount Offer
1376-HHBDV,0.2322,Low Risk,30,48.8,1536.75,At Risk,896.44,High Value,No,Low,No Action Needed
6907-NZZIJ,0.7399,High Risk,36,99.15,3615.6,Champions,3314.3,Premium,Yes,Critical,Personal Relationship Manager
6133-OZILE,0.543,Medium Risk,18,35.2,607.3,Inactive,253.04,Medium Value,No,Medium,SMS Reminder
4135-FRWKJ,0.203,Low Risk,55,76.25,4154.55,Champions,3462.13,Premium,No,Low,No Action Needed
2911-UREFD,0.5734,Medium Risk,39,55.9,2184.35,Loyal Customers,1456.23,High Value,Yes,High,Loyalty Reward
3744-ZRRDZ,0.7768,High Risk,21,82.35,1852.85,Loyal Customers,1235.23,High Value,Yes,Critical,Personal Relationship Manager
5673-TIYIB,0.6859,Medium Risk,2,40.4,77.15,At Risk,38.58,Low Value,Yes,Medium,SMS Reminder
6551-ZCOTS,0.1201,Low Risk,33,24.9,847.8,At Risk,423.9,Medium Value,No,Low,No Action Needed
7191-ADRGF,0.1327,Low Risk,44,54.3,2390.45,Loyal Customers,1593.63,High Value,No,Low,No Action Needed
5018-LXQQG,0.1349,Low Risk,30,66.3,1923.5,Loyal Customers,1282.33,High Value,No,Low,No Action Needed
6892-BOGQE,0.009,Low Risk,71,20.9,1493.2,At Risk,746.6,Medium Value,No,Low,No Action Needed
1602-IJQQE,0.8751,High Risk,4,75.35,338.1,At Risk,169.05,Medium Value,Yes,High,Discount Offer
4628-WQCQQ,0.4398,Medium Risk,35,85.15,3030.6,Loyal Customers,2272.95,High Value,Yes,High,Loyalty Reward
1746-TGTWV,0.8755,High Risk,1,75.35,75.35,At Risk,37.67,Low Value,No,High,Email Campaign
5995-SNNEW,0.867,High Risk,23,104.45,2184.85,Champions,1820.71,High Value,No,Critical,Personal Relationship Manager
8050-WYBND,0.343,Low Risk,22,49.45,1031.4,At Risk,601.65,Medium Value,No,Low,No Action Needed
2821-WARNZ,0.0293,Low Risk,49,19.45,921.3,Inactive,383.88,Medium Value,No,Low,No Action Needed
4879-GZLFH,0.5287,Medium Risk,42,92.15,3875.4,Champions,3229.5,Premium,No,High,Loyalty Reward
1644-IRKSF,0.5655,Medium Risk,33,93.8,3124.5,Champions,2603.75,High Value,Yes,High,Loyalty Reward
8314-HTWVE,0.041,Low Risk,7,19.85,144.15,Inactive,36.04,Low Value,No,Low,No Action Needed
9402-ROUMJ,0.2982,Low Risk,67,100.25,6689.0,Champions,6689.0,Premium,No,Low,No Action Needed
2507-QZPQS,0.5813,Medium Risk,15,95.7,1451.1,Champions,1209.25,High Value,No,High,Loyalty Reward
7159-NOKYQ,0.2349,Low Risk,67,93.15,6368.2,Champions,6368.2,Premium,No,Low,No Action Needed
5707-ZMDJP,0.0275,Low Risk,53,69.7,3729.6,Loyal Customers,2797.2,High Value,No,Low,No Action Needed
8779-YIQQA,0.0804,Low Risk,21,19.8,350.1,Inactive,116.7,Low Value,No,Low,No Action Needed
7136-IHZJA,0.1781,Low Risk,40,71.35,2847.2,Champions,2372.67,High Value,No,Low,No Action Needed
8966-OIQHG,0.0701,Low Risk,22,20.75,452.35,Inactive,150.78,Low Value,No,Low,No Action Needed
7074-STDCN,0.325,Low Risk,39,40.6,1494.5,At Risk,871.79,High Value,No,Low,No Action Needed
3705-PSNGL,0.0496,Low Risk,45,20.4,930.45,Inactive,387.69,Medium Value,Yes,Low,No Action Needed
8739-QOTTN,0.2686,Low Risk,2,20.35,41.85,Inactive,10.46,Low Value,No,Low,No Action Needed
1399-OUPJN,0.0545,Low Risk,57,19.75,1272.05,At Risk,636.02,Medium Value,No,Low,No Action Needed
0277-BKSQP,0.5495,Medium Risk,8,54.4,475.1,Inactive,197.96,Medium Value,No,Medium,SMS Reminder
6502-HCJTI,0.8673,High Risk,7,94.7,673.1,Loyal Customers,504.83,Medium Value,Yes,High,Discount Offer
2606-RMDHZ,0.635,Medium Risk,6,30.5,208.7,Inactive,52.18,Low Value,Yes,Medium,SMS Reminder
5774-XZTQC,0.2152,Low Risk,7,20.45,150.75,Inactive,37.69,Low Value,No,Low,No Action Needed
2676-SSLTO,0.0515,Low Risk,49,66.15,3199.0,Loyal Customers,2132.67,High Value,No,Low,No Action Needed
6266-QHOJZ,0.1794,Low Risk,65,89.85,5844.65,Champions,5357.6,Premium,No,Low,No Action Needed
7269-JISCY,0.1145,Low Risk,55,45.05,2462.6,At Risk,1231.3,High Value,No,Low,No Action Needed
0363-SVHYR,0.0234,Low Risk,71,86.85,6263.8,Champions,5741.82,Premium,No,Low,No Action Needed
8547-NSBBO,0.2858,Low Risk,35,96.75,3403.4,Champions,3119.78,Premium,No,Low,No Action Needed
8258-GSTJK,0.8923,High Risk,3,77.0,237.75,At Risk,118.88,Low Value,Yes,High,Email Campaign
6861-OKBCE,0.2276,Low Risk,11,20.1,221.35,Inactive,73.78,Low Value,Yes,Low,No Action Needed
9940-RHLFB,0.9179,High Risk,1,75.3,75.3,At Risk,37.65,Low Value,Yes,High,Email Campaign
6591-QGOYB,0.6395,Medium Risk,17,106.65,1672.1,Champions,1393.42,High Value,No,High,Loyalty Reward
9070-BCKQP,0.0342,Low Risk,72,110.15,7881.2,Champions,7881.2,Premium,No,Low,No Action Needed
6421-SZVEM,0.2209,Low Risk,28,82.85,2320.8,Loyal Customers,1547.2,High Value,No,Low,No Action Needed
1328-EUZHC,0.0293,Low Risk,18,20.1,370.5,Inactive,123.5,Low Value,No,Low,No Action Needed
2995-UPRYS,0.3297,Low Risk,40,99.2,4062.2,Champions,3723.68,Premium,Yes,Low,No Action Needed
8878-RYUKI,0.4964,Medium Risk,52,59.45,3043.7,Loyal Customers,2029.13,High Value,No,High,Loyalty Reward
9633-DENPU,0.2909,Low Risk,47,58.6,2723.4,Loyal Customers,1815.6,High Value,No,Low,No Action Needed
7811-JIVPF,0.3555,Low Risk,23,49.7,1081.25,At Risk,540.62,Medium Value,No,Low,No Action Needed
7113-HIPFI,0.026,Low Risk,66,65.85,4097.05,Champions,3414.21,Premium,No,Low,No Action Needed
8541-QVFKM,0.8577,High Risk,8,73.5,632.2,At Risk,316.1,Medium Value,No,High,Discount Offer
6686-YPGHK,0.5163,Medium Risk,47,85.5,4042.3,Loyal Customers,3031.73,Premium,Yes,High,Loyalty Reward
1383-EZRWL,0.262,Low Risk,7,20.05,164.85,Inactive,41.21,Low Value,Yes,Low,No Action Needed
9258-CNWAC,0.0471,Low Risk,71,113.65,8166.8,Champions,8166.8,Premium,No,Low,No Action Needed
5371-VYLSX,0.612,Medium Risk,50,83.4,4113.7,Loyal Customers,3085.27,Premium,No,High,Loyalty Reward
6374-AFWOX,0.0419,Low Risk,46,65.65,3047.15,Loyal Customers,2285.36,High Value,No,Low,No Action Needed
4759-TRPLW,0.9109,High Risk,1,70.4,70.4,Inactive,29.33,Low Value,Yes,High,Email Campaign
5317-FLPJF,0.025,Low Risk,66,61.35,4193.4,Champions,3494.5,Premium,No,Low,No Action Needed
7621-VPNET,0.4785,Medium Risk,42,85.9,3729.75,Loyal Customers,2797.31,High Value,No,High,Loyalty Reward
6034-YMTOB,0.6856,Medium Risk,5,75.65,399.45,At Risk,199.72,Medium Value,No,Medium,SMS Reminder
8563-IIOXK,0.1952,Low Risk,7,49.75,331.3,Inactive,138.04,Low Value,Yes,Low,No Action Needed
4903-CNOZC,0.1587,Low Risk,29,70.9,1964.6,Loyal Customers,1473.45,High Value,No,Low,No Action Needed
4353-HYOJD,0.2163,Low Risk,27,49.85,1336.15,At Risk,668.08,Medium Value,No,Low,No Action Needed
8020-BWHYL,0.7282,High Risk,15,75.3,1147.45,At Risk,669.35,Medium Value,Yes,High,Discount Offer
7267-FRMJW,0.0288,Low Risk,25,20.1,486.05,Inactive,162.02,Medium Value,No,Low,No Action Needed
2982-VPSGI,0.9302,High Risk,11,94.0,1078.9,Loyal Customers,809.18,Medium Value,Yes,High,Discount Offer
4188-FRABG,0.5288,Medium Risk,57,103.05,5925.75,Champions,5925.75,Premium,No,High,Loyalty Reward
8199-ZLLSA,0.653,Medium Risk,67,118.35,7804.15,Champions,7804.15,Premium,Yes,High,Loyalty Reward
4128-ETESU,0.715,High Risk,47,99.7,4747.2,Champions,4351.6,Premium,No,Critical,Personal Relationship Manager
0620-DLSLK,0.7402,High Risk,13,81.9,1028.9,At Risk,600.19,Medium Value,No,High,Discount Offer
4625-EWPTF,0.6806,Medium Risk,8,30.45,226.45,Inactive,56.61,Low Value,Yes,Medium,SMS Reminder
5980-NOPLP,0.82,High Risk,44,96.1,4364.1,Champions,3636.75,Premium,Yes,Critical,Personal Relationship Manager
3850-OKINF,0.0683,Low Risk,71,66.2,4692.55,Loyal Customers,3519.41,Premium,No,Low,No Action Needed
6892-XPFPU,0.8746,High Risk,24,104.25,2433.9,Champions,2028.25,High Value,Yes,Critical,Personal Relationship Manager
8010-EZLOU,0.7979,High Risk,15,80.2,1217.25,Loyal Customers,811.5,High Value,Yes,Critical,Personal Relationship Manager
1156-ZFYDO,0.6243,Medium Risk,1,19.75,19.75,Inactive,4.94,Low Value,No,Medium,SMS Reminder
3295-YVUSR,0.8607,High Risk,2,72.6,154.3,At Risk,77.15,Low Value,No,High,Email Campaign
8016-NCFVO,0.6848,Medium Risk,55,116.5,6382.55,Champions,5850.67,Premium,No,High,Loyalty Reward
4119-ZYPZY,0.2417,Low Risk,71,106.8,7623.2,Champions,7623.2,Premium,No,Low,No Action Needed
5549-ZGHFB,0.0275,Low Risk,50,24.95,1261.45,At Risk,630.72,Medium Value,No,Low,No Action Needed
7577-SWIFR,0.9458,High Risk,1,89.25,89.25,At Risk,52.06,Low Value,No,High,Email Campaign
0303-WMMRN,0.2236,Low Risk,5,19.25,86.05,Inactive,21.51,Low Value,No,Low,No Action Needed
6408-OTUBZ,0.2425,Low Risk,66,104.55,6779.05,Champions,6779.05,Premium,No,Low,No Action Needed
5204-HMGYF,0.169,Low Risk,49,87.2,4345.0,Champions,3620.83,Premium,No,Low,No Action Needed
1078-TDCRN,0.847,High Risk,3,30.75,82.85,Inactive,20.71,Low Value,No,High,Email Campaign
3727-OVPRY,0.0362,Low Risk,66,25.7,1714.55,At Risk,1000.15,High Value,No,Low,No Action Needed
3797-FKOGQ,0.777,High Risk,11,86.2,893.2,Loyal Customers,595.47,Medium Value,No,High,Discount Offer
7622-NXQZR,0.2824,Low Risk,28,30.1,810.85,Inactive,270.28,Medium Value,No,Low,No Action Needed
6196-HBOBZ,0.3443,Low Risk,65,99.35,6347.55,Champions,6347.55,Premium,No,Low,No Action Needed
3970-XGJDU,0.0137,Low Risk,62,19.2,1123.65,At Risk,561.83,Medium Value,No,Low,No Action Needed
7017-VFULY,0.3403,Low Risk,2,20.1,43.15,Inactive,10.79,Low Value,No,Low,No Action Needed
5562-YJQGT,0.3744,Low Risk,2,20.35,35.1,Inactive,8.78,Low Value,No,Low,No Action Needed
8807-OPMBM,0.0379,Low Risk,55,25.65,1388.0,At Risk,694.0,Medium Value,No,Low,No Action Needed
5439-WIKXB,0.613,Medium Risk,41,94.55,3851.45,Champions,3209.54,Premium,No,High,Loyalty Reward
9874-QLCLH,0.8378,High Risk,17,104.2,1743.5,Champions,1452.92,High Value,Yes,Critical,Personal Relationship Manager
8294-UIMBA,0.3332,Low Risk,30,94.4,2638.1,Champions,2198.42,High Value,No,Low,No Action Needed
8109-YUOHE,0.1221,Low Risk,17,56.1,946.95,At Risk,552.39,Medium Value,No,Low,No Action Needed
5840-NVDCG,0.0361,Low Risk,16,68.25,1114.85,Loyal Customers,743.23,Medium Value,No,Low,No Action Needed
8092-NLTGF,0.0096,Low Risk,72,24.75,1777.6,At Risk,1036.93,High Value,No,Low,No Action Needed
5928-QLDHB,0.8546,High Risk,9,76.25,684.85,At Risk,342.42,Medium Value,No,High,Discount Offer
9840-EFJQB,0.8876,High Risk,1,74.35,74.35,At Risk,37.17,Low Value,No,High,Email Campaign
0696-UKTOX,0.2084,Low Risk,23,54.15,1312.45,At Risk,765.6,Medium Value,No,Low,No Action Needed
4801-KFYKL,0.325,Low Risk,8,19.45,159.2,Inactive,39.8,Low Value,No,Low,No Action Needed
3472-OAOOR,0.3022,Low Risk,19,34.95,610.2,Inactive,254.25,Medium Value,No,Low,No Action Needed
6135-OZQVA,0.4921,Medium Risk,7,53.65,404.35,At Risk,202.18,Medium Value,No,Medium,SMS Reminder
8062-YBDOE,0.9413,High Risk,1,69.65,69.65,Inactive,23.22,Low Value,Yes,High,Email Campaign
2252-JHJGE,0.4588,Medium Risk,61,104.0,6363.45,Champions,6363.45,Premium,No,High,Loyalty Reward
4188-PCPIG,0.0564,Low Risk,57,70.35,4124.65,Champions,3437.21,Premium,No,Low,No Action Needed
6000-APYLU,0.7895,High Risk,9,80.8,713.1,At Risk,356.55,Medium Value,Yes,High,Discount Offer
7105-BENQF,0.2313,Low Risk,15,64.85,950.75,At Risk,554.6,Medium Value,No,Low,No Action Needed
7721-DVEKZ,0.6052,Medium Risk,1,19.65,19.65,Inactive,4.91,Low Value,No,Medium,SMS Reminder
3566-VVORZ,0.3948,Low Risk,12,45.9,505.95,Inactive,210.81,Medium Value,No,Low,No Action Needed
9507-HSMMZ,0.0576,Low Risk,54,20.0,1149.65,Inactive,479.02,Medium Value,No,Low,No Action Needed
2480-SQIOB,0.6625,Medium Risk,4,44.8,169.65,Inactive,56.55,Low Value,No,Medium,SMS Reminder
0947-IDHRQ,0.8185,High Risk,7,80.3,526.7,At Risk,263.35,Medium Value,Yes,High,Discount Offer
7813-TKCVO,0.0467,Low Risk,20,20.35,393.15,Inactive,131.05,Low Value,No,Low,No Action Needed
0128-MKWSG,0.3827,Low Risk,26,45.8,1147.0,At Risk,669.08,Medium Value,No,Low,No Action Needed
3672-YITQD,0.8073,High Risk,36,84.1,3021.6,Loyal Customers,2266.2,High Value,Yes,Critical,Personal Relationship Manager
4350-ZTLPI,0.5137,Medium Risk,53,108.95,5718.2,Champions,5241.68,Premium,No,High,Loyalty Reward
9048-JVYVF,0.6946,Medium Risk,3,69.35,191.35,At Risk,95.68,Low Value,Yes,Medium,SMS Reminder
0361-HJRDX,0.0485,Low Risk,68,64.35,4539.6,Champions,3783.0,Premium,No,Low,No Action Needed
5727-MYATE,0.0239,Low Risk,72,90.8,6397.6,Champions,6397.6,Premium,No,Low,No Action Needed
3823-KYNQY,0.1781,Low Risk,12,24.95,280.4,Inactive,116.83,Low Value,No,Low,No Action Needed
8988-ECPJR,0.6023,Medium Risk,34,79.6,2718.3,Loyal Customers,2038.72,High Value,Yes,High,Loyalty Reward
7570-WELNY,0.0531,Low Risk,68,84.7,5711.05,Champions,4759.21,Premium,No,Low,No Action Needed
3021-VLNRJ,0.0811,Low Risk,50,70.8,3478.15,Champions,2898.46,High Value,No,Low,No Action Needed
3776-EKTKM,0.9329,High Risk,1,36.45,36.45,Inactive,12.15,Low Value,Yes,High,Email Campaign
2080-CAZNM,0.7945,High Risk,41,104.4,4133.95,Champions,3789.45,Premium,No,Critical,Personal Relationship Manager
1028-FFNJK,0.7111,High Risk,30,101.5,2917.65,Champions,2674.51,High Value,No,Critical,Personal Relationship Manager
6907-FLBER,0.732,High Risk,1,54.3,54.3,At Risk,27.15,Low Value,No,High,Email Campaign
3001-UNBTL,0.8441,High Risk,29,103.95,2964.8,Champions,2470.67,High Value,No,Critical,Personal Relationship Manager
5982-PSMKW,0.0603,Low Risk,23,91.1,2198.3,Champions,1831.92,High Value,No,Low,No Action Needed
3507-GASNP,0.031,Low Risk,60,19.95,1189.9,At Risk,594.95,Medium Value,No,Low,No Action Needed
7096-ZNBZI,0.0098,Low Risk,72,26.45,1914.5,At Risk,1116.79,High Value,No,Low,No Action Needed
1902-XBTFB,0.747,High Risk,22,89.4,2001.5,Loyal Customers,1334.33,High Value,Yes,Critical,Personal Relationship Manager
1676-MQAOA,0.0174,Low Risk,72,75.1,5336.35,Champions,4891.65,Premium,No,Low,No Action Needed
0786-IVLAW,0.1815,Low Risk,66,108.1,7238.6,Champions,7238.6,Premium,No,Low,No Action Needed
7566-DSRLQ,0.0895,Low Risk,72,110.15,7998.8,Champions,7998.8,Premium,No,Low,No Action Needed
0643-OKLRP,0.553,Medium Risk,47,80.35,3825.85,Loyal Customers,2869.39,High Value,Yes,High,Loyalty Reward
7245-JMTTQ,0.5797,Medium Risk,51,111.5,5703.25,Champions,5227.98,Premium,No,High,Loyalty Reward
6050-IJRHS,0.2346,Low Risk,70,106.5,7397.0,Champions,7397.0,Premium,No,Low,No Action Needed
6202-JVYEU,0.097,Low Risk,9,19.9,164.6,Inactive,41.15,Low Value,No,Low,No Action Needed
8591-TKMZH,0.0897,Low Risk,59,111.1,6555.2,Champions,6555.2,Premium,No,Low,No Action Needed
0734-OXWBT,0.5549,Medium Risk,3,70.7,225.65,At Risk,131.63,Low Value,No,Medium,SMS Reminder
4282-ACRXS,0.5967,Medium Risk,38,24.85,955.75,Inactive,398.23,Medium Value,No,Medium,SMS Reminder
0365-TRTPY,0.3566,Low Risk,37,91.2,3382.3,Champions,3100.44,Premium,No,Low,No Action Needed
7349-ALMUX,0.0398,Low Risk,37,65.6,2313.8,Loyal Customers,1735.35,High Value,No,Low,No Action Needed
9381-NDKME,0.6399,Medium Risk,24,40.65,933.3,At Risk,466.65,Medium Value,Yes,Medium,SMS Reminder
6502-KUGLL,0.241,Low Risk,14,59.45,780.85,At Risk,455.5,Medium Value,No,Low,No Action Needed
1841-YSJGV,0.0535,Low Risk,72,109.95,7852.4,Champions,7852.4,Premium,No,Low,No Action Needed
2794-XIMMO,0.5361,Medium Risk,53,60.45,3184.25,Loyal Customers,2388.19,High Value,Yes,High,Loyalty Reward
8382-SHQEH,0.9039,High Risk,8,84.9,764.95,At Risk,446.22,Medium Value,Yes,High,Discount Offer
3511-BFTJW,0.013,Low Risk,72,38.5,2763.0,Loyal Customers,2072.25,High Value,No,Low,No Action Needed
7668-XCFYV,0.8483,High Risk,17,92.55,1614.7,Loyal Customers,1211.03,High Value,No,Critical,Personal Relationship Manager
2983-ZANRP,0.7755,High Risk,2,73.55,145.4,At Risk,72.7,Low Value,Yes,High,Email Campaign
7845-URHJN,0.3265,Low Risk,8,20.15,156.25,Inactive,39.06,Low Value,Yes,Low,No Action Needed
3034-ZBEQN,0.2158,Low Risk,48,34.7,1604.5,At Risk,802.25,Medium Value,Yes,Low,No Action Needed
5018-HEKFO,0.4051,Medium Risk,10,24.5,270.15,Inactive,112.56,Low Value,No,Medium,SMS Reminder
3976-NLDEZ,0.5606,Medium Risk,1,20.6,20.6,Inactive,5.15,Low Value,No,Medium,SMS Reminder
2282-YGNOR,0.1038,Low Risk,29,58.0,1734.5,At Risk,1011.79,High Value,No,Low,No Action Needed
5336-UFNZP,0.1876,Low Risk,65,107.45,7047.5,Champions,7047.5,Premium,No,Low,No Action Needed
6854-EXGSF,0.3065,Low Risk,8,65.5,573.15,At Risk,334.34,Medium Value,No,Low,No Action Needed
1241-EZFMJ,0.0241,Low Risk,61,25.45,1538.6,At Risk,897.52,High Value,No,Low,No Action Needed
9233-PSYHO,0.4023,Medium Risk,45,100.15,4459.8,Champions,4088.15,Premium,No,High,Loyalty Reward
5376-PCKNB,0.2799,Low Risk,72,104.45,7459.0,Champions,7459.0,Premium,No,Low,No Action Needed
8044-BGWPI,0.2924,Low Risk,12,21.15,306.05,Inactive,102.02,Low Value,No,Low,No Action Needed
4060-LDNLU,0.9222,High Risk,7,96.2,639.7,Loyal Customers,426.47,Medium Value,No,High,Discount Offer
3589-PPVKW,0.522,Medium Risk,9,44.4,348.15,Inactive,116.05,Low Value,No,Medium,SMS Reminder
8327-LZKAS,0.7389,High Risk,43,107.55,4533.9,Champions,4156.08,Premium,Yes,Critical,Personal Relationship Manager
5887-IKKYO,0.1145,Low Risk,58,94.35,5563.65,Champions,5563.65,Premium,No,Low,No Action Needed
1075-BGWOH,0.8943,High Risk,16,98.75,1587.55,Champions,1322.96,High Value,Yes,Critical,Personal Relationship Manager
1755-RMCXH,0.2534,Low Risk,2,20.3,40.25,Inactive,10.06,Low Value,No,Low,No Action Needed
0302-JOIVN,0.8653,High Risk,8,101.15,842.9,Loyal Customers,632.17,Medium Value,Yes,High,Discount Offer
3858-XHYJO,0.5218,Medium Risk,40,105.75,4228.55,Champions,3876.17,Premium,No,High,Loyalty Reward
4299-SIMNS,0.7207,High Risk,9,81.15,784.45,At Risk,457.6,Medium Value,No,High,Discount Offer
7025-IWFHT,0.2438,Low Risk,41,89.55,3729.75,Loyal Customers,2797.31,High Value,No,Low,No Action Needed
6261-LHRTG,0.2606,Low Risk,26,54.75,1406.9,At Risk,820.69,High Value,No,Low,No Action Needed
7841-FCRQD,0.1023,Low Risk,33,53.75,1857.3,Loyal Customers,1238.2,High Value,No,Low,No Action Needed
2056-EVGZL,0.1905,Low Risk,68,105.75,7322.5,Champions,7322.5,Premium,No,Low,No Action Needed
8777-MBMTS,0.2232,Low Risk,65,105.85,6725.5,Champions,6725.5,Premium,No,Low,No Action Needed
7753-USQYQ,0.1368,Low Risk,55,64.2,3627.3,Loyal Customers,2418.2,High Value,No,Low,No Action Needed
5366-IJEQJ,0.8103,High Risk,20,88.7,1761.45,Loyal Customers,1174.3,High Value,Yes,Critical,Personal Relationship Manager
7661-CPURM,0.2368,Low Risk,19,87.7,1725.95,Loyal Customers,1150.63,High Value,No,Low,No Action Needed
6233-HXJMX,0.5098,Medium Risk,45,89.3,4192.15,Loyal Customers,3144.11,Premium,No,High,Loyalty Reward
5902-WBLSE,0.01,Low Risk,70,20.15,1411.2,At Risk,705.6,Medium Value,No,Low,No Action Needed
1981-INRFU,0.87,High Risk,2,79.75,164.5,At Risk,82.25,Low Value,Yes,High,Email Campaign
4971-PUYQO,0.6902,Medium Risk,27,94.55,2724.6,Loyal Customers,2043.45,High Value,Yes,High,Loyalty Reward
3239-TPHPZ,0.0479,Low Risk,12,20.05,264.55,Inactive,88.18,Low Value,No,Low,No Action Needed
5115-GZDEL,0.0129,Low Risk,72,67.2,4671.7,Champions,3893.08,Premium,No,Low,No Action Needed
3338-CVVEH,0.848,High Risk,12,94.55,1173.55,Loyal Customers,880.16,High Value,No,Critical,Personal Relationship Manager
8485-GJCDN,0.7761,High Risk,5,69.05,318.5,Inactive,106.17,Low Value,Yes,High,Email Campaign
2615-YVMYX,0.3575,Low Risk,71,107.5,7713.55,Champions,7713.55,Premium,No,Low,No Action Needed
2851-STERV,0.3668,Low Risk,35,73.0,2471.25,Champions,2059.38,High Value,No,Low,No Action Needed
4393-GEADV,0.142,Low Risk,70,114.75,7842.3,Champions,7842.3,Premium,No,Low,No Action Needed
8486-AYEQH,0.7003,High Risk,31,76.05,2227.8,Loyal Customers,1485.2,High Value,No,Critical,Personal Relationship Manager
1527-SXDPN,0.2156,Low Risk,52,96.25,4990.25,Champions,4574.4,Premium,Yes,Low,No Action Needed
6029-WTIPC,0.7797,High Risk,37,101.1,3744.05,Champions,3432.05,Premium,Yes,Critical,Personal Relationship Manager
8634-CILSZ,0.62,Medium Risk,69,104.7,7220.35,Champions,7220.35,Premium,Yes,High,Loyalty Reward
5419-JKZNQ,0.5878,Medium Risk,30,77.9,2351.45,Loyal Customers,1567.63,High Value,No,High,Loyalty Reward
2495-KZNFB,0.6445,Medium Risk,33,90.65,2989.6,Champions,2491.33,High Value,No,High,Loyalty Reward
1409-PHXTF,0.3943,Low Risk,54,110.45,6077.75,Champions,5571.27,Premium,No,Low,No Action Needed
4560-WQAQW,0.1171,Low Risk,59,68.7,4070.95,Champions,3392.46,Premium,No,Low,No Action Needed
9591-YVTEB,0.5937,Medium Risk,55,44.85,2479.05,Loyal Customers,1652.7,High Value,No,High,Loyalty Reward
9309-BZGNT,0.1104,Low Risk,69,29.8,2134.3,At Risk,1067.15,High Value,No,Low,No Action Needed
4274-DRSQT,0.1704,Low Risk,66,88.9,6000.1,Champions,5000.08,Premium,No,Low,No Action Needed
2027-DNKIV,0.0685,Low Risk,37,58.75,2203.1,Loyal Customers,1468.73,High Value,No,Low,No Action Needed
8075-GXIUB,0.11,Low Risk,9,19.85,183.15,Inactive,45.79,Low Value,No,Low,No Action Needed
2885-HIJDH,0.0415,Low Risk,69,86.9,6194.1,Champions,5677.92,Premium,No,Low,No Action Needed
5424-RLQLC,0.4154,Medium Risk,10,59.65,638.95,At Risk,372.72,Medium Value,No,Medium,SMS Reminder
6682-QJDGB,0.2054,Low Risk,40,55.25,2139.2,Loyal Customers,1426.13,High Value,Yes,Low,No Action Needed
6507-DTJZV,0.3405,Low Risk,13,66.4,831.75,At Risk,485.19,Medium Value,No,Low,No Action Needed
8780-IXSTS,0.9177,High Risk,6,90.1,521.3,Loyal Customers,347.53,Medium Value,Yes,High,Discount Offer
7673-BQGKU,0.0154,Low Risk,69,20.15,1337.5,At Risk,668.75,Medium Value,No,Low,No Action Needed
6723-WSNTY,0.3592,Low Risk,66,108.1,7181.95,Champions,7181.95,Premium,No,Low,No Action Needed
9530-EHPOH,0.5962,Medium Risk,11,53.75,608.0,At Risk,354.67,Medium Value,Yes,Medium,SMS Reminder
2725-IWWBA,0.0854,Low Risk,46,56.9,2560.1,Loyal Customers,1706.73,High Value,No,Low,No Action Needed
0345-HKJVM,0.8712,High Risk,6,89.3,577.6,At Risk,336.93,Medium Value,Yes,High,Discount Offer
1061-PNTHC,0.2568,Low Risk,56,109.6,5953.0,Champions,5953.0,Premium,No,Low,No Action Needed
0394-YONDK,0.0192,Low Risk,70,25.15,1790.15,At Risk,1044.25,High Value,No,Low,No Action Needed
6574-MCOEH,0.4364,Medium Risk,33,79.15,2531.4,Champions,2109.5,High Value,No,High,Loyalty Reward
7399-QHBJS,0.0295,Low Risk,72,66.75,4760.3,Champions,3966.92,Premium,No,Low,No Action Needed
3049-SOLAY,0.9402,High Risk,3,95.2,292.85,Loyal Customers,195.23,Medium Value,Yes,High,Discount Offer
0997-YTLNY,0.2559,Low Risk,19,48.8,953.65,At Risk,476.82,Medium Value,No,Low,No Action Needed
3317-HRTNN,0.8298,High Risk,5,45.7,198.0,Inactive,82.5,Low Value,Yes,High,Email Campaign
9479-HYNYL,0.0231,Low Risk,71,80.7,5705.05,Champions,5229.63,Premium,No,Low,No Action Needed
3235-ETOOB,0.7064,High Risk,8,74.5,609.9,At Risk,304.95,Medium Value,Yes,High,Discount Offer
9708-KFDBY,0.5398,Medium Risk,1,20.55,20.55,Inactive,5.14,Low Value,No,Medium,SMS Reminder
8058-INTPH,0.9391,High Risk,1,79.65,79.65,At Risk,39.83,Low Value,Yes,High,Email Campaign
3642-GKTCT,0.2042,Low Risk,61,115.1,6993.65,Champions,6993.65,Premium,No,Low,No Action Needed
0774-RMNUW,0.01,Low Risk,71,59.7,4122.65,Champions,3435.54,Premium,No,Low,No Action Needed
1334-PDUKM,0.161,Low Risk,68,86.45,5762.95,Champions,4802.46,Premium,No,Low,No Action Needed
0756-MPZRL,0.1101,Low Risk,46,33.7,1537.85,At Risk,768.92,Medium Value,No,Low,No Action Needed
2242-MFOTG,0.1076,Low Risk,33,80.1,2603.3,Loyal Customers,1952.48,High Value,No,Low,No Action Needed
2927-CVULT,0.1779,Low Risk,53,104.05,5566.4,Champions,5102.53,Premium,No,Low,No Action Needed
2144-BFDSO,0.4678,Medium Risk,50,108.75,5431.9,Champions,4979.24,Premium,No,High,Loyalty Reward
8745-PVESG,0.096,Low Risk,57,41.1,2258.25,Loyal Customers,1693.69,High Value,No,Low,No Action Needed
7647-GYYKX,0.0734,Low Risk,54,20.35,1092.35,Inactive,455.15,Medium Value,No,Low,No Action Needed
5647-FXOTP,0.6313,Medium Risk,60,105.9,6401.25,Champions,6401.25,Premium,No,High,Loyalty Reward
5569-OUICF,0.7222,High Risk,28,101.3,2812.2,Champions,2343.5,High Value,Yes,Critical,Personal Relationship Manager
8821-XNHVZ,0.906,High Risk,1,80.05,80.05,At Risk,40.02,Low Value,Yes,High,Email Campaign
2082-OJVTK,0.7426,High Risk,29,89.2,2698.35,Loyal Customers,1798.9,High Value,Yes,Critical,Personal Relationship Manager
9700-ISPUP,0.4203,Medium Risk,10,65.5,616.9,At Risk,359.86,Medium Value,No,Medium,SMS Reminder
9839-ETQOE,0.3734,Low Risk,43,40.45,1912.85,Loyal Customers,1275.23,High Value,No,Low,No Action Needed
6078-VESFR,0.7085,High Risk,13,70.45,849.1,At Risk,424.55,Medium Value,No,High,Discount Offer
9027-TMATR,0.0673,Low Risk,43,78.8,3460.3,Champions,2883.58,High Value,No,Low,No Action Needed
5940-NFXKV,0.804,High Risk,19,83.65,1465.75,Loyal Customers,977.17,High Value,Yes,Critical,Personal Relationship Manager
1941-HOSAM,0.9344,High Risk,1,90.1,90.1,Loyal Customers,60.07,Low Value,No,High,Email Campaign
9110-HSGTV,0.0368,Low Risk,69,82.45,5555.3,Champions,5092.36,Premium,No,Low,No Action Needed
0704-VCUMB,0.0172,Low Risk,61,20.25,1278.8,At Risk,639.4,Medium Value,No,Low,No Action Needed
6171-ZTVYB,0.0944,Low Risk,43,66.25,2907.35,Loyal Customers,2180.51,High Value,No,Low,No Action Needed
8053-WWDRO,0.3425,Low Risk,6,19.5,146.3,Inactive,36.58,Low Value,Yes,Low,No Action Needed
9564-KCLHR,0.6629,Medium Risk,1,51.25,51.25,Inactive,21.35,Low Value,Yes,Medium,SMS Reminder
1935-IMVBB,0.2731,Low Risk,56,89.7,4952.95,Champions,4127.46,Premium,No,Low,No Action Needed
2535-PBCGC,0.0401,Low Risk,70,64.55,4504.9,Champions,3754.08,Premium,No,Low,No Action Needed
2082-CEFLT,0.8331,High Risk,1,45.6,45.6,Inactive,15.2,Low Value,Yes,High,Email Campaign
1470-PSXNM,0.5255,Medium Risk,49,93.65,4520.15,Champions,4143.47,Premium,No,High,Loyalty Reward
1213-NGCUN,0.5878,Medium Risk,6,49.65,267.35,Inactive,111.4,Low Value,Yes,Medium,SMS Reminder
2498-XLDZR,0.0579,Low Risk,32,73.6,2316.85,Champions,1930.71,High Value,No,Low,No Action Needed
9866-OCCKE,0.0191,Low Risk,72,109.75,8075.35,Champions,8075.35,Premium,No,Low,No Action Needed
5338-YHWYT,0.0441,Low Risk,37,61.45,2302.35,Loyal Customers,1534.9,High Value,No,Low,No Action Needed
7718-UPSKJ,0.3021,Low Risk,69,106.4,7251.9,Champions,7251.9,Premium,No,Low,No Action Needed
8731-WBBMB,0.1697,Low Risk,26,81.9,2078.55,Loyal Customers,1558.91,High Value,No,Low,No Action Needed
1448-CYWKC,0.4183,Medium Risk,58,105.2,6225.4,Champions,6225.4,Premium,No,High,Loyalty Reward
7901-IIDQV,0.1009,Low Risk,24,54.6,1242.25,At Risk,724.65,Medium Value,No,Low,No Action Needed
2690-DVRVK,0.0671,Low Risk,5,20.55,99.45,Inactive,24.86,Low Value,No,Low,No Action Needed
5688-KZTSN,0.2916,Low Risk,15,20.0,288.05,Inactive,96.02,Low Value,Yes,Low,No Action Needed
1270-XKUCC,0.0296,Low Risk,30,19.7,599.25,Inactive,249.69,Medium Value,No,Low,No Action Needed
0334-ZFJSR,0.0724,Low Risk,55,66.05,3462.1,Loyal Customers,2596.57,High Value,No,Low,No Action Needed
2894-QOJRX,0.5741,Medium Risk,25,34.0,853.0,Inactive,284.33,Medium Value,Yes,Medium,SMS Reminder
5747-PMBSQ,0.7912,High Risk,10,92.5,934.1,Champions,778.42,Medium Value,Yes,High,Discount Offer
5583-EJXRD,0.0433,Low Risk,44,54.05,2375.2,Loyal Customers,1781.4,High Value,No,Low,No Action Needed
4565-EVZMJ,0.0874,Low Risk,47,58.9,2813.05,Loyal Customers,1875.37,High Value,No,Low,No Action Needed
3143-JQEGI,0.7473,High Risk,13,88.35,1222.8,Loyal Customers,815.2,High Value,Yes,Critical,Personal Relationship Manager
6386-SZZKH,0.3991,Low Risk,49,107.95,5293.2,Champions,4852.1,Premium,Yes,Low,No Action Needed
3327-YBAKM,0.1217,Low Risk,64,96.9,6314.35,Champions,6314.35,Premium,No,Low,No Action Needed
9441-QHEVC,0.3388,Low Risk,1,19.1,19.1,Inactive,4.78,Low Value,No,Low,No Action Needed
6705-LNMDD,0.2042,Low Risk,20,50.0,1003.05,At Risk,501.52,Medium Value,No,Low,No Action Needed
2580-ASVVY,0.1715,Low Risk,37,45.4,1593.1,Loyal Customers,1062.07,High Value,No,Low,No Action Needed
3370-GQEAL,0.7009,High Risk,30,85.45,2509.95,Loyal Customers,1882.46,High Value,No,Critical,Personal Relationship Manager
5032-USPKF,0.2183,Low Risk,38,84.1,3187.65,Champions,2656.38,High Value,No,Low,No Action Needed
2982-IHMFT,0.9353,High Risk,1,74.45,74.45,At Risk,37.22,Low Value,Yes,High,Email Campaign
3521-SYVOR,0.5423,Medium Risk,37,64.75,2345.2,Loyal Customers,1563.47,High Value,Yes,High,Loyalty Reward
4254-QPEDE,0.0564,Low Risk,52,66.25,3330.1,Loyal Customers,2497.57,High Value,No,Low,No Action Needed
6283-GITPX,0.0218,Low Risk,71,76.9,5522.7,Champions,5062.47,Premium,No,Low,No Action Needed
9526-JAWYF,0.6928,Medium Risk,26,89.8,2335.3,Loyal Customers,1556.87,High Value,Yes,High,Loyalty Reward
0771-CHWSK,0.062,Low Risk,66,74.6,4798.4,Champions,4398.53,Premium,No,Low,No Action Needed
9788-HNGUT,0.0557,Low Risk,72,116.95,8594.4,Champions,8594.4,Premium,No,Low,No Action Needed
9495-REDIY,0.1483,Low Risk,25,40.65,970.55,At Risk,485.28,Medium Value,No,Low,No Action Needed
5375-XLDOF,0.3103,Low Risk,69,114.35,7665.8,Champions,7665.8,Premium,No,Low,No Action Needed
1172-VIYBP,0.0294,Low Risk,53,69.7,3686.05,Loyal Customers,2764.54,High Value,No,Low,No Action Needed
5649-VUKMC,0.6306,Medium Risk,12,95.5,1115.15,Loyal Customers,836.36,High Value,Yes,High,Loyalty Reward
6559-PDZLR,0.678,Medium Risk,26,98.65,2537.0,Champions,2114.17,High Value,No,High,Loyalty Reward
8992-OBVDG,0.2912,Low Risk,21,61.65,1393.6,At Risk,812.93,High Value,No,Low,No Action Needed
4273-MBHYA,0.9356,High Risk,1,89.35,89.35,At Risk,52.12,Low Value,No,High,Email Campaign
4724-WXVWF,0.5514,Medium Risk,48,95.4,4445.3,Champions,4074.86,Premium,No,High,Loyalty Reward
5701-GUXDC,0.1725,Low Risk,26,35.4,978.6,Inactive,407.75,Medium Value,No,Low,No Action Needed
1460-UZPRJ,0.0164,Low Risk,60,19.95,1258.15,At Risk,629.08,Medium Value,No,Low,No Action Needed
6082-GLJIX,0.0958,Low Risk,18,19.25,331.35,Inactive,110.45,Low Value,No,Low,No Action Needed
5143-EGQFK,0.6575,Medium Risk,10,29.65,291.4,Inactive,97.13,Low Value,Yes,Medium,SMS Reminder
4919-IKATY,0.7689,High Risk,5,84.5,453.75,At Risk,264.69,Medium Value,Yes,High,Discount Offer
2495-TTHBQ,0.0603,Low Risk,4,20.4,84.75,Inactive,21.19,Low Value,No,Low,No Action Needed
0485-ZBSLN,0.0245,Low Risk,65,24.75,1715.1,At Risk,1000.48,High Value,No,Low,No Action Needed
3810-PJUHR,0.0148,Low Risk,70,25.35,1715.15,At Risk,1000.5,High Value,No,Low,No Action Needed
9050-QLROH,0.7093,High Risk,18,90.7,1597.25,Loyal Customers,1197.94,High Value,Yes,Critical,Personal Relationship Manager
0847-HGRML,0.0124,Low Risk,62,20.0,1250.1,At Risk,625.05,Medium Value,No,Low,No Action Needed
8232-CTLKO,0.0633,Low Risk,66,59.75,3996.8,Loyal Customers,2997.6,High Value,No,Low,No Action Needed
9227-YBAXE,0.0334,Low Risk,65,82.5,5215.1,Champions,4780.51,Premium,No,Low,No Action Needed
6168-WFVVF,0.8266,High Risk,3,70.3,235.5,Inactive,78.5,Low Value,Yes,High,Email Campaign
9860-LISIZ,0.128,Low Risk,34,20.35,673.2,Inactive,280.5,Medium Value,No,Low,No Action Needed
0112-QAWRZ,0.7587,High Risk,16,90.8,1442.2,Loyal Customers,1081.65,High Value,No,Critical,Personal Relationship Manager
0877-SDMBN,0.5705,Medium Risk,54,103.95,5639.05,Champions,5169.13,Premium,Yes,High,Loyalty Reward
2786-GCDPI,0.8208,High Risk,50,104.95,5222.35,Champions,4787.15,Premium,No,Critical,Personal Relationship Manager
4043-MKDTV,0.2424,Low Risk,71,105.25,7291.75,Champions,7291.75,Premium,No,Low,No Action Needed
8065-YKXKD,0.8479,High Risk,10,74.75,799.65,At Risk,466.46,Medium Value,Yes,High,Discount Offer
9637-EIHEQ,0.7813,High Risk,1,50.8,50.8,Inactive,21.17,Low Value,Yes,High,Email Campaign
9229-RQABD,0.109,Low Risk,18,23.75,424.5,Inactive,176.88,Medium Value,No,Low,No Action Needed
8313-KTIHG,0.5585,Medium Risk,4,61.3,249.4,At Risk,124.7,Low Value,No,Medium,SMS Reminder
5320-BRKGK,0.0303,Low Risk,58,75.8,4415.75,Champions,4047.77,Premium,No,Low,No Action Needed
6284-KMNUF,0.4348,Medium Risk,56,98.0,5270.6,Champions,5270.6,Premium,No,High,Loyalty Reward
9689-PTNPG,0.8624,High Risk,2,80.25,144.55,At Risk,72.28,Low Value,Yes,High,Email Campaign
9465-RWMXL,0.7652,High Risk,32,78.9,2447.95,Loyal Customers,1835.96,High Value,Yes,Critical,Personal Relationship Manager
6229-UOLQL,0.0587,Low Risk,56,52.0,2884.9,Loyal Customers,2163.68,High Value,No,Low,No Action Needed
2362-IBOOY,0.7933,High Risk,36,84.75,3050.15,Loyal Customers,2287.61,High Value,Yes,Critical,Personal Relationship Manager
3137-LUPIX,0.6538,Medium Risk,4,64.4,253.0,At Risk,126.5,Low Value,No,Medium,SMS Reminder
0843-WTBXE,0.536,Medium Risk,53,85.45,4517.25,Loyal Customers,3387.94,Premium,Yes,High,Loyalty Reward
6143-JQKEA,0.4052,Medium Risk,10,45.8,436.2,Inactive,181.75,Medium Value,No,Medium,SMS Reminder
8676-OOQEJ,0.6188,Medium Risk,4,30.5,118.4,Inactive,29.6,Low Value,No,Medium,SMS Reminder
5515-IDEJJ,0.605,Medium Risk,1,19.9,19.9,Inactive,4.97,Low Value,Yes,Medium,SMS Reminder
9701-CDXHR,0.3317,Low Risk,51,69.15,3649.6,At Risk,1824.8,High Value,No,Low,No Action Needed
7450-NWRTR,0.9332,High Risk,12,99.45,1200.15,Champions,1000.13,High Value,Yes,Critical,Personal Relationship Manager
8124-NZVGJ,0.4405,Medium Risk,6,49.25,255.6,At Risk,127.8,Low Value,No,Medium,SMS Reminder
2162-FRZAA,0.0181,Low Risk,63,39.35,2395.05,Loyal Customers,1796.29,High Value,No,Low,No Action Needed
5376-DEQCP,0.9313,High Risk,1,70.6,70.6,Inactive,29.42,Low Value,Yes,High,Email Campaign
5118-MUEYH,0.6555,Medium Risk,48,105.1,5083.55,Champions,4659.92,Premium,No,High,Loyalty Reward
9095-HFAFX,0.8595,High Risk,5,81.0,389.6,At Risk,194.8,Medium Value,Yes,High,Discount Offer
5627-TVBPP,0.0344,Low Risk,35,20.1,644.5,Inactive,268.54,Medium Value,No,Low,No Action Needed
2379-ENZGV,0.8666,High Risk,6,84.85,523.5,At Risk,305.38,Medium Value,Yes,High,Discount Offer
3936-QQFLL,0.2935,Low Risk,2,19.75,39.3,Inactive,9.82,Low Value,No,Low,No Action Needed
2589-AYCRP,0.0687,Low Risk,50,19.75,989.05,Inactive,412.1,Medium Value,No,Low,No Action Needed
4067-HLYQI,0.5375,Medium Risk,33,70.4,2406.1,At Risk,1403.56,High Value,No,High,Loyalty Reward
5124-EOGYE,0.021,Low Risk,31,20.45,638.55,Inactive,266.06,Medium Value,No,Low,No Action Needed
5057-RKGLH,0.0332,Low Risk,9,20.35,191.1,Inactive,47.78,Low Value,No,Low,No Action Needed
0292-WEGCH,0.3736,Low Risk,54,86.2,4524.05,Champions,3770.04,Premium,No,Low,No Action Needed
8910-ICHIU,0.2022,Low Risk,46,95.65,4664.2,Champions,4275.52,Premium,No,Low,No Action Needed
4097-YODCF,0.3499,Low Risk,34,103.8,3470.8,Champions,3181.57,Premium,No,Low,No Action Needed
9715-WZCLW,0.1186,Low Risk,71,97.2,6910.3,Champions,6910.3,Premium,No,Low,No Action Needed
9786-YWNHU,0.024,Low Risk,63,63.55,4014.2,Champions,3345.17,Premium,No,Low,No Action Needed
6407-GSJNL,0.0417,Low Risk,51,24.95,1288.0,At Risk,644.0,Medium Value,No,Low,No Action Needed
6005-OBZPH,0.8047,High Risk,26,89.15,2277.65,Loyal Customers,1518.43,High Value,Yes,Critical,Personal Relationship Manager
4049-ZPALD,0.124,Low Risk,64,99.0,6375.8,Champions,6375.8,Premium,No,Low,No Action Needed
7932-WPTDS,0.9227,High Risk,1,24.8,24.8,Inactive,6.2,Low Value,Yes,High,Email Campaign
3733-UOCWF,0.0677,Low Risk,61,85.55,5251.75,Champions,4376.46,Premium,No,Low,No Action Needed
6833-JMZYP,0.7961,High Risk,15,94.0,1505.45,Loyal Customers,1129.09,High Value,No,Critical,Personal Relationship Manager
2722-VOJQL,0.6208,Medium Risk,64,105.65,6903.1,Champions,6903.1,Premium,Yes,High,Loyalty Reward
1310-QRITU,0.66,Medium Risk,18,50.3,913.3,At Risk,456.65,Medium Value,No,Medium,SMS Reminder
8961-QDZZJ,0.2434,Low Risk,57,95.0,5535.8,Champions,5074.48,Premium,No,Low,No Action Needed
9715-SBVSU,0.0489,Low Risk,14,61.4,815.55,At Risk,475.74,Medium Value,No,Low,No Action Needed
8490-BXHEO,0.7028,High Risk,18,80.55,1411.65,Loyal Customers,941.1,High Value,No,Critical,Personal Relationship Manager
7173-TETGO,0.0233,Low Risk,72,78.5,5602.25,Champions,4668.54,Premium,No,Low,No Action Needed
7929-SKFGK,0.1854,Low Risk,70,114.3,8244.3,Champions,8244.3,Premium,No,Low,No Action Needed
2300-RQGOI,0.0218,Low Risk,38,20.05,741.5,Inactive,308.96,Medium Value,No,Low,No Action Needed
3563-SVYLG,0.0346,Low Risk,68,62.65,4375.8,Champions,3646.5,Premium,No,Low,No Action Needed
5228-EXCET,0.746,High Risk,13,80.85,1008.7,At Risk,588.41,Medium Value,Yes,High,Discount Offer
6435-VWCCY,0.112,Low Risk,65,92.7,5968.4,Champions,5968.4,Premium,No,Low,No Action Needed
4998-IKFSE,0.6679,Medium Risk,30,100.45,3096.9,Champions,2838.82,High Value,No,High,Loyalty Reward
8630-QSGXK,0.0373,Low Risk,51,75.2,3901.25,Champions,3251.04,Premium,No,Low,No Action Needed
2455-USLMV,0.5223,Medium Risk,31,84.75,2613.4,Loyal Customers,1960.05,High Value,No,High,Loyalty Reward
7394-FKDNK,0.8266,High Risk,9,89.45,853.1,At Risk,497.64,Medium Value,Yes,High,Discount Offer
9488-FVZCC,0.0137,Low Risk,72,79.5,5661.7,Champions,5189.89,Premium,No,Low,No Action Needed
6331-LWDTQ,0.5627,Medium Risk,10,72.15,794.25,Loyal Customers,529.5,Medium Value,Yes,Medium,SMS Reminder
5995-WWKKG,0.0817,Low Risk,37,19.8,695.05,Inactive,289.6,Medium Value,No,Low,No Action Needed
1597-FZREH,0.7689,High Risk,2,76.4,160.8,Loyal Customers,107.2,Low Value,Yes,High,Email Campaign
7879-CGSFV,0.257,Low Risk,55,100.9,5552.05,Champions,5089.38,Premium,No,Low,No Action Needed
9921-EZKBY,0.4771,Medium Risk,33,95.3,3275.15,Champions,3002.22,High Value,No,High,Loyalty Reward
7432-FFVAR,0.1043,Low Risk,46,90.95,4236.6,Champions,3530.5,Premium,No,Low,No Action Needed
7246-ZGQDF,0.6702,Medium Risk,1,54.5,54.5,At Risk,27.25,Low Value,No,Medium,SMS Reminder
7000-WCEVQ,0.5589,Medium Risk,20,61.6,1174.35,At Risk,685.04,Medium Value,Yes,Medium,SMS Reminder
0727-IWKVK,0.7835,High Risk,9,79.9,741.7,At Risk,432.66,Medium Value,Yes,High,Discount Offer
5959-BELXA,0.7994,High Risk,32,96.15,3019.25,Champions,2516.04,High Value,Yes,Critical,Personal Relationship Manager
4456-RHSNB,0.3165,Low Risk,19,49.6,962.9,At Risk,481.45,Medium Value,No,Low,No Action Needed
3512-IZIKN,0.094,Low Risk,70,65.3,4759.75,Champions,3966.46,Premium,Yes,Low,No Action Needed
2481-SBOYW,0.0329,Low Risk,61,25.0,1498.35,At Risk,874.04,High Value,No,Low,No Action Needed
7109-MFBYV,0.3376,Low Risk,26,45.45,1233.15,Inactive,513.81,Medium Value,No,Low,No Action Needed
1833-TCXKK,0.6075,Medium Risk,45,107.75,4882.8,Champions,4475.9,Premium,No,High,Loyalty Reward
1832-PEUTS,0.0533,Low Risk,62,89.1,5411.65,Champions,4509.71,Premium,No,Low,No Action Needed
6141-OOXUQ,0.602,Medium Risk,1,19.65,19.65,Inactive,4.91,Low Value,Yes,Medium,SMS Reminder
8660-BUETV,0.6846,Medium Risk,3,44.75,148.05,Inactive,49.35,Low Value,No,Medium,SMS Reminder
0580-PIQHM,0.1706,Low Risk,41,101.6,3930.55,Champions,3603.0,Premium,No,Low,No Action Needed
5696-CEIQJ,0.1375,Low Risk,67,103.15,6895.5,Champions,6895.5,Premium,No,Low,No Action Needed
7503-ZGUZJ,0.952,High Risk,1,84.65,84.65,At Risk,49.38,Low Value,Yes,High,Email Campaign
1696-HXOWK,0.0229,Low Risk,71,95.65,6856.95,Champions,6856.95,Premium,No,Low,No Action Needed
3026-ATZYV,0.1975,Low Risk,37,75.1,2658.8,Champions,2215.67,High Value,No,Low,No Action Needed
4012-YCFAI,0.0144,Low Risk,60,61.35,3766.2,Loyal Customers,2824.65,High Value,No,Low,No Action Needed
2506-TNFCO,0.9421,High Risk,1,69.55,69.55,Inactive,23.18,Low Value,Yes,High,Email Campaign
9970-QBCDA,0.2424,Low Risk,6,19.7,129.55,Inactive,32.39,Low Value,No,Low,No Action Needed
8718-PTMEZ,0.7375,High Risk,13,31.05,347.25,Inactive,115.75,Low Value,Yes,High,Email Campaign
9496-IVVRP,0.3218,Low Risk,11,51.0,581.7,At Risk,290.85,Medium Value,No,Low,No Action Needed
2207-OBZNX,0.4457,Medium Risk,7,51.0,354.05,Inactive,147.52,Low Value,Yes,Medium,SMS Reminder
2657-VPXTA,0.8144,High Risk,10,88.85,929.45,Loyal Customers,619.63,Medium Value,No,High,Discount Offer
6551-VLJMV,0.0237,Low Risk,34,20.05,679.0,Inactive,282.92,Medium Value,No,Low,No Action Needed
1221-GHZEP,0.018,Low Risk,62,65.1,3846.75,Loyal Customers,2885.06,High Value,No,Low,No Action Needed
9289-LBQVU,0.0983,Low Risk,64,70.15,4480.7,Champions,3733.92,Premium,No,Low,No Action Needed
6142-VSJQO,0.7696,High Risk,1,44.35,44.35,Inactive,14.78,Low Value,Yes,High,Email Campaign
3458-IDMFK,0.0296,Low Risk,25,20.75,499.4,Inactive,166.47,Medium Value,No,Low,No Action Needed
6933-FHBZC,0.1067,Low Risk,26,56.05,1553.2,At Risk,906.03,High Value,No,Low,No Action Needed
0221-NAUXK,0.0814,Low Risk,10,19.95,219.5,Inactive,73.17,Low Value,No,Low,No Action Needed
9770-KXGQU,0.1328,Low Risk,53,98.6,5311.85,Champions,4869.2,Premium,No,Low,No Action Needed
6437-UKHMV,0.8424,High Risk,7,79.7,586.05,At Risk,293.02,Medium Value,Yes,High,Discount Offer
6538-POCHL,0.5368,Medium Risk,33,79.0,2576.8,Loyal Customers,1932.6,High Value,No,High,Loyalty Reward
6726-NNFWD,0.0208,Low Risk,71,89.45,6435.25,Champions,5362.71,Premium,No,Low,No Action Needed
3002-WQZWT,0.6569,Medium Risk,29,74.2,1993.25,At Risk,1162.73,High Value,No,High,Loyalty Reward
4277-UDIEF,0.1472,Low Risk,24,81.0,1923.85,Loyal Customers,1442.89,High Value,No,Low,No Action Needed
1208-NBVFH,0.5247,Medium Risk,20,49.6,939.8,At Risk,469.9,Medium Value,No,Medium,SMS Reminder
4912-PIGUY,0.9538,High Risk,1,84.6,84.6,At Risk,49.35,Low Value,No,High,Email Campaign
1114-CENIM,0.3884,Low Risk,54,55.0,3092.65,Loyal Customers,2061.77,High Value,Yes,Low,No Action Needed
6060-DRTNL,0.8869,High Risk,5,84.85,415.55,At Risk,242.4,Medium Value,Yes,High,Discount Offer
2725-TTRIQ,0.0216,Low Risk,72,84.2,5986.55,Champions,5487.67,Premium,No,Low,No Action Needed
3374-TTZTK,0.3144,Low Risk,52,106.3,5487.0,Champions,5029.75,Premium,No,Low,No Action Needed
8990-ZXLSU,0.7281,High Risk,9,69.05,651.5,Inactive,217.17,Medium Value,No,High,Discount Offer
2275-RBYQS,0.7782,High Risk,1,45.4,45.4,Inactive,15.13,Low Value,No,High,Email Campaign
8473-VUVJN,0.9365,High Risk,1,73.65,73.65,At Risk,36.83,Low Value,Yes,High,Email Campaign
6289-CPNLD,0.3302,Low Risk,33,73.9,2405.05,Champions,2004.21,High Value,Yes,Low,No Action Needed
5536-SLHPM,0.6755,Medium Risk,55,77.75,4458.15,Loyal Customers,3343.61,Premium,Yes,High,Loyalty Reward
4419-UJMUS,0.2014,Low Risk,69,99.35,6856.45,Champions,6856.45,Premium,No,Low,No Action Needed
7794-JASDG,0.7193,High Risk,1,50.75,50.75,Inactive,21.15,Low Value,No,High,Email Campaign
7609-YBPXG,0.0407,Low Risk,54,87.1,4735.2,Champions,3946.0,Premium,No,Low,No Action Needed
5519-TEEUH,0.0465,Low Risk,33,20.15,682.15,Inactive,284.23,Medium Value,No,Low,No Action Needed
7856-GANIL,0.2093,Low Risk,45,98.7,4525.8,Champions,4148.65,Premium,No,Low,No Action Needed
0804-XBFBV,0.6023,Medium Risk,11,25.2,321.05,Inactive,107.02,Low Value,No,Medium,SMS Reminder
2676-OXPPQ,0.462,Medium Risk,6,55.7,335.65,At Risk,167.82,Medium Value,No,Medium,SMS Reminder
3703-TTEPD,0.259,Low Risk,21,65.35,1424.4,At Risk,830.9,High Value,No,Low,No Action Needed
2799-TSLAG,0.0248,Low Risk,65,25.3,1748.55,At Risk,1019.99,High Value,No,Low,No Action Needed
0196-VULGZ,0.9173,High Risk,6,84.35,474.9,At Risk,277.02,Medium Value,Yes,High,Discount Offer
8837-VVWLQ,0.8022,High Risk,8,84.95,668.4,At Risk,389.9,Medium Value,Yes,High,Discount Offer
2696-NARTR,0.6999,Medium Risk,11,73.85,926.25,At Risk,540.31,Medium Value,Yes,Medium,SMS Reminder
2208-NKVVH,0.0524,Low Risk,43,24.25,1077.95,At Risk,538.98,Medium Value,No,Low,No Action Needed
7614-QVWQL,0.315,Low Risk,49,51.8,2541.25,Loyal Customers,1694.17,High Value,Yes,Low,No Action Needed
1976-CFOCS,0.8763,High Risk,1,46.0,46.0,Inactive,15.33,Low Value,Yes,High,Email Campaign
4631-OACRM,0.8069,High Risk,15,79.4,1156.1,At Risk,674.39,Medium Value,Yes,High,Discount Offer
7139-JZFVG,0.0199,Low Risk,60,60.5,3694.45,Loyal Customers,2770.84,High Value,No,Low,No Action Needed
4987-GQWPO,0.3819,Low Risk,17,25.1,382.8,Inactive,127.6,Low Value,No,Low,No Action Needed
3755-JBMNH,0.6418,Medium Risk,16,71.8,1167.8,At Risk,583.9,Medium Value,Yes,Medium,SMS Reminder
1757-TCATG,0.053,Low Risk,35,20.05,746.75,Inactive,311.15,Medium Value,No,Low,No Action Needed
6345-ULYRW,0.2006,Low Risk,44,88.4,3912.9,Loyal Customers,2934.68,High Value,Yes,Low,No Action Needed
4776-XSKYQ,0.0969,Low Risk,12,30.25,368.85,Inactive,122.95,Low Value,No,Low,No Action Needed
8048-DSDFQ,0.5606,Medium Risk,1,20.2,20.2,Inactive,5.05,Low Value,No,Medium,SMS Reminder
5753-QQWPW,0.1021,Low Risk,28,59.9,1654.7,At Risk,965.24,High Value,No,Low,No Action Needed
6010-DDPPW,0.0203,Low Risk,70,25.15,1940.85,At Risk,1132.16,High Value,No,Low,No Action Needed
1809-DMJHQ,0.5394,Medium Risk,5,46.0,221.7,Inactive,73.9,Low Value,Yes,Medium,SMS Reminder
6693-FRIRW,0.6133,Medium Risk,18,101.3,1794.65,Champions,1495.54,High Value,No,High,Loyalty Reward
6586-MYGKD,0.0647,Low Risk,70,76.95,5289.8,Champions,4848.98,Premium,No,Low,No Action Needed
3173-NVMPX,0.4221,Medium Risk,9,55.3,501.2,At Risk,250.6,Medium Value,No,Medium,SMS Reminder
0248-PGHBZ,0.0596,Low Risk,67,92.45,6140.85,Champions,6140.85,Premium,No,Low,No Action Needed
0623-GDISB,0.7188,High Risk,1,48.45,48.45,Inactive,20.19,Low Value,No,High,Email Campaign
2892-GESUL,0.0584,Low Risk,18,19.35,309.25,Inactive,103.08,Low Value,No,Low,No Action Needed
6923-EFPNL,0.6965,Medium Risk,4,51.75,201.1,Inactive,83.79,Low Value,Yes,Medium,SMS Reminder
7472-EQOAV,0.0306,Low Risk,71,86.7,6179.35,Champions,5149.46,Premium,No,Low,No Action Needed
9574-RKJIF,0.6507,Medium Risk,30,94.4,2838.7,Champions,2602.14,High Value,Yes,High,Loyalty Reward
2043-WVTQJ,0.7168,High Risk,1,55.7,55.7,At Risk,27.85,Low Value,No,High,Email Campaign
8034-RYTVV,0.1287,Low Risk,55,84.25,4589.85,Loyal Customers,3442.39,Premium,No,Low,No Action Needed
3863-QSTYI,0.2301,Low Risk,59,64.65,3735.45,Loyal Customers,2801.59,High Value,No,Low,No Action Needed
2619-WFQWU,0.9039,High Risk,1,70.15,70.15,Inactive,23.38,Low Value,Yes,High,Email Campaign
5044-LRQAQ,0.711,High Risk,7,69.2,477.55,Inactive,159.18,Low Value,No,High,Email Campaign
1716-LSAMB,0.0297,Low Risk,45,54.65,2553.7,Loyal Customers,1702.47,High Value,No,Low,No Action Needed
1333-PBMXB,0.0792,Low Risk,54,24.75,1342.15,At Risk,671.08,Medium Value,No,Low,No Action Needed
6546-OPBBH,0.0385,Low Risk,51,23.95,1216.35,At Risk,608.17,Medium Value,No,Low,No Action Needed
5985-BEHZK,0.2136,Low Risk,72,105.0,7578.05,Champions,7578.05,Premium,No,Low,No Action Needed
9127-QRZMH,0.065,Low Risk,44,59.85,2603.95,Loyal Customers,1735.97,High Value,No,Low,No Action Needed
5919-VCZYM,0.266,Low Risk,2,20.05,42.7,Inactive,10.68,Low Value,No,Low,No Action Needed
9644-KVCNC,0.1694,Low Risk,66,92.15,6056.9,Champions,5552.16,Premium,No,Low,No Action Needed
2137-DQMEV,0.0484,Low Risk,68,44.8,2983.65,Loyal Customers,2237.74,High Value,No,Low,No Action Needed
8174-LNWMW,0.0323,Low Risk,31,20.9,689.35,Inactive,287.23,Medium Value,No,Low,No Action Needed
9279-CJEOJ,0.7897,High Risk,21,95.4,2025.1,Loyal Customers,1518.82,High Value,No,Critical,Personal Relationship Manager
7964-VEXDG,0.5858,Medium Risk,21,80.35,1747.2,Loyal Customers,1164.8,High Value,No,High,Loyalty Reward
2404-JIBFC,0.0313,Low Risk,55,85.1,4657.95,Champions,3881.62,Premium,No,Low,No Action Needed
0778-NELLA,0.6823,Medium Risk,9,34.7,296.1,Inactive,74.03,Low Value,Yes,Medium,SMS Reminder
8029-XYPWT,0.0608,Low Risk,71,115.05,8016.6,Champions,8016.6,Premium,No,Low,No Action Needed
4614-NUVZD,0.9343,High Risk,1,81.1,81.1,At Risk,40.55,Low Value,Yes,High,Email Campaign
4632-PAOYU,0.0475,Low Risk,22,19.95,433.5,Inactive,144.5,Low Value,No,Low,No Action Needed
3803-KMQFW,0.561,Medium Risk,1,20.55,20.55,Inactive,5.14,Low Value,Yes,Medium,SMS Reminder
6804-GDMOI,0.4009,Medium Risk,61,106.6,6428.4,Champions,6428.4,Premium,Yes,High,Loyalty Reward
2990-OGYTD,0.046,Low Risk,67,86.15,5883.85,Champions,5393.53,Premium,No,Low,No Action Needed
6646-JPPHA,0.6498,Medium Risk,14,78.85,1043.8,Loyal Customers,695.87,Medium Value,No,Medium,SMS Reminder
9572-MTILT,0.5868,Medium Risk,59,106.75,6252.9,Champions,6252.9,Premium,Yes,High,Loyalty Reward
7658-UYUQS,0.5915,Medium Risk,21,86.55,1857.25,Loyal Customers,1238.17,High Value,No,High,Loyalty Reward
7880-XSOJX,0.4551,Medium Risk,4,42.4,146.4,At Risk,73.2,Low Value,No,Medium,SMS Reminder
9611-CTWIH,0.8753,High Risk,3,89.45,240.45,At Risk,140.26,Low Value,Yes,High,Email Campaign
4589-IUAJB,0.0198,Low Risk,70,24.25,1724.15,At Risk,1005.75,High Value,No,Low,No Action Needed
0329-GTIAJ,0.8911,High Risk,3,97.9,315.3,Loyal Customers,236.48,Medium Value,Yes,High,Discount Offer
8746-BFOAJ,0.0685,Low Risk,21,20.5,429.55,Inactive,143.18,Low Value,No,Low,No Action Needed
8457-XIGKN,0.1503,Low Risk,20,19.6,356.15,Inactive,118.72,Low Value,No,Low,No Action Needed
6072-NUQCB,0.0714,Low Risk,22,20.25,488.25,Inactive,162.75,Medium Value,No,Low,No Action Needed
6629-CZTTH,0.7897,High Risk,1,55.7,55.7,Inactive,23.21,Low Value,Yes,High,Email Campaign
8838-GPHZP,0.0138,Low Risk,63,20.6,1298.7,At Risk,649.35,Medium Value,No,Low,No Action Needed
8750-QWZAJ,0.0219,Low Risk,70,19.8,1378.75,At Risk,689.38,Medium Value,No,Low,No Action Needed
5364-EVNIB,0.7391,High Risk,13,79.8,973.45,Loyal Customers,648.97,Medium Value,Yes,High,Discount Offer
6918-UMQCG,0.7952,High Risk,5,80.2,384.25,At Risk,192.12,Medium Value,No,High,Discount Offer
0675-NCDYU,0.0268,Low Risk,72,116.4,8543.25,Champions,8543.25,Premium,No,Low,No Action Needed
6339-DKLMK,0.647,Medium Risk,13,31.65,389.95,Inactive,129.98,Low Value,No,Medium,SMS Reminder
1346-PJWTK,0.1763,Low Risk,61,94.15,5731.85,Champions,5731.85,Premium,No,Low,No Action Needed
5088-QZLRL,0.5481,Medium Risk,1,20.65,20.65,Inactive,5.16,Low Value,No,Medium,SMS Reminder
8023-QHAIO,0.4126,Medium Risk,56,76.85,4275.75,Champions,3563.12,Premium,No,High,Loyalty Reward
4397-FRLTA,0.2885,Low Risk,4,20.15,84.5,Inactive,21.12,Low Value,No,Low,No Action Needed
3057-VJJQE,0.0471,Low Risk,35,55.25,1924.1,Loyal Customers,1282.73,High Value,No,Low,No Action Needed
5087-SUURX,0.7777,High Risk,18,39.05,669.85,At Risk,334.92,Medium Value,Yes,High,Discount Offer
2302-OUZXB,0.0384,Low Risk,72,82.15,5784.3,Champions,5302.28,Premium,No,Low,No Action Needed
8133-ANHHJ,0.3111,Low Risk,49,103.0,5166.2,Champions,4735.68,Premium,No,Low,No Action Needed
2270-CHBFN,0.309,Low Risk,44,95.1,4060.55,Champions,3722.17,Premium,No,Low,No Action Needed
0013-EXCHZ,0.8336,High Risk,3,83.9,267.4,At Risk,155.98,Low Value,Yes,High,Email Campaign
5982-FPVQN,0.6653,Medium Risk,37,95.15,3532.85,Champions,3238.45,Premium,No,High,Loyalty Reward
9107-UKCKY,0.2995,Low Risk,61,79.8,4914.8,Champions,4505.23,Premium,No,Low,No Action Needed
4654-ULTTN,0.0578,Low Risk,70,74.8,5315.8,Champions,4872.82,Premium,No,Low,No Action Needed
5550-VFRLC,0.9421,High Risk,1,69.85,69.85,Inactive,23.28,Low Value,Yes,High,Email Campaign
5546-BYZSM,0.1266,Low Risk,41,20.45,775.6,Inactive,323.17,Medium Value,No,Low,No Action Needed
1492-KGETH,0.183,Low Risk,70,78.35,5445.95,Champions,4992.12,Premium,No,Low,No Action Needed
4929-BSTRX,0.8139,High Risk,1,53.55,53.55,Inactive,22.31,Low Value,Yes,High,Email Campaign
4163-HFTUK,0.0591,Low Risk,51,19.1,1007.8,Inactive,419.92,Medium Value,No,Low,No Action Needed
8215-NGSPE,0.0224,Low Risk,42,20.0,833.55,Inactive,347.31,Medium Value,No,Low,No Action Needed
2225-ZRGSG,0.1725,Low Risk,70,93.9,6579.05,Champions,6579.05,Premium,Yes,Low,No Action Needed
8859-YSTWS,0.0517,Low Risk,48,19.95,1004.5,Inactive,418.54,Medium Value,No,Low,No Action Needed
5271-YNWVR,0.1825,Low Risk,68,113.15,7856.0,Champions,7856.0,Premium,Yes,Low,No Action Needed
7601-DHFWZ,0.0475,Low Risk,48,24.0,1183.05,At Risk,591.52,Medium Value,No,Low,No Action Needed
2657-ALMWY,0.6232,Medium Risk,26,84.95,2169.75,Loyal Customers,1446.5,High Value,Yes,High,Loyalty Reward
6330-JKLPC,0.8336,High Risk,11,80.5,896.9,Loyal Customers,597.93,Medium Value,Yes,High,Discount Offer
4667-OHGKG,0.4616,Medium Risk,1,19.3,19.3,Inactive,4.82,Low Value,Yes,Medium,SMS Reminder
1998-VHJHK,0.0203,Low Risk,27,19.15,501.35,Inactive,167.12,Medium Value,No,Low,No Action Needed
1707-HABPF,0.1325,Low Risk,46,91.3,4126.35,Champions,3438.63,Premium,No,Low,No Action Needed
1660-HSOOQ,0.783,High Risk,1,49.65,49.65,Inactive,20.69,Low Value,Yes,High,Email Campaign
7253-UVNDW,0.0767,Low Risk,46,54.35,2460.15,Loyal Customers,1640.1,High Value,Yes,Low,No Action Needed
0487-VVUVK,0.1361,Low Risk,25,19.15,477.6,Inactive,159.2,Low Value,No,Low,No Action Needed
7228-OMTPN,0.8901,High Risk,4,88.45,370.65,At Risk,216.21,Medium Value,Yes,High,Discount Offer
5063-IUOKK,0.0419,Low Risk,13,19.75,265.75,Inactive,88.58,Low Value,No,Low,No Action Needed
4508-OEBEY,0.2408,Low Risk,31,75.5,2424.45,Champions,2020.38,High Value,No,Low,No Action Needed
0027-KWYKW,0.7393,High Risk,23,83.75,1849.95,Loyal Customers,1233.3,High Value,No,Critical,Personal Relationship Manager
2308-STERM,0.2554,Low Risk,2,19.4,61.05,Inactive,15.26,Low Value,No,Low,No Action Needed
5982-XMDEX,0.026,Low Risk,65,26.5,1698.55,At Risk,990.82,High Value,No,Low,No Action Needed
6284-AHOOQ,0.5504,Medium Risk,22,90.5,1910.6,Loyal Customers,1432.95,High Value,Yes,High,Loyalty Reward
6051-PTVNS,0.037,Low Risk,55,19.15,998.1,Inactive,415.88,Medium Value,No,Low,No Action Needed
2344-JMOGN,0.7918,High Risk,9,94.85,890.6,Loyal Customers,667.95,Medium Value,Yes,High,Discount Offer
3799-ISUZQ,0.7237,High Risk,7,69.95,529.5,Inactive,176.5,Medium Value,Yes,High,Discount Offer
2877-VDUER,0.117,Low Risk,35,40.9,1383.6,At Risk,807.1,Medium Value,No,Low,No Action Needed
9152-AMKAK,0.0445,Low Risk,6,80.25,493.4,Loyal Customers,328.93,Medium Value,No,Low,No Action Needed
1794-HBQTJ,0.7233,High Risk,1,48.6,48.6,Inactive,20.25,Low Value,Yes,High,Email Campaign
9432-VOFYX,0.7275,High Risk,17,70.8,1207.0,At Risk,603.5,Medium Value,No,High,Discount Offer
8049-WJCLQ,0.3576,Low Risk,10,60.2,563.5,At Risk,328.71,Medium Value,No,Low,No Action Needed
6586-PSJOX,0.1397,Low Risk,15,55.2,864.55,At Risk,504.32,Medium Value,No,Low,No Action Needed
2460-FPSYH,0.6055,Medium Risk,40,55.8,2109.35,Loyal Customers,1406.23,High Value,Yes,High,Loyalty Reward
9705-ZJBCG,0.0994,Low Risk,13,54.15,701.05,At Risk,408.95,Medium Value,No,Low,No Action Needed
4818-DRBQT,0.6024,Medium Risk,29,80.15,2265.25,Loyal Customers,1510.17,High Value,Yes,High,Loyalty Reward
1320-HTRDR,0.8881,High Risk,3,75.5,220.6,At Risk,110.3,Low Value,Yes,High,Email Campaign
6847-KJLTS,0.5467,Medium Risk,58,100.4,5749.8,Champions,5749.8,Premium,No,High,Loyalty Reward
9670-BPNXF,0.1063,Low Risk,45,62.55,2796.45,Loyal Customers,1864.3,High Value,No,Low,No Action Needed
3913-FCUUW,0.0139,Low Risk,72,70.45,5165.7,Champions,4735.22,Premium,No,Low,No Action Needed
3301-VKTGC,0.1074,Low Risk,68,85.5,5696.6,Champions,4747.17,Premium,No,Low,No Action Needed
1493-AMTIE,0.6401,Medium Risk,1,20.2,20.2,Inactive,5.05,Low Value,Yes,Medium,SMS Reminder
9555-SAHUZ,0.2253,Low Risk,38,54.5,2076.05,Loyal Customers,1384.03,High Value,No,Low,No Action Needed
0816-TSPHQ,0.2462,Low Risk,2,20.75,44.2,Inactive,11.05,Low Value,No,Low,No Action Needed
9932-WBWIK,0.2253,Low Risk,11,20.35,215.25,Inactive,71.75,Low Value,No,Low,No Action Needed
4619-EVPHY,0.3556,Low Risk,20,91.0,1859.5,Loyal Customers,1394.62,High Value,No,Low,No Action Needed
5286-YHCVC,0.2269,Low Risk,72,104.8,7470.1,Champions,7470.1,Premium,No,Low,No Action Needed
6424-ELEYH,0.8514,High Risk,3,74.75,229.5,At Risk,114.75,Low Value,Yes,High,Email Campaign
4391-RESHN,0.7573,High Risk,23,104.05,2470.1,Champions,2058.42,High Value,Yes,Critical,Personal Relationship Manager
9115-YQHGA,0.2618,Low Risk,40,51.1,2092.9,At Risk,1220.86,High Value,No,Low,No Action Needed
4462-CYWMH,0.3866,Low Risk,62,89.8,5629.55,Champions,4691.29,Premium,No,Low,No Action Needed
8963-MQVYN,0.203,Low Risk,22,20.55,469.85,Inactive,156.62,Low Value,No,Low,No Action Needed
2458-EOMRE,0.3344,Low Risk,11,64.05,733.95,At Risk,428.14,Medium Value,No,Low,No Action Needed
9334-GWGOW,0.8645,High Risk,7,74.85,485.25,At Risk,242.62,Medium Value,No,High,Discount Offer
6821-BUXUX,0.8322,High Risk,13,96.65,1244.5,Champions,1037.08,High Value,Yes,Critical,Personal Relationship Manager
5028-HTLJB,0.747,High Risk,1,20.05,20.05,Inactive,5.01,Low Value,Yes,High,Email Campaign
9801-GDWGV,0.7279,High Risk,39,103.45,3994.45,Champions,3661.58,Premium,Yes,Critical,Personal Relationship Manager
6542-LWGXJ,0.7397,High Risk,3,25.0,78.25,Inactive,19.56,Low Value,No,High,Email Campaign
5567-GZKQY,0.0441,Low Risk,58,20.3,1131.5,At Risk,565.75,Medium Value,No,Low,No Action Needed
1222-LRYKO,0.3625,Low Risk,6,26.35,184.05,Inactive,61.35,Low Value,No,Low,No Action Needed
2320-JRSDE,0.7073,High Risk,1,19.9,19.9,Inactive,4.97,Low Value,Yes,High,Email Campaign
2087-QAREY,0.3534,Low Risk,22,54.7,1178.75,At Risk,687.6,Medium Value,No,Low,No Action Needed
0601-WZHJF,0.7286,High Risk,14,46.35,667.7,At Risk,333.85,Medium Value,Yes,High,Discount Offer
4423-JWZJN,0.2102,Low Risk,64,90.25,5629.15,Champions,5160.05,Premium,No,Low,No Action Needed
5143-WMWOG,0.6268,Medium Risk,1,19.95,19.95,Inactive,4.99,Low Value,Yes,Medium,SMS Reminder
6490-FGZAT,0.2241,Low Risk,6,20.65,109.3,Inactive,27.32,Low Value,No,Low,No Action Needed
5393-RXQSZ,0.9137,High Risk,1,79.6,79.6,At Risk,39.8,Low Value,Yes,High,Email Campaign
7452-FOLON,0.0692,Low Risk,39,25.45,958.45,At Risk,479.22,Medium Value,No,Low,No Action Needed
2320-TZRRH,0.0549,Low Risk,20,19.5,403.15,Inactive,134.38,Low Value,No,Low,No Action Needed
0231-LXVAP,0.7429,High Risk,1,75.9,75.9,At Risk,37.95,Low Value,Yes,High,Email Campaign
9444-JTXHZ,0.9169,High Risk,1,76.2,76.2,At Risk,38.1,Low Value,Yes,High,Email Campaign
4942-VZZOM,0.1316,Low Risk,64,66.15,4392.5,Loyal Customers,3294.38,Premium,No,Low,No Action Needed
5510-BOIUJ,0.4214,Medium Risk,1,19.25,19.25,Inactive,4.81,Low Value,Yes,Medium,SMS Reminder
7502-BNYGS,0.4152,Medium Risk,46,69.1,3168.0,Loyal Customers,2112.0,High Value,No,High,Loyalty Reward
4291-HYEBC,0.3222,Low Risk,28,39.1,1096.6,At Risk,548.3,Medium Value,No,Low,No Action Needed
6147-CBCRA,0.151,Low Risk,33,20.05,669.45,Inactive,278.94,Medium Value,No,Low,No Action Needed
6047-SUHPR,0.1486,Low Risk,39,59.8,2343.85,Loyal Customers,1562.57,High Value,No,Low,No Action Needed
4471-KXAUH,0.6799,Medium Risk,42,84.3,3588.4,Loyal Customers,2691.3,High Value,Yes,High,Loyalty Reward
9752-ZNQUT,0.8171,High Risk,1,48.6,48.6,Inactive,20.25,Low Value,No,High,Email Campaign
7638-QVMVY,0.8358,High Risk,7,79.0,522.95,At Risk,261.48,Medium Value,Yes,High,Discount Offer
1576-PFZIW,0.3315,Low Risk,70,105.35,7511.9,Champions,7511.9,Premium,No,Low,No Action Needed
5666-MBJPT,0.0256,Low Risk,65,25.1,1725.0,At Risk,1006.25,High Value,No,Low,No Action Needed
7312-XSBAT,0.7346,High Risk,1,49.75,49.75,Inactive,20.73,Low Value,No,High,Email Campaign
3096-GKWEB,0.8457,High Risk,18,94.75,1691.9,Loyal Customers,1268.93,High Value,No,Critical,Personal Relationship Manager
2371-JQHZZ,0.8439,High Risk,24,93.0,2248.05,Loyal Customers,1686.04,High Value,No,Critical,Personal Relationship Manager
0674-GCDXG,0.0193,Low Risk,63,71.9,4479.2,Champions,4105.93,Premium,No,Low,No Action Needed
1121-QSIVB,0.2244,Low Risk,44,77.55,3471.1,Champions,2892.58,High Value,No,Low,No Action Needed
4396-KLSEH,0.417,Medium Risk,4,19.85,63.0,Inactive,15.75,Low Value,No,Medium,SMS Reminder
3244-DCJWY,0.9313,High Risk,1,70.25,70.25,Inactive,23.42,Low Value,Yes,High,Email Campaign
2824-MYYBN,0.7501,High Risk,37,95.25,3314.15,Champions,2761.79,High Value,No,Critical,Personal Relationship Manager
0875-CABNR,0.8276,High Risk,10,84.6,865.55,Loyal Customers,577.03,Medium Value,Yes,High,Discount Offer
6345-HOVES,0.4313,Medium Risk,34,25.05,852.7,Inactive,355.29,Medium Value,No,Medium,SMS Reminder
8318-LCNBW,0.3427,Low Risk,35,53.15,1930.9,Loyal Customers,1287.27,High Value,No,Low,No Action Needed
6469-QJKZW,0.3073,Low Risk,4,20.15,91.4,Inactive,22.85,Low Value,No,Low,No Action Needed
0147-ESWWR,0.6586,Medium Risk,39,101.25,3949.15,Champions,3620.05,Premium,No,High,Loyalty Reward
1217-VASWC,0.4684,Medium Risk,43,100.55,4304.0,Champions,3945.33,Premium,No,High,Loyalty Reward
7812-FZHPE,0.2534,Low Risk,17,24.1,409.9,Inactive,170.79,Medium Value,Yes,Low,No Action Needed
6370-ZVHDV,0.0241,Low Risk,61,25.3,1554.9,At Risk,907.03,High Value,No,Low,No Action Needed
5915-DGNVC,0.1375,Low Risk,49,71.8,3472.05,Champions,2893.38,High Value,No,Low,No Action Needed
6260-XLACS,0.0796,Low Risk,4,19.7,117.8,Inactive,29.45,Low Value,No,Low,No Action Needed
3566-CAAYU,0.1713,Low Risk,64,49.85,3210.35,Loyal Customers,2407.76,High Value,No,Low,No Action Needed
4983-CCWMC,0.7426,High Risk,3,69.6,207.4,Inactive,69.13,Low Value,No,High,Email Campaign
9103-CXVOK,0.6062,Medium Risk,1,19.75,19.75,Inactive,4.94,Low Value,No,Medium,SMS Reminder
2896-TBNBE,0.2575,Low Risk,40,80.8,3132.75,Loyal Customers,2349.56,High Value,No,Low,No Action Needed
4797-AXPXK,0.6839,Medium Risk,1,60.0,60.0,At Risk,30.0,Low Value,Yes,Medium,SMS Reminder
5229-PRWKT,0.8989,High Risk,8,86.55,649.65,At Risk,378.96,Medium Value,Yes,High,Discount Offer
6982-UQZLY,0.7951,High Risk,1,20.85,20.85,Inactive,5.21,Low Value,Yes,High,Email Campaign
2522-WLNSF,0.0992,Low Risk,34,64.2,2106.3,Loyal Customers,1404.2,High Value,No,Low,No Action Needed
3841-CONLJ,0.8626,High Risk,1,35.0,35.0,Inactive,8.75,Low Value,No,High,Email Campaign
5057-LCOUI,0.5915,Medium Risk,39,50.75,2011.4,Loyal Customers,1340.93,High Value,Yes,High,Loyalty Reward
0193-ESZXP,0.5947,Medium Risk,58,105.5,6205.5,Champions,6205.5,Premium,Yes,High,Loyalty Reward
4475-NVTLU,0.0461,Low Risk,45,19.2,903.7,Inactive,376.54,Medium Value,No,Low,No Action Needed
4369-HTUIF,0.8311,High Risk,6,85.15,503.6,At Risk,293.77,Medium Value,Yes,High,Discount Offer
9386-LDCZR,0.0729,Low Risk,43,90.65,3882.3,Champions,3558.78,Premium,No,Low,No Action Needed
9585-KKMFD,0.0232,Low Risk,41,20.0,879.8,Inactive,366.58,Medium Value,No,Low,No Action Needed
5399-ZIMKF,0.7672,High Risk,5,74.65,383.65,At Risk,191.82,Medium Value,No,High,Discount Offer
0336-KXKFK,0.0186,Low Risk,72,61.2,4390.25,Champions,3658.54,Premium,No,Low,No Action Needed
5619-XZZKR,0.0685,Low Risk,4,19.95,68.2,Inactive,17.05,Low Value,No,Low,No Action Needed
3948-FVVRP,0.222,Low Risk,9,54.8,452.8,At Risk,226.4,Medium Value,No,Low,No Action Needed
5327-XOKKY,0.0943,Low Risk,72,73.45,5329.0,Champions,4884.92,Premium,No,Low,No Action Needed
0983-TATYJ,0.0943,Low Risk,33,51.45,1758.9,At Risk,1026.03,High Value,No,Low,No Action Needed
1813-JYWTO,0.0161,Low Risk,72,80.45,5737.6,Champions,4781.33,Premium,No,Low,No Action Needed
0156-FVPTA,0.4923,Medium Risk,22,54.2,1152.7,At Risk,672.41,Medium Value,Yes,Medium,SMS Reminder
1984-FCOWB,0.6671,Medium Risk,70,109.5,7674.55,Champions,7674.55,Premium,Yes,High,Loyalty Reward
0654-HMSHN,0.7787,High Risk,21,104.4,2157.95,Champions,1798.29,High Value,Yes,Critical,Personal Relationship Manager
6719-OXYBR,0.7347,High Risk,15,85.3,1219.85,Loyal Customers,813.23,High Value,No,Critical,Personal Relationship Manager
3312-ZWLGF,0.6808,Medium Risk,29,79.3,2414.55,Loyal Customers,1609.7,High Value,No,High,Loyalty Reward
6476-YHMGA,0.2665,Low Risk,15,76.5,1155.6,Loyal Customers,866.7,High Value,No,Low,No Action Needed
5287-QWLKY,0.5223,Medium Risk,71,105.1,7548.1,Champions,7548.1,Premium,Yes,High,Loyalty Reward
0795-XCCTE,0.0142,Low Risk,72,25.4,1809.35,At Risk,1055.45,High Value,No,Low,No Action Needed
0168-XZKBB,0.8185,High Risk,19,86.85,1564.4,Loyal Customers,1042.93,High Value,No,Critical,Personal Relationship Manager
3785-NRHYR,0.602,Medium Risk,1,19.65,19.65,Inactive,4.91,Low Value,No,Medium,SMS Reminder
5196-SGOAK,0.9305,High Risk,1,75.7,75.7,At Risk,37.85,Low Value,Yes,High,Email Campaign
4537-DKTAL,0.749,High Risk,2,45.55,84.4,Inactive,28.13,Low Value,No,High,Email Campaign
7072-MBHEV,0.8081,High Risk,11,78.1,864.85,Loyal Customers,576.57,Medium Value,No,High,Discount Offer
5602-BVFMK,0.0708,Low Risk,12,19.3,228.75,Inactive,76.25,Low Value,No,Low,No Action Needed
6297-NOOPG,0.3294,Low Risk,70,110.5,7752.05,Champions,7752.05,Premium,No,Low,No Action Needed
1891-UAWWU,0.7242,High Risk,20,90.8,1951.0,Loyal Customers,1463.25,High Value,Yes,Critical,Personal Relationship Manager
8204-TIFGJ,0.1831,Low Risk,23,20.3,470.6,Inactive,156.87,Low Value,No,Low,No Action Needed
8050-DVOJX,0.0881,Low Risk,49,81.35,4060.9,Champions,3384.08,Premium,No,Low,No Action Needed
6108-OQZDQ,0.9272,High Risk,4,97.95,384.5,Loyal Customers,288.38,Medium Value,Yes,High,Discount Offer
0363-QJVFX,0.4314,Medium Risk,32,108.15,3432.9,Champions,3146.82,Premium,Yes,High,Loyalty Reward
8903-XEBGX,0.7217,High Risk,2,55.3,108.65,Inactive,45.27,Low Value,No,High,Email Campaign
8169-SAEJD,0.07,Low Risk,69,56.55,3952.65,Loyal Customers,2964.49,High Value,No,Low,No Action Needed
9840-DVNDC,0.8147,High Risk,6,80.5,463.05,At Risk,231.52,Medium Value,Yes,High,Discount Offer
1089-XZWHH,0.0374,Low Risk,24,19.7,494.05,Inactive,164.68,Medium Value,No,Low,No Action Needed
2325-WINES,0.5241,Medium Risk,32,104.05,3416.85,Champions,3132.11,Premium,No,High,Loyalty Reward
6064-ZATLR,0.0427,Low Risk,27,52.85,1498.65,At Risk,874.21,High Value,No,Low,No Action Needed
3096-JRDSO,0.7224,High Risk,27,104.3,2867.75,Champions,2389.79,High Value,Yes,Critical,Personal Relationship Manager
7824-PANSQ,0.2461,Low Risk,58,80.65,4807.35,Champions,4006.13,Premium,No,Low,No Action Needed
8042-JVNFH,0.9028,High Risk,1,71.35,71.35,Inactive,29.73,Low Value,Yes,High,Email Campaign
9648-BCHKM,0.0743,Low Risk,18,24.65,471.35,Inactive,196.4,Medium Value,No,Low,No Action Needed
2888-ADFAO,0.0312,Low Risk,47,21.3,1041.8,Inactive,434.08,Medium Value,No,Low,No Action Needed
8707-HOEDG,0.239,Low Risk,70,110.2,7689.8,Champions,7689.8,Premium,No,Low,No Action Needed
3374-LXDEV,0.7991,High Risk,13,89.4,1132.35,Loyal Customers,849.26,High Value,Yes,Critical,Personal Relationship Manager
4072-IPYLT,0.2188,Low Risk,36,51.05,1815.0,At Risk,1058.75,High Value,No,Low,No Action Needed
7167-PCEYD,0.0146,Low Risk,67,19.8,1311.3,At Risk,655.65,Medium Value,No,Low,No Action Needed
4936-YPJNK,0.2271,Low Risk,10,19.9,199.45,Inactive,66.48,Low Value,No,Low,No Action Needed
1580-BMCMR,0.638,Medium Risk,19,87.3,1637.3,Loyal Customers,1091.53,High Value,No,High,Loyalty Reward
4817-KEQSP,0.0132,Low Risk,71,19.85,1326.35,At Risk,663.18,Medium Value,No,Low,No Action Needed
6408-WHTEF,0.0104,Low Risk,72,89.4,6376.55,Champions,5845.17,Premium,No,Low,No Action Needed
9251-AWQGT,0.0224,Low Risk,48,20.0,935.9,Inactive,389.96,Medium Value,No,Low,No Action Needed
8749-CLJXC,0.6078,Medium Risk,1,20.05,20.05,Inactive,5.01,Low Value,No,Medium,SMS Reminder
7989-VCQOH,0.3024,Low Risk,18,83.25,1611.15,Loyal Customers,1208.36,High Value,No,Low,No Action Needed
5049-GLYVG,0.5606,Medium Risk,1,20.6,20.6,Inactive,5.15,Low Value,Yes,Medium,SMS Reminder
4199-QHJNM,0.2801,Low Risk,67,102.9,6989.7,Champions,6989.7,Premium,No,Low,No Action Needed
8882-TLVRW,0.0137,Low Risk,69,39.1,2779.5,Loyal Customers,2084.62,High Value,No,Low,No Action Needed
5883-GTGVD,0.8782,High Risk,19,99.95,1931.75,Champions,1609.79,High Value,Yes,Critical,Personal Relationship Manager
5135-GRQJV,0.0191,Low Risk,72,114.5,8331.95,Champions,8331.95,Premium,No,Low,No Action Needed
2384-OVPSA,0.0243,Low Risk,38,20.2,735.9,Inactive,306.62,Medium Value,No,Low,No Action Needed
1371-WEPDS,0.3156,Low Risk,40,55.8,2283.3,At Risk,1331.93,High Value,No,Low,No Action Needed
3580-GICBM,0.0215,Low Risk,61,24.2,1445.2,At Risk,843.03,High Value,No,Low,No Action Needed
4817-QRJSX,0.8355,High Risk,10,81.0,818.05,Loyal Customers,545.37,Medium Value,Yes,High,Discount Offer
9730-DRTMJ,0.1273,Low Risk,32,72.8,2333.05,Champions,1944.21,High Value,No,Low,No Action Needed
4686-UXDML,0.7975,High Risk,21,99.85,1992.55,Champions,1660.46,High Value,No,Critical,Personal Relationship Manager
3349-ANQNH,0.5887,Medium Risk,59,99.5,5890.0,Champions,5890.0,Premium,No,High,Loyalty Reward
2398-YPMUR,0.791,High Risk,13,70.15,916.75,Inactive,381.98,Medium Value,Yes,High,Discount Offer
0932-YIXYU,0.0204,Low Risk,47,20.25,1029.8,Inactive,429.08,Medium Value,No,Low,No Action Needed
7480-SPLEF,0.0194,Low Risk,69,26.0,1796.55,At Risk,1047.99,High Value,No,Low,No Action Needed
7636-XUHWW,0.3506,Low Risk,2,19.9,33.7,Inactive,8.43,Low Value,No,Low,No Action Needed
1431-CYWMH,0.1578,Low Risk,22,19.05,454.05,Inactive,151.35,Low Value,No,Low,No Action Needed
5937-EORGB,0.8246,High Risk,15,96.5,1392.25,Champions,1160.21,High Value,No,Critical,Personal Relationship Manager
6349-JDHQP,0.0854,Low Risk,53,19.85,1049.6,Inactive,437.33,Medium Value,No,Low,No Action Needed
5539-HIVAK,0.3238,Low Risk,28,25.7,734.6,Inactive,306.08,Medium Value,No,Low,No Action Needed
5847-MXBEO,0.0453,Low Risk,22,20.3,475.1,Inactive,158.37,Low Value,No,Low,No Action Needed
9985-MWVIX,0.9039,High Risk,1,70.15,70.15,Inactive,23.38,Low Value,Yes,High,Email Campaign
4583-PARNH,0.6243,Medium Risk,16,91.55,1540.05,Loyal Customers,1155.04,High Value,No,High,Loyalty Reward
1116-FRYVH,0.0582,Low Risk,48,39.4,1978.65,Loyal Customers,1319.1,High Value,No,Low,No Action Needed
1421-HCERK,0.5038,Medium Risk,30,105.7,3181.8,Champions,2916.65,High Value,No,High,Loyalty Reward
9633-XQABV,0.8203,High Risk,3,70.25,229.7,Inactive,76.57,Low Value,No,High,Email Campaign
0716-BQNDX,0.1511,Low Risk,57,93.75,5625.55,Champions,5625.55,Premium,No,Low,No Action Needed
1265-XTECC,0.4494,Medium Risk,68,96.55,6581.9,Champions,6581.9,Premium,Yes,High,Loyalty Reward
1183-CANVH,0.1097,Low Risk,23,60.0,1347.15,At Risk,785.84,Medium Value,No,Low,No Action Needed
1972-XMUWV,0.0413,Low Risk,65,59.8,3808.2,Loyal Customers,2856.15,High Value,No,Low,No Action Needed
8679-LZBMD,0.2514,Low Risk,44,90.65,3974.15,Champions,3311.79,Premium,No,Low,No Action Needed
3407-JMJQQ,0.1395,Low Risk,71,109.0,7661.8,Champions,7661.8,Premium,No,Low,No Action Needed
6252-DFGTK,0.1125,Low Risk,37,68.1,2479.25,Loyal Customers,1859.44,High Value,No,Low,No Action Needed
1539-LNKHM,0.221,Low Risk,12,20.4,266.6,Inactive,88.87,Low Value,No,Low,No Action Needed
8645-KOMJQ,0.0497,Low Risk,69,81.95,5601.4,Champions,5134.62,Premium,No,Low,No Action Needed
0289-IVARM,0.261,Low Risk,35,60.55,1982.6,Loyal Customers,1321.73,High Value,No,Low,No Action Needed
9761-XUJWD,0.62,Medium Risk,5,65.6,339.9,At Risk,169.95,Medium Value,No,Medium,SMS Reminder
4057-FKCZK,0.0567,Low Risk,58,82.5,4828.05,Champions,4023.38,Premium,No,Low,No Action Needed
4291-TPNFG,0.0114,Low Risk,72,82.3,5980.55,Champions,5482.17,Premium,No,Low,No Action Needed
6087-YPWHO,0.0079,Low Risk,72,68.15,4808.7,Champions,4007.25,Premium,No,Low,No Action Needed
3090-QFUVD,0.5431,Medium Risk,1,20.3,20.3,Inactive,5.08,Low Value,No,Medium,SMS Reminder
2237-ZFSMY,0.4206,Medium Risk,39,95.55,3692.85,Champions,3385.11,Premium,Yes,High,Loyalty Reward
1722-LDZJS,0.0929,Low Risk,53,20.2,1068.15,Inactive,445.06,Medium Value,No,Low,No Action Needed
1818-ESQMW,0.6512,Medium Risk,27,89.2,2383.6,Loyal Customers,1589.07,High Value,No,High,Loyalty Reward
4871-JTKJF,0.9421,High Risk,1,69.65,69.65,Inactive,23.22,Low Value,Yes,High,Email Campaign
1415-YFWLT,0.9517,High Risk,1,89.3,89.3,At Risk,52.09,Low Value,Yes,High,Email Campaign
7401-RUBNK,0.6002,Medium Risk,18,74.8,1438.05,At Risk,838.86,High Value,No,High,Loyalty Reward
0506-YLVKJ,0.0232,Low Risk,46,20.2,917.45,Inactive,382.27,Medium Value,No,Low,No Action Needed
8661-BOYNW,0.0288,Low Risk,72,84.4,6096.45,Champions,5588.41,Premium,No,Low,No Action Needed
6711-VTNRE,0.5648,Medium Risk,36,87.55,3078.1,Loyal Customers,2308.57,High Value,Yes,High,Loyalty Reward
4815-GBTCD,0.7953,High Risk,4,25.15,99.95,Inactive,24.99,Low Value,No,High,Email Campaign
2805-AUFQN,0.0297,Low Risk,25,19.8,475.2,Inactive,158.4,Low Value,No,Low,No Action Needed
0980-PVMRC,0.4957,Medium Risk,40,50.85,2036.55,Loyal Customers,1357.7,High Value,No,High,Loyalty Reward
7233-DRTRF,0.6024,Medium Risk,63,102.4,6444.05,Champions,6444.05,Premium,No,High,Loyalty Reward
3500-RMZLT,0.7375,High Risk,15,96.3,1426.75,Champions,1188.96,High Value,Yes,Critical,Personal Relationship Manager
3873-NFTGI,0.5015,Medium Risk,14,55.5,767.55,At Risk,447.74,Medium Value,No,Medium,SMS Reminder
1162-ECVII,0.0775,Low Risk,72,109.75,7932.5,Champions,7932.5,Premium,No,Low,No Action Needed
7048-GXDAY,0.5246,Medium Risk,39,106.4,4040.65,Champions,3703.93,Premium,No,High,Loyalty Reward
8571-ZCMCX,0.0719,Low Risk,47,60.0,2768.65,Loyal Customers,2076.49,High Value,No,Low,No Action Needed
1169-WCVAK,0.3873,Low Risk,19,88.8,1672.35,Loyal Customers,1254.26,High Value,No,Low,No Action Needed
4548-SDBKE,0.917,High Risk,5,85.2,474.8,At Risk,276.97,Medium Value,Yes,High,Discount Offer
8066-POXGX,0.7046,High Risk,13,35.1,446.1,Inactive,148.7,Low Value,Yes,High,Email Campaign
7129-CAKJW,0.544,Medium Risk,17,80.05,1345.65,Loyal Customers,897.1,High Value,No,High,Loyalty Reward
8695-ARGXZ,0.7742,High Risk,34,75.55,2425.4,Loyal Customers,1616.93,High Value,No,Critical,Personal Relationship Manager
3570-YUEKJ,0.3855,Low Risk,42,49.55,2077.95,At Risk,1212.14,High Value,No,Low,No Action Needed
4143-OOBWZ,0.8846,High Risk,5,81.3,416.3,At Risk,242.84,Medium Value,Yes,High,Discount Offer
1555-HAPSU,0.0103,Low Risk,71,23.9,1663.5,At Risk,970.38,High Value,No,Low,No Action Needed
1697-NVVGY,0.3095,Low Risk,19,66.4,1286.05,At Risk,750.2,Medium Value,No,Low,No Action Needed
7854-EKTJL,0.3681,Low Risk,2,19.6,35.85,Inactive,8.96,Low Value,Yes,Low,No Action Needed
8464-EETCQ,0.0066,Low Risk,57,18.8,1094.35,At Risk,547.17,Medium Value,No,Low,No Action Needed
2419-FSORS,0.2104,Low Risk,72,108.4,7719.5,Champions,7719.5,Premium,No,Low,No Action Needed
8132-YPVBX,0.8384,High Risk,6,85.95,514.6,At Risk,300.18,Medium Value,No,High,Discount Offer
9102-IAYHT,0.7958,High Risk,17,85.45,1451.6,Loyal Customers,967.73,High Value,Yes,Critical,Personal Relationship Manager
6754-LZUKA,0.0327,Low Risk,61,80.9,4932.5,Champions,4521.46,Premium,No,Low,No Action Needed
3422-LYEPQ,0.9232,High Risk,1,71.0,71.0,Inactive,29.58,Low Value,Yes,High,Email Campaign
8099-MZPUJ,0.168,Low Risk,48,111.8,5443.65,Champions,4990.01,Premium,No,Low,No Action Needed
0787-LHDYT,0.2299,Low Risk,16,20.6,330.25,Inactive,110.08,Low Value,No,Low,No Action Needed
2642-DTVCO,0.8879,High Risk,9,85.05,746.5,At Risk,435.46,Medium Value,Yes,High,Discount Offer
0374-IOEGQ,0.749,High Risk,3,44.6,122.7,Inactive,40.9,Low Value,No,High,Email Campaign
4361-JEIVL,0.8082,High Risk,1,44.4,44.4,Inactive,14.8,Low Value,Yes,High,Email Campaign
3197-NNYNB,0.2752,Low Risk,65,105.1,6631.85,Champions,6631.85,Premium,No,Low,No Action Needed
3396-DKDEL,0.0707,Low Risk,70,115.15,8250.0,Champions,8250.0,Premium,No,Low,No Action Needed
1752-OZXFY,0.0482,Low Risk,60,59.8,3561.15,Loyal Customers,2670.86,High Value,No,Low,No Action Needed
9066-QRSDU,0.0403,Low Risk,69,26.3,1763.55,At Risk,1028.74,High Value,No,Low,No Action Needed
9112-WSNPU,0.6713,Medium Risk,35,70.55,2419.0,At Risk,1411.08,High Value,No,High,Loyalty Reward
9867-NNXLC,0.1574,Low Risk,22,20.05,470.2,Inactive,156.73,Low Value,No,Low,No Action Needed
5321-NTRKC,0.0808,Low Risk,66,79.85,5234.95,Champions,4798.7,Premium,No,Low,No Action Needed
1363-TXLSL,0.9365,High Risk,1,70.3,70.3,Inactive,23.43,Low Value,Yes,High,Email Campaign
9507-EXLTT,0.9185,High Risk,1,79.35,79.35,At Risk,39.67,Low Value,Yes,High,Email Campaign
3161-GETRM,0.6096,Medium Risk,34,90.05,3097.0,Champions,2580.83,High Value,No,High,Loyalty Reward
0402-OAMEN,0.0094,Low Risk,72,24.45,1709.1,At Risk,996.98,High Value,No,Low,No Action Needed
6933-VLYFX,0.2662,Low Risk,31,59.95,1848.8,Loyal Customers,1386.6,High Value,No,Low,No Action Needed
6754-WKSHP,0.1045,Low Risk,30,25.35,723.3,At Risk,361.65,Medium Value,No,Low,No Action Needed
9846-GKXAS,0.8584,High Risk,9,90.8,809.75,Loyal Customers,539.83,Medium Value,Yes,High,Discount Offer
6017-PPLPX,0.709,High Risk,20,70.45,1470.95,At Risk,735.48,Medium Value,Yes,High,Discount Offer
4976-LNFVV,0.5271,Medium Risk,19,34.3,577.15,Inactive,240.48,Medium Value,No,Medium,SMS Reminder
5055-MGMGF,0.5085,Medium Risk,65,105.05,6914.95,Champions,6914.95,Premium,No,High,Loyalty Reward
4641-FROLU,0.0204,Low Risk,30,19.3,602.9,Inactive,251.21,Medium Value,No,Low,No Action Needed
2862-JVEOY,0.0382,Low Risk,6,19.15,124.4,Inactive,31.1,Low Value,No,Low,No Action Needed
2969-QWUBZ,0.7483,High Risk,2,51.4,96.8,At Risk,48.4,Low Value,No,High,Email Campaign
9822-BIIGN,0.1789,Low Risk,53,71.85,3827.9,Champions,3189.92,Premium,No,Low,No Action Needed
2077-MPJQO,0.8686,High Risk,7,75.4,533.05,At Risk,266.52,Medium Value,No,High,Discount Offer
1534-OULXE,0.0435,Low Risk,61,49.7,2961.4,Loyal Customers,1974.27,High Value,No,Low,No Action Needed
7136-RVDTZ,0.6149,Medium Risk,70,45.25,3264.45,Loyal Customers,2176.3,High Value,Yes,High,Loyalty Reward
2971-SGAFL,0.4604,Medium Risk,13,78.75,995.35,Loyal Customers,746.51,Medium Value,No,Medium,SMS Reminder
1480-IVEVR,0.1547,Low Risk,35,81.6,2815.25,Loyal Customers,2111.44,High Value,No,Low,No Action Needed
2905-KFQUV,0.785,High Risk,2,70.4,154.8,Inactive,64.5,Low Value,No,High,Email Campaign
4581-SSPWD,0.8827,High Risk,3,75.8,246.3,At Risk,123.15,Low Value,Yes,High,Email Campaign
3370-HXOPH,0.8765,High Risk,3,76.1,257.6,At Risk,128.8,Low Value,No,High,Email Campaign
9391-YZEJW,0.3455,Low Risk,62,94.0,5757.2,Champions,5277.43,Premium,No,Low,No Action Needed
9958-MEKUC,0.048,Low Risk,72,103.95,7517.7,Champions,7517.7,Premium,No,Low,No Action Needed
0281-CNTZX,0.0121,Low Risk,63,19.95,1234.8,At Risk,617.4,Medium Value,No,Low,No Action Needed
6927-WTFIV,0.5865,Medium Risk,20,71.3,1389.2,At Risk,694.6,Medium Value,Yes,Medium,SMS Reminder
4118-CEVPF,0.381,Low Risk,35,110.8,3836.3,Champions,3516.61,Premium,No,Low,No Action Needed
3398-ZOUAA,0.735,High Risk,21,69.1,1474.75,Inactive,614.48,Medium Value,Yes,High,Discount Offer
9114-VEPUF,0.1908,Low Risk,62,96.1,6001.45,Champions,6001.45,Premium,No,Low,No Action Needed
7876-BEUTG,0.5388,Medium Risk,15,48.8,720.1,At Risk,360.05,Medium Value,No,Medium,SMS Reminder
2338-BQEZT,0.2697,Low Risk,55,50.55,2832.75,At Risk,1652.44,High Value,No,Low,No Action Needed
9873-MNDKV,0.3939,Low Risk,11,44.65,472.25,Inactive,196.77,Medium Value,No,Low,No Action Needed
0378-NHQXU,0.743,High Risk,17,88.25,1460.65,Loyal Customers,973.77,High Value,Yes,Critical,Personal Relationship Manager
8241-JUIQO,0.0536,Low Risk,61,19.45,1336.35,At Risk,668.18,Medium Value,No,Low,No Action Needed
2194-IIQOF,0.0355,Low Risk,71,89.3,6388.65,Champions,5856.26,Premium,No,Low,No Action Needed
4512-ZUIYL,0.7721,High Risk,2,70.0,153.05,Inactive,51.02,Low Value,Yes,High,Email Campaign
9631-RXVJM,0.0123,Low Risk,35,19.25,677.9,Inactive,282.46,Medium Value,No,Low,No Action Needed
9584-EXCDZ,0.5251,Medium Risk,17,70.5,1165.6,At Risk,582.8,Medium Value,No,Medium,SMS Reminder
7969-AULMZ,0.8448,High Risk,21,97.35,2119.5,Loyal Customers,1589.62,High Value,Yes,Critical,Personal Relationship Manager
5093-FEGLU,0.0362,Low Risk,47,19.65,921.55,Inactive,383.98,Medium Value,No,Low,No Action Needed
2621-UDNLU,0.3315,Low Risk,3,20.85,72.0,Inactive,18.0,Low Value,No,Low,No Action Needed
7526-IVLYU,0.3761,Low Risk,3,19.65,68.35,Inactive,17.09,Low Value,No,Low,No Action Needed
2428-HYUNX,0.0387,Low Risk,44,19.35,847.25,Inactive,353.02,Medium Value,No,Low,No Action Needed
9214-EKVXR,0.7782,High Risk,1,44.0,44.0,Inactive,14.67,Low Value,No,High,Email Campaign
3410-MHHUM,0.1867,Low Risk,44,94.4,4295.35,Champions,3937.4,Premium,No,Low,No Action Needed
0568-ONFPC,0.4544,Medium Risk,5,25.9,135.0,Inactive,45.0,Low Value,Yes,Medium,SMS Reminder
0733-VUNUW,0.249,Low Risk,24,55.65,1400.55,At Risk,816.99,High Value,Yes,Low,No Action Needed
4550-EVXNY,0.9299,High Risk,1,69.65,69.65,Inactive,23.22,Low Value,Yes,High,Email Campaign
2122-YWVYA,0.6835,Medium Risk,18,75.4,1380.4,At Risk,805.23,Medium Value,No,Medium,SMS Reminder
2968-SSGAA,0.9344,High Risk,10,100.6,1060.2,Champions,883.5,High Value,Yes,Critical,Personal Relationship Manager
2296-DKZFP,0.0375,Low Risk,65,71.0,4386.2,Champions,4020.68,Premium,No,Low,No Action Needed
4844-JJWUY,0.9398,High Risk,1,86.0,86.0,At Risk,50.17,Low Value,Yes,High,Email Campaign
6777-TGHTM,0.5847,Medium Risk,53,106.95,5785.5,Champions,5303.38,Premium,Yes,High,Loyalty Reward
8909-BOLNL,0.1008,Low Risk,3,21.2,52.05,Inactive,13.01,Low Value,No,Low,No Action Needed
6603-YRDCJ,0.0358,Low Risk,33,61.05,2018.4,Loyal Customers,1345.6,High Value,No,Low,No Action Needed
3538-WZPHD,0.8236,High Risk,3,29.6,79.45,Inactive,19.86,Low Value,Yes,High,Email Campaign
3229-USWAR,0.1832,Low Risk,34,79.95,2727.3,Champions,2272.75,High Value,No,Low,No Action Needed
2138-VFAPZ,0.0386,Low Risk,14,19.7,263.65,Inactive,87.88,Low Value,No,Low,No Action Needed
6131-JLWZM,0.2282,Low Risk,13,20.3,275.4,Inactive,91.8,Low Value,No,Low,No Action Needed
4785-QRJHC,0.254,Low Risk,46,59.9,2816.65,Loyal Customers,2112.49,High Value,Yes,Low,No Action Needed
0269-XFESX,0.0992,Low Risk,23,24.35,538.5,Inactive,224.38,Medium Value,No,Low,No Action Needed
1709-EJDOX,0.0308,Low Risk,47,19.75,948.9,Inactive,395.38,Medium Value,No,Low,No Action Needed
4316-XCSLJ,0.297,Low Risk,17,50.3,846.8,At Risk,423.4,Medium Value,No,Low,No Action Needed
8610-WFCJF,0.7722,High Risk,49,95.6,4783.5,Champions,3986.25,Premium,Yes,Critical,Personal Relationship Manager
9693-XMUOB,0.6466,Medium Risk,59,50.25,2997.45,Loyal Customers,2248.09,High Value,No,High,Loyalty Reward
0383-CLDDA,0.0584,Low Risk,69,85.35,5897.4,Champions,5405.95,Premium,No,Low,No Action Needed
4905-JEFDW,0.4003,Medium Risk,11,41.6,470.6,At Risk,235.3,Medium Value,Yes,Medium,SMS Reminder
2709-UQGNP,0.3301,Low Risk,10,51.65,524.5,At Risk,262.25,Medium Value,No,Low,No Action Needed
3549-ZTMNH,0.0789,Low Risk,12,24.0,269.65,Inactive,112.35,Low Value,No,Low,No Action Needed
7881-INRLC,0.7039,High Risk,45,100.85,4740.0,Champions,4345.0,Premium,Yes,Critical,Personal Relationship Manager
8033-ATFAS,0.3264,Low Risk,39,59.85,2341.5,Loyal Customers,1561.0,High Value,No,Low,No Action Needed
1635-NZATJ,0.0147,Low Risk,71,25.45,1789.65,At Risk,1043.96,High Value,No,Low,No Action Needed
0562-HKHML,0.0103,Low Risk,71,23.9,1626.4,At Risk,948.73,High Value,No,Low,No Action Needed
8277-RVRSV,0.0747,Low Risk,33,24.15,800.3,At Risk,400.15,Medium Value,No,Low,No Action Needed
9943-VSZUV,0.3858,Low Risk,67,75.7,5060.85,Loyal Customers,3795.64,Premium,No,Low,No Action Needed
0117-LFRMW,0.2727,Low Risk,37,40.2,1448.8,Loyal Customers,965.87,High Value,Yes,Low,No Action Needed
6172-FECYY,0.656,Medium Risk,49,84.5,4254.85,Loyal Customers,3191.14,Premium,Yes,High,Loyalty Reward
7054-ENNGU,0.3309,Low Risk,9,50.85,466.6,Inactive,194.42,Medium Value,No,Low,No Action Needed
1455-HFBXA,0.0461,Low Risk,52,91.6,4627.8,Champions,4242.15,Premium,No,Low,No Action Needed
9402-CXWPL,0.3668,Low Risk,70,98.9,6838.6,Champions,6838.6,Premium,No,Low,No Action Needed
1628-BIZYP,0.9382,High Risk,1,85.0,85.0,At Risk,49.58,Low Value,No,High,Email Campaign
1965-AKTSX,0.8469,High Risk,14,78.95,1101.85,Loyal Customers,734.57,Medium Value,Yes,High,Discount Offer
0082-LDZUE,0.7759,High Risk,1,44.3,44.3,Inactive,14.77,Low Value,No,High,Email Campaign
4786-UKSNZ,0.5606,Medium Risk,1,20.2,20.2,Inactive,5.05,Low Value,Yes,Medium,SMS Reminder
5343-SGUBI,0.1105,Low Risk,52,80.2,4297.6,Loyal Customers,3223.2,Premium,No,Low,No Action Needed
0856-NAOES,0.3974,Low Risk,6,60.9,414.1,At Risk,207.05,Medium Value,No,Low,No Action Needed
1976-AZZPJ,0.4803,Medium Risk,7,34.2,256.6,Inactive,85.53,Low Value,No,Medium,SMS Reminder
7248-VZQLC,0.5625,Medium Risk,47,85.2,3969.35,Loyal Customers,2977.01,High Value,Yes,High,Loyalty Reward
6156-UZDLF,0.1116,Low Risk,26,87.15,2274.1,Loyal Customers,1516.07,High Value,No,Low,No Action Needed
3099-OONVS,0.2189,Low Risk,25,54.3,1296.8,At Risk,756.47,Medium Value,No,Low,No Action Needed
9500-WBGRP,0.0076,Low Risk,69,19.1,1268.85,At Risk,634.42,Medium Value,No,Low,No Action Needed
5183-KLYEM,0.0278,Low Risk,72,112.75,8192.6,Champions,8192.6,Premium,No,Low,No Action Needed
5144-PQCDZ,0.2931,Low Risk,4,19.95,59.25,Inactive,14.81,Low Value,No,Low,No Action Needed
8514-VZHEB,0.0596,Low Risk,59,19.5,1147.85,At Risk,573.92,Medium Value,No,Low,No Action Needed
6625-IUTTT,0.0373,Low Risk,67,65.55,4361.55,Loyal Customers,3271.16,Premium,No,Low,No Action Needed
9355-NPPFS,0.6761,Medium Risk,26,78.8,2006.1,At Risk,1170.22,High Value,No,High,Loyalty Reward
0068-FIGTF,0.2624,Low Risk,27,78.2,2078.95,Loyal Customers,1559.21,High Value,No,Low,No Action Needed
5965-GGPRW,0.1161,Low Risk,72,105.25,7609.75,Champions,7609.75,Premium,No,Low,No Action Needed
8035-PWSEV,0.8232,High Risk,6,89.25,487.05,At Risk,284.11,Medium Value,No,High,Discount Offer
2236-HILPA,0.0111,Low Risk,62,20.65,1218.45,At Risk,609.22,Medium Value,No,Low,No Action Needed
1840-BIUOG,0.2312,Low Risk,20,68.7,1416.2,Loyal Customers,944.13,High Value,No,Low,No Action Needed
1356-MKYSK,0.3504,Low Risk,6,78.65,483.3,Loyal Customers,322.2,Medium Value,No,Low,No Action Needed
6080-LNESI,0.0321,Low Risk,51,24.75,1234.6,At Risk,617.3,Medium Value,No,Low,No Action Needed
1830-IPXVJ,0.0192,Low Risk,61,19.75,1311.6,At Risk,655.8,Medium Value,No,Low,No Action Needed
5828-DWPIL,0.3332,Low Risk,62,89.1,5618.3,Champions,5150.11,Premium,No,Low,No Action Needed
8398-TBIYD,0.0131,Low Risk,72,84.7,6185.15,Champions,5154.29,Premium,No,Low,No Action Needed
0011-IGKFF,0.8405,High Risk,13,98.0,1237.85,Champions,1031.54,High Value,Yes,Critical,Personal Relationship Manager
4192-GORJT,0.8986,High Risk,5,94.45,498.1,Loyal Customers,332.07,Medium Value,Yes,High,Discount Offer
6496-SLWHQ,0.9411,High Risk,3,105.0,294.45,Loyal Customers,220.84,Medium Value,Yes,High,Discount Offer
9912-GVSEQ,0.8038,High Risk,26,93.85,2381.55,Champions,1984.63,High Value,Yes,Critical,Personal Relationship Manager
2931-FSOHN,0.5733,Medium Risk,13,59.9,788.35,At Risk,459.87,Medium Value,No,Medium,SMS Reminder
9418-RUKPH,0.0235,Low Risk,38,19.95,756.4,Inactive,315.17,Medium Value,No,Low,No Action Needed
5383-MMTWC,0.9181,High Risk,8,84.0,613.4,At Risk,357.82,Medium Value,Yes,High,Discount Offer
9971-ZWPBF,0.4946,Medium Risk,34,108.9,3625.2,Champions,3323.1,Premium,No,High,Loyalty Reward
4712-AUQZO,0.3325,Low Risk,18,33.6,550.35,Inactive,229.31,Medium Value,No,Low,No Action Needed
9711-FJTBX,0.0549,Low Risk,56,85.85,4793.8,Champions,3994.83,Premium,No,Low,No Action Needed
2908-ZTPNF,0.2369,Low Risk,36,34.85,1267.2,At Risk,633.6,Medium Value,No,Low,No Action Needed
7240-ETPTR,0.7771,High Risk,9,48.75,442.2,At Risk,221.1,Medium Value,Yes,High,Discount Offer
2202-CUYXZ,0.9479,High Risk,1,84.85,84.85,At Risk,49.5,Low Value,Yes,High,Email Campaign
5995-OIGLP,0.3311,Low Risk,12,56.65,654.85,At Risk,382.0,Medium Value,Yes,Low,No Action Needed
8421-WZOOW,0.307,Low Risk,57,95.3,5567.45,Champions,5567.45,Premium,No,Low,No Action Needed
6261-RCVNS,0.3572,Low Risk,42,73.9,3160.55,Champions,2633.79,High Value,Yes,Low,No Action Needed
7951-QKZPL,0.0534,Low Risk,33,24.5,740.3,At Risk,370.15,Medium Value,Yes,Low,No Action Needed
1414-YADCW,0.0261,Low Risk,70,84.6,5706.2,Champions,4755.17,Premium,No,Low,No Action Needed
8756-RDDLT,0.2982,Low Risk,68,44.95,3085.35,Loyal Customers,2314.01,High Value,No,Low,No Action Needed
2862-PFNIK,0.8168,High Risk,1,24.7,24.7,Inactive,6.18,Low Value,No,High,Email Campaign
5816-QVHRX,0.5415,Medium Risk,37,100.3,3541.4,Champions,3246.28,Premium,No,High,Loyalty Reward
4430-YHXGG,0.4122,Medium Risk,4,25.45,84.2,Inactive,28.07,Low Value,No,Medium,SMS Reminder
6888-SBYAI,0.7193,High Risk,1,50.7,50.7,Inactive,21.13,Low Value,No,High,Email Campaign
7395-XWZOY,0.3779,Low Risk,20,55.0,1165.55,Loyal Customers,777.03,Medium Value,No,Low,No Action Needed
7169-YWAMK,0.0108,Low Risk,72,68.4,4855.35,Champions,4046.13,Premium,No,Low,No Action Needed
3640-PHQXK,0.7658,High Risk,31,89.9,2806.9,Champions,2339.08,High Value,Yes,Critical,Personal Relationship Manager
6877-LGWXO,0.6862,Medium Risk,18,78.55,1422.65,At Risk,829.88,High Value,Yes,High,Loyalty Reward
6859-RKMZJ,0.4753,Medium Risk,11,55.05,608.15,At Risk,304.08,Medium Value,No,Medium,SMS Reminder
2729-VNVAP,0.0254,Low Risk,33,19.8,641.35,Inactive,267.23,Medium Value,No,Low,No Action Needed
2957-JIRMN,0.3194,Low Risk,62,84.45,4959.15,Champions,4132.62,Premium,No,Low,No Action Needed
2049-BAFNW,0.7293,High Risk,1,35.9,35.9,Inactive,14.96,Low Value,No,High,Email Campaign
3842-QTGDL,0.5136,Medium Risk,16,80.75,1321.3,Loyal Customers,880.87,High Value,No,High,Loyalty Reward
7163-OCEQI,0.3846,Low Risk,22,78.65,1663.75,Loyal Customers,1247.81,High Value,No,Low,No Action Needed
9782-LGXMC,0.1564,Low Risk,49,61.75,3024.15,Loyal Customers,2016.1,High Value,No,Low,No Action Needed
5975-BAICR,0.1617,Low Risk,36,63.7,2188.5,Loyal Customers,1459.0,High Value,No,Low,No Action Needed
8019-ENHXU,0.6871,Medium Risk,42,99.45,4138.05,Champions,3793.21,Premium,Yes,High,Loyalty Reward
5167-GBFRE,0.7488,High Risk,4,25.2,102.5,Inactive,25.62,Low Value,Yes,High,Email Campaign
9033-EOXWV,0.5002,Medium Risk,12,74.05,872.65,Loyal Customers,654.49,Medium Value,Yes,Medium,SMS Reminder
4673-KKSLS,0.5286,Medium Risk,31,87.6,2724.25,Loyal Customers,2043.19,High Value,No,High,Loyalty Reward
4853-OITSN,0.7518,High Risk,5,89.15,413.25,At Risk,241.06,Medium Value,No,High,Discount Offer
9800-OUIGR,0.011,Low Risk,66,20.0,1374.2,At Risk,687.1,Medium Value,No,Low,No Action Needed
1324-NLTJE,0.6437,Medium Risk,15,55.0,757.1,At Risk,441.64,Medium Value,Yes,Medium,SMS Reminder
2324-EFHVG,0.1846,Low Risk,64,104.4,6692.65,Champions,6692.65,Premium,No,Low,No Action Needed
7094-MSZAO,0.2248,Low Risk,10,20.05,218.5,Inactive,72.83,Low Value,No,Low,No Action Needed
1522-VVDMG,0.806,High Risk,7,89.75,608.8,At Risk,355.13,Medium Value,Yes,High,Discount Offer
6907-CQGPN,0.2911,Low Risk,29,34.3,1004.75,Inactive,418.65,Medium Value,No,Low,No Action Needed
0780-XNZFN,0.065,Low Risk,57,20.65,1125.6,At Risk,562.8,Medium Value,No,Low,No Action Needed
0239-OXEXL,0.2965,Low Risk,46,84.25,3847.6,Loyal Customers,2885.7,High Value,No,Low,No Action Needed
2675-IJRGJ,0.0787,Low Risk,53,19.65,978.0,Inactive,407.5,Medium Value,No,Low,No Action Needed
7049-GKVZY,0.2831,Low Risk,17,79.85,1387.35,Loyal Customers,1040.51,High Value,No,Low,No Action Needed
8577-QSOCG,0.0235,Low Risk,38,20.2,746.05,Inactive,310.85,Medium Value,No,Low,No Action Needed
3721-CNZHX,0.0803,Low Risk,15,19.8,304.6,Inactive,101.53,Low Value,No,Low,No Action Needed
0212-ISBBF,0.7271,High Risk,22,50.35,1098.85,At Risk,641.0,Medium Value,No,High,Discount Offer
9185-TQCVP,0.8856,High Risk,14,85.15,1139.2,Loyal Customers,759.47,Medium Value,Yes,High,Discount Offer
3585-YNADK,0.0828,Low Risk,57,74.6,4368.95,Champions,4004.87,Premium,No,Low,No Action Needed
5271-DBYSJ,0.7495,High Risk,11,79.15,827.7,At Risk,482.83,Medium Value,No,High,Discount Offer
1099-GODLO,0.0509,Low Risk,1,20.35,20.35,Inactive,5.09,Low Value,No,Low,No Action Needed
6828-HMKWP,0.0576,Low Risk,12,21.05,262.05,Inactive,87.35,Low Value,No,Low,No Action Needed
5567-WSELE,0.9403,High Risk,3,94.6,279.55,Loyal Customers,186.37,Medium Value,Yes,High,Discount Offer
1472-TNCWL,0.4801,Medium Risk,36,94.7,3512.5,Champions,2927.08,High Value,No,High,Loyalty Reward
8063-RJYNF,0.7643,High Risk,16,94.25,1483.25,Loyal Customers,1112.44,High Value,Yes,Critical,Personal Relationship Manager
0687-ZVTHB,0.2303,Low Risk,65,72.45,4653.85,Champions,4266.03,Premium,Yes,Low,No Action Needed
2080-GKCWQ,0.7794,High Risk,2,74.95,151.75,At Risk,75.88,Low Value,No,High,Email Campaign
9661-ACXBS,0.746,High Risk,42,105.2,4400.75,Champions,4034.02,Premium,Yes,Critical,Personal Relationship Manager
2193-SFWQW,0.017,Low Risk,72,111.95,8033.1,Champions,8033.1,Premium,No,Low,No Action Needed
5656-JAMLX,0.0196,Low Risk,62,19.85,1253.65,At Risk,626.83,Medium Value,No,Low,No Action Needed
3462-BJQQA,0.9177,High Risk,6,89.75,552.65,At Risk,322.38,Medium Value,No,High,Discount Offer
0442-TDYUO,0.0226,Low Risk,48,20.05,1036.0,Inactive,431.67,Medium Value,No,Low,No Action Needed
6733-LRIZX,0.2647,Low Risk,35,108.95,4025.5,Champions,3690.04,Premium,No,Low,No Action Needed
9503-XJUME,0.0363,Low Risk,52,19.65,928.4,Inactive,386.83,Medium Value,No,Low,No Action Needed
4367-NHWMM,0.8214,High Risk,1,24.9,24.9,Inactive,6.22,Low Value,No,High,Email Campaign
3727-RJMEO,0.9071,High Risk,6,82.85,460.25,At Risk,268.48,Medium Value,Yes,High,Discount Offer
3779-OSWCF,0.0758,Low Risk,71,93.2,6506.15,Champions,6506.15,Premium,No,Low,No Action Needed
6736-DHUQI,0.0675,Low Risk,67,84.8,5598.3,Champions,4665.25,Premium,No,Low,No Action Needed
3915-ODIYG,0.1286,Low Risk,60,71.75,4374.55,Champions,4010.0,Premium,No,Low,No Action Needed
1360-RCYRT,0.2188,Low Risk,23,30.35,678.75,Inactive,226.25,Medium Value,No,Low,No Action Needed
2724-FJDYW,0.1591,Low Risk,39,54.85,2191.7,Loyal Customers,1461.13,High Value,No,Low,No Action Needed
4451-RWASJ,0.0629,Low Risk,15,19.5,239.75,Inactive,79.92,Low Value,No,Low,No Action Needed
6646-VRFOL,0.8277,High Risk,53,103.85,5485.5,Champions,5028.38,Premium,Yes,Critical,Personal Relationship Manager
3460-TJBWI,0.0662,Low Risk,24,24.2,609.05,Inactive,253.77,Medium Value,No,Low,No Action Needed
5917-HBSDW,0.2661,Low Risk,37,19.35,683.75,Inactive,284.9,Medium Value,No,Low,No Action Needed
5685-IIXLY,0.8315,High Risk,5,83.6,404.2,At Risk,235.78,Medium Value,Yes,High,Discount Offer
5671-UUNXD,0.542,Medium Risk,50,100.65,5189.75,Champions,4757.27,Premium,No,High,Loyalty Reward
0956-ACVZC,0.3593,Low Risk,54,94.1,5060.9,Champions,4217.42,Premium,No,Low,No Action Needed
2325-NBPZG,0.7063,High Risk,3,74.55,233.65,At Risk,116.82,Low Value,No,High,Email Campaign
4250-ZBWLV,0.6161,Medium Risk,68,108.45,7176.55,Champions,7176.55,Premium,Yes,High,Loyalty Reward
4482-FTFFX,0.5938,Medium Risk,5,56.15,291.45,At Risk,145.72,Low Value,No,Medium,SMS Reminder
8859-DZTGQ,0.0273,Low Risk,33,20.35,689.75,Inactive,287.4,Medium Value,No,Low,No Action Needed
0440-MOGPM,0.3687,Low Risk,41,80.55,3263.9,Champions,2719.92,High Value,No,Low,No Action Needed
0020-JDNXP,0.2264,Low Risk,34,61.25,1993.2,Loyal Customers,1494.9,High Value,No,Low,No Action Needed
3752-CQSJI,0.174,Low Risk,13,20.45,254.5,Inactive,84.83,Low Value,No,Low,No Action Needed
5025-GOOKI,0.0499,Low Risk,20,18.9,347.65,Inactive,115.88,Low Value,No,Low,No Action Needed
4698-KVLLG,0.0221,Low Risk,51,19.6,967.9,Inactive,403.29,Medium Value,No,Low,No Action Needed
5095-AESKG,0.9107,High Risk,3,91.5,242.95,Loyal Customers,161.97,Low Value,Yes,High,Email Campaign
2887-JPYLU,0.2132,Low Risk,41,45.2,1841.9,At Risk,920.95,High Value,No,Low,No Action Needed
4770-QAZXN,0.1785,Low Risk,13,19.45,232.1,Inactive,77.37,Low Value,No,Low,No Action Needed
4896-CPRPF,0.0421,Low Risk,35,25.45,809.25,At Risk,404.62,Medium Value,No,Low,No Action Needed
1871-MOWRM,0.5925,Medium Risk,12,80.85,866.45,Loyal Customers,577.63,Medium Value,Yes,Medium,SMS Reminder
9714-EDSUC,0.7246,High Risk,4,94.9,360.55,Loyal Customers,270.41,Medium Value,No,High,Discount Offer
2027-OAQQC,0.4968,Medium Risk,43,49.05,2076.2,Loyal Customers,1384.13,High Value,Yes,High,Loyalty Reward
0282-NVSJS,0.4191,Medium Risk,12,29.3,355.9,Inactive,118.63,Low Value,No,Medium,SMS Reminder
9090-SGQXL,0.8219,High Risk,68,105.3,7299.65,Champions,7299.65,Premium,Yes,Critical,Personal Relationship Manager
6595-YGXIT,0.8067,High Risk,25,88.95,2291.2,Loyal Customers,1527.47,High Value,Yes,Critical,Personal Relationship Manager
7353-YOWFP,0.0694,Low Risk,7,20.25,129.15,Inactive,32.29,Low Value,No,Low,No Action Needed
9835-ZIITK,0.6819,Medium Risk,66,110.85,7491.75,Champions,7491.75,Premium,Yes,High,Loyalty Reward
8008-ESFLK,0.5361,Medium Risk,53,110.5,5835.5,Champions,5349.21,Premium,No,High,Loyalty Reward
7537-CBQUZ,0.5303,Medium Risk,63,109.4,7031.45,Champions,7031.45,Premium,No,High,Loyalty Reward
1555-DJEQW,0.2854,Low Risk,70,114.2,7723.9,Champions,7723.9,Premium,Yes,Low,No Action Needed
5649-TJHOV,0.5894,Medium Risk,27,36.5,1032.0,Inactive,430.0,Medium Value,Yes,Medium,SMS Reminder
0519-XUZJU,0.8878,High Risk,1,70.75,70.75,Inactive,29.48,Low Value,Yes,High,Email Campaign
3363-EWLGO,0.2885,Low Risk,5,19.95,109.6,Inactive,27.4,Low Value,No,Low,No Action Needed
4750-UKWJK,0.0516,Low Risk,37,19.6,727.8,Inactive,303.25,Medium Value,No,Low,No Action Needed
6338-AVWCY,0.82,High Risk,3,40.15,130.75,Inactive,54.48,Low Value,Yes,High,Email Campaign
1689-YQBYY,0.831,High Risk,12,76.6,893.0,At Risk,520.92,Medium Value,No,High,Discount Offer
4487-ZYJZK,0.0327,Low Risk,38,19.6,763.1,Inactive,317.96,Medium Value,No,Low,No Action Needed
2959-FENLU,0.8187,High Risk,9,85.3,781.4,At Risk,455.82,Medium Value,No,High,Discount Offer
0708-LGSMF,0.4731,Medium Risk,13,65.85,902.25,At Risk,526.31,Medium Value,No,Medium,SMS Reminder
9253-QXKBE,0.8135,High Risk,29,94.45,2653.65,Loyal Customers,1990.24,High Value,Yes,Critical,Personal Relationship Manager
7634-HLQJR,0.0211,Low Risk,47,20.05,1016.7,Inactive,423.63,Medium Value,No,Low,No Action Needed
0487-RPVUM,0.2012,Low Risk,61,99.4,5943.65,Champions,5943.65,Premium,No,Low,No Action Needed
4079-ULGFR,0.2107,Low Risk,16,20.0,275.7,Inactive,91.9,Low Value,No,Low,No Action Needed
2516-XSJKX,0.1089,Low Risk,41,78.45,3126.45,Champions,2605.38,High Value,No,Low,No Action Needed
0057-QBUQH,0.0835,Low Risk,43,25.1,1070.15,At Risk,535.08,Medium Value,No,Low,No Action Needed
9445-SZLCH,0.4957,Medium Risk,36,97.35,3457.9,Champions,3169.74,Premium,Yes,High,Loyalty Reward
6599-SFQVE,0.6234,Medium Risk,6,55.0,340.4,Inactive,141.83,Low Value,No,Medium,SMS Reminder
8331-ZXFOE,0.0723,Low Risk,58,71.1,4299.2,Champions,3940.93,Premium,No,Low,No Action Needed
4003-FUSHP,0.2873,Low Risk,19,61.55,1093.2,At Risk,637.7,Medium Value,No,Low,No Action Needed
0356-ERHVT,0.4046,Medium Risk,11,45.9,521.9,Inactive,217.46,Medium Value,No,Medium,SMS Reminder
7325-ENZFI,0.0706,Low Risk,39,40.3,1630.4,Loyal Customers,1086.93,High Value,No,Low,No Action Needed
4884-ZTHVF,0.8598,High Risk,8,87.1,713.6,At Risk,416.27,Medium Value,No,High,Discount Offer
3920-HIHMQ,0.2334,Low Risk,26,49.5,1265.65,At Risk,632.83,Medium Value,No,Low,No Action Needed
3055-OYMSE,0.4751,Medium Risk,53,73.8,4003.85,Loyal Customers,2669.23,High Value,No,High,Loyalty Reward
0613-WUXUM,0.0112,Low Risk,70,19.2,1401.4,At Risk,700.7,Medium Value,No,Low,No Action Needed
7568-PODML,0.871,High Risk,1,45.3,45.3,Inactive,18.88,Low Value,Yes,High,Email Campaign
4458-KVRBJ,0.0334,Low Risk,59,25.0,1510.5,At Risk,881.12,High Value,No,Low,No Action Needed
5349-IECLD,0.8709,High Risk,2,94.95,178.1,Loyal Customers,118.73,Low Value,Yes,High,Email Campaign
1397-XKKWR,0.2206,Low Risk,7,35.3,264.8,Inactive,88.27,Low Value,No,Low,No Action Needed
3945-GFWQL,0.4978,Medium Risk,12,44.55,480.6,Inactive,200.25,Medium Value,Yes,Medium,SMS Reminder
8097-OMULG,0.1483,Low Risk,59,76.75,4541.9,Champions,4163.41,Premium,No,Low,No Action Needed
6013-BHCAW,0.0259,Low Risk,61,81.0,4976.15,Champions,4561.47,Premium,No,Low,No Action Needed
0401-WDBXM,0.1291,Low Risk,72,105.55,7542.25,Champions,7542.25,Premium,No,Low,No Action Needed
3387-PLKUI,0.0604,Low Risk,13,18.8,251.25,Inactive,83.75,Low Value,No,Low,No Action Needed
6096-EGVTU,0.0303,Low Risk,64,24.9,1595.5,At Risk,930.71,High Value,No,Low,No Action Needed
3797-VTIDR,0.8819,High Risk,1,23.45,23.45,Inactive,5.86,Low Value,Yes,High,Email Campaign
5081-NWSUP,0.2784,Low Risk,10,64.9,685.55,At Risk,399.9,Medium Value,No,Low,No Action Needed
2580-ATZSQ,0.0489,Low Risk,65,61.35,3874.1,Loyal Customers,2905.58,High Value,No,Low,No Action Needed
8085-MSNLK,0.104,Low Risk,62,113.95,6891.4,Champions,6891.4,Premium,No,Low,No Action Needed
9691-HKOVS,0.2307,Low Risk,55,90.15,4916.95,Champions,4507.2,Premium,No,Low,No Action Needed
9881-VCZEP,0.3397,Low Risk,25,54.1,1373.0,At Risk,800.92,Medium Value,No,Low,No Action Needed
9526-BIHHD,0.7149,High Risk,1,29.7,29.7,Inactive,7.42,Low Value,Yes,High,Email Campaign
8757-TFHHJ,0.6536,Medium Risk,1,49.8,49.8,Inactive,20.75,Low Value,No,Medium,SMS Reminder
4523-WXCEF,0.602,Medium Risk,59,101.1,6039.9,Champions,6039.9,Premium,Yes,High,Loyalty Reward
1468-DEFNC,0.0223,Low Risk,64,24.4,1548.65,At Risk,903.38,High Value,No,Low,No Action Needed
5119-KEPFY,0.6235,Medium Risk,36,95.0,3440.25,Champions,2866.88,High Value,No,High,Loyalty Reward
8364-TRMMK,0.7744,High Risk,3,50.65,151.3,Inactive,63.04,Low Value,Yes,High,Email Campaign
0916-KNFAJ,0.0227,Low Risk,61,69.9,4226.7,Champions,3522.25,Premium,No,Low,No Action Needed
8319-QBEHW,0.1206,Low Risk,26,39.95,1023.75,At Risk,511.88,Medium Value,No,Low,No Action Needed
3063-QFSZL,0.8458,High Risk,1,55.4,55.4,Inactive,23.08,Low Value,Yes,High,Email Campaign
8775-LHDJH,0.9605,High Risk,1,90.6,90.6,Loyal Customers,60.4,Low Value,Yes,High,Email Campaign
9625-QNLUX,0.1468,Low Risk,68,103.25,7074.4,Champions,7074.4,Premium,No,Low,No Action Needed
3097-NQYSN,0.9223,High Risk,2,86.85,156.35,At Risk,91.2,Low Value,Yes,High,Email Campaign
4024-CSNBY,0.0212,Low Risk,72,94.25,6849.75,Champions,6849.75,Premium,No,Low,No Action Needed
7110-BDTWG,0.215,Low Risk,71,47.05,3263.6,Loyal Customers,2447.7,High Value,No,Low,No Action Needed
7493-GVFIO,0.0246,Low Risk,57,20.55,1252.85,At Risk,626.42,Medium Value,No,Low,No Action Needed
0690-SRQID,0.3278,Low Risk,4,19.65,67.55,Inactive,16.89,Low Value,No,Low,No Action Needed
9605-WGJVW,0.9372,High Risk,1,70.2,70.2,Inactive,23.4,Low Value,No,High,Email Campaign
9114-DPSIA,0.0193,Low Risk,72,81.0,5750.0,Champions,5270.83,Premium,No,Low,No Action Needed
4700-UBQMV,0.2712,Low Risk,21,75.9,1549.75,Loyal Customers,1162.31,High Value,No,Low,No Action Needed
7711-GQBZC,0.0106,Low Risk,71,24.7,1810.55,At Risk,1056.15,High Value,No,Low,No Action Needed
3565-UNOCC,0.7877,High Risk,29,99.05,2952.85,Champions,2460.71,High Value,Yes,Critical,Personal Relationship Manager
4627-MIHJH,0.2186,Low Risk,69,110.25,7467.55,Champions,7467.55,Premium,No,Low,No Action Needed
9795-NREXC,0.045,Low Risk,64,85.0,5484.4,Champions,5027.37,Premium,No,Low,No Action Needed
8573-CGOCC,0.2272,Low Risk,16,19.75,294.9,Inactive,98.3,Low Value,No,Low,No Action Needed
7356-AYNJP,0.1548,Low Risk,4,23.9,97.5,Inactive,32.5,Low Value,No,Low,No Action Needed
9249-FXSCK,0.4752,Medium Risk,52,111.25,5916.45,Champions,5423.41,Premium,Yes,High,Loyalty Reward
5493-SDRDQ,0.6347,Medium Risk,2,55.1,113.35,At Risk,56.68,Low Value,Yes,Medium,SMS Reminder
6286-SUUWT,0.6078,Medium Risk,1,19.95,19.95,Inactive,4.99,Low Value,No,Medium,SMS Reminder
4819-HJPIW,0.385,Low Risk,18,25.15,476.8,Inactive,158.93,Low Value,No,Low,No Action Needed
8654-DHAOW,0.6969,Medium Risk,2,54.15,101.65,At Risk,50.82,Low Value,No,Medium,SMS Reminder
5438-QMDDL,0.3843,Low Risk,19,59.8,1130.85,At Risk,659.66,Medium Value,No,Low,No Action Needed
9812-GHVRI,0.4781,Medium Risk,40,83.85,3532.25,Loyal Customers,2649.19,High Value,No,High,Loyalty Reward
5553-AOINX,0.4849,Medium Risk,66,104.9,6891.45,Champions,6891.45,Premium,No,High,Loyalty Reward
1228-ZLNBX,0.5052,Medium Risk,21,75.3,1570.7,At Risk,916.24,High Value,No,High,Loyalty Reward
4226-KKDON,0.4186,Medium Risk,8,66.65,520.95,At Risk,260.48,Medium Value,No,Medium,SMS Reminder
3831-YCPUO,0.0135,Low Risk,72,109.5,7854.9,Champions,7854.9,Premium,No,Low,No Action Needed
7445-WMRBW,0.0883,Low Risk,48,73.85,3581.4,Champions,2984.5,High Value,No,Low,No Action Needed
3308-DGHKL,0.0103,Low Risk,69,19.3,1447.9,At Risk,723.95,Medium Value,No,Low,No Action Needed
9924-JPRMC,0.0524,Low Risk,72,118.2,8547.15,Champions,8547.15,Premium,No,Low,No Action Needed
0080-EMYVY,0.1682,Low Risk,14,51.45,727.85,At Risk,363.92,Medium Value,No,Low,No Action Needed
6218-KNUBD,0.4131,Medium Risk,6,59.45,357.6,At Risk,178.8,Medium Value,No,Medium,SMS Reminder
7337-CINUD,0.0486,Low Risk,8,19.5,159.35,Inactive,39.84,Low Value,No,Low,No Action Needed
7609-NRNCA,0.0632,Low Risk,17,19.55,280.85,Inactive,93.62,Low Value,No,Low,No Action Needed
0623-EJQEG,0.2276,Low Risk,65,93.55,6069.25,Champions,6069.25,Premium,No,Low,No Action Needed
7153-CHRBV,0.0734,Low Risk,57,59.3,3274.35,Loyal Customers,2455.76,High Value,No,Low,No Action Needed
0871-URUWO,0.8809,High Risk,13,102.25,1359.0,Champions,1132.5,High Value,Yes,Critical,Personal Relationship Manager
9190-MFJLN,0.7295,High Risk,19,95.9,1777.9,Loyal Customers,1333.43,High Value,Yes,Critical,Personal Relationship Manager
6198-PNNSZ,0.3217,Low Risk,56,109.8,6109.65,Champions,6109.65,Premium,No,Low,No Action Needed
3317-VLGQT,0.8022,High Risk,14,78.1,1122.4,At Risk,654.73,Medium Value,No,High,Discount Offer
4132-POCZS,0.4588,Medium Risk,52,39.9,2020.9,At Risk,1178.86,High Value,No,High,Loyalty Reward
5614-DNZCE,0.0434,Low Risk,58,64.9,3795.45,Champions,3162.88,Premium,No,Low,No Action Needed
1095-JUDTC,0.7154,High Risk,47,95.05,4504.55,Champions,4129.17,Premium,Yes,Critical,Personal Relationship Manager
3896-RCYYE,0.2128,Low Risk,67,53.4,3579.15,Loyal Customers,2684.36,High Value,No,Low,No Action Needed
9638-JIQYA,0.6971,Medium Risk,2,24.9,49.7,Inactive,12.42,Low Value,No,Medium,SMS Reminder
3258-SANFR,0.5556,Medium Risk,6,44.7,276.5,Inactive,92.17,Low Value,No,Medium,SMS Reminder
3726-TBHQT,0.0683,Low Risk,71,114.0,8175.9,Champions,8175.9,Premium,No,Low,No Action Needed
3190-ITQXP,0.0313,Low Risk,46,20.25,890.35,Inactive,370.98,Medium Value,No,Low,No Action Needed
0870-VEMYL,0.5993,Medium Risk,5,53.85,259.8,At Risk,129.9,Low Value,Yes,Medium,SMS Reminder
4833-QTJNO,0.3051,Low Risk,67,83.85,5588.8,Champions,4657.33,Premium,No,Low,No Action Needed
3039-MJSLN,0.4001,Medium Risk,3,20.2,50.6,Inactive,12.65,Low Value,No,Medium,SMS Reminder
0178-CIIKR,0.334,Low Risk,3,19.95,58.0,Inactive,14.5,Low Value,No,Low,No Action Needed
5385-SUIRI,0.7749,High Risk,52,104.2,5568.35,Champions,5104.32,Premium,Yes,Critical,Personal Relationship Manager
3982-XWFZQ,0.4513,Medium Risk,42,50.25,2203.65,At Risk,1285.46,High Value,Yes,High,Loyalty Reward
5774-QPLTF,0.0367,Low Risk,50,20.35,938.95,Inactive,391.23,Medium Value,No,Low,No Action Needed
2322-VCZHZ,0.6133,Medium Risk,23,90.0,2024.1,Loyal Customers,1518.07,High Value,No,High,Loyalty Reward
5010-IPEAQ,0.0418,Low Risk,67,54.2,3623.95,Champions,3019.96,Premium,No,Low,No Action Needed
4009-ALQFH,0.8295,High Risk,25,99.5,2369.05,Champions,1974.21,High Value,Yes,Critical,Personal Relationship Manager
6383-ZTSIW,0.312,Low Risk,39,99.1,3877.95,Champions,3554.79,Premium,No,Low,No Action Needed
8990-YOZLV,0.022,Low Risk,69,66.9,4577.9,Champions,3814.92,Premium,No,Low,No Action Needed
3069-SSVSN,0.2734,Low Risk,1,25.85,25.85,Inactive,6.46,Low Value,No,Low,No Action Needed
5222-IMUKT,0.649,Medium Risk,32,91.05,2871.5,Champions,2392.92,High Value,No,High,Loyalty Reward
3627-FCRDW,0.7736,High Risk,9,71.0,672.55,Inactive,280.23,Medium Value,Yes,High,Discount Offer
7562-GSUHK,0.7112,High Risk,16,93.2,1573.7,Loyal Customers,1180.28,High Value,Yes,Critical,Personal Relationship Manager
6685-XSHHU,0.0192,Low Risk,60,20.95,1270.55,At Risk,635.28,Medium Value,No,Low,No Action Needed
8901-UPRHR,0.1227,Low Risk,72,109.2,7711.45,Champions,7711.45,Premium,No,Low,No Action Needed
4903-UYAVB,0.4331,Medium Risk,5,19.35,126.05,Inactive,31.51,Low Value,Yes,Medium,SMS Reminder
0118-JPNOY,0.5362,Medium Risk,26,85.8,2193.65,Loyal Customers,1462.43,High Value,No,High,Loyalty Reward
6776-TLWOI,0.3932,Low Risk,3,19.85,64.55,Inactive,16.14,Low Value,Yes,Low,No Action Needed
3845-FXCYS,0.4082,Medium Risk,2,19.65,31.2,Inactive,7.8,Low Value,No,Medium,SMS Reminder
5857-XRECV,0.0631,Low Risk,2,20.5,38.25,Inactive,9.56,Low Value,No,Low,No Action Needed
0725-CXOTM,0.2547,Low Risk,36,89.65,3348.1,Champions,2790.08,High Value,No,Low,No Action Needed
4343-EJVQB,0.6102,Medium Risk,7,74.35,533.6,At Risk,266.8,Medium Value,No,Medium,SMS Reminder
9000-PLFUZ,0.0717,Low Risk,60,49.45,2907.55,Loyal Customers,2180.66,High Value,No,Low,No Action Needed
3427-GGZZI,0.7813,High Risk,19,89.1,1620.8,Loyal Customers,1080.53,High Value,No,Critical,Personal Relationship Manager
7779-ORAEL,0.0744,Low Risk,45,75.15,3480.35,Champions,2900.29,High Value,No,Low,No Action Needed
0644-OQMDK,0.8375,High Risk,4,70.65,293.85,Inactive,122.44,Low Value,No,High,Email Campaign
4077-CROMM,0.7409,High Risk,31,104.2,3243.45,Champions,2973.16,High Value,Yes,Critical,Personal Relationship Manager
3154-CFSZG,0.3935,Low Risk,47,90.05,4137.2,Champions,3447.67,Premium,No,Low,No Action Needed
2868-MZAGQ,0.9327,High Risk,1,79.25,79.25,At Risk,39.62,Low Value,Yes,High,Email Campaign
4847-QNOKA,0.7782,High Risk,1,44.9,44.9,Inactive,14.97,Low Value,Yes,High,Email Campaign
2220-IAHLS,0.3231,Low Risk,1,19.4,19.4,Inactive,4.85,Low Value,No,Low,No Action Needed
1658-XUHBX,0.6063,Medium Risk,59,88.75,5348.65,Champions,4457.21,Premium,No,High,Loyalty Reward
6379-RXJRQ,0.799,High Risk,10,70.1,659.65,Inactive,274.85,Medium Value,Yes,High,Discount Offer
2378-HTWFW,0.5703,Medium Risk,35,91.0,3180.5,Champions,2650.42,High Value,No,High,Loyalty Reward
8650-RHRKE,0.8047,High Risk,4,29.65,118.5,Inactive,29.62,Low Value,Yes,High,Email Campaign
4377-VDHYI,0.2289,Low Risk,32,90.8,3023.85,Champions,2519.88,High Value,No,Low,No Action Needed
0475-RIJEP,0.6668,Medium Risk,43,77.85,3365.85,Loyal Customers,2524.39,High Value,Yes,High,Loyalty Reward
1260-TTRXI,0.6966,Medium Risk,4,54.3,195.3,Inactive,81.38,Low Value,Yes,Medium,SMS Reminder
3719-TDVQB,0.0097,Low Risk,54,18.95,1031.1,Inactive,429.62,Medium Value,No,Low,No Action Needed
6328-ZPBGN,0.9067,High Risk,11,95.15,997.65,Loyal Customers,748.24,Medium Value,Yes,High,Discount Offer
0201-MIBOL,0.2561,Low Risk,66,102.4,6471.85,Champions,6471.85,Premium,No,Low,No Action Needed
4937-QPZPO,0.5188,Medium Risk,61,99.9,6241.35,Champions,6241.35,Premium,No,High,Loyalty Reward
2925-VDZHY,0.0268,Low Risk,72,88.7,6501.35,Champions,5959.57,Premium,No,Low,No Action Needed
6981-TDRFT,0.3157,Low Risk,44,54.3,2317.1,Loyal Customers,1544.73,High Value,No,Low,No Action Needed
3413-CSSTH,0.2599,Low Risk,41,55.7,2237.55,Loyal Customers,1491.7,High Value,No,Low,No Action Needed
8033-VCZGH,0.6289,Medium Risk,50,103.95,5231.3,Champions,4795.36,Premium,No,High,Loyalty Reward
4789-KWMXN,0.5747,Medium Risk,47,110.85,5275.8,Champions,4836.15,Premium,Yes,High,Loyalty Reward
0224-NIJLP,0.0328,Low Risk,8,20.15,165.5,Inactive,41.38,Low Value,No,Low,No Action Needed
7542-CYDDM,0.1346,Low Risk,18,20.05,358.5,Inactive,119.5,Low Value,No,Low,No Action Needed
4718-WXBGI,0.0416,Low Risk,72,91.95,6614.9,Champions,6614.9,Premium,No,Low,No Action Needed
2867-UIMSS,0.9137,High Risk,1,80.5,80.5,At Risk,40.25,Low Value,Yes,High,Email Campaign
8495-PRWFH,0.5156,Medium Risk,42,55.65,2421.75,Loyal Customers,1614.5,High Value,No,High,Loyalty Reward
0439-IFYUN,0.731,High Risk,18,74.7,1294.6,At Risk,755.18,Medium Value,No,High,Discount Offer
5716-LIBJC,0.4539,Medium Risk,13,104.15,1299.1,Champions,1082.58,High Value,No,High,Loyalty Reward
2868-LLSKM,0.1051,Low Risk,68,83.65,5733.4,Champions,4777.83,Premium,No,Low,No Action Needed
8111-RKSPX,0.8671,High Risk,4,72.2,305.55,At Risk,152.78,Low Value,Yes,High,Email Campaign
2988-QRAJY,0.2243,Low Risk,69,110.05,7430.75,Champions,7430.75,Premium,No,Low,No Action Needed
1585-MQSSU,0.2474,Low Risk,17,51.5,900.5,At Risk,450.25,Medium Value,Yes,Low,No Action Needed
0071-NDAFP,0.0722,Low Risk,25,25.5,630.6,Inactive,262.75,Medium Value,No,Low,No Action Needed
2856-NNASM,0.5811,Medium Risk,43,89.55,3856.75,Loyal Customers,2892.56,High Value,Yes,High,Loyalty Reward
7328-ZJAJO,0.0217,Low Risk,59,19.5,1222.65,At Risk,611.33,Medium Value,No,Low,No Action Needed
6458-CYIDZ,0.6228,Medium Risk,5,80.7,374.8,At Risk,218.63,Medium Value,No,Medium,SMS Reminder
8559-CIZFV,0.1361,Low Risk,21,77.5,1625.0,Loyal Customers,1218.75,High Value,Yes,Low,No Action Needed
1090-PYKCI,0.1097,Low Risk,69,105.1,7234.8,Champions,7234.8,Premium,No,Low,No Action Needed
3058-WQDRE,0.6398,Medium Risk,13,25.15,331.85,Inactive,110.62,Low Value,No,Medium,SMS Reminder
7547-EKNFS,0.555,Medium Risk,42,95.25,3959.35,Champions,3629.4,Premium,Yes,High,Loyalty Reward
2279-AXJJK,0.4882,Medium Risk,52,95.65,5088.4,Champions,4664.37,Premium,No,High,Loyalty Reward
6769-DYBQN,0.4861,Medium Risk,46,85.0,3969.4,Loyal Customers,2977.05,High Value,Yes,High,Loyalty Reward
0909-SELIE,0.0169,Low Risk,61,80.8,4860.85,Champions,4455.78,Premium,No,Low,No Action Needed
3417-TSCIC,0.1755,Low Risk,29,24.85,788.05,Inactive,262.68,Medium Value,No,Low,No Action Needed
1042-HFUCW,0.1053,Low Risk,25,54.75,1266.35,At Risk,738.7,Medium Value,No,Low,No Action Needed
4439-JMPMT,0.8407,High Risk,5,85.75,470.95,At Risk,274.72,Medium Value,Yes,High,Discount Offer
6537-OTKMY,0.5457,Medium Risk,15,50.75,688.2,At Risk,401.45,Medium Value,No,Medium,SMS Reminder
8999-EXMNO,0.0301,Low Risk,19,20.15,387.7,Inactive,129.23,Low Value,No,Low,No Action Needed
6725-TPKJO,0.0215,Low Risk,44,20.05,845.25,Inactive,352.19,Medium Value,No,Low,No Action Needed
2446-BEGGB,0.9482,High Risk,6,98.25,560.6,Loyal Customers,420.45,Medium Value,Yes,High,Discount Offer
7162-WPHPM,0.0361,Low Risk,58,71.6,4230.25,Champions,3877.73,Premium,No,Low,No Action Needed
1599-MMYRQ,0.0578,Low Risk,62,81.45,4983.05,Champions,4152.54,Premium,No,Low,No Action Needed
8821-KVZKQ,0.095,Low Risk,70,58.4,4113.15,Champions,3427.62,Premium,No,Low,No Action Needed
1496-GGSUK,0.8917,High Risk,1,25.7,25.7,Inactive,6.42,Low Value,Yes,High,Email Campaign
6434-TTGJP,0.0329,Low Risk,10,53.7,521.0,Loyal Customers,347.33,Medium Value,No,Low,No Action Needed
0042-JVWOJ,0.0569,Low Risk,26,19.6,471.85,Inactive,157.28,Low Value,No,Low,No Action Needed
0130-SXOUN,0.4371,Medium Risk,66,89.4,5976.9,Champions,4980.75,Premium,No,High,Loyalty Reward
2575-GFSOE,0.7672,High Risk,7,69.0,506.9,Inactive,168.97,Medium Value,Yes,High,Discount Offer
2330-PQGDQ,0.0776,Low Risk,51,84.2,4299.75,Loyal Customers,3224.81,Premium,No,Low,No Action Needed
1452-UZOSF,0.0354,Low Risk,72,106.1,7548.6,Champions,7548.6,Premium,No,Low,No Action Needed
2097-YVPKN,0.0196,Low Risk,65,25.75,1654.75,At Risk,965.27,High Value,No,Low,No Action Needed
2842-JTCCU,0.6941,Medium Risk,2,46.05,80.35,Inactive,26.78,Low Value,Yes,Medium,SMS Reminder
8597-CTXVJ,0.0499,Low Risk,70,64.95,4551.5,Champions,3792.92,Premium,No,Low,No Action Needed
6631-HMANX,0.0309,Low Risk,72,85.45,6227.5,Champions,5708.54,Premium,No,Low,No Action Needed
9962-BFPDU,0.6082,Medium Risk,1,20.05,20.05,Inactive,5.01,Low Value,No,Medium,SMS Reminder
3296-SILRA,0.9138,High Risk,1,76.4,76.4,At Risk,38.2,Low Value,Yes,High,Email Campaign
9681-OXGVC,0.9347,High Risk,5,100.5,514.0,Loyal Customers,385.5,Medium Value,Yes,High,Discount Offer
6394-HHHZM,0.3005,Low Risk,3,20.7,57.5,Inactive,14.38,Low Value,No,Low,No Action Needed
5995-LFTLE,0.0481,Low Risk,58,25.3,1474.35,At Risk,860.04,High Value,No,Low,No Action Needed
5180-UCIIQ,0.4463,Medium Risk,22,40.05,880.2,At Risk,440.1,Medium Value,Yes,Medium,SMS Reminder
1932-UEDCX,0.7009,High Risk,33,100.6,3270.25,Champions,2997.73,High Value,No,Critical,Personal Relationship Manager
7153-OANIO,0.9109,High Risk,1,69.95,69.95,Inactive,23.32,Low Value,Yes,High,Email Campaign
5188-HGMLP,0.456,Medium Risk,54,74.0,3919.15,Loyal Customers,2612.77,High Value,No,High,Loyalty Reward
0665-XHDJU,0.2326,Low Risk,72,99.4,7285.7,Champions,7285.7,Premium,No,Low,No Action Needed
6521-YYTYI,0.9573,High Risk,1,93.3,93.3,Loyal Customers,62.2,Low Value,Yes,High,Email Campaign
8878-HMWBV,0.7892,High Risk,3,49.15,169.05,Inactive,70.44,Low Value,Yes,High,Email Campaign
8265-HKSOW,0.0295,Low Risk,72,107.45,7658.3,Champions,7658.3,Premium,No,Low,No Action Needed
3544-FBCAS,0.0308,Low Risk,72,83.6,5959.3,Champions,5462.69,Premium,No,Low,No Action Needed
5331-RGMTT,0.7796,High Risk,54,99.05,5295.7,Champions,4854.39,Premium,No,Critical,Personal Relationship Manager
4759-PXTAN,0.2782,Low Risk,59,80.1,4693.2,Champions,4302.1,Premium,No,Low,No Action Needed
7054-DMVAS,0.0498,Low Risk,54,65.3,3512.9,Loyal Customers,2341.93,High Value,No,Low,No Action Needed
3428-MMGUB,0.2026,Low Risk,60,89.55,5231.2,Champions,4359.33,Premium,No,Low,No Action Needed
6549-BTYPG,0.0304,Low Risk,60,60.8,3603.45,Champions,3002.88,High Value,No,Low,No Action Needed
7823-JSOAG,0.87,High Risk,3,74.5,217.45,At Risk,108.72,Low Value,No,High,Email Campaign
3705-RHRFR,0.1778,Low Risk,69,99.15,6875.35,Champions,6875.35,Premium,No,Low,No Action Needed
9374-YOLBJ,0.4867,Medium Risk,1,19.25,19.25,Inactive,4.81,Low Value,No,Medium,SMS Reminder
9074-KGVOX,0.301,Low Risk,50,39.45,2021.35,At Risk,1179.12,High Value,No,Low,No Action Needed
6128-DAFVY,0.4177,Medium Risk,56,44.85,2564.95,Loyal Customers,1709.97,High Value,No,High,Loyalty Reward
9933-QRGTX,0.0861,Low Risk,60,97.2,5611.75,Champions,5611.75,Premium,No,Low,No Action Needed
4476-OSWTN,0.3915,Low Risk,69,110.55,7610.1,Champions,7610.1,Premium,No,Low,No Action Needed
3751-KTZEL,0.8114,High Risk,1,35.05,35.05,Inactive,8.76,Low Value,Yes,High,Email Campaign
1977-STDKI,0.9344,High Risk,1,73.0,73.0,At Risk,36.5,Low Value,Yes,High,Email Campaign
5066-GFJMM,0.2998,Low Risk,3,19.9,45.75,Inactive,11.44,Low Value,No,Low,No Action Needed
2661-GKBTK,0.0134,Low Risk,60,76.95,4543.95,Champions,4165.29,Premium,No,Low,No Action Needed
0458-HEUZG,0.0708,Low Risk,13,35.4,450.4,Inactive,187.67,Medium Value,No,Low,No Action Needed
7268-WNTCP,0.0124,Low Risk,62,20.45,1297.35,At Risk,648.67,Medium Value,No,Low,No Action Needed
0824-VWDPO,0.2653,Low Risk,45,96.75,4442.75,Champions,4072.52,Premium,No,Low,No Action Needed
8409-WQJUX,0.2825,Low Risk,25,54.2,1423.15,At Risk,830.17,High Value,No,Low,No Action Needed
2578-JQPHZ,0.0945,Low Risk,44,100.1,4378.35,Champions,4013.49,Premium,No,Low,No Action Needed
3278-FSIXX,0.7042,High Risk,2,45.25,74.2,Inactive,24.73,Low Value,No,High,Email Campaign
5813-UECBU,0.6896,Medium Risk,33,83.85,2716.3,Loyal Customers,2037.22,High Value,Yes,High,Loyalty Reward
0328-GRPMV,0.9313,High Risk,1,70.1,70.1,Inactive,23.37,Low Value,Yes,High,Email Campaign
9746-UGFAC,0.082,Low Risk,22,20.85,450.65,Inactive,150.22,Low Value,No,Low,No Action Needed
2946-KIQSP,0.3885,Low Risk,35,33.45,1175.85,At Risk,587.92,Medium Value,No,Low,No Action Needed
0625-AFOHS,0.0238,Low Risk,29,20.2,558.8,Inactive,186.27,Medium Value,No,Low,No Action Needed
6726-WEXXK,0.2379,Low Risk,27,85.9,2220.1,Loyal Customers,1480.07,High Value,No,Low,No Action Needed
4636-OLWOE,0.1748,Low Risk,54,61.0,3283.05,Loyal Customers,2188.7,High Value,No,Low,No Action Needed
4342-HENTK,0.8487,High Risk,2,70.65,142.35,Inactive,59.31,Low Value,Yes,High,Email Campaign
4685-ERGHK,0.4374,Medium Risk,57,86.9,4939.25,Champions,4116.04,Premium,No,High,Loyalty Reward
0885-HMGPY,0.0164,Low Risk,62,69.4,4237.5,Champions,3531.25,Premium,No,Low,No Action Needed
5003-OKNNK,0.0616,Low Risk,15,20.35,335.95,Inactive,111.98,Low Value,No,Low,No Action Needed
4195-SMMNX,0.3674,Low Risk,2,20.35,33.2,Inactive,8.3,Low Value,Yes,Low,No Action Needed
7208-PSIHR,0.2798,Low Risk,70,104.3,7188.5,Champions,7188.5,Premium,No,Low,No Action Needed
4012-ZTHBR,0.5187,Medium Risk,21,44.95,926.25,Inactive,385.94,Medium Value,No,Medium,SMS Reminder
0489-WMEMG,0.1876,Low Risk,23,49.45,1119.35,At Risk,559.67,Medium Value,No,Low,No Action Needed
7435-ZNUYY,0.0632,Low Risk,6,20.6,116.6,Inactive,29.15,Low Value,No,Low,No Action Needed
1354-YZFNB,0.0282,Low Risk,4,19.55,68.8,Inactive,17.2,Low Value,No,Low,No Action Needed
6956-SMUCM,0.8633,High Risk,3,99.0,287.4,Loyal Customers,215.55,Medium Value,Yes,High,Discount Offer
2985-FMWYF,0.8464,High Risk,23,93.5,2341.55,Loyal Customers,1756.16,High Value,No,Critical,Personal Relationship Manager
2812-ENYMO,0.2306,Low Risk,26,54.55,1362.85,At Risk,795.0,Medium Value,No,Low,No Action Needed
2717-HVIZY,0.24,Low Risk,8,20.05,163.6,Inactive,40.9,Low Value,No,Low,No Action Needed
3223-WZWJM,0.8002,High Risk,26,83.95,2254.2,Loyal Customers,1502.8,High Value,Yes,Critical,Personal Relationship Manager
3422-GALYP,0.8867,High Risk,2,79.45,145.15,At Risk,84.67,Low Value,No,High,Email Campaign
9053-JZFKV,0.4355,Medium Risk,67,116.2,7752.3,Champions,7752.3,Premium,Yes,High,Loyalty Reward
2530-ENDWQ,0.2414,Low Risk,71,93.7,6585.35,Champions,6036.57,Premium,Yes,Low,No Action Needed
2890-WFBHU,0.203,Low Risk,59,79.85,4786.1,Champions,4387.26,Premium,No,Low,No Action Needed
0327-WFZSY,0.3702,Low Risk,39,100.0,3835.55,Champions,3515.92,Premium,No,Low,No Action Needed
7977-HXJKU,0.035,Low Risk,21,19.6,397.0,Inactive,132.33,Low Value,No,Low,No Action Needed
6615-ZGEDR,0.602,Medium Risk,1,19.7,19.7,Inactive,4.92,Low Value,Yes,Medium,SMS Reminder
7033-CLAMM,0.0314,Low Risk,48,20.2,1027.25,Inactive,428.02,Medium Value,No,Low,No Action Needed
4023-RTIQM,0.3356,Low Risk,31,50.4,1580.1,Loyal Customers,1053.4,High Value,No,Low,No Action Needed
0864-FVJNJ,0.0656,Low Risk,64,113.35,7222.75,Champions,7222.75,Premium,No,Low,No Action Needed
7356-IWLFW,0.4422,Medium Risk,46,80.0,3769.7,Loyal Customers,2827.27,High Value,No,High,Loyalty Reward
9541-PWTWO,0.0493,Low Risk,52,80.95,4233.95,Champions,3528.29,Premium,No,Low,No Action Needed
3967-VQOGC,0.0171,Low Risk,67,24.9,1680.25,At Risk,980.15,High Value,No,Low,No Action Needed
7872-RDDLZ,0.2641,Low Risk,67,54.9,3725.5,Loyal Customers,2794.12,High Value,No,Low,No Action Needed
9250-WYPLL,0.8484,High Risk,5,75.55,413.65,At Risk,206.82,Medium Value,Yes,High,Discount Offer
6308-CQRBU,0.3477,Low Risk,71,109.25,7707.7,Champions,7707.7,Premium,No,Low,No Action Needed
2754-XBHTB,0.764,High Risk,9,77.65,714.15,At Risk,357.08,Medium Value,Yes,High,Discount Offer
1597-LHYNC,0.7196,High Risk,26,95.0,2497.2,Champions,2081.0,High Value,Yes,Critical,Personal Relationship Manager
0186-CAERR,0.3728,Low Risk,71,116.3,8309.55,Champions,8309.55,Premium,No,Low,No Action Needed
3043-SUDUA,0.1626,Low Risk,32,19.9,601.55,Inactive,250.65,Medium Value,No,Low,No Action Needed
5442-BHQNG,0.8147,High Risk,2,70.35,139.25,Inactive,46.42,Low Value,No,High,Email Campaign
2169-RRLFW,0.0111,Low Risk,71,25.6,1888.25,At Risk,1101.48,High Value,No,Low,No Action Needed
5872-OEQNH,0.2247,Low Risk,60,44.45,2773.9,Loyal Customers,2080.43,High Value,No,Low,No Action Needed
3162-KKZXO,0.6198,Medium Risk,55,100.15,5409.75,Champions,4958.94,Premium,No,High,Loyalty Reward
7055-VKGDA,0.5745,Medium Risk,54,105.4,5643.4,Champions,5173.12,Premium,Yes,High,Loyalty Reward
0754-UKWQP,0.9041,High Risk,2,95.85,197.7,Loyal Customers,131.8,Low Value,Yes,High,Email Campaign
8873-GLDMH,0.7877,High Risk,6,73.85,401.3,At Risk,200.65,Medium Value,No,High,Discount Offer
5696-JVVQY,0.0993,Low Risk,48,70.1,3238.4,Loyal Customers,2428.8,High Value,No,Low,No Action Needed
8946-BFWSG,0.0164,Low Risk,63,25.25,1573.05,At Risk,917.61,High Value,No,Low,No Action Needed
7493-TPUWZ,0.9449,High Risk,1,79.15,79.15,At Risk,46.17,Low Value,Yes,High,Email Campaign
0547-HURJB,0.2538,Low Risk,12,21.05,235.8,Inactive,78.6,Low Value,No,Low,No Action Needed
8904-OPDCK,0.461,Medium Risk,54,24.95,1364.75,Inactive,568.65,Medium Value,No,Medium,SMS Reminder
8845-LWKGE,0.1742,Low Risk,30,64.5,1985.15,Loyal Customers,1323.43,High Value,No,Low,No Action Needed
1577-HKTFG,0.2286,Low Risk,30,19.65,655.85,Inactive,273.27,Medium Value,Yes,Low,No Action Needed
8752-STIVR,0.8634,High Risk,4,79.0,303.15,At Risk,151.57,Low Value,Yes,High,Email Campaign
0691-NIKRI,0.6046,Medium Risk,40,105.95,4335.2,Champions,3973.93,Premium,No,High,Loyalty Reward
5022-JNQEQ,0.7209,High Risk,9,75.85,647.5,At Risk,323.75,Medium Value,No,High,Discount Offer
4558-FANTW,0.7139,High Risk,17,91.85,1574.45,Loyal Customers,1180.84,High Value,Yes,Critical,Personal Relationship Manager
3249-VHRIP,0.0445,Low Risk,62,43.6,2748.7,Loyal Customers,2061.52,High Value,No,Low,No Action Needed
3736-BLEPA,0.1382,Low Risk,28,91.25,2483.65,Loyal Customers,1862.74,High Value,No,Low,No Action Needed
4701-LKOZD,0.0637,Low Risk,70,89.75,6367.2,Champions,5836.6,Premium,No,Low,No Action Needed
6603-QWSPR,0.3118,Low Risk,46,104.4,4904.2,Champions,4495.52,Premium,No,Low,No Action Needed
9921-QFQUL,0.5536,Medium Risk,23,90.15,2044.95,Loyal Customers,1533.71,High Value,No,High,Loyalty Reward
1929-ZCBHE,0.104,Low Risk,47,40.3,1794.8,Loyal Customers,1196.53,High Value,No,Low,No Action Needed
4378-MYPGO,0.1461,Low Risk,68,105.25,7173.15,Champions,7173.15,Premium,No,Low,No Action Needed
8651-ENBZX,0.602,Medium Risk,60,106.0,6441.4,Champions,6441.4,Premium,Yes,High,Loyalty Reward
4129-LYCOI,0.1534,Low Risk,67,104.0,7039.05,Champions,7039.05,Premium,No,Low,No Action Needed
7798-JVXYM,0.5201,Medium Risk,14,69.65,921.4,At Risk,537.48,Medium Value,No,Medium,SMS Reminder
8647-SDTWQ,0.5145,Medium Risk,57,74.3,4018.35,Loyal Customers,3013.76,Premium,No,High,Loyalty Reward
2696-ECXKC,0.1355,Low Risk,55,100.9,5448.6,Champions,4994.55,Premium,No,Low,No Action Needed
2081-KJSQF,0.6401,Medium Risk,1,20.25,20.25,Inactive,5.06,Low Value,No,Medium,SMS Reminder
7623-TRNQN,0.641,Medium Risk,1,49.9,49.9,Inactive,20.79,Low Value,Yes,Medium,SMS Reminder
3323-CPBWR,0.5811,Medium Risk,23,96.9,2085.45,Champions,1737.88,High Value,No,High,Loyalty Reward
9330-IJWIO,0.8264,High Risk,13,100.35,1358.85,Champions,1132.38,High Value,Yes,Critical,Personal Relationship Manager
3384-CTMSF,0.7919,High Risk,47,104.1,5135.15,Champions,4707.22,Premium,No,Critical,Personal Relationship Manager
0902-RFHOF,0.0345,Low Risk,38,20.1,730.1,Inactive,304.21,Medium Value,No,Low,No Action Needed
9286-DOJGF,0.6398,Medium Risk,38,74.95,2869.85,Loyal Customers,1913.23,High Value,Yes,High,Loyalty Reward
6048-QBXKL,0.7647,High Risk,2,56.55,118.25,At Risk,59.12,Low Value,No,High,Email Campaign
9661-MHUMO,0.7271,High Risk,1,49.25,49.25,Inactive,20.52,Low Value,Yes,High,Email Campaign
7718-RXDGG,0.7051,High Risk,15,68.6,1108.6,Inactive,461.92,Medium Value,No,High,Discount Offer
1025-FALIX,0.5044,Medium Risk,26,69.05,1815.65,Inactive,756.52,Medium Value,No,Medium,SMS Reminder
3451-VAWLI,0.0214,Low Risk,35,19.7,730.4,Inactive,304.33,Medium Value,No,Low,No Action Needed
3407-QGWLG,0.3245,Low Risk,3,20.05,75.45,Inactive,18.86,Low Value,No,Low,No Action Needed
1842-EZJMK,0.6066,Medium Risk,50,103.7,5071.05,Champions,4648.46,Premium,Yes,High,Loyalty Reward
2347-WKKAE,0.5388,Medium Risk,42,94.4,4014.6,Champions,3680.05,Premium,No,High,Loyalty Reward
8735-DCXNF,0.2698,Low Risk,10,54.95,568.85,At Risk,331.83,Medium Value,No,Low,No Action Needed
3214-IYUUQ,0.0857,Low Risk,61,93.7,5860.7,Champions,5860.7,Premium,No,Low,No Action Needed
1936-UAFEH,0.2099,Low Risk,68,110.25,7279.35,Champions,7279.35,Premium,No,Low,No Action Needed
3587-PMCOY,0.7092,High Risk,10,98.9,1064.95,Champions,887.46,High Value,No,Critical,Personal Relationship Manager
8079-XRJRS,0.2422,Low Risk,65,89.75,5769.6,Champions,5288.8,Premium,Yes,Low,No Action Needed
1027-LKKQQ,0.0102,Low Risk,72,80.45,5886.85,Champions,5396.28,Premium,No,Low,No Action Needed
7148-XZPHA,0.251,Low Risk,55,79.4,4238.45,Loyal Customers,3178.84,Premium,No,Low,No Action Needed
8073-IJDCM,0.6432,Medium Risk,1,20.3,20.3,Inactive,5.08,Low Value,Yes,Medium,SMS Reminder
5309-TAIKL,0.2908,Low Risk,7,62.8,418.3,At Risk,209.15,Medium Value,No,Low,No Action Needed
6856-RAURS,0.8463,High Risk,2,74.9,136.05,At Risk,68.03,Low Value,No,High,Email Campaign
8778-LMWTJ,0.7172,High Risk,9,74.85,708.2,At Risk,354.1,Medium Value,No,High,Discount Offer
9717-IOAAF,0.0567,Low Risk,27,25.85,788.55,Inactive,328.56,Medium Value,No,Low,No Action Needed
8884-ADFVN,0.9403,High Risk,7,101.95,700.85,Loyal Customers,525.64,Medium Value,Yes,High,Discount Offer
2845-KDHVX,0.0266,Low Risk,64,68.3,4378.8,Champions,3649.0,Premium,No,Low,No Action Needed
0848-SOMKO,0.02,Low Risk,70,48.4,3442.8,Loyal Customers,2582.1,High Value,No,Low,No Action Needed
2720-WGKHP,0.9406,High Risk,2,94.0,181.7,Loyal Customers,121.13,Low Value,Yes,High,Email Campaign
6734-FQAJX,0.2739,Low Risk,67,105.05,7171.7,Champions,7171.7,Premium,No,Low,No Action Needed
2869-ADAWR,0.5152,Medium Risk,45,89.3,4016.85,Loyal Customers,3012.64,Premium,Yes,High,Loyalty Reward
1535-VTJOQ,0.0861,Low Risk,24,25.15,553.0,Inactive,230.42,Medium Value,No,Low,No Action Needed
6368-TZZDT,0.0282,Low Risk,4,19.5,96.85,Inactive,24.21,Low Value,No,Low,No Action Needed
0943-ZQPXH,0.3329,Low Risk,44,92.95,4122.9,Champions,3435.75,Premium,No,Low,No Action Needed
1293-BSEUN,0.0056,Low Risk,72,20.7,1482.3,At Risk,741.15,Medium Value,No,Low,No Action Needed
9894-EZEWG,0.882,High Risk,1,74.3,74.3,At Risk,37.15,Low Value,Yes,High,Email Campaign
1302-TPUBN,0.0369,Low Risk,66,19.35,1240.8,At Risk,620.4,Medium Value,No,Low,No Action Needed
7851-FLGGQ,0.7464,High Risk,1,44.65,44.65,At Risk,22.32,Low Value,Yes,High,Email Campaign
0637-UBJRP,0.6815,Medium Risk,13,84.05,1095.3,Loyal Customers,730.2,Medium Value,Yes,Medium,SMS Reminder
0940-OUQEC,0.8336,High Risk,10,80.7,788.8,Loyal Customers,525.87,Medium Value,Yes,High,Discount Offer
2378-VTKDH,0.6247,Medium Risk,65,104.35,6578.55,Champions,6578.55,Premium,No,High,Loyalty Reward
0927-CNGRH,0.5863,Medium Risk,1,19.55,19.55,Inactive,4.89,Low Value,No,Medium,SMS Reminder
8608-OZTLB,0.1679,Low Risk,38,74.05,2802.3,Champions,2335.25,High Value,No,Low,No Action Needed
2335-GSODA,0.0403,Low Risk,23,40.1,857.75,At Risk,500.35,Medium Value,No,Low,No Action Needed
1952-DVVSW,0.0728,Low Risk,10,20.1,184.4,Inactive,61.47,Low Value,No,Low,No Action Needed
0702-PGIBZ,0.9162,High Risk,4,101.7,364.55,Loyal Customers,273.41,Medium Value,Yes,High,Discount Offer
6656-GULJQ,0.0276,Low Risk,72,83.55,6093.3,Champions,5585.52,Premium,No,Low,No Action Needed
9853-JFZDU,0.2632,Low Risk,35,56.85,1861.1,Loyal Customers,1240.73,High Value,No,Low,No Action Needed
1963-VAUKV,0.5638,Medium Risk,1,20.4,20.4,Inactive,5.1,Low Value,Yes,Medium,SMS Reminder
3777-XROBG,0.047,Low Risk,58,19.55,1079.65,At Risk,539.83,Medium Value,No,Low,No Action Needed
6994-FGRHH,0.2025,Low Risk,70,106.15,7475.1,Champions,7475.1,Premium,No,Low,No Action Needed
4000-VGMQP,0.275,Low Risk,38,78.95,2862.55,Champions,2385.46,High Value,No,Low,No Action Needed
3999-WRNGR,0.4313,Medium Risk,60,49.75,3069.45,Loyal Customers,2302.09,High Value,No,High,Loyalty Reward
3466-RITXD,0.6186,Medium Risk,26,92.4,2349.8,Champions,1958.17,High Value,No,High,Loyalty Reward
2680-XKKNJ,0.082,Low Risk,8,58.2,469.25,At Risk,234.62,Medium Value,No,Low,No Action Needed
3058-HJCUY,0.6689,Medium Risk,41,102.6,4213.35,Champions,3862.24,Premium,Yes,High,Loyalty Reward
2974-GGUXS,0.6528,Medium Risk,36,91.95,3301.05,Champions,2750.88,High Value,No,High,Loyalty Reward
7994-XIRTR,0.1633,Low Risk,54,65.25,3529.95,Loyal Customers,2353.3,High Value,No,Low,No Action Needed
3259-FDWOY,0.5807,Medium Risk,71,106.0,7723.7,Champions,7723.7,Premium,Yes,High,Loyalty Reward
2101-RANCD,0.6546,Medium Risk,55,73.1,4144.9,Loyal Customers,2763.27,High Value,No,High,Loyalty Reward
7921-BEPCI,0.017,Low Risk,72,59.75,4265.0,Loyal Customers,3198.75,Premium,No,Low,No Action Needed
0807-ZABDG,0.5914,Medium Risk,3,55.1,154.65,At Risk,77.32,Low Value,Yes,Medium,SMS Reminder
8510-TMWYB,0.0574,Low Risk,54,59.8,3246.45,Loyal Customers,2164.3,High Value,No,Low,No Action Needed
3258-ZKPAI,0.049,Low Risk,72,116.6,8337.45,Champions,8337.45,Premium,No,Low,No Action Needed
1428-IEDPR,0.4099,Medium Risk,52,109.3,5731.4,Champions,5253.78,Premium,No,High,Loyalty Reward
5298-GSTLM,0.2661,Low Risk,60,101.4,6176.6,Champions,6176.6,Premium,No,Low,No Action Needed
4450-YOOHP,0.4655,Medium Risk,39,50.65,1905.4,Loyal Customers,1270.27,High Value,No,High,Loyalty Reward
6728-CZFEI,0.2128,Low Risk,15,56.15,931.9,At Risk,465.95,Medium Value,No,Low,No Action Needed
5748-RNCJT,0.5131,Medium Risk,69,106.5,7348.8,Champions,7348.8,Premium,Yes,High,Loyalty Reward
3653-NCRDJ,0.0314,Low Risk,43,19.2,776.25,Inactive,323.44,Medium Value,No,Low,No Action Needed
6121-TNHBO,0.0732,Low Risk,63,83.0,5243.05,Champions,4806.13,Premium,No,Low,No Action Needed
5119-NZPTV,0.8356,High Risk,2,70.1,141.65,Inactive,47.22,Low Value,No,High,Email Campaign
6519-ZHPXP,0.0367,Low Risk,72,108.3,7679.65,Champions,7679.65,Premium,No,Low,No Action Needed
7739-LAXOG,0.6481,Medium Risk,32,91.05,2954.5,Champions,2462.08,High Value,Yes,High,Loyalty Reward
3472-QPRCH,0.0378,Low Risk,40,25.25,1006.9,At Risk,503.45,Medium Value,No,Low,No Action Needed
8224-UAXBZ,0.29,Low Risk,58,45.35,2540.1,Loyal Customers,1905.07,High Value,No,Low,No Action Needed
9610-WCESF,0.0707,Low Risk,67,43.9,3097.2,Loyal Customers,2322.9,High Value,No,Low,No Action Needed
9776-CLUJA,0.5735,Medium Risk,51,77.5,3807.35,Loyal Customers,2855.51,High Value,Yes,High,Loyalty Reward
2486-WYVVE,0.3759,Low Risk,31,79.3,2484.0,Champions,2070.0,High Value,No,Low,No Action Needed
3865-ZYKAD,0.3912,Low Risk,69,84.9,5785.65,Champions,4821.38,Premium,No,Low,No Action Needed
1422-DGUBX,0.249,Low Risk,32,79.25,2619.15,Loyal Customers,1964.36,High Value,No,Low,No Action Needed
2999-AANRQ,0.0763,Low Risk,21,71.05,1524.85,Loyal Customers,1143.64,High Value,No,Low,No Action Needed
8668-KNZTI,0.1416,Low Risk,52,53.75,2790.65,Loyal Customers,1860.43,High Value,No,Low,No Action Needed
0480-KYJVA,0.0094,Low Risk,72,24.25,1784.5,At Risk,1040.96,High Value,No,Low,No Action Needed
6034-ZRYCV,0.4504,Medium Risk,72,54.2,3937.45,Loyal Customers,2953.09,High Value,Yes,High,Loyalty Reward
9746-YKGXB,0.1786,Low Risk,52,44.25,2276.1,Loyal Customers,1517.4,High Value,No,Low,No Action Needed
3926-YZVVX,0.0659,Low Risk,41,50.05,2029.05,At Risk,1183.61,High Value,No,Low,No Action Needed
6000-UKLWI,0.0215,Low Risk,41,20.15,802.35,Inactive,334.31,Medium Value,No,Low,No Action Needed
2079-FBMZK,0.7071,High Risk,6,69.25,418.4,Inactive,139.47,Low Value,Yes,High,Email Campaign
6332-FBZRI,0.0815,Low Risk,67,69.35,4653.25,Champions,3877.71,Premium,No,Low,No Action Needed
2096-XOTMO,0.3447,Low Risk,16,19.35,275.9,Inactive,91.97,Low Value,No,Low,No Action Needed
3266-FTKHB,0.0184,Low Risk,17,19.15,343.45,Inactive,114.48,Low Value,No,Low,No Action Needed
8221-EQDGL,0.2081,Low Risk,35,61.0,2130.45,Loyal Customers,1420.3,High Value,No,Low,No Action Needed
2346-LOCWC,0.0352,Low Risk,58,20.5,1191.4,At Risk,595.7,Medium Value,No,Low,No Action Needed
6608-QQLVK,0.8552,High Risk,1,50.5,50.5,Inactive,21.04,Low Value,Yes,High,Email Campaign
0298-XACET,0.0311,Low Risk,52,50.2,2554.0,Loyal Customers,1702.67,High Value,No,Low,No Action Needed
7560-QJAVJ,0.0297,Low Risk,70,79.6,5589.45,Champions,5123.66,Premium,No,Low,No Action Needed
2995-YWTCD,0.074,Low Risk,19,24.9,467.7,Inactive,194.88,Medium Value,No,Low,No Action Needed
3551-HUAZH,0.9501,High Risk,1,74.4,74.4,At Risk,37.2,Low Value,Yes,High,Email Campaign
9137-UIYPG,0.2556,Low Risk,35,106.9,3756.45,Champions,3443.41,Premium,No,Low,No Action Needed
2809-ZMYOQ,0.788,High Risk,32,101.35,3334.9,Champions,3056.99,Premium,No,Critical,Personal Relationship Manager
5084-OOVCJ,0.3085,Low Risk,17,55.35,920.5,At Risk,536.96,Medium Value,No,Low,No Action Needed
0254-WWRKD,0.0614,Low Risk,67,50.55,3431.75,Loyal Customers,2287.83,High Value,No,Low,No Action Needed
7727-SHVZV,0.3425,Low Risk,9,19.5,150.35,Inactive,37.59,Low Value,No,Low,No Action Needed
6302-JGYRJ,0.3117,Low Risk,31,79.45,2587.7,Champions,2156.42,High Value,Yes,Low,No Action Needed
5339-PXDVH,0.7924,High Risk,4,90.65,367.95,Loyal Customers,245.3,Medium Value,No,High,Discount Offer
2205-LPVGL,0.0746,Low Risk,58,89.85,5125.75,Champions,4698.6,Premium,No,Low,No Action Needed
8782-NUUOL,0.1268,Low Risk,60,79.0,4801.1,Champions,4401.01,Premium,No,Low,No Action Needed
3685-YLCMQ,0.7133,High Risk,58,104.65,6219.6,Champions,6219.6,Premium,Yes,Critical,Personal Relationship Manager
7601-WFVZV,0.602,Medium Risk,1,19.55,19.55,Inactive,4.89,Low Value,No,Medium,SMS Reminder
4609-KNNWG,0.0238,Low Risk,27,19.9,550.1,Inactive,183.37,Medium Value,No,Low,No Action Needed
4868-AADLV,0.3673,Low Risk,66,116.25,7862.25,Champions,7862.25,Premium,No,Low,No Action Needed
9529-OFXHY,0.7478,High Risk,15,87.75,1242.2,Loyal Customers,828.13,High Value,No,Critical,Personal Relationship Manager
8634-MPHTR,0.8361,High Risk,47,100.05,4871.05,Champions,4465.13,Premium,Yes,Critical,Personal Relationship Manager
2669-QVCRG,0.5098,Medium Risk,41,81.3,3190.65,Loyal Customers,2392.99,High Value,No,High,Loyalty Reward
2478-EEWWM,0.6393,Medium Risk,59,44.3,2666.75,Loyal Customers,1777.83,High Value,No,High,Loyalty Reward
9174-IHETN,0.0417,Low Risk,50,70.35,3533.6,At Risk,1766.8,High Value,No,Low,No Action Needed
2233-TXSIU,0.1352,Low Risk,17,44.45,792.15,At Risk,462.09,Medium Value,No,Low,No Action Needed
9644-UMGQA,0.5167,Medium Risk,6,49.15,295.65,Inactive,123.19,Low Value,No,Medium,SMS Reminder
3256-EZDBI,0.4809,Medium Risk,51,29.45,1459.35,Inactive,608.06,Medium Value,No,Medium,SMS Reminder
8761-NSOBC,0.4899,Medium Risk,44,100.55,4398.15,Champions,4031.64,Premium,Yes,High,Loyalty Reward
0419-YAAPX,0.4702,Medium Risk,49,85.3,4297.95,Loyal Customers,3223.46,Premium,No,High,Loyalty Reward
8413-VONUO,0.8375,High Risk,2,95.65,167.3,Loyal Customers,111.53,Low Value,Yes,High,Email Campaign
0872-CASZJ,0.0961,Low Risk,59,69.1,4096.9,Champions,3414.08,Premium,No,Low,No Action Needed
4726-DLWQN,0.2001,Low Risk,50,70.35,3454.6,Loyal Customers,2590.95,High Value,No,Low,No Action Needed
8164-OCKUJ,0.022,Low Risk,59,20.6,1286.0,At Risk,643.0,Medium Value,No,Low,No Action Needed
3094-JOJAI,0.4862,Medium Risk,18,74.15,1387.0,At Risk,809.08,Medium Value,No,Medium,SMS Reminder
9494-MRNYX,0.7977,High Risk,10,75.05,786.3,At Risk,458.68,Medium Value,No,High,Discount Offer
2599-CZABP,0.1963,Low Risk,14,44.6,641.25,Inactive,267.19,Medium Value,No,Low,No Action Needed
7945-PRBVF,0.038,Low Risk,35,21.45,705.45,Inactive,293.94,Medium Value,No,Low,No Action Needed
4544-RXFMG,0.2051,Low Risk,8,43.45,345.5,Inactive,115.17,Low Value,No,Low,No Action Needed
0859-YGKFW,0.101,Low Risk,18,20.05,345.9,Inactive,115.3,Low Value,No,Low,No Action Needed
1150-FTQGN,0.073,Low Risk,60,94.15,5811.8,Champions,5811.8,Premium,No,Low,No Action Needed
9223-UCPVT,0.9384,High Risk,1,94.4,94.4,Loyal Customers,62.93,Low Value,Yes,High,Email Campaign
7196-LIWRH,0.0374,Low Risk,6,19.55,124.45,Inactive,31.11,Low Value,No,Low,No Action Needed
5448-VWNAM,0.197,Low Risk,19,75.9,1375.6,Loyal Customers,1031.7,High Value,No,Low,No Action Needed
1177-XZBJL,0.0404,Low Risk,53,64.15,3491.55,Loyal Customers,2618.66,High Value,No,Low,No Action Needed
3518-FSTWG,0.0285,Low Risk,72,109.55,7920.7,Champions,7920.7,Premium,No,Low,No Action Needed
9330-VOFSZ,0.2144,Low Risk,60,110.8,6640.7,Champions,6640.7,Premium,No,Low,No Action Needed
4351-QLCSU,0.8263,High Risk,1,55.0,55.0,Inactive,22.92,Low Value,Yes,High,Email Campaign
0939-EREMR,0.3566,Low Risk,13,53.45,718.1,At Risk,418.89,Medium Value,No,Low,No Action Needed
9389-ACWBI,0.7653,High Risk,5,69.95,320.4,Inactive,106.8,Low Value,No,High,Email Campaign
5419-JPRRN,0.9683,High Risk,1,101.45,101.45,Loyal Customers,76.09,Low Value,Yes,High,Email Campaign
3644-QXEHN,0.6656,Medium Risk,13,97.0,1334.45,Loyal Customers,1000.84,High Value,No,High,Loyalty Reward
2911-IJORQ,0.1908,Low Risk,37,90.6,3358.65,Champions,3078.76,Premium,No,Low,No Action Needed
5921-NGYRH,0.1364,Low Risk,64,73.55,4764.0,Loyal Customers,3573.0,Premium,No,Low,No Action Needed
2100-BDNSN,0.7891,High Risk,5,67.95,350.3,At Risk,204.34,Medium Value,Yes,High,Discount Offer
5998-DZLYR,0.0987,Low Risk,61,94.35,5703.0,Champions,5703.0,Premium,No,Low,No Action Needed
0488-GSLFR,0.9366,High Risk,1,69.5,69.5,Inactive,23.17,Low Value,Yes,High,Email Campaign
9318-NKNFC,0.202,Low Risk,1,18.85,18.85,Inactive,4.71,Low Value,Yes,Low,No Action Needed
3985-HOYPM,0.0597,Low Risk,26,19.4,525.55,Inactive,175.18,Medium Value,No,Low,No Action Needed
9728-FTTVZ,0.9366,High Risk,1,69.2,69.2,Inactive,23.07,Low Value,Yes,High,Email Campaign
9548-LERKT,0.038,Low Risk,24,19.75,483.15,Inactive,161.05,Low Value,No,Low,No Action Needed
6576-FBXOJ,0.4236,Medium Risk,17,54.6,934.8,At Risk,545.3,Medium Value,No,Medium,SMS Reminder
4310-KEDTB,0.3471,Low Risk,26,29.8,786.5,Inactive,262.17,Medium Value,No,Low,No Action Needed
7254-IQWOZ,0.9358,High Risk,1,69.65,69.65,Inactive,23.22,Low Value,Yes,High,Email Campaign
2474-BRUCM,0.6972,Medium Risk,40,101.85,4086.3,Champions,3745.78,Premium,Yes,High,Loyalty Reward
4062-HBMOS,0.7919,High Risk,52,103.05,5364.8,Champions,4917.73,Premium,No,Critical,Personal Relationship Manager
0742-NXBGR,0.934,High Risk,1,82.3,82.3,At Risk,48.01,Low Value,Yes,High,Email Campaign
2676-ISHSF,0.5606,Medium Risk,1,20.3,20.3,Inactive,5.08,Low Value,No,Medium,SMS Reminder
9236-NDUCW,0.0735,Low Risk,21,35.1,770.4,Inactive,321.0,Medium Value,No,Low,No Action Needed
4753-PADAS,0.4652,Medium Risk,67,105.7,6816.95,Champions,6816.95,Premium,No,High,Loyalty Reward
6103-QCKFX,0.1718,Low Risk,44,56.25,2419.55,Loyal Customers,1613.03,High Value,No,Low,No Action Needed
7781-EWARA,0.1892,Low Risk,70,60.35,4138.7,Champions,3448.92,Premium,No,Low,No Action Needed
6110-OHIHY,0.8433,High Risk,3,79.25,267.6,At Risk,133.8,Low Value,Yes,High,Email Campaign
7018-FPXHH,0.0305,Low Risk,56,59.8,3457.45,Loyal Customers,2593.09,High Value,No,Low,No Action Needed
5889-LFOLL,0.8856,High Risk,13,84.6,1115.2,Loyal Customers,743.47,Medium Value,Yes,High,Discount Offer
5708-EVONK,0.3773,Low Risk,58,93.4,5435.6,Champions,5435.6,Premium,Yes,Low,No Action Needed
8708-XPXHZ,0.7421,High Risk,42,94.2,4186.3,Champions,3488.58,Premium,Yes,Critical,Personal Relationship Manager
0616-ATFGB,0.9087,High Risk,1,25.05,25.05,Inactive,6.26,Low Value,Yes,High,Email Campaign
0572-ZJKLT,0.1321,Low Risk,46,99.65,4630.2,Champions,4244.35,Premium,No,Low,No Action Needed
5135-RDDQL,0.0413,Low Risk,63,50.65,3221.25,Loyal Customers,2147.5,High Value,No,Low,No Action Needed
1353-LJWEM,0.3957,Low Risk,11,60.9,688.5,At Risk,401.62,Medium Value,No,Low,No Action Needed
1794-SWWKL,0.3845,Low Risk,15,59.65,867.1,At Risk,505.81,Medium Value,No,Low,No Action Needed
6166-YIPFO,0.0742,Low Risk,72,64.7,4746.05,Champions,3955.04,Premium,No,Low,No Action Needed
7016-BPGEU,0.457,Medium Risk,29,25.1,712.85,Inactive,237.62,Medium Value,Yes,Medium,SMS Reminder
6876-ADESB,0.7841,High Risk,1,48.95,48.95,Inactive,20.4,Low Value,Yes,High,Email Campaign
9332-GYWLO,0.5587,Medium Risk,6,54.85,355.1,Inactive,147.96,Low Value,No,Medium,SMS Reminder
1963-SVUCV,0.7922,High Risk,1,45.3,45.3,Inactive,15.1,Low Value,Yes,High,Email Campaign
4184-VODJZ,0.2347,Low Risk,63,91.35,5764.7,Champions,5284.31,Premium,No,Low,No Action Needed
0220-EBGCE,0.8527,High Risk,2,85.85,167.3,At Risk,97.59,Low Value,Yes,High,Email Campaign
1092-WPIVQ,0.0707,Low Risk,18,25.1,428.45,Inactive,178.52,Medium Value,No,Low,No Action Needed
7233-IOQNP,0.2507,Low Risk,43,34.0,1505.35,At Risk,752.68,Medium Value,No,Low,No Action Needed
2834-JKOOW,0.1609,Low Risk,15,45.9,693.45,At Risk,404.51,Medium Value,No,Low,No Action Needed
2754-VDLTR,0.83,High Risk,10,95.2,930.4,Loyal Customers,697.8,Medium Value,Yes,High,Discount Offer
2400-FEQME,0.0376,Low Risk,55,20.5,1177.95,Inactive,490.81,Medium Value,No,Low,No Action Needed
3190-XFANI,0.4925,Medium Risk,49,100.6,5069.65,Champions,4647.18,Premium,Yes,High,Loyalty Reward
7551-DACSP,0.515,Medium Risk,6,55.3,324.25,At Risk,162.12,Medium Value,Yes,Medium,SMS Reminder
4957-SREEC,0.0097,Low Risk,70,20.35,1458.1,At Risk,729.05,Medium Value,No,Low,No Action Needed
7235-NXZCP,0.8628,High Risk,2,74.85,156.4,At Risk,78.2,Low Value,Yes,High,Email Campaign
0230-UBYPQ,0.0443,Low Risk,63,36.1,2298.9,Loyal Customers,1532.6,High Value,No,Low,No Action Needed
4923-ADWXJ,0.2086,Low Risk,25,65.8,1679.65,At Risk,979.8,High Value,No,Low,No Action Needed
1763-KUAAW,0.0801,Low Risk,18,20.35,369.6,Inactive,123.2,Low Value,No,Low,No Action Needed
1104-TNLZA,0.7302,High Risk,28,105.8,2998.0,Champions,2498.33,High Value,No,Critical,Personal Relationship Manager
5195-KPUNQ,0.2267,Low Risk,53,96.75,5206.55,Champions,4772.67,Premium,No,Low,No Action Needed
0520-FDVVT,0.451,Medium Risk,35,102.35,3626.1,Champions,3323.92,Premium,Yes,High,Loyalty Reward
3439-GVUSX,0.7818,High Risk,1,24.4,24.4,Inactive,6.1,Low Value,No,High,Email Campaign
1444-VVSGW,0.6662,Medium Risk,70,115.65,7968.85,Champions,7968.85,Premium,Yes,High,Loyalty Reward
5712-PTIWW,0.7763,High Risk,2,79.85,152.45,At Risk,88.93,Low Value,Yes,High,Email Campaign
5949-HGVJL,0.3114,Low Risk,26,73.05,1959.5,Loyal Customers,1469.62,High Value,No,Low,No Action Needed
5203-XEHAX,0.1532,Low Risk,34,64.35,2053.05,Loyal Customers,1368.7,High Value,No,Low,No Action Needed
1635-HDGFT,0.0277,Low Risk,19,20.5,398.55,Inactive,132.85,Low Value,No,Low,No Action Needed
3315-TOTBP,0.7956,High Risk,15,76.0,1130.85,At Risk,659.66,Medium Value,Yes,High,Discount Offer
8050-XGRVL,0.0541,Low Risk,62,54.75,3425.35,Loyal Customers,2569.01,High Value,No,Low,No Action Needed
6661-HBGWL,0.7473,High Risk,42,104.75,4323.45,Champions,3963.16,Premium,Yes,Critical,Personal Relationship Manager
1518-VOWAV,0.5483,Medium Risk,9,74.65,703.55,Loyal Customers,469.03,Medium Value,Yes,Medium,SMS Reminder
9828-QHFBK,0.3346,Low Risk,24,51.15,1275.7,At Risk,637.85,Medium Value,No,Low,No Action Needed
3908-MKIMJ,0.1657,Low Risk,68,41.95,2965.75,Loyal Customers,2224.31,High Value,No,Low,No Action Needed
5012-YSPJJ,0.1498,Low Risk,31,54.35,1647.0,Loyal Customers,1098.0,High Value,No,Low,No Action Needed
5909-ECHUI,0.8458,High Risk,1,56.25,56.25,Inactive,23.44,Low Value,Yes,High,Email Campaign
1309-BXVOQ,0.8657,High Risk,21,106.1,2249.95,Champions,1874.96,High Value,Yes,Critical,Personal Relationship Manager
6728-VOIFY,0.3888,Low Risk,63,96.0,6109.75,Champions,5600.6,Premium,No,Low,No Action Needed
9317-WZPGV,0.8302,High Risk,2,79.75,159.4,At Risk,79.7,Low Value,Yes,High,Email Campaign
4891-NLUBA,0.0095,Low Risk,61,61.45,3751.15,Champions,3125.96,Premium,No,Low,No Action Needed
2856-HYAPG,0.9186,High Risk,1,68.65,68.65,Inactive,22.88,Low Value,Yes,High,Email Campaign
8969-PRHFK,0.0569,Low Risk,18,19.65,411.25,Inactive,137.08,Low Value,No,Low,No Action Needed
0661-KQHNK,0.0469,Low Risk,6,19.0,105.5,Inactive,26.38,Low Value,No,Low,No Action Needed
8709-KRDVL,0.7612,High Risk,33,100.0,3320.6,Champions,3043.88,Premium,No,Critical,Personal Relationship Manager
4488-PSYCG,0.321,Low Risk,16,20.25,327.45,Inactive,109.15,Low Value,Yes,Low,No Action Needed
1427-VERSM,0.4811,Medium Risk,56,98.7,5669.5,Champions,5669.5,Premium,No,High,Loyalty Reward
9801-NOSHQ,0.062,Low Risk,23,19.8,465.45,Inactive,155.15,Low Value,No,Low,No Action Needed
6339-YPSAH,0.7832,High Risk,9,73.8,704.3,At Risk,352.15,Medium Value,No,High,Discount Offer
3621-CEOVK,0.8799,High Risk,14,100.2,1369.8,Champions,1141.5,High Value,Yes,Critical,Personal Relationship Manager
6906-ANDWJ,0.7923,High Risk,15,74.9,1107.25,At Risk,645.9,Medium Value,Yes,High,Discount Offer
2159-TURXX,0.2941,Low Risk,5,20.05,95.55,Inactive,23.89,Low Value,No,Low,No Action Needed
1548-FEHVL,0.3931,Low Risk,61,106.2,6375.2,Champions,6375.2,Premium,No,Low,No Action Needed
3795-CAWEX,0.1132,Low Risk,70,116.55,8152.3,Champions,8152.3,Premium,No,Low,No Action Needed
6215-NQCPY,0.8676,High Risk,15,99.7,1566.75,Champions,1305.62,High Value,No,Critical,Personal Relationship Manager
5647-URDKA,0.0365,Low Risk,8,19.7,130.25,Inactive,32.56,Low Value,No,Low,No Action Needed
2229-DPMBI,0.0352,Low Risk,8,19.5,162.15,Inactive,40.54,Low Value,No,Low,No Action Needed
9626-WEQRM,0.6214,Medium Risk,4,29.15,110.05,Inactive,27.51,Low Value,No,Medium,SMS Reminder
2188-SXWVT,0.0879,Low Risk,34,55.0,1885.15,Loyal Customers,1256.77,High Value,No,Low,No Action Needed
6258-PVZWJ,0.0456,Low Risk,68,90.8,6302.85,Champions,6302.85,Premium,No,Low,No Action Needed
1094-BKOSX,0.1284,Low Risk,45,51.0,2264.5,Loyal Customers,1509.67,High Value,No,Low,No Action Needed
6969-MVBAI,0.8886,High Risk,9,90.1,816.8,Loyal Customers,544.53,Medium Value,No,High,Discount Offer
2978-XXSOG,0.2524,Low Risk,22,59.05,1253.5,At Risk,731.21,Medium Value,No,Low,No Action Needed
2342-CKIAO,0.2686,Low Risk,2,20.3,41.2,Inactive,10.3,Low Value,No,Low,No Action Needed
6953-PBDIN,0.0446,Low Risk,70,72.95,5265.55,Champions,4826.75,Premium,No,Low,No Action Needed
3898-BSJYF,0.2544,Low Risk,10,73.55,693.3,Loyal Customers,519.97,Medium Value,No,Low,No Action Needed
3938-YFPXD,0.0253,Low Risk,72,84.3,5997.1,Champions,5497.34,Premium,No,Low,No Action Needed
7696-AMHOD,0.1153,Low Risk,49,78.0,3824.2,Champions,3186.83,Premium,No,Low,No Action Needed
2453-SAFNS,0.0911,Low Risk,54,72.1,3886.05,Champions,3238.38,Premium,No,Low,No Action Needed
9558-IHEZX,0.0925,Low Risk,71,106.75,7283.25,Champions,7283.25,Premium,No,Low,No Action Needed
9617-UDPEU,0.036,Low Risk,22,19.25,412.55,Inactive,137.52,Low Value,No,Low,No Action Needed
6340-DACFT,0.0262,Low Risk,50,20.55,1070.25,Inactive,445.94,Medium Value,No,Low,No Action Needed
4955-VCWBI,0.0359,Low Risk,43,20.0,817.95,Inactive,340.81,Medium Value,No,Low,No Action Needed
6813-GZQCG,0.0534,Low Risk,45,24.65,1171.3,At Risk,585.65,Medium Value,No,Low,No Action Needed
7426-GSWPO,0.2605,Low Risk,64,103.5,6548.65,Champions,6548.65,Premium,No,Low,No Action Needed
3389-KTRXV,0.0583,Low Risk,23,23.85,625.65,Inactive,260.69,Medium Value,No,Low,No Action Needed
3118-UHVVQ,0.0205,Low Risk,68,25.8,1911.5,At Risk,1115.04,High Value,No,Low,No Action Needed
1031-IIDEO,0.9313,High Risk,1,70.85,70.85,Inactive,29.52,Low Value,Yes,High,Email Campaign
5832-XKAES,0.7669,High Risk,2,69.8,134.7,Inactive,44.9,Low Value,Yes,High,Email Campaign
3205-MXZRA,0.1158,Low Risk,26,59.45,1507.0,At Risk,879.08,High Value,No,Low,No Action Needed
4701-AHWMW,0.2088,Low Risk,55,54.55,2978.3,Loyal Customers,1985.53,High Value,Yes,Low,No Action Needed
8317-BVKSO,0.2864,Low Risk,14,20.05,299.3,Inactive,99.77,Low Value,No,Low,No Action Needed
5702-KVQRD,0.0372,Low Risk,71,82.55,5832.65,Champions,5346.6,Premium,No,Low,No Action Needed
0083-PIVIK,0.1604,Low Risk,64,81.25,5567.55,Champions,5103.59,Premium,No,Low,No Action Needed
9210-IAHGH,0.4561,Medium Risk,7,70.75,450.8,At Risk,262.97,Medium Value,Yes,Medium,SMS Reminder
6169-PGNCD,0.0506,Low Risk,57,74.3,4166.35,Champions,3819.15,Premium,No,Low,No Action Needed
0023-XUOPT,0.7882,High Risk,13,94.1,1215.6,Champions,1013.0,High Value,Yes,Critical,Personal Relationship Manager
4592-IWTJI,0.5782,Medium Risk,3,29.7,91.7,Inactive,22.92,Low Value,Yes,Medium,SMS Reminder
4909-JOUPP,0.0647,Low Risk,72,109.7,7898.45,Champions,7898.45,Premium,No,Low,No Action Needed
4657-FWVFY,0.5829,Medium Risk,40,96.35,3915.4,Champions,3589.12,Premium,No,High,Loyalty Reward
2257-BOVXD,0.4103,Medium Risk,14,66.6,979.5,At Risk,571.38,Medium Value,No,Medium,SMS Reminder
7729-JTEEC,0.7287,High Risk,2,44.5,90.05,Inactive,30.02,Low Value,No,High,Email Campaign
7632-MNYOY,0.5834,Medium Risk,66,110.9,7432.05,Champions,7432.05,Premium,Yes,High,Loyalty Reward
6518-LGAOV,0.7191,High Risk,38,105.0,4026.4,Champions,3690.87,Premium,Yes,Critical,Personal Relationship Manager
7242-QZLXF,0.8168,High Risk,1,25.3,25.3,Inactive,6.32,Low Value,Yes,High,Email Campaign
4576-CSAJH,0.2341,Low Risk,22,55.15,1193.05,At Risk,695.95,Medium Value,Yes,Low,No Action Needed
1000-AJSLD,0.7187,High Risk,1,20.1,20.1,Inactive,5.03,Low Value,Yes,High,Email Campaign
9696-RMYBA,0.7724,High Risk,5,80.1,398.55,At Risk,199.28,Medium Value,No,High,Discount Offer
8690-UPCZI,0.0664,Low Risk,29,69.05,1958.45,Loyal Customers,1305.63,High Value,No,Low,No Action Needed
1062-LHZOD,0.9067,High Risk,1,69.9,69.9,Inactive,23.3,Low Value,Yes,High,Email Campaign
9770-LXDBK,0.3033,Low Risk,3,20.4,63.15,Inactive,15.79,Low Value,No,Low,No Action Needed
4086-WITJG,0.0051,Low Risk,71,19.7,1301.1,At Risk,650.55,Medium Value,No,Low,No Action Needed
8344-WFMFH,0.4685,Medium Risk,9,50.1,484.05,Inactive,201.69,Medium Value,No,Medium,SMS Reminder
9600-NAXZN,0.8422,High Risk,43,101.4,4528.0,Champions,4150.67,Premium,Yes,Critical,Personal Relationship Manager
8822-KNBHV,0.1952,Low Risk,48,83.45,3887.85,Champions,3239.88,Premium,No,Low,No Action Needed
8404-FYDIB,0.423,Medium Risk,26,86.65,2208.75,Loyal Customers,1472.5,High Value,No,High,Loyalty Reward
2791-SFVEW,0.2918,Low Risk,9,20.15,238.15,Inactive,59.54,Low Value,No,Low,No Action Needed
6457-USBER,0.9327,High Risk,1,80.8,80.8,At Risk,40.4,Low Value,Yes,High,Email Campaign
6762-NSODU,0.0251,Low Risk,46,19.4,958.15,Inactive,399.23,Medium Value,No,Low,No Action Needed
4662-EKDPQ,0.7267,High Risk,2,62.05,118.3,At Risk,59.15,Low Value,Yes,High,Email Campaign
9248-OJYKK,0.9517,High Risk,1,76.45,76.45,At Risk,38.22,Low Value,Yes,High,Email Campaign
9888-ZCUMM,0.0106,Low Risk,64,60.05,3845.45,Champions,3204.54,Premium,No,Low,No Action Needed
3398-FSHON,0.8996,High Risk,12,91.3,1094.5,Loyal Customers,820.88,High Value,Yes,Critical,Personal Relationship Manager
3319-DWOEP,0.9033,High Risk,6,95.75,573.75,Loyal Customers,382.5,Medium Value,Yes,High,Discount Offer
1074-WVEVG,0.0359,Low Risk,59,20.35,1267.0,At Risk,633.5,Medium Value,No,Low,No Action Needed
9979-RGMZT,0.6698,Medium Risk,7,94.05,633.45,Loyal Customers,422.3,Medium Value,No,Medium,SMS Reminder
6437-UDQJM,0.0542,Low Risk,72,84.1,6129.65,Champions,5618.85,Premium,No,Low,No Action Needed
1226-IENZN,0.7365,High Risk,16,78.75,1218.25,At Risk,710.65,Medium Value,No,High,Discount Offer
2108-GLPQB,0.2791,Low Risk,25,55.55,1405.3,At Risk,819.76,High Value,No,Low,No Action Needed
9259-PACGQ,0.3473,Low Risk,34,62.65,2274.9,Loyal Customers,1706.18,High Value,Yes,Low,No Action Needed
4415-IJZTP,0.9453,High Risk,1,74.5,74.5,At Risk,37.25,Low Value,Yes,High,Email Campaign
1465-VINDH,0.9204,High Risk,10,102.1,1068.85,Champions,890.71,High Value,Yes,Critical,Personal Relationship Manager
5474-LAMUQ,0.0442,Low Risk,24,20.1,533.9,Inactive,177.97,Medium Value,No,Low,No Action Needed
3468-DRVQJ,0.1323,Low Risk,10,70.3,676.15,Loyal Customers,450.77,Medium Value,No,Low,No Action Needed
1122-YJBCS,0.0549,Low Risk,69,53.65,3804.4,Loyal Customers,2853.3,High Value,No,Low,No Action Needed
4990-ALDGW,0.0503,Low Risk,57,20.75,1118.8,At Risk,559.4,Medium Value,No,Low,No Action Needed
4816-OKWNX,0.314,Low Risk,50,103.4,5236.4,Champions,4800.03,Premium,No,Low,No Action Needed
3315-IKYZQ,0.0946,Low Risk,28,50.8,1386.8,At Risk,808.97,Medium Value,No,Low,No Action Needed
2810-FTLEM,0.5026,Medium Risk,16,50.15,762.25,At Risk,381.12,Medium Value,Yes,Medium,SMS Reminder
4747-LCAQL,0.2093,Low Risk,25,79.0,1902.0,Loyal Customers,1426.5,High Value,No,Low,No Action Needed
3411-WLRSQ,0.7745,High Risk,3,74.6,239.05,At Risk,119.52,Low Value,No,High,Email Campaign
0898-XCGTF,0.4081,Medium Risk,61,96.5,5673.7,Champions,5200.89,Premium,No,High,Loyalty Reward
8006-PYCSW,0.2686,Low Risk,2,20.1,39.8,Inactive,9.95,Low Value,No,Low,No Action Needed
8249-THVEC,0.062,Low Risk,51,19.4,997.75,Inactive,415.73,Medium Value,No,Low,No Action Needed
8722-PRFDV,0.0179,Low Risk,71,77.55,5574.35,Champions,5109.82,Premium,No,Low,No Action Needed
2164-SOQXL,0.1397,Low Risk,20,20.05,406.05,Inactive,135.35,Low Value,No,Low,No Action Needed
4020-KIUDI,0.3166,Low Risk,6,19.85,138.85,Inactive,34.71,Low Value,No,Low,No Action Needed
5850-BDWCY,0.2521,Low Risk,6,20.2,123.65,Inactive,30.91,Low Value,No,Low,No Action Needed
2038-YSEZE,0.1316,Low Risk,29,67.45,1801.1,Loyal Customers,1200.73,High Value,No,Low,No Action Needed
0827-ITJPH,0.0053,Low Risk,36,18.55,689.0,Inactive,287.08,Medium Value,No,Low,No Action Needed
8799-OXZMD,0.474,Medium Risk,28,29.75,790.7,Inactive,263.57,Medium Value,No,Medium,SMS Reminder
1925-TIBLE,0.917,High Risk,7,86.5,582.5,At Risk,339.79,Medium Value,Yes,High,Discount Offer
1705-GUHPV,0.0208,Low Risk,63,24.2,1618.2,At Risk,943.95,High Value,No,Low,No Action Needed
4779-ZGICK,0.0395,Low Risk,48,23.55,1173.35,At Risk,586.67,Medium Value,No,Low,No Action Needed
0048-PIHNL,0.045,Low Risk,49,20.45,900.9,Inactive,375.38,Medium Value,No,Low,No Action Needed
0818-OCPZO,0.7207,High Risk,27,81.45,2122.05,Loyal Customers,1414.7,High Value,Yes,Critical,Personal Relationship Manager
3967-KXAPS,0.0436,Low Risk,72,92.3,6719.9,Champions,6719.9,Premium,No,Low,No Action Needed
1447-GIQMR,0.9358,High Risk,1,69.15,69.15,Inactive,23.05,Low Value,Yes,High,Email Campaign
3704-IEAXF,0.0265,Low Risk,72,53.65,3784.0,Loyal Customers,2838.0,High Value,No,Low,No Action Needed
6810-VCAEX,0.1224,Low Risk,47,39.65,1798.65,Loyal Customers,1199.1,High Value,No,Low,No Action Needed
0674-EYYZV,0.8686,High Risk,1,54.65,54.65,Inactive,22.77,Low Value,No,High,Email Campaign
4480-MBMLB,0.4242,Medium Risk,36,104.8,3886.45,Champions,3562.58,Premium,No,High,Loyalty Reward
1395-OFUWC,0.2441,Low Risk,43,29.3,1224.05,Inactive,510.02,Medium Value,No,Low,No Action Needed
0822-QGCXA,0.5269,Medium Risk,27,83.85,2310.2,Loyal Customers,1732.65,High Value,No,High,Loyalty Reward
0872-NXJYS,0.7917,High Risk,9,79.55,723.4,At Risk,361.7,Medium Value,Yes,High,Discount Offer
2832-KJCRD,0.7142,High Risk,38,103.65,3988.5,Champions,3656.12,Premium,No,Critical,Personal Relationship Manager
3588-WSTTJ,0.7084,High Risk,35,99.05,3554.6,Champions,3258.38,Premium,No,Critical,Personal Relationship Manager
5090-EMGTC,0.1127,Low Risk,59,100.05,6034.85,Champions,6034.85,Premium,No,Low,No Action Needed
2346-CZYIL,0.0239,Low Risk,27,20.35,531.6,Inactive,177.2,Medium Value,No,Low,No Action Needed
3798-EPWRR,0.7891,High Risk,2,43.95,85.1,Inactive,28.37,Low Value,No,High,Email Campaign
6258-NGCNG,0.4088,Medium Risk,7,23.5,173.0,Inactive,57.67,Low Value,No,Medium,SMS Reminder
4186-ZBUEW,0.1913,Low Risk,36,70.7,2511.95,Champions,2093.29,High Value,No,Low,No Action Needed
5274-XHAKY,0.3825,Low Risk,41,94.3,3893.6,Champions,3569.13,Premium,No,Low,No Action Needed
1442-BQPVU,0.5141,Medium Risk,13,29.15,357.15,Inactive,119.05,Low Value,No,Medium,SMS Reminder
3978-YNKDD,0.0317,Low Risk,19,20.85,467.5,Inactive,155.83,Low Value,No,Low,No Action Needed
4940-KHCWD,0.0295,Low Risk,60,37.7,2288.7,Loyal Customers,1716.52,High Value,No,Low,No Action Needed
9412-ARGBX,0.1677,Low Risk,48,95.5,4627.85,Champions,4242.2,Premium,Yes,Low,No Action Needed
1389-CXMLU,0.8967,High Risk,3,91.05,289.1,Loyal Customers,192.73,Medium Value,Yes,High,Discount Offer
9589-ABEPT,0.04,Low Risk,69,92.45,6460.55,Champions,6460.55,Premium,No,Low,No Action Needed
9388-ZEYVT,0.1893,Low Risk,43,44.15,1931.3,Loyal Customers,1287.53,High Value,No,Low,No Action Needed
0305-SQECB,0.0838,Low Risk,11,36.05,402.6,At Risk,201.3,Medium Value,No,Low,No Action Needed
7605-SNLQG,0.2628,Low Risk,45,50.25,2221.55,At Risk,1295.9,High Value,No,Low,No Action Needed
4670-TABXH,0.0991,Low Risk,72,109.75,7758.9,Champions,7758.9,Premium,No,Low,No Action Needed
5561-NWEVX,0.8943,High Risk,2,79.2,172.85,At Risk,100.83,Low Value,Yes,High,Email Campaign
0064-SUDOG,0.0419,Low Risk,12,20.3,224.5,Inactive,74.83,Low Value,No,Low,No Action Needed
8561-NMTBD,0.1816,Low Risk,67,112.35,7388.45,Champions,7388.45,Premium,No,Low,No Action Needed
5161-XEUVX,0.0841,Low Risk,37,94.3,3460.95,Champions,3172.54,Premium,No,Low,No Action Needed
8292-FRFZQ,0.0746,Low Risk,39,41.15,1700.9,Loyal Customers,1133.93,High Value,No,Low,No Action Needed
8591-NXRCV,0.1788,Low Risk,41,74.65,3090.65,Champions,2575.54,High Value,No,Low,No Action Needed
7895-VONWT,0.5461,Medium Risk,25,48.25,1293.8,At Risk,754.72,Medium Value,No,Medium,SMS Reminder
4526-RMTLL,0.0378,Low Risk,8,76.15,645.8,Loyal Customers,430.53,Medium Value,No,Low,No Action Needed
6253-GNHWH,0.0124,Low Risk,71,71.1,5224.95,Champions,4789.54,Premium,No,Low,No Action Needed
4566-NECEV,0.8295,High Risk,5,96.55,500.1,Loyal Customers,375.08,Medium Value,No,High,Discount Offer
8080-POTJR,0.2781,Low Risk,30,79.3,2427.1,Champions,2022.58,High Value,No,Low,No Action Needed
6906-MPARY,0.1905,Low Risk,40,89.6,3488.15,Loyal Customers,2616.11,High Value,No,Low,No Action Needed
3662-FXJFO,0.0546,Low Risk,54,20.5,1035.7,Inactive,431.54,Medium Value,No,Low,No Action Needed
8107-RZLNV,0.2895,Low Risk,72,106.3,7565.35,Champions,7565.35,Premium,No,Low,No Action Needed
0516-OOHAR,0.3172,Low Risk,28,100.35,2799.0,Champions,2332.5,High Value,No,Low,No Action Needed
2027-CWDNU,0.6217,Medium Risk,18,85.6,1601.5,Loyal Customers,1067.67,High Value,No,High,Loyalty Reward
2737-WFVYW,0.865,High Risk,2,45.25,85.5,Inactive,35.62,Low Value,Yes,High,Email Campaign
9912-OMZDS,0.4255,Medium Risk,59,106.15,6256.2,Champions,6256.2,Premium,No,High,Loyalty Reward
3733-ZEECP,0.3324,Low Risk,22,51.1,1232.9,At Risk,616.45,Medium Value,No,Low,No Action Needed
7878-RTCZG,0.6109,Medium Risk,1,19.9,19.9,Inactive,4.97,Low Value,No,Medium,SMS Reminder
2452-MRMZF,0.0206,Low Risk,72,25.7,1937.4,At Risk,1130.15,High Value,No,Low,No Action Needed
2272-QAGFO,0.8622,High Risk,14,74.3,1096.25,At Risk,639.48,Medium Value,Yes,High,Discount Offer
7103-IPXPJ,0.4446,Medium Risk,50,99.4,5059.75,Champions,4638.1,Premium,No,High,Loyalty Reward
4342-HFXWS,0.0793,Low Risk,48,69.7,3023.65,Loyal Customers,2267.74,High Value,No,Low,No Action Needed
3545-CNWRG,0.7532,High Risk,49,98.35,4889.2,Champions,4481.77,Premium,No,Critical,Personal Relationship Manager
1785-BPHTP,0.6841,Medium Risk,28,85.45,2289.9,Loyal Customers,1526.6,High Value,No,High,Loyalty Reward
4989-LIXVT,0.6519,Medium Risk,68,95.9,6503.2,Champions,6503.2,Premium,No,High,Loyalty Reward
7315-WYOAW,0.6335,Medium Risk,13,100.75,1313.25,Champions,1094.38,High Value,No,High,Loyalty Reward
1173-XZPYF,0.8397,High Risk,11,89.2,990.3,Loyal Customers,660.2,Medium Value,No,High,Discount Offer
9850-OWRHQ,0.8514,High Risk,3,74.1,228.0,At Risk,114.0,Low Value,Yes,High,Email Campaign
3768-NLUBH,0.6244,Medium Risk,57,100.6,5746.15,Champions,5746.15,Premium,Yes,High,Loyalty Reward
8676-TRMJS,0.8355,High Risk,3,75.0,209.1,At Risk,104.55,Low Value,Yes,High,Email Campaign
2509-TFPJU,0.0098,Low Risk,72,25.75,1864.2,At Risk,1087.45,High Value,No,Low,No Action Needed
9530-GRMJG,0.1291,Low Risk,70,84.1,5979.7,Champions,5481.39,Premium,No,Low,No Action Needed
6898-RBTLU,0.0267,Low Risk,49,79.3,3902.45,Champions,3252.04,Premium,No,Low,No Action Needed
5481-NTDOH,0.2704,Low Risk,67,107.05,7142.5,Champions,7142.5,Premium,No,Low,No Action Needed
2068-WWXQZ,0.03,Low Risk,46,20.05,902.0,Inactive,375.83,Medium Value,No,Low,No Action Needed
7359-SSBJK,0.0936,Low Risk,64,70.2,4481.0,Champions,3734.17,Premium,Yes,Low,No Action Needed
2061-VVFST,0.1718,Low Risk,37,19.5,805.2,Inactive,335.5,Medium Value,No,Low,No Action Needed
0685-MLYYM,0.8374,High Risk,2,70.75,154.85,Inactive,64.52,Low Value,Yes,High,Email Campaign
0749-IRGQE,0.7257,High Risk,13,45.3,528.45,At Risk,264.23,Medium Value,No,High,Discount Offer
2380-DAMQP,0.0477,Low Risk,72,115.15,8349.7,Champions,8349.7,Premium,No,Low,No Action Needed
2256-YLYLP,0.0245,Low Risk,68,72.95,4953.25,Champions,4540.48,Premium,No,Low,No Action Needed
1272-ILHFG,0.0757,Low Risk,15,19.65,332.65,Inactive,110.88,Low Value,No,Low,No Action Needed
0164-XAIRP,0.0412,Low Risk,24,19.55,470.2,Inactive,156.73,Low Value,No,Low,No Action Needed
5666-CYCYZ,0.774,High Risk,24,89.55,2259.35,Loyal Customers,1506.23,High Value,No,Critical,Personal Relationship Manager
4011-ARPHK,0.207,Low Risk,27,50.35,1411.35,At Risk,705.68,Medium Value,No,Low,No Action Needed
8182-PNAGI,0.2741,Low Risk,12,50.25,593.75,At Risk,296.88,Medium Value,Yes,Low,No Action Needed
6365-HITVU,0.0151,Low Risk,71,87.25,6328.7,Champions,5801.31,Premium,No,Low,No Action Needed
7558-IMLMT,0.0117,Low Risk,67,20.8,1411.9,At Risk,705.95,Medium Value,No,Low,No Action Needed
9488-FYQAU,0.1856,Low Risk,63,109.25,6841.4,Champions,6841.4,Premium,No,Low,No Action Needed
3590-TCXTB,0.5606,Medium Risk,1,20.35,20.35,Inactive,5.09,Low Value,No,Medium,SMS Reminder
6994-KERXL,0.6688,Medium Risk,4,55.9,238.5,Inactive,99.38,Low Value,No,Medium,SMS Reminder
7957-RYHQD,0.6814,Medium Risk,40,79.2,3233.85,Loyal Customers,2425.39,High Value,Yes,High,Loyalty Reward
2180-DXNEG,0.901,High Risk,12,96.0,1062.1,Loyal Customers,796.58,Medium Value,Yes,High,Discount Offer
1960-UOTYM,0.0383,Low Risk,52,79.2,4016.3,Champions,3346.92,Premium,No,Low,No Action Needed
2740-JFBOK,0.4292,Medium Risk,10,24.0,226.55,Inactive,94.4,Low Value,No,Medium,SMS Reminder
6500-JVEGC,0.1792,Low Risk,68,101.35,7110.75,Champions,7110.75,Premium,No,Low,No Action Needed
5515-AKOAJ,0.771,High Risk,54,100.1,5440.9,Champions,4987.49,Premium,Yes,Critical,Personal Relationship Manager
8976-OQHGT,0.4526,Medium Risk,4,56.5,235.1,At Risk,117.55,Low Value,Yes,Medium,SMS Reminder
5245-VDBUR,0.1498,Low Risk,52,35.45,1958.95,At Risk,979.48,High Value,No,Low,No Action Needed
6230-BSUXY,0.9488,High Risk,1,85.0,85.0,At Risk,49.58,Low Value,Yes,High,Email Campaign
8469-SNFFH,0.11,Low Risk,70,79.4,5528.9,Champions,5068.16,Premium,No,Low,No Action Needed
2144-ESWKO,0.1363,Low Risk,43,35.2,1463.7,At Risk,731.85,Medium Value,No,Low,No Action Needed
1241-FPMOF,0.0267,Low Risk,52,19.65,1025.05,Inactive,427.1,Medium Value,No,Low,No Action Needed
9928-BZVLZ,0.0562,Low Risk,12,49.85,552.1,At Risk,322.06,Medium Value,No,Low,No Action Needed
4114-QMKVN,0.087,Low Risk,56,68.75,3815.4,Champions,3179.5,Premium,No,Low,No Action Needed
9003-CPATH,0.6305,Medium Risk,42,79.9,3313.4,Loyal Customers,2485.05,High Value,No,High,Loyalty Reward
1754-GKYPY,0.7031,High Risk,22,89.75,1938.9,Loyal Customers,1292.6,High Value,No,Critical,Personal Relationship Manager
5294-CDGWY,0.3486,Low Risk,51,59.3,3014.65,Loyal Customers,2260.99,High Value,Yes,Low,No Action Needed
7956-XQWGU,0.1491,Low Risk,27,19.4,460.25,Inactive,153.42,Low Value,No,Low,No Action Needed
1591-MQJTP,0.4257,Medium Risk,51,93.65,4839.15,Champions,4435.89,Premium,No,High,Loyalty Reward
5295-PCJOO,0.6156,Medium Risk,4,49.4,184.4,Inactive,76.83,Low Value,Yes,Medium,SMS Reminder
2369-FEVNO,0.6836,Medium Risk,1,19.9,19.9,Inactive,4.97,Low Value,No,Medium,SMS Reminder
9863-JZAIC,0.2813,Low Risk,35,55.0,2010.55,At Risk,1172.82,High Value,Yes,Low,No Action Needed
7471-MQPOS,0.0893,Low Risk,71,72.9,5139.65,Champions,4711.35,Premium,No,Low,No Action Needed
7660-HDPJV,0.9366,High Risk,1,69.2,69.2,Inactive,23.07,Low Value,Yes,High,Email Campaign
5115-SQAAU,0.0194,Low Risk,69,25.6,1673.4,At Risk,976.15,High Value,No,Low,No Action Needed
9845-QOMAD,0.0774,Low Risk,14,19.75,309.35,Inactive,103.12,Low Value,No,Low,No Action Needed
7672-VFMXZ,0.3071,Low Risk,57,55.7,3171.6,Loyal Customers,2378.7,High Value,No,Low,No Action Needed
9739-JLPQJ,0.0328,Low Risk,72,117.5,8670.1,Champions,8670.1,Premium,No,Low,No Action Needed
9916-AYHTC,0.0285,Low Risk,48,19.85,916.0,Inactive,381.67,Medium Value,No,Low,No Action Needed
3855-ONCAR,0.801,High Risk,4,78.9,299.75,At Risk,149.88,Low Value,No,High,Email Campaign
1488-SYSFC,0.1764,Low Risk,31,20.65,702.05,Inactive,292.52,Medium Value,No,Low,No Action Needed
7931-PXHFC,0.2208,Low Risk,38,62.3,2354.8,Loyal Customers,1569.87,High Value,Yes,Low,No Action Needed
3990-QYKBE,0.7803,High Risk,37,92.5,3473.4,Champions,2894.5,High Value,Yes,Critical,Personal Relationship Manager
0970-QXPXW,0.6052,Medium Risk,1,19.65,19.65,Inactive,4.91,Low Value,No,Medium,SMS Reminder
3259-KNMRR,0.0861,Low Risk,57,79.75,4438.2,Champions,4068.35,Premium,No,Low,No Action Needed
6120-RJKLU,0.0419,Low Risk,62,79.95,4819.75,Champions,4418.1,Premium,No,Low,No Action Needed
9572-WUKSB,0.7072,High Risk,3,29.9,92.25,Inactive,23.06,Low Value,No,High,Email Campaign
5893-KCLGT,0.0094,Low Risk,72,19.75,1567.0,At Risk,783.5,Medium Value,No,Low,No Action Needed
0076-LVEPS,0.1552,Low Risk,29,45.0,1242.45,At Risk,724.76,Medium Value,No,Low,No Action Needed
3640-JQGJG,0.3277,Low Risk,13,44.8,559.2,Inactive,233.0,Medium Value,No,Low,No Action Needed
4919-MOAVT,0.7687,High Risk,3,69.65,220.1,Inactive,73.37,Low Value,Yes,High,Email Campaign
1596-OQSPS,0.3849,Low Risk,11,51.1,531.15,At Risk,265.58,Medium Value,No,Low,No Action Needed
9867-XOBQA,0.0784,Low Risk,21,53.15,1183.2,Loyal Customers,788.8,Medium Value,No,Low,No Action Needed
9546-KDTRB,0.3181,Low Risk,19,24.7,465.85,Inactive,194.1,Medium Value,No,Low,No Action Needed
3090-HAWSU,0.3733,Low Risk,61,111.6,6876.05,Champions,6876.05,Premium,Yes,Low,No Action Needed
9820-RMCQV,0.381,Low Risk,11,48.55,501.0,At Risk,250.5,Medium Value,Yes,Low,No Action Needed
3174-RKMOW,0.4353,Medium Risk,35,109.95,3782.4,Champions,3467.2,Premium,No,High,Loyalty Reward
1760-CAZHT,0.1173,Low Risk,25,20.8,460.2,Inactive,153.4,Low Value,No,Low,No Action Needed
7839-QRKXN,0.6432,Medium Risk,1,20.2,20.2,Inactive,5.05,Low Value,Yes,Medium,SMS Reminder
8441-SHIPE,0.0207,Low Risk,67,25.6,1790.35,At Risk,1044.37,High Value,No,Low,No Action Needed
5204-QZXPU,0.7608,High Risk,19,39.65,733.35,At Risk,366.68,Medium Value,Yes,High,Discount Offer
4597-ELFTS,0.1399,Low Risk,56,24.9,1334.0,At Risk,778.17,Medium Value,Yes,Low,No Action Needed
1320-GVNHT,0.0318,Low Risk,72,108.4,7767.25,Champions,7767.25,Premium,No,Low,No Action Needed
1047-RNXZV,0.0254,Low Risk,43,19.55,876.15,Inactive,365.06,Medium Value,No,Low,No Action Needed
3541-ZNUHK,0.4436,Medium Risk,55,85.1,4600.95,Loyal Customers,3450.71,Premium,No,High,Loyalty Reward
8450-JOVAH,0.5665,Medium Risk,2,56.7,113.55,At Risk,56.78,Low Value,Yes,Medium,SMS Reminder
8725-JEDFD,0.494,Medium Risk,27,69.05,1793.25,Inactive,747.19,Medium Value,No,Medium,SMS Reminder
7562-UXTPG,0.6959,Medium Risk,13,70.15,886.7,Inactive,369.46,Medium Value,No,Medium,SMS Reminder
8071-SBTRN,0.0797,Low Risk,70,111.15,7737.55,Champions,7737.55,Premium,No,Low,No Action Needed
1113-IUJYX,0.3872,Low Risk,14,105.95,1348.9,Champions,1124.08,High Value,Yes,Low,No Action Needed
6668-CNMFP,0.2469,Low Risk,19,89.35,1686.85,Loyal Customers,1124.57,High Value,No,Low,No Action Needed
5626-MGTUK,0.5381,Medium Risk,20,89.1,1879.25,Loyal Customers,1252.83,High Value,No,High,Loyalty Reward
5681-LLOEI,0.089,Low Risk,43,91.25,4013.8,Champions,3679.32,Premium,No,Low,No Action Needed
8212-DJRCH,0.7766,High Risk,5,90.35,434.5,Loyal Customers,289.67,Medium Value,No,High,Discount Offer
4323-OHFOW,0.3536,Low Risk,70,105.55,7195.35,Champions,7195.35,Premium,No,Low,No Action Needed
4933-BSAIP,0.0119,Low Risk,40,19.1,780.1,Inactive,325.04,Medium Value,No,Low,No Action Needed
2030-BTZRO,0.0306,Low Risk,6,20.4,107.6,Inactive,26.9,Low Value,No,Low,No Action Needed
1116-DXXDF,0.1669,Low Risk,39,100.45,3801.7,Champions,3484.89,Premium,No,Low,No Action Needed
9274-CNFMO,0.8825,High Risk,4,74.95,308.7,At Risk,154.35,Low Value,Yes,High,Email Campaign
7758-XKCBS,0.6492,Medium Risk,15,29.7,438.25,Inactive,146.08,Low Value,Yes,Medium,SMS Reminder
8992-JQYUN,0.8959,High Risk,1,50.35,50.35,At Risk,25.18,Low Value,Yes,High,Email Campaign
6563-VNPMN,0.2656,Low Risk,45,85.7,3778.1,Loyal Customers,2833.58,High Value,No,Low,No Action Needed
0617-AQNWT,0.2728,Low Risk,64,47.85,3147.5,Loyal Customers,2360.62,High Value,Yes,Low,No Action Needed
2267-WTPYD,0.4764,Medium Risk,57,94.0,5438.95,Champions,5438.95,Premium,No,High,Loyalty Reward
0270-THENM,0.0124,Low Risk,72,69.85,5102.35,Champions,4251.96,Premium,No,Low,No Action Needed
2446-PLQVO,0.9305,High Risk,1,70.3,70.3,Inactive,23.43,Low Value,Yes,High,Email Campaign
4707-MAXGU,0.0098,Low Risk,72,25.85,1872.2,At Risk,1092.12,High Value,No,Low,No Action Needed
2710-WYVXG,0.0536,Low Risk,3,71.1,213.35,Loyal Customers,142.23,Low Value,No,Low,No Action Needed
3005-NFMTA,0.693,Medium Risk,55,98.8,5617.75,Champions,5149.6,Premium,Yes,High,Loyalty Reward
6300-BWMJX,0.4982,Medium Risk,59,93.35,5386.5,Champions,5386.5,Premium,No,High,Loyalty Reward
8784-CGILN,0.7854,High Risk,18,99.85,1776.95,Champions,1480.79,High Value,Yes,Critical,Personal Relationship Manager
5389-FFVKB,0.6892,Medium Risk,32,80.3,2483.05,Loyal Customers,1655.37,High Value,Yes,High,Loyalty Reward
7009-LGECI,0.5108,Medium Risk,4,50.55,235.65,Inactive,98.19,Low Value,No,Medium,SMS Reminder
8444-WRIDW,0.5408,Medium Risk,66,80.45,5224.35,Champions,4353.63,Premium,Yes,High,Loyalty Reward
5022-KVDQT,0.7643,High Risk,27,81.3,2272.8,Loyal Customers,1515.2,High Value,No,Critical,Personal Relationship Manager
7976-CICYS,0.2726,Low Risk,4,20.7,83.75,Inactive,20.94,Low Value,No,Low,No Action Needed
1036-GUDCL,0.0786,Low Risk,60,79.05,4663.4,Champions,4274.78,Premium,No,Low,No Action Needed
2005-DWQZJ,0.0466,Low Risk,8,19.05,201.7,Inactive,50.42,Low Value,No,Low,No Action Needed
8148-WOCMK,0.0282,Low Risk,8,19.6,125.0,Inactive,31.25,Low Value,No,Low,No Action Needed
7815-PDTHL,0.0237,Low Risk,35,20.2,684.4,Inactive,285.17,Medium Value,No,Low,No Action Needed
9451-LPGOO,0.9064,High Risk,7,86.8,620.35,At Risk,361.87,Medium Value,Yes,High,Discount Offer
9173-IVZVP,0.0529,Low Risk,53,20.9,1146.05,Inactive,477.52,Medium Value,No,Low,No Action Needed
9129-UXERG,0.7572,High Risk,18,103.6,1806.35,Champions,1505.29,High Value,No,Critical,Personal Relationship Manager
3635-JBPSG,0.0814,Low Risk,15,38.8,603.0,At Risk,301.5,Medium Value,No,Low,No Action Needed
7964-ZRKKG,0.1734,Low Risk,67,88.4,5798.3,Champions,4831.92,Premium,No,Low,No Action Needed
5868-YWPDW,0.8538,High Risk,6,84.2,519.15,At Risk,302.84,Medium Value,Yes,High,Discount Offer
6229-LSCKB,0.8361,High Risk,6,79.7,497.6,At Risk,248.8,Medium Value,No,High,Discount Offer
2025-JKFWI,0.7945,High Risk,13,99.0,1301.7,Champions,1084.75,High Value,Yes,Critical,Personal Relationship Manager
4078-SAYYN,0.9344,High Risk,11,100.75,1129.75,Champions,941.46,High Value,Yes,Critical,Personal Relationship Manager
1724-IQWNM,0.4864,Medium Risk,1,19.3,19.3,Inactive,4.82,Low Value,No,Medium,SMS Reminder
8217-QYOHV,0.4365,Medium Risk,5,55.75,266.95,At Risk,133.48,Low Value,No,Medium,SMS Reminder
5546-QUERU,0.0646,Low Risk,13,19.95,257.0,Inactive,85.67,Low Value,No,Low,No Action Needed
9940-HPQPG,0.7799,High Risk,9,91.75,865.8,Loyal Customers,649.35,Medium Value,Yes,High,Discount Offer
6897-UUBNU,0.37,Low Risk,29,89.65,2623.65,Loyal Customers,1749.1,High Value,No,Low,No Action Needed
6127-IYJOZ,0.8501,High Risk,1,45.85,45.85,Inactive,15.28,Low Value,No,High,Email Campaign
6618-RYATB,0.935,High Risk,1,79.55,79.55,At Risk,46.4,Low Value,Yes,High,Email Campaign
8930-XOTDP,0.3779,Low Risk,18,55.95,1082.8,At Risk,541.4,Medium Value,No,Low,No Action Needed
5916-QEWPT,0.7016,High Risk,2,69.0,147.8,At Risk,73.9,Low Value,No,High,Email Campaign
5060-TQUQN,0.4326,Medium Risk,30,83.55,2570.2,Loyal Customers,1927.65,High Value,No,High,Loyalty Reward
0531-XBKMM,0.0277,Low Risk,66,65.7,4378.9,Champions,3649.08,Premium,No,Low,No Action Needed
8465-SBRXP,0.0958,Low Risk,38,94.9,3616.25,Champions,3314.9,Premium,No,Low,No Action Needed
2408-PSJVE,0.1737,Low Risk,44,61.9,2924.05,Loyal Customers,1949.37,High Value,No,Low,No Action Needed
9079-YEXQJ,0.732,High Risk,54,111.1,6014.85,Champions,5513.61,Premium,Yes,Critical,Personal Relationship Manager
9700-ZCLOT,0.3389,Low Risk,2,20.0,32.7,Inactive,8.18,Low Value,No,Low,No Action Needed
8738-JOKAR,0.1533,Low Risk,42,67.7,2882.25,Loyal Customers,2161.69,High Value,No,Low,No Action Needed
4534-WGCIR,0.0337,Low Risk,58,25.15,1509.9,At Risk,880.78,High Value,No,Low,No Action Needed
1930-WNXSB,0.4038,Medium Risk,58,92.85,5305.05,Champions,4862.96,Premium,No,High,Loyalty Reward
2685-SREOM,0.7887,High Risk,25,89.1,2368.4,Loyal Customers,1578.93,High Value,Yes,Critical,Personal Relationship Manager
3508-CFVZL,0.0346,Low Risk,71,111.3,7985.9,Champions,7985.9,Premium,No,Low,No Action Needed
0402-CQAJN,0.643,Medium Risk,37,101.9,3545.35,Champions,3249.9,Premium,Yes,High,Loyalty Reward
6692-UDPJC,0.7954,High Risk,14,91.65,1301.0,Loyal Customers,975.75,High Value,Yes,Critical,Personal Relationship Manager
1273-MTETI,0.9212,High Risk,4,88.85,372.45,At Risk,217.26,Medium Value,Yes,High,Discount Offer
0657-DOGUM,0.0715,Low Risk,48,60.6,2985.25,Loyal Customers,1990.17,High Value,No,Low,No Action Needed
5480-HPRRX,0.8243,High Risk,3,25.3,77.75,Inactive,19.44,Low Value,Yes,High,Email Campaign
8792-AOROI,0.049,Low Risk,8,65.5,564.35,At Risk,282.18,Medium Value,No,Low,No Action Needed
0295-PPHDO,0.9662,High Risk,1,95.45,95.45,Loyal Customers,63.63,Low Value,Yes,High,Email Campaign
5146-YYFRZ,0.014,Low Risk,67,19.95,1311.75,At Risk,655.88,Medium Value,No,Low,No Action Needed
1195-OIYEJ,0.8725,High Risk,13,91.1,1135.7,Loyal Customers,851.78,High Value,Yes,Critical,Personal Relationship Manager
5906-CVLHP,0.1193,Low Risk,45,54.15,2319.8,Loyal Customers,1546.53,High Value,Yes,Low,No Action Needed
3452-SRFEG,0.464,Medium Risk,49,74.6,3720.35,Loyal Customers,2480.23,High Value,No,High,Loyalty Reward
4070-OKWVH,0.4718,Medium Risk,52,94.6,5025.8,Champions,4606.98,Premium,No,High,Loyalty Reward
5297-MDOIR,0.0713,Low Risk,63,81.15,5224.5,Champions,4353.75,Premium,No,Low,No Action Needed
6369-MCAKO,0.0386,Low Risk,68,89.05,6185.8,Champions,5670.32,Premium,No,Low,No Action Needed
4926-UMJZD,0.2413,Low Risk,31,49.2,1498.55,At Risk,874.15,High Value,No,Low,No Action Needed
6848-HJTXY,0.0172,Low Risk,64,19.45,1208.6,At Risk,604.3,Medium Value,No,Low,No Action Needed
6341-AEVKX,0.2786,Low Risk,62,104.3,6613.65,Champions,6613.65,Premium,No,Low,No Action Needed
4501-EQDRN,0.896,High Risk,1,69.7,69.7,Inactive,23.23,Low Value,Yes,High,Email Campaign
2990-HWIML,0.895,High Risk,6,89.5,573.3,At Risk,334.42,Medium Value,Yes,High,Discount Offer
0682-USIXD,0.714,High Risk,21,86.05,1818.9,Loyal Customers,1212.6,High Value,No,Critical,Personal Relationship Manager
6976-BWGLQ,0.0094,Low Risk,72,25.2,1787.35,At Risk,1042.62,High Value,No,Low,No Action Needed
7078-NVFAM,0.4226,Medium Risk,32,35.15,1051.05,At Risk,525.52,Medium Value,No,Medium,SMS Reminder
8065-QBYTO,0.0587,Low Risk,71,99.65,7181.25,Champions,7181.25,Premium,No,Low,No Action Needed
2133-TSRRM,0.3548,Low Risk,34,105.35,3688.6,Champions,3381.22,Premium,No,Low,No Action Needed
7384-GHBPI,0.8347,High Risk,3,35.15,99.75,Inactive,24.94,Low Value,Yes,High,Email Campaign
7603-USHJS,0.7875,High Risk,12,73.75,871.4,At Risk,508.32,Medium Value,Yes,High,Discount Offer
7234-FECYN,0.9202,High Risk,8,101.35,780.5,Loyal Customers,585.38,Medium Value,Yes,High,Discount Offer
2511-ALLCS,0.041,Low Risk,35,24.3,821.6,At Risk,410.8,Medium Value,No,Low,No Action Needed
3191-CSNMG,0.8159,High Risk,3,80.7,239.45,At Risk,119.72,Low Value,No,High,Email Campaign
7952-OBOYL,0.8175,High Risk,3,89.85,244.45,At Risk,142.6,Low Value,No,High,Email Campaign
7470-DYNOE,0.266,Low Risk,53,61.1,3357.9,Loyal Customers,2238.6,High Value,No,Low,No Action Needed
7853-OETYL,0.719,High Risk,4,29.05,129.6,Inactive,32.4,Low Value,No,High,Email Campaign
1545-ACTAS,0.2099,Low Risk,48,99.7,4977.2,Champions,4562.43,Premium,No,Low,No Action Needed
5876-HZVZM,0.2661,Low Risk,6,55.9,365.35,At Risk,182.68,Medium Value,Yes,Low,No Action Needed
1400-MMYXY,0.9349,High Risk,3,105.9,334.65,Loyal Customers,250.99,Medium Value,Yes,High,Discount Offer
5126-RCXYW,0.0293,Low Risk,54,46.0,2424.05,Loyal Customers,1616.03,High Value,No,Low,No Action Needed
3085-QUOZK,0.7469,High Risk,1,43.95,43.95,Inactive,14.65,Low Value,Yes,High,Email Campaign
2363-BJLSL,0.0862,Low Risk,62,80.4,4981.15,Champions,4566.05,Premium,No,Low,No Action Needed
1956-YIFGE,0.5216,Medium Risk,22,100.05,2090.25,Champions,1741.88,High Value,No,High,Loyalty Reward
3926-CUQZX,0.7759,High Risk,1,45.1,45.1,Inactive,15.03,Low Value,Yes,High,Email Campaign
7921-LMDFQ,0.434,Medium Risk,51,94.0,4905.75,Champions,4088.12,Premium,No,High,Loyalty Reward
2925-MXLSX,0.121,Low Risk,30,68.95,2038.7,Loyal Customers,1529.02,High Value,No,Low,No Action Needed
5820-PTRYM,0.0821,Low Risk,56,68.45,4014.0,Champions,3345.0,Premium,No,Low,No Action Needed
9609-BENEA,0.2252,Low Risk,35,69.0,2441.7,Loyal Customers,1831.28,High Value,No,Low,No Action Needed
6211-WHMYA,0.3514,Low Risk,64,43.85,2751.0,Loyal Customers,2063.25,High Value,No,Low,No Action Needed
4459-BBGHE,0.3403,Low Risk,30,44.5,1307.8,At Risk,762.88,Medium Value,No,Low,No Action Needed
9945-PSVIP,0.0098,Low Risk,25,18.7,383.65,Inactive,127.88,Low Value,No,Low,No Action Needed
1041-RXHRA,0.4364,Medium Risk,41,70.25,2868.05,At Risk,1434.02,High Value,Yes,High,Loyalty Reward
1750-CSKKM,0.5075,Medium Risk,9,55.35,449.75,Inactive,187.4,Medium Value,Yes,Medium,SMS Reminder
9108-EJFJP,0.7121,High Risk,1,53.55,53.55,At Risk,26.78,Low Value,No,High,Email Campaign
0530-IJVDB,0.0906,Low Risk,70,114.6,7882.5,Champions,7882.5,Premium,No,Low,No Action Needed
0508-SQWPL,0.0635,Low Risk,57,20.1,1087.7,At Risk,543.85,Medium Value,No,Low,No Action Needed
2215-ZAFGX,0.8832,High Risk,9,85.5,791.7,At Risk,461.83,Medium Value,No,High,Discount Offer
8213-TAZPM,0.2378,Low Risk,69,108.75,7493.05,Champions,7493.05,Premium,No,Low,No Action Needed
7142-HVGBG,0.8651,High Risk,43,103.0,4414.3,Champions,4046.44,Premium,Yes,Critical,Personal Relationship Manager
1304-SEGFY,0.162,Low Risk,72,97.85,6841.3,Champions,6841.3,Premium,No,Low,No Action Needed
7242-EDTYC,0.035,Low Risk,44,19.55,819.95,Inactive,341.65,Medium Value,No,Low,No Action Needed
2904-GGUAZ,0.0162,Low Risk,72,84.05,6052.25,Champions,5043.54,Premium,No,Low,No Action Needed
8267-ZNYVZ,0.5565,Medium Risk,33,103.75,3361.05,Champions,3080.96,Premium,Yes,High,Loyalty Reward
5136-GFPMB,0.5274,Medium Risk,54,89.4,4869.5,Loyal Customers,3652.12,Premium,No,High,Loyalty Reward
2595-KIWPV,0.0224,Low Risk,27,19.7,509.3,Inactive,169.77,Medium Value,No,Low,No Action Needed
5243-SAOTC,0.545,Medium Risk,54,79.85,4308.25,Loyal Customers,3231.19,Premium,No,High,Loyalty Reward
9398-MMQTO,0.7055,High Risk,3,74.45,221.1,At Risk,110.55,Low Value,No,High,Email Campaign
7619-PLRLP,0.1295,Low Risk,53,74.1,3833.95,Champions,3194.96,Premium,No,Low,No Action Needed
6457-GIRWB,0.9358,High Risk,1,69.35,69.35,Inactive,23.12,Low Value,Yes,High,Email Campaign
6508-NJYRO,0.0106,Low Risk,15,18.8,294.95,Inactive,98.32,Low Value,No,Low,No Action Needed
1450-SKCVI,0.5392,Medium Risk,56,73.85,4092.85,Loyal Customers,3069.64,Premium,Yes,High,Loyalty Reward
4710-NKCAW,0.2465,Low Risk,5,64.4,316.9,At Risk,184.86,Medium Value,No,Low,No Action Needed
5306-BVTKJ,0.1,Low Risk,48,55.8,2651.2,Loyal Customers,1767.47,High Value,No,Low,No Action Needed
0357-NVCRI,0.1398,Low Risk,25,20.05,471.7,Inactive,157.23,Low Value,No,Low,No Action Needed
5570-PTWEH,0.8557,High Risk,3,75.15,216.75,At Risk,108.38,Low Value,Yes,High,Email Campaign
2371-KFUOG,0.3167,Low Risk,58,99.15,5720.95,Champions,5720.95,Premium,No,Low,No Action Needed
0463-ZSDNT,0.3679,Low Risk,10,56.75,503.25,At Risk,251.62,Medium Value,No,Low,No Action Needed
6502-MJQAE,0.9358,High Risk,1,69.6,69.6,Inactive,23.2,Low Value,Yes,High,Email Campaign
6257-DTAYD,0.2922,Low Risk,71,104.15,7365.3,Champions,7365.3,Premium,No,Low,No Action Needed
4616-ULAOA,0.0863,Low Risk,65,110.8,7245.9,Champions,7245.9,Premium,No,Low,No Action Needed
7693-LCKZL,0.8151,High Risk,5,80.15,385.0,At Risk,224.58,Medium Value,Yes,High,Discount Offer
7746-AWNQW,0.3208,Low Risk,28,35.75,961.4,At Risk,480.7,Medium Value,No,Low,No Action Needed
5996-EBTKM,0.0457,Low Risk,67,69.9,4615.9,Champions,3846.58,Premium,No,Low,No Action Needed
2758-RNWXS,0.2738,Low Risk,35,89.2,3251.3,Loyal Customers,2438.48,High Value,No,Low,No Action Needed
2314-TNDJQ,0.0125,Low Risk,72,55.65,3880.05,Champions,3233.38,Premium,No,Low,No Action Needed
2405-LBMUW,0.053,Low Risk,61,50.7,3088.75,Loyal Customers,2316.56,High Value,No,Low,No Action Needed
3454-JFUBC,0.0154,Low Risk,68,20.0,1396.0,At Risk,814.33,High Value,No,Low,No Action Needed
0032-PGELS,0.7334,High Risk,1,30.5,30.5,Inactive,10.17,Low Value,Yes,High,Email Campaign
9039-ZVJDC,0.2359,Low Risk,3,19.1,53.05,Inactive,17.68,Low Value,No,Low,No Action Needed
6797-LNAQX,0.3091,Low Risk,70,98.3,6859.5,Champions,6859.5,Premium,Yes,Low,No Action Needed
9013-AQORL,0.3242,Low Risk,48,45.55,2108.35,Loyal Customers,1405.57,High Value,No,Low,No Action Needed
2898-MRKPI,0.4409,Medium Risk,68,101.05,6770.5,Champions,6770.5,Premium,No,High,Loyalty Reward
2750-BJLSB,0.4427,Medium Risk,47,103.7,4730.6,Champions,4336.38,Premium,No,High,Loyalty Reward
3648-GZPHF,0.1215,Low Risk,32,36.25,1151.05,At Risk,671.45,Medium Value,No,Low,No Action Needed
2075-RMJIK,0.4765,Medium Risk,5,49.4,232.55,Inactive,96.9,Low Value,No,Medium,SMS Reminder
9588-YRFHY,0.0212,Low Risk,49,19.9,1022.6,At Risk,511.3,Medium Value,No,Low,No Action Needed
6394-MFYNG,0.7034,High Risk,48,107.4,5121.3,Champions,4694.52,Premium,Yes,Critical,Personal Relationship Manager
1564-NTYXF,0.8866,High Risk,13,82.0,1127.2,Loyal Customers,751.47,Medium Value,Yes,High,Discount Offer
9364-YKUVW,0.2882,Low Risk,15,19.8,309.4,Inactive,128.92,Low Value,No,Low,No Action Needed
5392-AKEMH,0.551,Medium Risk,12,45.05,523.1,At Risk,261.55,Medium Value,No,Medium,SMS Reminder
2451-YMUXS,0.0308,Low Risk,67,64.55,4250.1,Champions,3541.75,Premium,No,Low,No Action Needed
3914-FDRHP,0.7392,High Risk,9,86.25,770.5,At Risk,449.46,Medium Value,No,High,Discount Offer
3078-ZKNTS,0.0452,Low Risk,13,19.75,246.7,Inactive,102.79,Low Value,No,Low,No Action Needed
1024-KPRBB,0.2788,Low Risk,38,89.1,3342.0,Loyal Customers,2506.5,High Value,No,Low,No Action Needed
4690-PKDQG,0.7316,High Risk,42,95.55,3930.6,Champions,3603.05,Premium,No,Critical,Personal Relationship Manager
8155-IBNHG,0.6135,Medium Risk,24,75.4,1747.85,At Risk,1019.58,High Value,Yes,High,Loyalty Reward
0886-QGENL,0.6835,Medium Risk,27,101.25,2754.45,Champions,2295.38,High Value,Yes,High,Loyalty Reward
9547-ITEFG,0.9038,High Risk,9,102.6,897.75,Loyal Customers,673.31,Medium Value,No,High,Discount Offer
1264-FUHCX,0.2352,Low Risk,49,56.3,2780.6,Loyal Customers,1853.73,High Value,No,Low,No Action Needed
7789-CRUVC,0.2726,Low Risk,61,94.2,5895.45,Champions,5895.45,Premium,No,Low,No Action Needed
6598-KELSS,0.1065,Low Risk,50,43.05,2208.05,Loyal Customers,1472.03,High Value,No,Low,No Action Needed
8739-WWKDU,0.7759,High Risk,25,89.5,2196.15,Loyal Customers,1464.1,High Value,Yes,Critical,Personal Relationship Manager
8685-WHQPW,0.6293,Medium Risk,22,74.4,1692.6,At Risk,987.35,High Value,Yes,High,Loyalty Reward
4745-LSPLO,0.5606,Medium Risk,1,20.5,20.5,Inactive,6.83,Low Value,Yes,Medium,SMS Reminder
8083-YTZES,0.887,High Risk,4,74.35,265.35,At Risk,132.68,Low Value,Yes,High,Email Campaign
7240-FQLHE,0.7148,High Risk,18,99.75,1836.25,Champions,1530.21,High Value,Yes,Critical,Personal Relationship Manager
6664-FPDAC,0.613,Medium Risk,56,111.95,6418.9,Champions,6418.9,Premium,Yes,High,Loyalty Reward
9972-VAFJJ,0.4123,Medium Risk,53,94.0,4871.45,Champions,4465.5,Premium,No,High,Loyalty Reward
0422-UXFAP,0.5897,Medium Risk,51,98.85,4947.55,Champions,4535.25,Premium,No,High,Loyalty Reward
1904-WAJAA,0.0608,Low Risk,24,64.35,1558.65,Loyal Customers,1039.1,High Value,No,Low,No Action Needed
5130-YPIRV,0.0454,Low Risk,62,72.0,4284.2,Champions,3927.18,Premium,No,Low,No Action Needed
2843-CQMEG,0.2888,Low Risk,24,49.7,1218.25,At Risk,609.12,Medium Value,No,Low,No Action Needed
6439-PKTRR,0.1402,Low Risk,70,80.7,5617.95,Champions,5149.79,Premium,No,Low,No Action Needed
5351-QESIO,0.7337,High Risk,1,24.2,24.2,Inactive,6.05,Low Value,No,High,Email Campaign
0786-VSSUD,0.6627,Medium Risk,16,39.0,679.85,At Risk,339.92,Medium Value,Yes,Medium,SMS Reminder
5568-DMXZS,0.5011,Medium Risk,8,65.45,554.45,At Risk,277.23,Medium Value,No,Medium,SMS Reminder
8468-FZTOE,0.0217,Low Risk,72,74.35,5237.4,Champions,4800.95,Premium,No,Low,No Action Needed
6633-SYEUS,0.3413,Low Risk,23,83.2,2032.3,Loyal Customers,1354.87,High Value,No,Low,No Action Needed
6447-GORXK,0.3026,Low Risk,31,25.0,789.2,Inactive,328.83,Medium Value,No,Low,No Action Needed
6967-PEJLL,0.0928,Low Risk,37,40.2,1525.35,Loyal Customers,1016.9,High Value,No,Low,No Action Needed
3976-BWUCK,0.6008,Medium Risk,30,94.1,2804.45,Champions,2570.75,High Value,Yes,High,Loyalty Reward
5981-ZVXOT,0.4693,Medium Risk,35,108.35,3726.15,Champions,3415.64,Premium,No,High,Loyalty Reward
1684-FLBGS,0.2186,Low Risk,23,69.5,1652.1,Loyal Customers,1101.4,High Value,No,Low,No Action Needed
1389-WNUIB,0.2132,Low Risk,20,76.0,1588.75,Loyal Customers,1191.56,High Value,No,Low,No Action Needed
0376-OIWME,0.5365,Medium Risk,36,93.6,3366.05,Champions,2805.04,High Value,No,High,Loyalty Reward
3585-ISXZP,0.9182,High Risk,8,95.65,778.1,Loyal Customers,518.73,Medium Value,Yes,High,Discount Offer
0218-QNVAS,0.2439,Low Risk,71,100.55,7113.75,Champions,7113.75,Premium,No,Low,No Action Needed
6583-QGCSI,0.7679,High Risk,50,88.05,4367.35,Loyal Customers,3275.51,Premium,Yes,Critical,Personal Relationship Manager
0804-YGEQV,0.0701,Low Risk,43,24.45,993.15,At Risk,496.58,Medium Value,No,Low,No Action Needed
7164-BPTUT,0.0185,Low Risk,57,89.55,5012.35,Champions,4594.65,Premium,No,Low,No Action Needed
4174-LPGTI,0.1258,Low Risk,41,66.5,2728.6,Loyal Customers,1819.07,High Value,Yes,Low,No Action Needed
2523-EWWZL,0.6163,Medium Risk,27,76.1,2093.4,At Risk,1221.15,High Value,No,High,Loyalty Reward
0928-XUTSN,0.7485,High Risk,13,80.5,1011.8,At Risk,590.22,Medium Value,No,High,Discount Offer
2108-XWMPY,0.7,High Risk,3,35.45,106.85,Inactive,35.62,Low Value,Yes,High,Email Campaign
0052-YNYOT,0.0318,Low Risk,67,20.55,1343.4,At Risk,783.65,Medium Value,No,Low,No Action Needed
6304-IJFSQ,0.691,Medium Risk,3,49.9,130.1,Inactive,54.21,Low Value,Yes,Medium,SMS Reminder
9586-JGQKH,0.1749,Low Risk,64,105.4,6794.75,Champions,6794.75,Premium,No,Low,No Action Needed
4501-VCPFK,0.3278,Low Risk,26,35.75,1022.5,At Risk,511.25,Medium Value,No,Low,No Action Needed
6075-SLNIL,0.5286,Medium Risk,38,95.1,3691.2,Champions,3383.6,Premium,No,High,Loyalty Reward
9347-AERRL,0.0215,Low Risk,23,19.3,486.2,Inactive,202.58,Medium Value,No,Low,No Action Needed
0093-XWZFY,0.6684,Medium Risk,40,104.5,4036.85,Champions,3700.45,Premium,Yes,High,Loyalty Reward
2274-XUATA,0.0206,Low Risk,72,63.1,4685.55,Champions,3904.63,Premium,No,Low,No Action Needed
1980-KXVPM,0.8672,High Risk,3,75.05,256.25,At Risk,128.12,Low Value,Yes,High,Email Campaign
7703-ZEKEF,0.7338,High Risk,23,81.0,1917.1,Loyal Customers,1278.07,High Value,Yes,Critical,Personal Relationship Manager
0723-DRCLG,0.9501,High Risk,1,74.45,74.45,At Risk,37.22,Low Value,Yes,High,Email Campaign
5482-NUPNA,0.509,Medium Risk,4,60.4,272.15,At Risk,136.07,Low Value,Yes,Medium,SMS Reminder
6691-CCIHA,0.0403,Low Risk,62,84.95,5150.55,Champions,4721.34,Premium,No,Low,No Action Needed
1685-BQULA,0.4857,Medium Risk,40,93.4,3756.4,Champions,3443.37,Premium,No,High,Loyalty Reward
9053-EJUNL,0.6512,Medium Risk,41,89.2,3645.75,Loyal Customers,2734.31,High Value,No,High,Loyalty Reward
0666-UXTJO,0.6607,Medium Risk,34,85.2,2874.45,Loyal Customers,2155.84,High Value,No,High,Loyalty Reward
1471-GIQKQ,0.5803,Medium Risk,1,49.95,49.95,Inactive,20.81,Low Value,No,Medium,SMS Reminder
4807-IZYOZ,0.0262,Low Risk,51,20.65,1020.75,At Risk,510.38,Medium Value,No,Low,No Action Needed
1122-JWTJW,0.8992,High Risk,1,70.65,70.65,At Risk,35.33,Low Value,Yes,High,Email Campaign
9710-NJERN,0.0218,Low Risk,39,20.15,826.0,At Risk,413.0,Medium Value,No,Low,No Action Needed
9837-FWLCH,0.2747,Low Risk,12,19.2,239.0,Inactive,99.58,Low Value,No,Low,No Action Needed
1699-HPSBG,0.3018,Low Risk,12,59.8,727.8,At Risk,424.55,Medium Value,Yes,Low,No Action Needed
7203-OYKCT,0.3749,Low Risk,72,104.95,7544.3,Champions,7544.3,Premium,No,Low,No Action Needed
1035-IPQPU,0.5808,Medium Risk,63,103.5,6479.4,Champions,6479.4,Premium,No,High,Loyalty Reward
7398-LXGYX,0.4807,Medium Risk,44,84.8,3626.35,Loyal Customers,2719.76,High Value,No,High,Loyalty Reward
2823-LKABH,0.6064,Medium Risk,18,95.05,1679.4,Champions,1399.5,High Value,No,High,Loyalty Reward
8775-CEBBJ,0.4507,Medium Risk,9,44.2,403.35,Inactive,168.06,Medium Value,Yes,Medium,SMS Reminder
0550-DCXLH,0.2604,Low Risk,13,73.35,931.55,Loyal Customers,698.66,Medium Value,No,Low,No Action Needed
9281-CEDRU,0.039,Low Risk,68,64.1,4326.25,Loyal Customers,3244.69,Premium,No,Low,No Action Needed
2235-DWLJU,0.8293,High Risk,6,44.4,263.05,Inactive,109.6,Low Value,No,High,Email Campaign
0871-OPBXW,0.2756,Low Risk,2,20.05,39.25,Inactive,13.08,Low Value,No,Low,No Action Needed
3605-JISKB,0.1609,Low Risk,55,60.0,3316.1,Loyal Customers,2210.73,High Value,No,Low,No Action Needed
6894-LFHLY,0.9517,High Risk,1,75.75,75.75,At Risk,37.88,Low Value,Yes,High,Email Campaign
9767-FFLEM,0.5384,Medium Risk,38,69.5,2625.25,At Risk,1531.4,High Value,No,High,Loyalty Reward
0639-TSIQW,0.5434,Medium Risk,67,102.95,6886.25,Champions,6886.25,Premium,Yes,High,Loyalty Reward
8456-QDAVC,0.6072,Medium Risk,19,78.7,1495.1,At Risk,872.14,High Value,No,High,Loyalty Reward
7750-EYXWZ,0.3835,Low Risk,12,60.65,743.3,Loyal Customers,495.53,Medium Value,No,Low,No Action Needed
2569-WGERO,0.0083,Low Risk,72,21.15,1419.4,At Risk,827.98,High Value,No,Low,No Action Needed
6840-RESVB,0.2573,Low Risk,24,84.8,1990.5,Loyal Customers,1492.88,High Value,No,Low,No Action Needed
2234-XADUH,0.1483,Low Risk,72,103.2,7362.9,Champions,7362.9,Premium,No,Low,No Action Needed
4801-JZAZL,0.5183,Medium Risk,11,29.6,346.45,Inactive,144.35,Low Value,No,Medium,SMS Reminder
8361-LTMKD,0.8577,High Risk,4,74.4,306.6,At Risk,153.3,Low Value,Yes,High,Email Campaign
3186-AJIEK,0.3202,Low Risk,66,105.65,6844.5,Champions,6844.5,Premium,No,Low,No Action Needed
